"CVTA_ID","SampleDateTime","ForkLength","LAD_Race","Genetic_Assignment","Prob_Assignment","Facility"
"C251129CVP","2025-12-22 04:00:00",34,"Fall","Spring",0.98699999,"CVP"
"C251127CVP","2025-12-22 04:00:00",34,"Fall","Spring",0.98199999,"CVP"
"C251125CVP","2025-12-22 04:00:00",34,"Fall","Spring",0.97500002,"CVP"
"C251134CVP","2025-12-22 04:00:00",34,"Fall","Spring",0.48800001,"CVP"
"C251132CVP","2025-12-22 04:00:00",35,"Fall","Spring",0.99299997,"CVP"
"C251124CVP","2025-12-22 04:00:00",35,"Fall","Spring",0.99000001,"CVP"
"C251126CVP","2025-12-22 04:00:00",35,"Fall","Spring",0.73400003,"CVP"
"C251133CVP","2025-12-22 04:00:00",36,"Fall","Spring",0.63800001,"CVP"
"C251123CVP","2025-12-22 04:00:00",36,"Fall","Spring",0.986,"CVP"
"C251131CVP","2025-12-22 04:00:00",36,"Fall","Spring",0.94300002,"CVP"
"C251128CVP","2025-12-22 04:00:00",36,"Fall","Fall",0.99900001,"CVP"
"C251130CVP","2025-12-22 04:00:00",36,"Fall","Spring",0.68000001,"CVP"
"C251150CVP","2025-12-22 06:00:00",33,"Fall","Spring",0.92799997,"CVP"
"C251147CVP","2025-12-22 06:00:00",33,"Fall","Spring",0.99400002,"CVP"
"C251166CVP","2025-12-22 06:00:00",33,"Fall","Spring",0.98799998,"CVP"
"C251139CVP","2025-12-22 06:00:00",34,"Fall","Spring",0.75800002,"CVP"
"C251136CVP","2025-12-22 06:00:00",34,"Fall","Spring",0.99599999,"CVP"
"C251161CVP","2025-12-22 06:00:00",34,"Fall","Spring",0.72399998,"CVP"
"C251171CVP","2025-12-22 06:00:00",34,"Fall","Spring",0.98500001,"CVP"
"C251168CVP","2025-12-22 06:00:00",34,"Fall","Spring",0.88800001,"CVP"
"C251172CVP","2025-12-22 06:00:00",34,"Fall","Spring",0.99699998,"CVP"
"C251159CVP","2025-12-22 06:00:00",34,"Fall","Spring",0.92299998,"CVP"
"C251158CVP","2025-12-22 06:00:00",34,"Fall","Spring",0.63499999,"CVP"
"C251149CVP","2025-12-22 06:00:00",34,"Fall","Spring",0.96399999,"CVP"
"C251142CVP","2025-12-22 06:00:00",34,"Fall","Spring",0.74900001,"CVP"
"C251169CVP","2025-12-22 06:00:00",35,"Fall","Spring",0.68400002,"CVP"
"C251135CVP","2025-12-22 06:00:00",35,"Fall","Spring",0.96399999,"CVP"
"C251137CVP","2025-12-22 06:00:00",35,"Fall","Spring",0.99299997,"CVP"
"C251138CVP","2025-12-22 06:00:00",35,"Fall","Spring",0.74699998,"CVP"
"C251143CVP","2025-12-22 06:00:00",35,"Fall","Spring",0.98900002,"CVP"
"C251144CVP","2025-12-22 06:00:00",35,"Fall","Spring",0.995,"CVP"
"C251145CVP","2025-12-22 06:00:00",35,"Fall","Spring",0.92699999,"CVP"
"C251151CVP","2025-12-22 06:00:00",35,"Fall","Spring",0.99800003,"CVP"
"C251152CVP","2025-12-22 06:00:00",35,"Fall","Spring",0.824,"CVP"
"C251153CVP","2025-12-22 06:00:00",35,"Fall","Spring",0.99800003,"CVP"
"C251154CVP","2025-12-22 06:00:00",35,"Fall","Spring",0.99900001,"CVP"
"C251156CVP","2025-12-22 06:00:00",35,"Fall","Spring",0.64300001,"CVP"
"C251157CVP","2025-12-22 06:00:00",35,"Fall","Spring",0.79400003,"CVP"
"C251160CVP","2025-12-22 06:00:00",35,"Fall","Spring",0.73400003,"CVP"
"C251162CVP","2025-12-22 06:00:00",35,"Fall","Spring",0.97799999,"CVP"
"C251163CVP","2025-12-22 06:00:00",35,"Fall","Spring",0.73500001,"CVP"
"C251164CVP","2025-12-22 06:00:00",35,"Fall","Spring",1,"CVP"
"C251173CVP","2025-12-22 06:00:00",35,"Fall","Spring",0.87300003,"CVP"
"C251165CVP","2025-12-22 06:00:00",36,"Fall","Spring",0.96799999,"CVP"
"C251170CVP","2025-12-22 06:00:00",36,"Fall","Spring",0.977,"CVP"
"C251140CVP","2025-12-22 06:00:00",36,"Fall","Spring",0.59100002,"CVP"
"C251141CVP","2025-12-22 06:00:00",36,"Fall","Spring",1,"CVP"
"C251146CVP","2025-12-22 06:00:00",36,"Fall","Spring",NA,"CVP"
"C251148CVP","2025-12-22 06:00:00",36,"Fall","Spring",0.96799999,"CVP"
"C251155CVP","2025-12-22 06:00:00",37,"Fall","Spring",0.77499998,"CVP"
"C251167CVP","2025-12-22 06:00:00",41,"Spring","Spring",0.98100001,"CVP"
"C251184CVP","2025-12-22 08:00:00",32,"Fall","Spring",0.51300001,"CVP"
"C251175CVP","2025-12-22 08:00:00",32,"Fall","Spring",0.68199998,"CVP"
"C251191CVP","2025-12-22 08:00:00",33,"Fall","Spring",0.63800001,"CVP"
"C251193CVP","2025-12-22 08:00:00",33,"Fall","Spring",0.93800002,"CVP"
"C251187CVP","2025-12-22 08:00:00",33,"Fall","Spring",0.90100002,"CVP"
"C251183CVP","2025-12-22 08:00:00",33,"Fall","Spring",0.84399998,"CVP"
"C251179CVP","2025-12-22 08:00:00",33,"Fall","Spring",0.89200002,"CVP"
"C251177CVP","2025-12-22 08:00:00",33,"Fall","Spring",0.51899999,"CVP"
"C251174CVP","2025-12-22 08:00:00",33,"Fall","Spring",0.99400002,"CVP"
"C251194CVP","2025-12-22 08:00:00",34,"Fall","Spring",0.88300002,"CVP"
"C251190CVP","2025-12-22 08:00:00",34,"Fall","Spring",0.87400001,"CVP"
"C251188CVP","2025-12-22 08:00:00",34,"Fall","Spring",NA,"CVP"
"C251180CVP","2025-12-22 08:00:00",34,"Fall","Spring",0.98699999,"CVP"
"C251182CVP","2025-12-22 08:00:00",35,"Fall","Spring",0.91799998,"CVP"
"C251185CVP","2025-12-22 08:00:00",35,"Fall","Spring",0.99800003,"CVP"
"C251195CVP","2025-12-22 08:00:00",35,"Fall","Spring",0.51499999,"CVP"
"C251192CVP","2025-12-22 08:00:00",35,"Fall","Spring",0.97399998,"CVP"
"C251189CVP","2025-12-22 08:00:00",35,"Fall","Spring",0.505,"CVP"
"C251186CVP","2025-12-22 08:00:00",35,"Fall","Spring",0.95999998,"CVP"
"C251178CVP","2025-12-22 08:00:00",35,"Fall","Spring",0.59799999,"CVP"
"C251181CVP","2025-12-22 08:00:00",35,"Fall","Spring",0.98900002,"CVP"
"C251176CVP","2025-12-22 08:00:00",36,"Fall","Spring",0.972,"CVP"
"C251201CVP","2025-12-22 10:00:00",33,"Fall","Spring",0.639,"CVP"
"C251196CVP","2025-12-22 10:00:00",34,"Fall","Spring",0.98100001,"CVP"
"C251199CVP","2025-12-22 10:00:00",35,"Fall","Spring",0.912,"CVP"
"C251198CVP","2025-12-22 10:00:00",35,"Fall","Spring",0.81999999,"CVP"
"C251197CVP","2025-12-22 10:00:00",36,"Fall","Spring",0.85600001,"CVP"
"C251202CVP","2025-12-22 10:00:00",37,"Fall","Spring",0.74000001,"CVP"
"C251200CVP","2025-12-22 10:00:00",37,"Fall","Spring",0.99900001,"CVP"
"C251204CVP","2025-12-22 12:00:00",36,"Fall","Spring",NA,"CVP"
"C251203CVP","2025-12-22 12:00:00",36,"Fall","Spring",0.60100001,"CVP"
"C251205CVP","2025-12-22 12:00:00",37,"Fall","Spring",0.92400002,"CVP"
"C251206CVP","2025-12-22 14:00:00",33,"Fall","Spring",0.51300001,"CVP"
"C251207CVP","2025-12-22 14:00:00",33,"Fall","Spring",0.991,"CVP"
"C251210CVP","2025-12-22 14:00:00",33,"Fall","Spring",NA,"CVP"
"C251212CVP","2025-12-22 14:00:00",33,"Fall","Spring",NA,"CVP"
"C251214CVP","2025-12-22 14:00:00",33,"Fall","Spring",1,"CVP"
"C251216CVP","2025-12-22 14:00:00",33,"Fall","Spring",0.93400002,"CVP"
"C251222CVP","2025-12-22 14:00:00",33,"Fall","Spring",0.65600002,"CVP"
"C251209CVP","2025-12-22 14:00:00",34,"Fall","Spring",0.93800002,"CVP"
"C251208CVP","2025-12-22 14:00:00",34,"Fall","Spring",0.63,"CVP"
"C251215CVP","2025-12-22 14:00:00",34,"Fall","Spring",0.50800002,"CVP"
"C251223CVP","2025-12-22 14:00:00",35,"Fall","Spring",0.59799999,"CVP"
"C251218CVP","2025-12-22 14:00:00",35,"Fall","Spring",0.57700002,"CVP"
"C251217CVP","2025-12-22 14:00:00",35,"Fall","Spring",1,"CVP"
"C251213CVP","2025-12-22 14:00:00",36,"Fall","Spring",0.78500003,"CVP"
"C251211CVP","2025-12-22 14:00:00",36,"Fall","Spring",0.88800001,"CVP"
"C251224CVP","2025-12-22 14:00:00",36,"Fall","Spring",0.90899998,"CVP"
"C251221CVP","2025-12-22 14:00:00",36,"Fall","Spring",0.99800003,"CVP"
"C251219CVP","2025-12-22 14:00:00",36,"Fall","Spring",0.98199999,"CVP"
"C251220CVP","2025-12-22 14:00:00",38,"Spring","Spring",0.71799999,"CVP"
"C251226CVP","2025-12-22 16:00:00",32,"Fall","Spring",0.67199999,"CVP"
"C251230CVP","2025-12-22 16:00:00",33,"Fall","Spring",0.61000001,"CVP"
"C251236CVP","2025-12-22 16:00:00",33,"Fall","Spring",0.99599999,"CVP"
"C251237CVP","2025-12-22 16:00:00",33,"Fall","Spring",0.99400002,"CVP"
"C251242CVP","2025-12-22 16:00:00",33,"Fall","Spring",0.99800003,"CVP"
"C251249CVP","2025-12-22 16:00:00",33,"Fall","Spring",0.51800001,"CVP"
"C251251CVP","2025-12-22 16:00:00",33,"Fall","Spring",0.99699998,"CVP"
"C251254CVP","2025-12-22 16:00:00",33,"Fall","Spring",0.99699998,"CVP"
"C251245CVP","2025-12-22 16:00:00",33,"Fall","Spring",0.99800003,"CVP"
"C251232CVP","2025-12-22 16:00:00",34,"Fall","Spring",0.56400001,"CVP"
"C251231CVP","2025-12-22 16:00:00",34,"Fall","Spring",0.98000002,"CVP"
"C251233CVP","2025-12-22 16:00:00",34,"Fall","Spring",0.53899997,"CVP"
"C251241CVP","2025-12-22 16:00:00",34,"Fall","Spring",1,"CVP"
"C251243CVP","2025-12-22 16:00:00",34,"Fall","Spring",1,"CVP"
"C251244CVP","2025-12-22 16:00:00",34,"Fall","Spring",0.912,"CVP"
"C251247CVP","2025-12-22 16:00:00",34,"Fall","Spring",0.79500002,"CVP"
"C251252CVP","2025-12-22 16:00:00",34,"Fall","Spring",0.98799998,"CVP"
"C251246CVP","2025-12-22 16:00:00",35,"Fall","Spring",0.83700001,"CVP"
"C251248CVP","2025-12-22 16:00:00",35,"Fall","Spring",0.99000001,"CVP"
"C251229CVP","2025-12-22 16:00:00",35,"Fall","Spring",1,"CVP"
"C251238CVP","2025-12-22 16:00:00",35,"Fall","Spring",0.98100001,"CVP"
"C251239CVP","2025-12-22 16:00:00",35,"Fall","Spring",0.82599998,"CVP"
"C251240CVP","2025-12-22 16:00:00",36,"Fall","Spring",1,"CVP"
"C251250CVP","2025-12-22 16:00:00",36,"Fall","Spring",0.88700002,"CVP"
"C251227CVP","2025-12-22 16:00:00",36,"Fall","Spring",0.95099998,"CVP"
"C251234CVP","2025-12-22 16:00:00",36,"Fall","Spring",1,"CVP"
"C251253CVP","2025-12-22 16:00:00",36,"Fall","Spring",0.61400002,"CVP"
"C251225CVP","2025-12-22 16:00:00",37,"Fall","Spring",0.949,"CVP"
"C251235CVP","2025-12-22 16:00:00",37,"Fall","Spring",0.708,"CVP"
"C251228CVP","2025-12-22 16:00:00",38,"Spring","Spring",0.96799999,"CVP"
"C251259CVP","2025-12-22 18:00:00",34,"Fall","Spring",0.98699999,"CVP"
"C251255CVP","2025-12-22 18:00:00",34,"Fall","Spring",0.95700002,"CVP"
"C251260CVP","2025-12-22 18:00:00",35,"Fall","Spring",1,"CVP"
"C251257CVP","2025-12-22 18:00:00",36,"Fall","Spring",1,"CVP"
"C251256CVP","2025-12-22 18:00:00",37,"Fall","Spring",1,"CVP"
"C251258CVP","2025-12-22 18:00:00",37,"Fall","Spring",1,"CVP"
"C251261CVP","2025-12-22 23:59:00",34,"Fall","Spring",0.97500002,"CVP"
"C251262CVP","2025-12-22 23:59:00",34,"Fall","Spring",0.99900001,"CVP"
"C251263CVP","2025-12-22 23:59:00",37,"Fall","Spring",0.77899998,"CVP"
"C251264CVP","2025-12-23 02:00:00",35,"Fall","Spring",1,"CVP"
"C251265CVP","2025-12-23 02:00:00",35,"Fall","Spring",0.59200001,"CVP"
"C251266CVP","2025-12-23 04:00:00",35,"Fall","Spring",0.99599999,"CVP"
"C251267CVP","2025-12-23 04:00:00",35,"Fall","Spring",0.99900001,"CVP"
"C251268CVP","2025-12-23 04:00:00",35,"Fall","Spring",0.98000002,"CVP"
"C251269CVP","2025-12-23 04:00:00",36,"Fall","Spring",0.98299998,"CVP"
"C251278CVP","2025-12-23 06:00:00",33,"Fall","Spring",0.99900001,"CVP"
"C251275CVP","2025-12-23 06:00:00",33,"Fall","Spring",0.99900001,"CVP"
"C251270CVP","2025-12-23 06:00:00",34,"Fall","Spring",1,"CVP"
"C251276CVP","2025-12-23 06:00:00",34,"Fall","Spring",1,"CVP"
"C251272CVP","2025-12-23 06:00:00",34,"Fall","Spring",0.99599999,"CVP"
"C251271CVP","2025-12-23 06:00:00",35,"Fall","Spring",0.83600003,"CVP"
"C251274CVP","2025-12-23 06:00:00",35,"Fall","Spring",0.73299998,"CVP"
"C251277CVP","2025-12-23 06:00:00",36,"Fall","Spring",0.98299998,"CVP"
"C251279CVP","2025-12-23 06:00:00",36,"Fall","Spring",0.62199998,"CVP"
"C251273CVP","2025-12-23 06:00:00",36,"Fall","Spring",1,"CVP"
"C251288CVP","2025-12-23 08:00:00",32,"Fall","Spring",1,"CVP"
"C251292CVP","2025-12-23 08:00:00",32,"Fall","Spring",0.95200002,"CVP"
"C259481CVP","2025-12-23 08:00:00",33,"Fall","Spring",0.91600001,"CVP"
"C259487CVP","2025-12-23 08:00:00",33,"Fall","Spring",0.99900001,"CVP"
"C259496CVP","2025-12-23 08:00:00",34,"Fall","Spring",0.82499999,"CVP"
"C259493CVP","2025-12-23 08:00:00",34,"Fall","Spring",0.99900001,"CVP"
"C259491CVP","2025-12-23 08:00:00",34,"Fall","Spring",1,"CVP"
"C259489CVP","2025-12-23 08:00:00",34,"Fall","Spring",0.89700001,"CVP"
"C259482CVP","2025-12-23 08:00:00",34,"Fall","Spring",1,"CVP"
"C259474CVP","2025-12-23 08:00:00",34,"Fall","Spring",0.90899998,"CVP"
"C259472CVP","2025-12-23 08:00:00",34,"Fall","Spring",1,"CVP"
"C259464CVP","2025-12-23 08:00:00",34,"Fall","Spring",0.99800003,"CVP"
"C259462CVP","2025-12-23 08:00:00",34,"Fall","Spring",0.94999999,"CVP"
"C251296CVP","2025-12-23 08:00:00",34,"Fall","Spring",0.52499998,"CVP"
"C251294CVP","2025-12-23 08:00:00",34,"Fall","Spring",0.70200002,"CVP"
"C251293CVP","2025-12-23 08:00:00",34,"Fall","Spring",1,"CVP"
"C251291CVP","2025-12-23 08:00:00",34,"Fall","Spring",0.676,"CVP"
"C251283CVP","2025-12-23 08:00:00",34,"Fall","Spring",0.59799999,"CVP"
"C259506CVP","2025-12-23 08:00:00",34,"Fall","Spring",0.97399998,"CVP"
"C259502CVP","2025-12-23 08:00:00",34,"Fall","Spring",0.63300002,"CVP"
"C251289CVP","2025-12-23 08:00:00",35,"Fall","Spring",0.95300001,"CVP"
"C251281CVP","2025-12-23 08:00:00",35,"Fall","Spring",0.72100002,"CVP"
"C251282CVP","2025-12-23 08:00:00",35,"Fall","Spring",0.92000002,"CVP"
"C251284CVP","2025-12-23 08:00:00",35,"Fall","Spring",0.99900001,"CVP"
"C251285CVP","2025-12-23 08:00:00",35,"Fall","Spring",0.99900001,"CVP"
"C251286CVP","2025-12-23 08:00:00",35,"Fall","Spring",0.89300001,"CVP"
"C251287CVP","2025-12-23 08:00:00",35,"Fall","Spring",0.99699998,"CVP"
"C251290CVP","2025-12-23 08:00:00",35,"Fall","Spring",0.98100001,"CVP"
"C259463CVP","2025-12-23 08:00:00",35,"Fall","Spring",0.80900002,"CVP"
"C259465CVP","2025-12-23 08:00:00",35,"Fall","Spring",0.69,"CVP"
"C259466CVP","2025-12-23 08:00:00",35,"Fall","Spring",0.99900001,"CVP"
"C259471CVP","2025-12-23 08:00:00",35,"Fall","Spring",0.99900001,"CVP"
"C259478CVP","2025-12-23 08:00:00",35,"Fall","Spring",0.99599999,"CVP"
"C259480CVP","2025-12-23 08:00:00",35,"Fall","Spring",0.90899998,"CVP"
"C259483CVP","2025-12-23 08:00:00",35,"Fall","Spring",1,"CVP"
"C259486CVP","2025-12-23 08:00:00",35,"Fall","Spring",0.99400002,"CVP"
"C259490CVP","2025-12-23 08:00:00",35,"Fall","Spring",0.69400001,"CVP"
"C259494CVP","2025-12-23 08:00:00",35,"Fall","Spring",1,"CVP"
"C259497CVP","2025-12-23 08:00:00",35,"Fall","Spring",0.99900001,"CVP"
"C259498CVP","2025-12-23 08:00:00",35,"Fall","Spring",0.92000002,"CVP"
"C259504CVP","2025-12-23 08:00:00",35,"Fall","Spring",1,"CVP"
"C251295CVP","2025-12-23 08:00:00",36,"Fall","Spring",0.79299998,"CVP"
"C259499CVP","2025-12-23 08:00:00",36,"Fall","Spring",0.95300001,"CVP"
"C259495CVP","2025-12-23 08:00:00",36,"Fall","Spring",0.92400002,"CVP"
"C259492CVP","2025-12-23 08:00:00",36,"Fall","Spring",0.91600001,"CVP"
"C259488CVP","2025-12-23 08:00:00",36,"Fall","Spring",0.58600003,"CVP"
"C259479CVP","2025-12-23 08:00:00",36,"Fall","Spring",0.98699999,"CVP"
"C259476CVP","2025-12-23 08:00:00",36,"Fall","Spring",0.88300002,"CVP"
"C259470CVP","2025-12-23 08:00:00",36,"Fall","Spring",0.98000002,"CVP"
"C259469CVP","2025-12-23 08:00:00",36,"Fall","Spring",1,"CVP"
"C259468CVP","2025-12-23 08:00:00",36,"Fall","Spring",0.80900002,"CVP"
"C259508CVP","2025-12-23 08:00:00",36,"Fall","Spring",0.96200001,"CVP"
"C259507CVP","2025-12-23 08:00:00",36,"Fall","Spring",0.89399999,"CVP"
"C259501CVP","2025-12-23 08:00:00",36,"Fall","Spring",0.99599999,"CVP"
"C259500CVP","2025-12-23 08:00:00",36,"Fall","Spring",0.56300002,"CVP"
"C259505CVP","2025-12-23 08:00:00",37,"Fall","Spring",0.991,"CVP"
"C259503CVP","2025-12-23 08:00:00",37,"Fall","Spring",0.991,"CVP"
"C259484CVP","2025-12-23 08:00:00",37,"Fall","Spring",1,"CVP"
"C259477CVP","2025-12-23 08:00:00",37,"Fall","Spring",0.99199998,"CVP"
"C259475CVP","2025-12-23 08:00:00",37,"Fall","Spring",0.98699999,"CVP"
"C259473CVP","2025-12-23 08:00:00",37,"Fall","Spring",0.53600001,"CVP"
"C259467CVP","2025-12-23 08:00:00",37,"Fall","Spring",0.98199999,"CVP"
"C251280CVP","2025-12-23 08:00:00",37,"Fall","Spring",0.84600002,"CVP"
"C259509CVP","2025-12-23 08:00:00",38,"Spring","Spring",0.98500001,"CVP"
"C259514CVP","2025-12-23 10:00:00",33,"Fall","Spring",0.92900002,"CVP"
"C259520CVP","2025-12-23 10:00:00",33,"Fall","Spring",0.71200001,"CVP"
"C259521CVP","2025-12-23 10:00:00",33,"Fall","Spring",0.90700001,"CVP"
"C259523CVP","2025-12-23 10:00:00",33,"Fall","Spring",0.99000001,"CVP"
"C259512CVP","2025-12-23 10:00:00",33,"Fall","Spring",0.98400003,"CVP"
"C259510CVP","2025-12-23 10:00:00",33,"Fall","Spring",0.977,"CVP"
"C259517CVP","2025-12-23 10:00:00",34,"Fall","Spring",0.92500001,"CVP"
"C259518CVP","2025-12-23 10:00:00",34,"Fall","Spring",0.99699998,"CVP"
"C259519CVP","2025-12-23 10:00:00",34,"Fall","Spring",0.99599999,"CVP"
"C259522CVP","2025-12-23 10:00:00",35,"Fall","Spring",1,"CVP"
"C259511CVP","2025-12-23 10:00:00",35,"Fall","Spring",1,"CVP"
"C259515CVP","2025-12-23 10:00:00",35,"Fall","Spring",1,"CVP"
"C259513CVP","2025-12-23 10:00:00",36,"Fall","Spring",0.99199998,"CVP"
"C259516CVP","2025-12-23 10:00:00",36,"Fall","Spring",0.72100002,"CVP"
"C259531CVP","2025-12-23 12:00:00",34,"Fall","Spring",0.99299997,"CVP"
"C259528CVP","2025-12-23 12:00:00",34,"Fall","Spring",0.99199998,"CVP"
"C259524CVP","2025-12-23 12:00:00",34,"Fall","Spring",0.99800003,"CVP"
"C259529CVP","2025-12-23 12:00:00",35,"Fall","Spring",0.97399998,"CVP"
"C259525CVP","2025-12-23 12:00:00",37,"Fall","Spring",0.98900002,"CVP"
"C259527CVP","2025-12-23 12:00:00",37,"Fall","Spring",0.62900001,"CVP"
"C259532CVP","2025-12-23 12:00:00",37,"Fall","Spring",0.68000001,"CVP"
"C259537CVP","2025-12-23 14:00:00",33,"Fall","Spring",0.99400002,"CVP"
"C259545CVP","2025-12-23 14:00:00",33,"Fall","Spring",0.99900001,"CVP"
"C259533CVP","2025-12-23 14:00:00",34,"Fall","Spring",0.99900001,"CVP"
"C259541CVP","2025-12-23 14:00:00",34,"Fall","Spring",0.56400001,"CVP"
"C259534CVP","2025-12-23 14:00:00",35,"Fall","Spring",0.70999998,"CVP"
"C259546CVP","2025-12-23 14:00:00",35,"Fall","Spring",0.99699998,"CVP"
"C259544CVP","2025-12-23 14:00:00",35,"Fall","Spring",1,"CVP"
"C259542CVP","2025-12-23 14:00:00",35,"Fall","Spring",0.986,"CVP"
"C259535CVP","2025-12-23 14:00:00",35,"Fall","Spring",1,"CVP"
"C259547CVP","2025-12-23 14:00:00",36,"Fall","Spring",0.99299997,"CVP"
"C259543CVP","2025-12-23 14:00:00",36,"Fall","Spring",0.63599998,"CVP"
"C259539CVP","2025-12-23 14:00:00",36,"Fall","Spring",1,"CVP"
"C259536CVP","2025-12-23 14:00:00",36,"Fall","Spring",0.829,"CVP"
"C259538CVP","2025-12-23 14:00:00",37,"Fall","Spring",0.97299999,"CVP"
"C259548CVP","2025-12-23 14:00:00",37,"Fall","Spring",0.99900001,"CVP"
"C259540CVP","2025-12-23 14:00:00",37,"Fall","Spring",0.95599997,"CVP"
"C259554CVP","2025-12-23 16:00:00",33,"Fall","Spring",0.99900001,"CVP"
"C259560CVP","2025-12-23 16:00:00",33,"Fall","Spring",0.99299997,"CVP"
"C259562CVP","2025-12-23 16:00:00",33,"Fall","Spring",0.53200001,"CVP"
"C259551CVP","2025-12-23 16:00:00",33,"Fall","Spring",0.99800003,"CVP"
"C259555CVP","2025-12-23 16:00:00",33,"Fall","Spring",0.90700001,"CVP"
"C259549CVP","2025-12-23 16:00:00",34,"Fall","Spring",0.83499998,"CVP"
"C259552CVP","2025-12-23 16:00:00",34,"Fall","Spring",0.99800003,"CVP"
"C259556CVP","2025-12-23 16:00:00",34,"Fall","Spring",0.93800002,"CVP"
"C259557CVP","2025-12-23 16:00:00",34,"Fall","Spring",0.55800003,"CVP"
"C259558CVP","2025-12-23 16:00:00",35,"Fall","Spring",1,"CVP"
"C259553CVP","2025-12-23 16:00:00",35,"Fall","Spring",0.83999997,"CVP"
"C259559CVP","2025-12-23 16:00:00",36,"Fall","Spring",1,"CVP"
"C259550CVP","2025-12-23 16:00:00",36,"Fall","Spring",0.98699999,"CVP"
"C259561CVP","2025-12-23 16:00:00",36,"Fall","Spring",0.63800001,"CVP"
"C259567CVP","2025-12-23 18:00:00",34,"Fall","Spring",0.82700002,"CVP"
"C259569CVP","2025-12-23 18:00:00",34,"Fall","Spring",0.977,"CVP"
"C259564CVP","2025-12-23 18:00:00",34,"Fall","Spring",0.99800003,"CVP"
"C259563CVP","2025-12-23 18:00:00",34,"Fall","Spring",0.78200001,"CVP"
"C259566CVP","2025-12-23 18:00:00",35,"Fall","Spring",1,"CVP"
"C259568CVP","2025-12-23 18:00:00",35,"Fall","Spring",1,"CVP"
"C259565CVP","2025-12-23 18:00:00",36,"Fall","Spring",0.61199999,"CVP"
"C259570CVP","2025-12-24 02:00:00",34,"Fall","Spring",0.95099998,"CVP"
"C259571CVP","2025-12-24 02:00:00",35,"Fall","Spring",0.954,"CVP"
"C259573CVP","2025-12-24 04:00:00",34,"Fall","Spring",0.99199998,"CVP"
"C259575CVP","2025-12-24 04:00:00",34,"Fall","Spring",1,"CVP"
"C259572CVP","2025-12-24 04:00:00",35,"Fall","Spring",0.52499998,"CVP"
"C259574CVP","2025-12-24 04:00:00",36,"Fall","Spring",0.99900001,"CVP"
"C259584CVP","2025-12-24 06:00:00",33,"Fall","Fall",0.96399999,"CVP"
"C259582CVP","2025-12-24 06:00:00",33,"Fall","Spring",0.81699997,"CVP"
"C259581CVP","2025-12-24 06:00:00",34,"Fall","Spring",0.912,"CVP"
"C259580CVP","2025-12-24 06:00:00",34,"Fall","Spring",0.99699998,"CVP"
"C259579CVP","2025-12-24 06:00:00",34,"Fall","Spring",0.99900001,"CVP"
"C259577CVP","2025-12-24 06:00:00",34,"Fall","Spring",0.72299999,"CVP"
"C259585CVP","2025-12-24 06:00:00",34,"Fall","Spring",0.78399998,"CVP"
"C259588CVP","2025-12-24 06:00:00",35,"Fall","Spring",0.99299997,"CVP"
"C259583CVP","2025-12-24 06:00:00",35,"Fall","Spring",1,"CVP"
"C259576CVP","2025-12-24 06:00:00",35,"Fall","Spring",0.99800003,"CVP"
"C259586CVP","2025-12-24 06:00:00",35,"Fall","Spring",0.97600001,"CVP"
"C259578CVP","2025-12-24 06:00:00",37,"Fall","Spring",0.99900001,"CVP"
"C259587CVP","2025-12-24 06:00:00",37,"Fall","Spring",0.81800002,"CVP"
"C259605CVP","2025-12-24 08:00:00",34,"Fall","Spring",0.77700001,"CVP"
"C259598CVP","2025-12-24 08:00:00",34,"Fall","Spring",0.99900001,"CVP"
"C259596CVP","2025-12-24 08:00:00",34,"Fall","Spring",0.98500001,"CVP"
"C259606CVP","2025-12-24 08:00:00",35,"Fall","Spring",0.59799999,"CVP"
"C259603CVP","2025-12-24 08:00:00",35,"Fall","Spring",0.99900001,"CVP"
"C259601CVP","2025-12-24 08:00:00",35,"Fall","Spring",0.55900002,"CVP"
"C259602CVP","2025-12-24 08:00:00",35,"Fall","Spring",0.98299998,"CVP"
"C259600CVP","2025-12-24 08:00:00",35,"Fall","Spring",0.98900002,"CVP"
"C259593CVP","2025-12-24 08:00:00",35,"Fall","Spring",0.87800002,"CVP"
"C259590CVP","2025-12-24 08:00:00",35,"Fall","Spring",0.93800002,"CVP"
"C259591CVP","2025-12-24 08:00:00",36,"Fall","Spring",0.991,"CVP"
"C259592CVP","2025-12-24 08:00:00",36,"Fall","Spring",0.95300001,"CVP"
"C259604CVP","2025-12-24 08:00:00",36,"Fall","Spring",0.94400001,"CVP"
"C259607CVP","2025-12-24 08:00:00",37,"Fall","Spring",0.90600002,"CVP"
"C259589CVP","2025-12-24 08:00:00",37,"Fall","Spring",0.72000003,"CVP"
"C259594CVP","2025-12-24 08:00:00",37,"Fall","Spring",0.96399999,"CVP"
"C259595CVP","2025-12-24 08:00:00",37,"Fall","Spring",0.99299997,"CVP"
"C259597CVP","2025-12-24 08:00:00",37,"Fall","Spring",0.90100002,"CVP"
"C259599CVP","2025-12-24 08:00:00",40,"Spring","Spring",0.94599998,"CVP"
"C251300CVP","2025-12-24 10:00:00",35,"Fall","Spring",0.94400001,"CVP"
"C251299CVP","2025-12-24 10:00:00",36,"Fall","Spring",0.95499998,"CVP"
"C251298CVP","2025-12-24 10:00:00",37,"Fall","Spring",0.71600002,"CVP"
"C251297CVP","2025-12-24 10:00:00",37,"Fall","Spring",0.99900001,"CVP"
"C251301CVP","2025-12-24 12:00:00",35,"Fall","Spring",1,"CVP"
"C251302CVP","2025-12-24 16:00:00",34,"Fall","Spring",0.52700001,"CVP"
"C251303CVP","2025-12-24 16:00:00",35,"Fall","Spring",1,"CVP"
"C251304CVP","2025-12-24 16:00:00",35,"Fall","Spring",0.82800001,"CVP"
"C251315CVP","2025-12-24 18:00:00",33,"Fall","Spring",0.99800003,"CVP"
"C251305CVP","2025-12-24 18:00:00",33,"Fall","Fall",0.71100003,"CVP"
"C251308CVP","2025-12-24 18:00:00",34,"Fall","Spring",0.986,"CVP"
"C251310CVP","2025-12-24 18:00:00",34,"Fall","Spring",0.90799999,"CVP"
"C251311CVP","2025-12-24 18:00:00",35,"Fall","Spring",0.98199999,"CVP"
"C251307CVP","2025-12-24 18:00:00",35,"Fall","Spring",0.99800003,"CVP"
"C251318CVP","2025-12-24 18:00:00",35,"Fall","Spring",0.56800002,"CVP"
"C251314CVP","2025-12-24 18:00:00",35,"Fall","Spring",0.99599999,"CVP"
"C251313CVP","2025-12-24 18:00:00",35,"Fall","Spring",0.89200002,"CVP"
"C251312CVP","2025-12-24 18:00:00",35,"Fall","Spring",1,"CVP"
"C251306CVP","2025-12-24 18:00:00",36,"Fall","Spring",1,"CVP"
"C251316CVP","2025-12-24 18:00:00",36,"Fall","Spring",0.89300001,"CVP"
"C251309CVP","2025-12-24 18:00:00",36,"Fall","Spring",0.90399998,"CVP"
"C251317CVP","2025-12-24 18:00:00",36,"Fall","Spring",0.99900001,"CVP"
"C251321CVP","2025-12-24 20:00:00",35,"Fall","Spring",0.99900001,"CVP"
"C251324CVP","2025-12-24 20:00:00",35,"Fall","Spring",0.99599999,"CVP"
"C251325CVP","2025-12-24 20:00:00",36,"Fall","Spring",0.78200001,"CVP"
"C251319CVP","2025-12-24 20:00:00",36,"Fall","Spring",0.92900002,"CVP"
"C251327CVP","2025-12-24 20:00:00",37,"Fall","Spring",0.736,"CVP"
"C251323CVP","2025-12-24 20:00:00",38,"Fall","Spring",1,"CVP"
"C251320CVP","2025-12-24 20:00:00",38,"Fall","Spring",1,"CVP"
"C251322CVP","2025-12-24 20:00:00",39,"Spring","Spring",0.90100002,"CVP"
"C251326CVP","2025-12-24 20:00:00",40,"Spring","Spring",0.97600001,"CVP"
"C251328CVP","2025-12-24 20:00:00",40,"Spring","Spring",0.89999998,"CVP"
"C251329CVP","2025-12-24 23:59:00",35,"Fall","Spring",0.97799999,"CVP"
"C251330CVP","2025-12-24 23:59:00",38,"Fall","Spring",0.546,"CVP"
"C251334CVP","2025-12-25 02:00:00",34,"Fall","Spring",0.99900001,"CVP"
"C251333CVP","2025-12-25 02:00:00",35,"Fall","Spring",0.99699998,"CVP"
"C251336CVP","2025-12-25 02:00:00",35,"Fall","Spring",0.97899997,"CVP"
"C251337CVP","2025-12-25 02:00:00",35,"Fall","Spring",0.99599999,"CVP"
"C251335CVP","2025-12-25 02:00:00",36,"Fall","Spring",0.97299999,"CVP"
"C251338CVP","2025-12-25 02:00:00",36,"Fall","Spring",0.76499999,"CVP"
"C251331CVP","2025-12-25 02:00:00",37,"Fall","Spring",0.92799997,"CVP"
"C251332CVP","2025-12-25 02:00:00",37,"Fall","Spring",0.98000002,"CVP"
"C251339CVP","2025-12-25 04:00:00",34,"Fall","Spring",0.99900001,"CVP"
"C251340CVP","2025-12-25 04:00:00",35,"Fall","Spring",0.99400002,"CVP"
"C251364CVP","2025-12-25 06:00:00",33,"Fall","Spring",0.889,"CVP"
"C251346CVP","2025-12-25 06:00:00",34,"Fall","Spring",0.96600002,"CVP"
"C251363CVP","2025-12-25 06:00:00",34,"Fall","Spring",0.98500001,"CVP"
"C251352CVP","2025-12-25 06:00:00",34,"Fall","Spring",0.949,"CVP"
"C251348CVP","2025-12-25 06:00:00",34,"Fall","Spring",0.94099998,"CVP"
"C251347CVP","2025-12-25 06:00:00",34,"Fall","Spring",0.84600002,"CVP"
"C251349CVP","2025-12-25 06:00:00",35,"Fall","Spring",0.99800003,"CVP"
"C251344CVP","2025-12-25 06:00:00",35,"Fall","Spring",0.838,"CVP"
"C251343CVP","2025-12-25 06:00:00",35,"Fall","Spring",0.99900001,"CVP"
"C251341CVP","2025-12-25 06:00:00",35,"Fall","Spring",0.99000001,"CVP"
"C251361CVP","2025-12-25 06:00:00",35,"Fall","Spring",0.96600002,"CVP"
"C251359CVP","2025-12-25 06:00:00",35,"Fall","Spring",0.57499999,"CVP"
"C251357CVP","2025-12-25 06:00:00",35,"Fall","Spring",1,"CVP"
"C251353CVP","2025-12-25 06:00:00",35,"Fall","Spring",1,"CVP"
"C251358CVP","2025-12-25 06:00:00",36,"Fall","Spring",0.99699998,"CVP"
"C251350CVP","2025-12-25 06:00:00",36,"Fall","Spring",0.99699998,"CVP"
"C251354CVP","2025-12-25 06:00:00",36,"Fall","Spring",0.99800003,"CVP"
"C251355CVP","2025-12-25 06:00:00",36,"Fall","Spring",0.86500001,"CVP"
"C251356CVP","2025-12-25 06:00:00",36,"Fall","Spring",0.99800003,"CVP"
"C251360CVP","2025-12-25 06:00:00",36,"Fall","Spring",0.72799999,"CVP"
"C251362CVP","2025-12-25 06:00:00",36,"Fall","Spring",0.99599999,"CVP"
"C251345CVP","2025-12-25 06:00:00",37,"Fall","Spring",0.94700003,"CVP"
"C251342CVP","2025-12-25 06:00:00",37,"Fall","Spring",0.75999999,"CVP"
"C251372CVP","2025-12-25 08:00:00",33,"Fall","Spring",1,"CVP"
"C251370CVP","2025-12-25 08:00:00",34,"Fall","Spring",0.95999998,"CVP"
"C251366CVP","2025-12-25 08:00:00",35,"Fall","Spring",0.87599999,"CVP"
"C251373CVP","2025-12-25 08:00:00",35,"Fall","Spring",0.77100003,"CVP"
"C251367CVP","2025-12-25 08:00:00",36,"Fall","Spring",0.57800001,"CVP"
"C251371CVP","2025-12-25 08:00:00",36,"Fall","Spring",0.764,"CVP"
"C251377CVP","2025-12-25 08:00:00",36,"Fall","Spring",0.99900001,"CVP"
"C251375CVP","2025-12-25 08:00:00",36,"Fall","Spring",0.99299997,"CVP"
"C251374CVP","2025-12-25 08:00:00",36,"Fall","Spring",0.99299997,"CVP"
"C251368CVP","2025-12-25 08:00:00",37,"Fall","Spring",0.98699999,"CVP"
"C251369CVP","2025-12-25 08:00:00",37,"Fall","Spring",0.91500002,"CVP"
"C251365CVP","2025-12-25 08:00:00",37,"Fall","Spring",0.63,"CVP"
"C251376CVP","2025-12-25 08:00:00",41,"Spring","Spring",0.94199997,"CVP"
"C251380CVP","2025-12-25 10:00:00",34,"Fall","Spring",0.97600001,"CVP"
"C251378CVP","2025-12-25 10:00:00",36,"Fall","Spring",1,"CVP"
"C251381CVP","2025-12-25 12:00:00",35,"Fall","Spring",0.85399997,"CVP"
"C251382CVP","2025-12-25 14:00:00",34,"Fall","Spring",0.99599999,"CVP"
"C251383CVP","2025-12-25 16:00:00",35,"Fall","Spring",0.89399999,"CVP"
"C251384CVP","2025-12-25 16:00:00",35,"Fall","Spring",0.99699998,"CVP"
"C251389CVP","2025-12-25 18:00:00",33,"Fall","Spring",0.99699998,"CVP"
"C251386CVP","2025-12-25 18:00:00",34,"Fall","Spring",0.80000001,"CVP"
"C251385CVP","2025-12-25 18:00:00",34,"Fall","Spring",0.91900003,"CVP"
"C251387CVP","2025-12-25 18:00:00",35,"Fall","Spring",1,"CVP"
"C251388CVP","2025-12-25 18:00:00",35,"Fall","Spring",0.74599999,"CVP"
"C251391CVP","2025-12-25 20:00:00",33,"Fall","Spring",0.84200001,"CVP"
"C251390CVP","2025-12-25 20:00:00",34,"Fall","Spring",0.90799999,"CVP"
"C251395CVP","2025-12-25 20:00:00",34,"Fall","Spring",1,"CVP"
"C251398CVP","2025-12-25 20:00:00",34,"Fall","Spring",0.98400003,"CVP"
"C251396CVP","2025-12-25 20:00:00",34,"Fall","Spring",0.99199998,"CVP"
"C251392CVP","2025-12-25 20:00:00",35,"Fall","Spring",1,"CVP"
"C251397CVP","2025-12-25 20:00:00",35,"Fall","Spring",1,"CVP"
"C251394CVP","2025-12-25 20:00:00",36,"Fall","Spring",0.995,"CVP"
"C251393CVP","2025-12-25 20:00:00",36,"Fall","Spring",0.97000003,"CVP"
"C251399CVP","2025-12-25 22:00:00",34,"Fall","Spring",0.93000001,"CVP"
"C251401CVP","2025-12-25 22:00:00",35,"Fall","Spring",0.99900001,"CVP"
"C251400CVP","2025-12-25 22:00:00",36,"Fall","Spring",0.713,"CVP"
"C251402CVP","2025-12-25 23:59:00",36,"Fall","Spring",1,"CVP"
"C251403CVP","2025-12-25 23:59:00",36,"Fall","Spring",0.76899999,"CVP"
"C251405CVP","2025-12-26 02:00:00",33,"Fall","Spring",0.84799999,"CVP"
"C251411CVP","2025-12-26 02:00:00",33,"Fall","Spring",0.99800003,"CVP"
"C251404CVP","2025-12-26 02:00:00",34,"Fall","Spring",0.98500001,"CVP"
"C251408CVP","2025-12-26 02:00:00",35,"Fall","Spring",0.94099998,"CVP"
"C251410CVP","2025-12-26 02:00:00",35,"Fall","Spring",0.89200002,"CVP"
"C251407CVP","2025-12-26 02:00:00",36,"Fall","Spring",1,"CVP"
"C251409CVP","2025-12-26 02:00:00",36,"Fall","Spring",0.99900001,"CVP"
"C251406CVP","2025-12-26 02:00:00",36,"Fall","Spring",0.96799999,"CVP"
"C251412CVP","2025-12-26 04:00:00",32,"Fall","Spring",0.99699998,"CVP"
"C251413CVP","2025-12-26 04:00:00",36,"Fall","Spring",1,"CVP"
"C251415CVP","2025-12-26 04:00:00",36,"Fall","Spring",0.97100002,"CVP"
"C251414CVP","2025-12-26 04:00:00",36,"Fall","Spring",0.99699998,"CVP"
"C251418CVP","2025-12-26 06:00:00",35,"Fall","Spring",0.81599998,"CVP"
"C251423CVP","2025-12-26 06:00:00",36,"Fall","Spring",0.977,"CVP"
"C251419CVP","2025-12-26 06:00:00",36,"Fall","Spring",0.99400002,"CVP"
"C251427CVP","2025-12-26 06:00:00",37,"Fall","Spring",0.71899998,"CVP"
"C251416CVP","2025-12-26 06:00:00",37,"Fall","Spring",0.53399998,"CVP"
"C251417CVP","2025-12-26 06:00:00",37,"Fall","Spring",0.79000002,"CVP"
"C251422CVP","2025-12-26 06:00:00",37,"Fall","Spring",0.75599998,"CVP"
"C251426CVP","2025-12-26 06:00:00",38,"Fall","Spring",0.995,"CVP"
"C251420CVP","2025-12-26 06:00:00",38,"Fall","Spring",1,"CVP"
"C251424CVP","2025-12-26 06:00:00",38,"Fall","Spring",0.99199998,"CVP"
"C251425CVP","2025-12-26 06:00:00",38,"Fall","Spring",0.99199998,"CVP"
"C251421CVP","2025-12-26 06:00:00",39,"Spring","Spring",1,"CVP"
"C251428CVP","2025-12-26 08:00:00",41,"Spring","Spring",0.995,"CVP"
"C251430CVP","2025-12-26 18:00:00",36,"Fall","Spring",0.99000001,"CVP"
"C251429CVP","2025-12-26 18:00:00",147,"Winter","LateFall",0.64399999,"CVP"
"C251433CVP","2025-12-26 20:00:00",35,"Fall","Spring",0.99900001,"CVP"
"C251438CVP","2025-12-26 20:00:00",35,"Fall","Spring",0.65700001,"CVP"
"C251434CVP","2025-12-26 20:00:00",35,"Fall","Spring",0.77600002,"CVP"
"C251432CVP","2025-12-26 20:00:00",35,"Fall","Spring",1,"CVP"
"C251436CVP","2025-12-26 20:00:00",36,"Fall","Spring",0.99800003,"CVP"
"C251435CVP","2025-12-26 20:00:00",37,"Fall","Spring",0.648,"CVP"
"C251431CVP","2025-12-26 20:00:00",37,"Fall","Spring",0.99800003,"CVP"
"C251437CVP","2025-12-26 20:00:00",38,"Fall","Spring",1,"CVP"
"C251439CVP","2025-12-26 22:00:00",35,"Fall","Spring",0.55000001,"CVP"
"C251440CVP","2025-12-27 04:00:00",37,"Fall","Spring",0.83499998,"CVP"
"C251445CVP","2025-12-27 06:00:00",34,"Fall","Spring",1,"CVP"
"C251444CVP","2025-12-27 06:00:00",35,"Fall","Spring",0.60500002,"CVP"
"C251442CVP","2025-12-27 06:00:00",36,"Fall","Spring",0.963,"CVP"
"C251443CVP","2025-12-27 06:00:00",36,"Fall","Spring",0.98900002,"CVP"
"C251441CVP","2025-12-27 06:00:00",37,"Fall","Spring",0.99800003,"CVP"
"C251448CVP","2025-12-27 08:00:00",38,"Fall","Spring",0.99699998,"CVP"
"C251449CVP","2025-12-27 08:00:00",39,"Spring","Spring",0.97799999,"CVP"
"C251447CVP","2025-12-27 08:00:00",42,"Spring","Spring",0.94700003,"CVP"
"C251450CVP","2025-12-27 18:00:00",173,"LateFall","Fall",0.37799999,"CVP"
"C251451CVP","2025-12-27 20:00:00",35,"Fall","Spring",0.54100001,"CVP"
"C251455CVP","2025-12-27 22:00:00",34,"Fall","Spring",0.97299999,"CVP"
"C251453CVP","2025-12-27 22:00:00",34,"Fall","Spring",0.949,"CVP"
"C251452CVP","2025-12-27 22:00:00",34,"Fall","Spring",0.54000002,"CVP"
"C251456CVP","2025-12-28 04:00:00",34,"Fall","Spring",1,"CVP"
"C251457CVP","2025-12-28 06:00:00",34,"Fall","Spring",0.995,"CVP"
"C251458CVP","2025-12-28 06:00:00",34,"Fall","Spring",0.55500001,"CVP"
"C251461CVP","2025-12-28 08:00:00",34,"Fall","Spring",0.98000002,"CVP"
"C251460CVP","2025-12-28 08:00:00",35,"Fall","Spring",0.60500002,"CVP"
"C251462CVP","2025-12-28 08:00:00",36,"Fall","Spring",0.95300001,"CVP"
"C251459CVP","2025-12-28 08:00:00",37,"Fall","Spring",0.98500001,"CVP"
"C251464CVP","2025-12-28 20:00:00",34,"Fall","Spring",0.57999998,"CVP"
"C251463CVP","2025-12-28 20:00:00",37,"Fall","Spring",0.42399999,"CVP"
"C251466CVP","2025-12-28 22:00:00",36,"Fall","Spring",0.995,"CVP"
"C251465CVP","2025-12-28 22:00:00",38,"Fall","Spring",0.99900001,"CVP"
"C251472CVP","2025-12-28 23:59:00",34,"Fall","Spring",0.57099998,"CVP"
"C251473CVP","2025-12-28 23:59:00",35,"Fall","Spring",1,"CVP"
"C251471CVP","2025-12-28 23:59:00",35,"Fall","Spring",0.98900002,"CVP"
"C251467CVP","2025-12-28 23:59:00",35,"Fall","Spring",0.84100002,"CVP"
"C251474CVP","2025-12-28 23:59:00",37,"Fall","Spring",0.99599999,"CVP"
"C251470CVP","2025-12-28 23:59:00",37,"Fall","Spring",0.96100003,"CVP"
"C251468CVP","2025-12-28 23:59:00",37,"Fall","Spring",0.85000002,"CVP"
"C251475CVP","2025-12-28 23:59:00",38,"Fall","Spring",0.98299998,"CVP"
"C251469CVP","2025-12-28 23:59:00",38,"Fall","Spring",0.662,"CVP"
"C251483CVP","2025-12-29 18:00:00",38,"Fall","Spring",1,"CVP"
"C251484CVP","2025-12-29 20:00:00",37,"Fall","Fall",1,"CVP"
"C251485CVP","2025-12-29 20:00:00",38,"Fall","Spring",0.90200001,"CVP"
"C251486CVP","2025-12-29 20:00:00",39,"Fall","Fall",0.51899999,"CVP"
"C251490CVP","2025-12-30 02:00:00",35,"Fall","Spring",0.537,"CVP"
"C251489CVP","2025-12-30 02:00:00",36,"Fall","Spring",0.58200002,"CVP"
"C251491CVP","2025-12-30 04:00:00",33,"Fall","Fall",0.42699999,"CVP"
"C251492CVP","2025-12-30 10:00:00",38,"Fall","Spring",0.99400002,"CVP"
"C251493CVP","2025-12-30 16:00:00",37,"Fall","Spring",0.676,"CVP"
"C251495CVP","2025-12-30 22:00:00",35,"Fall","Spring",1,"CVP"
"C251497CVP","2025-12-30 23:59:00",35,"Fall","Spring",0.99199998,"CVP"
"C251496CVP","2025-12-30 23:59:00",37,"Fall","Spring",0.99000001,"CVP"
"C251498CVP","2025-12-31 02:00:00",36,"Fall","Spring",0.824,"CVP"
"C251500CVP","2025-12-31 02:00:00",37,"Fall","Fall",0.486,"CVP"
"C251499CVP","2025-12-31 02:00:00",38,"Fall","Spring",1,"CVP"
"C251501CVP","2025-12-31 04:00:00",36,"Fall","Spring",0.99800003,"CVP"
"C251502CVP","2025-12-31 10:00:00",37,"Fall","Spring",0.99800003,"CVP"
"C260001CVP","2026-01-01 10:00:00",37,"Fall","Fall",0.48199999,"CVP"
"C260002CVP","2026-01-02 04:00:00",35,"Fall","Spring",0.58499998,"CVP"
"C260003CVP","2026-01-02 20:00:00",165,"LateFall","Fall",0.69999999,"CVP"
"C260004CVP","2026-01-07 06:00:00",34,"Fall","Fall",0.44499999,"CVP"
"C260005CVP","2026-01-07 06:00:00",36,"Fall","Fall",0.76899999,"CVP"
"C260007CVP","2026-01-07 08:00:00",34,"Fall","Fall",0.85100001,"CVP"
"C260010CVP","2026-01-07 08:00:00",34,"Fall","Fall",0.98500001,"CVP"
"C260016CVP","2026-01-07 08:00:00",35,"Fall","Fall",0.54500002,"CVP"
"C260008CVP","2026-01-07 08:00:00",35,"Fall","Fall",0.50199997,"CVP"
"C260009CVP","2026-01-07 08:00:00",35,"Fall","Fall",0.95200002,"CVP"
"C260013CVP","2026-01-07 08:00:00",35,"Fall","Fall",0.96600002,"CVP"
"C260015CVP","2026-01-07 08:00:00",35,"Fall","Fall",0.74000001,"CVP"
"C260006CVP","2026-01-07 08:00:00",36,"Fall","Fall",0.76700002,"CVP"
"C260014CVP","2026-01-07 08:00:00",36,"Fall","Fall",0.51999998,"CVP"
"C260012CVP","2026-01-07 08:00:00",38,"Fall","Fall",0.745,"CVP"
"C260011CVP","2026-01-07 08:00:00",38,"Fall","Fall",0.99599999,"CVP"
"C260017CVP","2026-01-07 12:00:00",42,"Spring","Spring",0.89999998,"CVP"
"C260018CVP","2026-01-07 14:00:00",36,"Fall","Fall",0.94999999,"CVP"
"C260020CVP","2026-01-07 14:00:00",37,"Fall","Fall",0.80599999,"CVP"
"C260019CVP","2026-01-07 14:00:00",37,"Fall","Fall",0.87699997,"CVP"
"C260028CVP","2026-01-07 16:00:00",31,"Fall","Fall",0.79000002,"CVP"
"C260029CVP","2026-01-07 16:00:00",34,"Fall","Fall",0.77899998,"CVP"
"C260038CVP","2026-01-07 16:00:00",34,"Fall","Fall",0.99800003,"CVP"
"C260042CVP","2026-01-07 16:00:00",34,"Fall","Fall",0.98400003,"CVP"
"C260039CVP","2026-01-07 16:00:00",35,"Fall","Fall",0.92799997,"CVP"
"C260023CVP","2026-01-07 16:00:00",35,"Fall","Fall",0.87800002,"CVP"
"C260026CVP","2026-01-07 16:00:00",35,"Fall","Fall",0.935,"CVP"
"C260027CVP","2026-01-07 16:00:00",35,"Fall","Fall",0.764,"CVP"
"C260031CVP","2026-01-07 16:00:00",35,"Fall","Fall",0.96499997,"CVP"
"C260035CVP","2026-01-07 16:00:00",35,"Fall","Fall",0.97100002,"CVP"
"C260037CVP","2026-01-07 16:00:00",35,"Fall","Fall",0.76899999,"CVP"
"C260040CVP","2026-01-07 16:00:00",35,"Fall","Fall",0.93099999,"CVP"
"C260024CVP","2026-01-07 16:00:00",36,"Fall","Fall",0.824,"CVP"
"C260033CVP","2026-01-07 16:00:00",36,"Fall","Fall",0.83099997,"CVP"
"C260032CVP","2026-01-07 16:00:00",36,"Fall","Fall",0.634,"CVP"
"C260030CVP","2026-01-07 16:00:00",36,"Fall","Fall",0.995,"CVP"
"C260025CVP","2026-01-07 16:00:00",36,"Fall","Fall",0.99900001,"CVP"
"C260036CVP","2026-01-07 16:00:00",36,"Fall","Fall",0.61900002,"CVP"
"C260034CVP","2026-01-07 16:00:00",36,"Fall","Fall",0.921,"CVP"
"C260041CVP","2026-01-07 16:00:00",37,"Fall","Fall",0.98199999,"CVP"
"C260022CVP","2026-01-07 16:00:00",37,"Fall","Fall",0.58200002,"CVP"
"C260021CVP","2026-01-07 16:00:00",37,"Fall","Fall",0.92900002,"CVP"
"C260056CVP","2026-01-07 18:00:00",33,"Fall","Fall",0.54100001,"CVP"
"C260062CVP","2026-01-07 18:00:00",34,"Fall","Fall",0.93400002,"CVP"
"C260043CVP","2026-01-07 18:00:00",34,"Fall","Fall",0.66100001,"CVP"
"C260057CVP","2026-01-07 18:00:00",35,"Fall","Fall",0.72899997,"CVP"
"C260044CVP","2026-01-07 18:00:00",35,"Fall","Fall",0.88800001,"CVP"
"C260048CVP","2026-01-07 18:00:00",35,"Fall","Fall",0.98400003,"CVP"
"C260049CVP","2026-01-07 18:00:00",35,"Fall","Fall",0.57200003,"CVP"
"C260052CVP","2026-01-07 18:00:00",35,"Fall","Fall",0.64999998,"CVP"
"C260053CVP","2026-01-07 18:00:00",35,"Fall","Fall",0.66000003,"CVP"
"C260059CVP","2026-01-07 18:00:00",35,"Fall","Fall",0.38499999,"CVP"
"C260061CVP","2026-01-07 18:00:00",35,"Fall","Fall",0.847,"CVP"
"C260051CVP","2026-01-07 18:00:00",36,"Fall","Fall",0.68699998,"CVP"
"C260046CVP","2026-01-07 18:00:00",36,"Fall","Fall",0.90799999,"CVP"
"C260060CVP","2026-01-07 18:00:00",36,"Fall","Fall",0.82800001,"CVP"
"C260055CVP","2026-01-07 18:00:00",36,"Fall","Fall",0.83600003,"CVP"
"C260054CVP","2026-01-07 18:00:00",36,"Fall","Fall",0.90899998,"CVP"
"C260058CVP","2026-01-07 18:00:00",37,"Fall","Fall",0.99800003,"CVP"
"C260047CVP","2026-01-07 18:00:00",37,"Fall","Fall",0.97299999,"CVP"
"C260050CVP","2026-01-07 18:00:00",37,"Fall","Fall",0.98299998,"CVP"
"C260063CVP","2026-01-07 18:00:00",37,"Fall","Fall",0.991,"CVP"
"C260045CVP","2026-01-07 18:00:00",38,"Fall","Fall",0.95499998,"CVP"
"C260069CVP","2026-01-07 20:00:00",35,"Fall","Fall",0.53200001,"CVP"
"C260068CVP","2026-01-07 20:00:00",35,"Fall","Fall",0.71899998,"CVP"
"C260066CVP","2026-01-07 20:00:00",35,"Fall","Fall",0.73000002,"CVP"
"C260067CVP","2026-01-07 20:00:00",35,"Fall","Fall",0.991,"CVP"
"C260064CVP","2026-01-07 20:00:00",37,"Fall","Fall",0.5,"CVP"
"C260065CVP","2026-01-07 20:00:00",37,"Fall","Fall",0.91900003,"CVP"
"C260070CVP","2026-01-07 20:00:00",38,"Fall","Fall",0.95099998,"CVP"
"C260071CVP","2026-01-07 22:00:00",36,"Fall","Fall",0.917,"CVP"
"C260072CVP","2026-01-07 23:59:00",30,"Fall","Fall",0.61900002,"CVP"
"C260073CVP","2026-01-07 23:59:00",36,"Fall","Fall",0.99400002,"CVP"
"C260075CVP","2026-01-08 02:00:00",32,"Fall","Fall",0.92900002,"CVP"
"C260074CVP","2026-01-08 02:00:00",34,"Fall","Fall",0.71799999,"CVP"
"C260077CVP","2026-01-08 02:00:00",35,"Fall","Fall",0.64099997,"CVP"
"C260076CVP","2026-01-08 02:00:00",35,"Fall","Fall",0.55199999,"CVP"
"C260083CVP","2026-01-08 04:00:00",34,"Fall","Fall",0.82200003,"CVP"
"C260080CVP","2026-01-08 04:00:00",34,"Fall","Fall",0.81699997,"CVP"
"C260087CVP","2026-01-08 04:00:00",35,"Fall","Fall",0.37,"CVP"
"C260085CVP","2026-01-08 04:00:00",35,"Fall","Fall",0.87300003,"CVP"
"C260084CVP","2026-01-08 04:00:00",35,"Fall","Fall",0.73699999,"CVP"
"C260086CVP","2026-01-08 04:00:00",35,"Fall","Fall",0.764,"CVP"
"C260082CVP","2026-01-08 04:00:00",36,"Fall","Fall",0.64600003,"CVP"
"C260078CVP","2026-01-08 04:00:00",37,"Fall","Fall",0.317,"CVP"
"C260079CVP","2026-01-08 04:00:00",37,"Fall","Fall",0.80299997,"CVP"
"C260081CVP","2026-01-08 04:00:00",37,"Fall","Fall",0.50199997,"CVP"
"C260087CVP","2026-01-08 04:00:00",37,"Fall","Fall",0.37,"CVP"
"C260088CVP","2026-01-08 04:00:00",38,"Fall","Fall",0.74699998,"CVP"
"C260090CVP","2026-01-08 06:00:00",34,"Fall","Fall",0.55299997,"CVP"
"C260101CVP","2026-01-08 06:00:00",34,"Fall","Fall",0.58499998,"CVP"
"C260091CVP","2026-01-08 06:00:00",34,"Fall","Fall",0.99699998,"CVP"
"C260099CVP","2026-01-08 06:00:00",35,"Fall","Fall",0.46599999,"CVP"
"C260096CVP","2026-01-08 06:00:00",36,"Fall","Fall",0.84799999,"CVP"
"C260089CVP","2026-01-08 06:00:00",36,"Fall","Fall",0.85399997,"CVP"
"C260098CVP","2026-01-08 06:00:00",37,"Fall","Fall",0.59299999,"CVP"
"C260092CVP","2026-01-08 06:00:00",37,"Fall","Fall",0.722,"CVP"
"C260093CVP","2026-01-08 06:00:00",37,"Fall","Fall",0.87699997,"CVP"
"C260095CVP","2026-01-08 06:00:00",37,"Fall","Fall",0.44600001,"CVP"
"C260102CVP","2026-01-08 06:00:00",37,"Fall","Fall",0.60799998,"CVP"
"C260097CVP","2026-01-08 06:00:00",37,"Fall","Fall",0.60600001,"CVP"
"C260100CVP","2026-01-08 06:00:00",38,"Fall","Fall",0.78399998,"CVP"
"C260094CVP","2026-01-08 06:00:00",38,"Fall","Fall",0.92799997,"CVP"
"C260119CVP","2026-01-08 08:00:00",35,"Fall","Fall",0.73299998,"CVP"
"C260122CVP","2026-01-08 08:00:00",35,"Fall","Fall",0.94300002,"CVP"
"C260124CVP","2026-01-08 08:00:00",35,"Fall","Fall",0.96200001,"CVP"
"C260116CVP","2026-01-08 08:00:00",36,"Fall","Fall",0.93199998,"CVP"
"C260126CVP","2026-01-08 08:00:00",36,"Fall","Fall",0.875,"CVP"
"C260125CVP","2026-01-08 08:00:00",36,"Fall","Fall",0.51300001,"CVP"
"C260121CVP","2026-01-08 08:00:00",36,"Fall","Fall",0.53100002,"CVP"
"C260120CVP","2026-01-08 08:00:00",36,"Fall","Fall",0.99900001,"CVP"
"C260118CVP","2026-01-08 08:00:00",36,"Fall","Fall",0.96799999,"CVP"
"C260115CVP","2026-01-08 08:00:00",36,"Fall","Fall",0.74699998,"CVP"
"C260112CVP","2026-01-08 08:00:00",36,"Fall","Fall",0.79799998,"CVP"
"C260111CVP","2026-01-08 08:00:00",36,"Fall","Fall",0.96399999,"CVP"
"C260110CVP","2026-01-08 08:00:00",37,"Fall","Fall",0.95300001,"CVP"
"C260128CVP","2026-01-08 08:00:00",37,"Fall","Fall",0.54500002,"CVP"
"C260127CVP","2026-01-08 08:00:00",37,"Fall","Fall",0.85000002,"CVP"
"C260117CVP","2026-01-08 08:00:00",37,"Fall","Fall",0.50700003,"CVP"
"C260114CVP","2026-01-08 08:00:00",37,"Fall","Fall",0.59200001,"CVP"
"C260113CVP","2026-01-08 08:00:00",37,"Fall","Fall",0.917,"CVP"
"C260123CVP","2026-01-08 08:00:00",38,"Fall","Fall",0.98799998,"CVP"
"C260105CVP","2026-01-08 08:00:00",39,"Fall","Fall",0.92199999,"CVP"
"C260103CVP","2026-01-08 08:00:00",39,"Fall","Fall",0.37900001,"CVP"
"C260108CVP","2026-01-08 08:00:00",39,"Fall","Fall",0.991,"CVP"
"C260106CVP","2026-01-08 08:00:00",39,"Fall","Fall",0.509,"CVP"
"C260109CVP","2026-01-08 08:00:00",39,"Fall","Fall",0.93300003,"CVP"
"C260107CVP","2026-01-08 08:00:00",40,"Fall","Fall",0.75400001,"CVP"
"C260104CVP","2026-01-08 08:00:00",40,"Fall","Fall",0.40000001,"CVP"
"C260204CVP","2026-01-08 08:00:00",41,"Fall","Spring",0.47299999,"CVP"
"C260002SWP","2026-01-08 08:30:00",169,"LateFall","LateFall",1,"SWP"
"C260003SWP","2026-01-08 08:30:00",177,"LateFall","LateFall",1,"SWP"
"C260001SWP","2026-01-08 08:30:00",182,"LateFall","LateFall",0.98000002,"SWP"
"C260130CVP","2026-01-08 10:00:00",34,"Fall","Fall",0.81,"CVP"
"C260131CVP","2026-01-08 10:00:00",36,"Fall","Fall",0.68699998,"CVP"
"C260129CVP","2026-01-08 10:00:00",36,"Fall","Fall",0.88700002,"CVP"
"C260132CVP","2026-01-08 12:00:00",37,"Fall","Fall",0.58999997,"CVP"
"C260133CVP","2026-01-08 12:00:00",38,"Fall","Fall",0.93099999,"CVP"
"C260137CVP","2026-01-08 16:00:00",33,"Fall","Fall",0.736,"CVP"
"C260140CVP","2026-01-08 16:00:00",34,"Fall","Fall",0.84100002,"CVP"
"C260139CVP","2026-01-08 16:00:00",34,"Fall","Fall",0.40400001,"CVP"
"C260136CVP","2026-01-08 16:00:00",36,"Fall","Fall",0.861,"CVP"
"C260138CVP","2026-01-08 16:00:00",37,"Fall","Fall",0.463,"CVP"
"C260135CVP","2026-01-08 16:00:00",37,"Fall","Spring",0.99900001,"CVP"
"C260134CVP","2026-01-08 16:00:00",37,"Fall","Fall",0.55800003,"CVP"
"C260153CVP","2026-01-08 18:00:00",33,"Fall","Fall",0.51999998,"CVP"
"C260147CVP","2026-01-08 18:00:00",34,"Fall","Fall",0.95499998,"CVP"
"C260144CVP","2026-01-08 18:00:00",34,"Fall","Fall",0.92799997,"CVP"
"C260151CVP","2026-01-08 18:00:00",35,"Fall","Fall",0.84200001,"CVP"
"C260145CVP","2026-01-08 18:00:00",36,"Fall","Fall",0.62900001,"CVP"
"C260152CVP","2026-01-08 18:00:00",36,"Fall","Fall",0.40400001,"CVP"
"C260150CVP","2026-01-08 18:00:00",36,"Fall","Fall",0.59899998,"CVP"
"C260146CVP","2026-01-08 18:00:00",36,"Fall","Fall",0.49599999,"CVP"
"C260143CVP","2026-01-08 18:00:00",36,"Fall","Fall",0.92400002,"CVP"
"C260141CVP","2026-01-08 18:00:00",36,"Fall","Fall",0.60600001,"CVP"
"C260149CVP","2026-01-08 18:00:00",37,"Fall","Fall",0.51300001,"CVP"
"C260148CVP","2026-01-08 18:00:00",37,"Fall","Fall",0.583,"CVP"
"C260142CVP","2026-01-08 18:00:00",38,"Fall","Fall",0.46700001,"CVP"
"C260162CVP","2026-01-08 20:00:00",32,"Fall","Fall",0.917,"CVP"
"C260169CVP","2026-01-08 20:00:00",35,"Fall","Fall",0.917,"CVP"
"C260163CVP","2026-01-08 20:00:00",35,"Fall","Fall",0.69400001,"CVP"
"C260157CVP","2026-01-08 20:00:00",35,"Fall","Fall",0.98900002,"CVP"
"C260154CVP","2026-01-08 20:00:00",35,"Fall","Fall",0.94199997,"CVP"
"C260167CVP","2026-01-08 20:00:00",36,"Fall","Fall",0.72899997,"CVP"
"C260165CVP","2026-01-08 20:00:00",36,"Fall","Fall",0.73900002,"CVP"
"C260156CVP","2026-01-08 20:00:00",36,"Fall","Fall",0.64200002,"CVP"
"C260170CVP","2026-01-08 20:00:00",36,"Fall","Fall",0.91600001,"CVP"
"C260168CVP","2026-01-08 20:00:00",37,"Fall","Fall",0.99000001,"CVP"
"C260155CVP","2026-01-08 20:00:00",37,"Fall","Fall",0.62900001,"CVP"
"C260160CVP","2026-01-08 20:00:00",37,"Fall","Fall",0.49000001,"CVP"
"C260161CVP","2026-01-08 20:00:00",37,"Fall","Fall",0.889,"CVP"
"C260164CVP","2026-01-08 20:00:00",37,"Fall","Fall",0.99699998,"CVP"
"C260166CVP","2026-01-08 20:00:00",37,"Fall","Fall",0.82099998,"CVP"
"C260158CVP","2026-01-08 20:00:00",40,"Fall","Spring",0.66799998,"CVP"
"C260159CVP","2026-01-08 20:00:00",41,"Fall","Spring",0.82599998,"CVP"
"C260169CVP","2026-01-08 22:00:00",35,"Fall","Fall",0.917,"CVP"
"C260171CVP","2026-01-08 22:00:00",35,"Fall","Fall",0.54299998,"CVP"
"C260170CVP","2026-01-08 22:00:00",36,"Fall","Fall",0.91600001,"CVP"
"C260168CVP","2026-01-08 22:00:00",37,"Fall","Fall",0.99000001,"CVP"
"C260173CVP","2026-01-09 02:00:00",34,"Fall","Fall",0.99199998,"CVP"
"C260176CVP","2026-01-09 02:00:00",34,"Fall","Fall",0.63800001,"CVP"
"C260174CVP","2026-01-09 02:00:00",34,"Fall","Fall",0.90899998,"CVP"
"C260175CVP","2026-01-09 02:00:00",36,"Fall","Fall",0.61299998,"CVP"
"C260179CVP","2026-01-09 02:00:00",36,"Fall","Fall",0.89999998,"CVP"
"C260178CVP","2026-01-09 02:00:00",36,"Fall","Fall",0.52499998,"CVP"
"C260172CVP","2026-01-09 02:00:00",36,"Fall","Fall",0.713,"CVP"
"C260177CVP","2026-01-09 02:00:00",37,"Fall","Fall",0.42199999,"CVP"
"C260181CVP","2026-01-09 04:00:00",33,"Fall","Fall",0.736,"CVP"
"C260184CVP","2026-01-09 04:00:00",34,"Fall","Fall",0.92799997,"CVP"
"C260182CVP","2026-01-09 04:00:00",35,"Fall","Fall",0.69999999,"CVP"
"C260187CVP","2026-01-09 04:00:00",35,"Fall","Fall",0.91399997,"CVP"
"C260186CVP","2026-01-09 04:00:00",36,"Fall","Fall",0.963,"CVP"
"C260183CVP","2026-01-09 04:00:00",36,"Fall","Fall",0.94800001,"CVP"
"C260184CVP","2026-01-09 04:00:00",36,"Fall","Fall",0.92799997,"CVP"
"C260188CVP","2026-01-09 04:00:00",36,"Fall","Fall",0.87699997,"CVP"
"C260180CVP","2026-01-09 04:00:00",37,"Fall","Fall",0.81800002,"CVP"
"C260185CVP","2026-01-09 04:00:00",37,"Fall","Fall",0.56699997,"CVP"
"C260195CVP","2026-01-09 06:00:00",34,"Fall","Fall",0.78799999,"CVP"
"C260194CVP","2026-01-09 06:00:00",35,"Fall","Fall",0.55699998,"CVP"
"C260201CVP","2026-01-09 06:00:00",35,"Fall","Fall",0.98900002,"CVP"
"C260196CVP","2026-01-09 06:00:00",35,"Fall","Fall",0.66900003,"CVP"
"C260189CVP","2026-01-09 06:00:00",35,"Fall","Fall",0.78200001,"CVP"
"C260191CVP","2026-01-09 06:00:00",35,"Fall","Fall",0.61500001,"CVP"
"C260193CVP","2026-01-09 06:00:00",35,"Fall","Fall",0.85500002,"CVP"
"C260190CVP","2026-01-09 06:00:00",36,"Fall","Fall",0.46700001,"CVP"
"C260198CVP","2026-01-09 06:00:00",37,"Fall","Fall",0.65200001,"CVP"
"C260200CVP","2026-01-09 06:00:00",37,"Fall","Fall",0.62699997,"CVP"
"C260192CVP","2026-01-09 06:00:00",38,"Fall","Fall",0.54299998,"CVP"
"C260197CVP","2026-01-09 06:00:00",38,"Fall","Fall",0.60100001,"CVP"
"C260244SWP","2026-01-09 07:00:00",39,"Fall","Fall",0.99699998,"SWP"
"C260213CVP","2026-01-09 08:00:00",33,"Fall","Fall",0.63599998,"CVP"
"C260212CVP","2026-01-09 08:00:00",33,"Fall","Fall",0.55900002,"CVP"
"C260211CVP","2026-01-09 08:00:00",33,"Fall","Fall",0.72399998,"CVP"
"C260205CVP","2026-01-09 08:00:00",34,"Fall","Fall",0.58399999,"CVP"
"C260214CVP","2026-01-09 08:00:00",35,"Fall","Fall",0.95999998,"CVP"
"C260209CVP","2026-01-09 08:00:00",35,"Fall","Fall",0.98799998,"CVP"
"C260206CVP","2026-01-09 08:00:00",36,"Fall","Fall",0.96700001,"CVP"
"C260203CVP","2026-01-09 08:00:00",36,"Fall","Fall",0.56099999,"CVP"
"C260207CVP","2026-01-09 08:00:00",37,"Fall","Fall",0.56800002,"CVP"
"C260208CVP","2026-01-09 08:00:00",37,"Fall","Fall",0.86400002,"CVP"
"C260210CVP","2026-01-09 08:00:00",37,"Fall","Fall",0.88999999,"CVP"
"C260202CVP","2026-01-09 08:00:00",39,"Fall","Fall",0.97500002,"CVP"
"C260204CVP","2026-01-09 08:00:00",41,"Fall","Spring",0.47299999,"CVP"
"C260215CVP","2026-01-09 12:00:00",37,"Fall","Fall",0.52499998,"CVP"
"C260245SWP","2026-01-09 13:00:00",36,"Fall","Fall",0.55599999,"SWP"
"C260220CVP","2026-01-09 18:00:00",33,"Fall","Fall",0.73000002,"CVP"
"C260216CVP","2026-01-09 18:00:00",36,"Fall","Fall",0.47299999,"CVP"
"C260218CVP","2026-01-09 18:00:00",36,"Fall","Fall",0.79799998,"CVP"
"C260221CVP","2026-01-09 18:00:00",36,"Fall","Fall",0.57200003,"CVP"
"C260219CVP","2026-01-09 18:00:00",36,"Fall","Fall",0.71799999,"CVP"
"C260217CVP","2026-01-09 18:00:00",36,"Fall","Fall",0.62199998,"CVP"
"C260226CVP","2026-01-09 20:00:00",34,"Fall","Fall",0.523,"CVP"
"C260235CVP","2026-01-09 20:00:00",34,"Fall","Fall",0.90899998,"CVP"
"C260230CVP","2026-01-09 20:00:00",34,"Fall","Fall",0.81,"CVP"
"C260237CVP","2026-01-09 20:00:00",35,"Fall","Fall",0.41100001,"CVP"
"C260225CVP","2026-01-09 20:00:00",35,"Fall","Fall",0.75199997,"CVP"
"C260227CVP","2026-01-09 20:00:00",35,"Fall","Fall",0.88200003,"CVP"
"C260229CVP","2026-01-09 20:00:00",35,"Fall","Fall",0.85399997,"CVP"
"C260231CVP","2026-01-09 20:00:00",35,"Fall","Fall",0.66399997,"CVP"
"C260222CVP","2026-01-09 20:00:00",35,"Fall","Fall",0.74699998,"CVP"
"C260223CVP","2026-01-09 20:00:00",36,"Fall","Fall",0.96100003,"CVP"
"C260234CVP","2026-01-09 20:00:00",36,"Fall","Fall",0.96600002,"CVP"
"C260228CVP","2026-01-09 20:00:00",36,"Fall","Fall",0.72299999,"CVP"
"C260238CVP","2026-01-09 20:00:00",36,"Fall","Fall",0.787,"CVP"
"C260236CVP","2026-01-09 20:00:00",36,"Fall","Fall",0.64300001,"CVP"
"C260233CVP","2026-01-09 20:00:00",37,"Fall","Fall",0.97299999,"CVP"
"C260244CVP","2026-01-09 22:00:00",31,"Fall","Fall",0.977,"CVP"
"C260240CVP","2026-01-09 22:00:00",32,"Fall","Fall",0.90600002,"CVP"
"C260250CVP","2026-01-09 22:00:00",34,"Fall","Fall",0.903,"CVP"
"C260248CVP","2026-01-09 22:00:00",35,"Fall","Fall",0.81999999,"CVP"
"C260247CVP","2026-01-09 22:00:00",35,"Fall","Fall",0.81,"CVP"
"C260242CVP","2026-01-09 22:00:00",35,"Fall","Fall",0.64999998,"CVP"
"C260239CVP","2026-01-09 22:00:00",36,"Fall","Fall",0.99699998,"CVP"
"C260241CVP","2026-01-09 22:00:00",36,"Fall","Fall",0.51300001,"CVP"
"C260245CVP","2026-01-09 22:00:00",36,"Fall","Fall",0.384,"CVP"
"C260243CVP","2026-01-09 22:00:00",37,"Fall","Fall",0.94700003,"CVP"
"C260246CVP","2026-01-09 22:00:00",37,"Fall","Fall",0.46900001,"CVP"
"C260251CVP","2026-01-09 22:00:00",38,"Fall","Fall",0.741,"CVP"
"C260249CVP","2026-01-09 22:00:00",38,"Fall","Fall",0.972,"CVP"
"C260252CVP","2026-01-09 23:59:00",34,"Fall","Fall",0.68900001,"CVP"
"C260254CVP","2026-01-09 23:59:00",36,"Fall","Fall",0.91799998,"CVP"
"C260253CVP","2026-01-09 23:59:00",37,"Fall","Fall",0.87599999,"CVP"
"C260255CVP","2026-01-09 23:59:00",38,"Fall","Fall",0.96700001,"CVP"
"C260256CVP","2026-01-10 02:00:00",34,"Fall","Fall",0.58899999,"CVP"
"C260257CVP","2026-01-10 02:00:00",35,"Fall","Fall",0.671,"CVP"
"C260258CVP","2026-01-10 02:00:00",36,"Fall","Fall",0.91900003,"CVP"
"C260259CVP","2026-01-10 02:00:00",38,"Fall","Fall",0.676,"CVP"
"C260265CVP","2026-01-10 04:00:00",35,"Fall","Fall",0.55199999,"CVP"
"C260263CVP","2026-01-10 04:00:00",36,"Fall","Fall",0.97600001,"CVP"
"C260260CVP","2026-01-10 04:00:00",36,"Fall","Fall",0.98199999,"CVP"
"C260268CVP","2026-01-10 04:00:00",36,"Fall","Fall",0.62599999,"CVP"
"C260269CVP","2026-01-10 04:00:00",37,"Fall","Fall",0.97600001,"CVP"
"C260270CVP","2026-01-10 04:00:00",37,"Fall","Spring",1,"CVP"
"C260266CVP","2026-01-10 04:00:00",37,"Fall","Fall",0.43200001,"CVP"
"C260267CVP","2026-01-10 04:00:00",37,"Fall","Fall",0.64700001,"CVP"
"C260262CVP","2026-01-10 04:00:00",37,"Fall","Fall",0.90399998,"CVP"
"C260271CVP","2026-01-10 04:00:00",38,"Fall","Fall",0.48199999,"CVP"
"C260264CVP","2026-01-10 04:00:00",40,"Fall","Fall",0.92000002,"CVP"
"C260261CVP","2026-01-10 04:00:00",41,"Fall","Spring",0.83999997,"CVP"
"C260280CVP","2026-01-10 06:00:00",32,"Fall","Spring",0.70599997,"CVP"
"C260278CVP","2026-01-10 06:00:00",35,"Fall","Fall",0.97500002,"CVP"
"C260274CVP","2026-01-10 06:00:00",35,"Fall","Fall",0.94099998,"CVP"
"C260272CVP","2026-01-10 06:00:00",35,"Fall","Fall",0.94999999,"CVP"
"C260277CVP","2026-01-10 06:00:00",36,"Fall","Fall",0.66299999,"CVP"
"C260273CVP","2026-01-10 06:00:00",37,"Fall","Fall",0.792,"CVP"
"C260275CVP","2026-01-10 06:00:00",37,"Fall","Fall",0.82800001,"CVP"
"C260279CVP","2026-01-10 06:00:00",38,"Fall","Fall",0.71200001,"CVP"
"C260276CVP","2026-01-10 06:00:00",38,"Fall","Fall",0.96700001,"CVP"
"C260283CVP","2026-01-10 08:00:00",35,"Fall","Fall",0.99299997,"CVP"
"C260285CVP","2026-01-10 08:00:00",35,"Fall","Fall",0.722,"CVP"
"C260286CVP","2026-01-10 08:00:00",36,"Fall","Fall",0.70899999,"CVP"
"C260282CVP","2026-01-10 08:00:00",36,"Fall","Fall",0.60399997,"CVP"
"C260281CVP","2026-01-10 08:00:00",38,"Fall","Spring",0.99599999,"CVP"
"C260284CVP","2026-01-10 08:00:00",39,"Fall","Fall",0.47099999,"CVP"
"C260287CVP","2026-01-10 12:00:00",34,"Fall","Fall",0.85600001,"CVP"
"C260288CVP","2026-01-10 12:00:00",36,"Fall","Fall",0.884,"CVP"
"C260246SWP","2026-01-10 13:00:00",38,"Fall","Fall",0.84100002,"SWP"
"C260289CVP","2026-01-10 16:00:00",36,"Fall","Fall",0.68699998,"CVP"
"C260291CVP","2026-01-10 18:00:00",36,"Fall","Fall",0.542,"CVP"
"C260290CVP","2026-01-10 18:00:00",36,"Fall","Fall",0.98900002,"CVP"
"C260292CVP","2026-01-10 20:00:00",34,"Fall","Fall",0.46799999,"CVP"
"C260296CVP","2026-01-10 20:00:00",35,"Fall","Fall",0.34900001,"CVP"
"C260294CVP","2026-01-10 20:00:00",36,"Fall","Fall",0.81199998,"CVP"
"C260297CVP","2026-01-10 20:00:00",36,"Fall","Fall",0.472,"CVP"
"C260298CVP","2026-01-10 20:00:00",36,"Fall","Fall",0.63599998,"CVP"
"C260293CVP","2026-01-10 20:00:00",36,"Fall","Fall",0.95899999,"CVP"
"C260299CVP","2026-01-10 20:00:00",36,"Fall","Fall",0.96200001,"CVP"
"C260295CVP","2026-01-10 20:00:00",37,"Fall","Fall",0.58700001,"CVP"
"C260303CVP","2026-01-10 22:00:00",35,"Fall","Fall",0.86199999,"CVP"
"C260300CVP","2026-01-10 22:00:00",36,"Fall","Fall",0.82300001,"CVP"
"C260301CVP","2026-01-10 22:00:00",37,"Fall","Fall",0.99400002,"CVP"
"C260302CVP","2026-01-10 22:00:00",37,"Fall","Fall",0.72100002,"CVP"
"C260309CVP","2026-01-10 23:59:00",35,"Fall","Fall",0.56800002,"CVP"
"C260304CVP","2026-01-10 23:59:00",36,"Fall","Fall",0.62400001,"CVP"
"C260305CVP","2026-01-10 23:59:00",37,"Fall","Fall",0.71100003,"CVP"
"C260306CVP","2026-01-10 23:59:00",37,"Fall","Fall",0.49200001,"CVP"
"C260308CVP","2026-01-10 23:59:00",37,"Fall","Fall",0.73500001,"CVP"
"C260310CVP","2026-01-10 23:59:00",37,"Fall","Fall",0.55699998,"CVP"
"C260311CVP","2026-01-10 23:59:00",37,"Fall","Fall",0.58700001,"CVP"
"C260307CVP","2026-01-10 23:59:00",43,"Spring","Spring",0.76700002,"CVP"
"C260312CVP","2026-01-11 02:00:00",36,"Fall","Fall",0.81699997,"CVP"
"C260313CVP","2026-01-11 04:00:00",34,"Fall","Fall",0.667,"CVP"
"C260317CVP","2026-01-11 04:00:00",35,"Fall","Fall",0.94800001,"CVP"
"C260315CVP","2026-01-11 04:00:00",36,"Fall","Fall",0.76700002,"CVP"
"C260314CVP","2026-01-11 04:00:00",36,"Fall","Fall",0.96399999,"CVP"
"C260318CVP","2026-01-11 04:00:00",37,"Fall","Fall",0.96499997,"CVP"
"C260316CVP","2026-01-11 04:00:00",38,"Fall","Fall",0.79900002,"CVP"
"C260319CVP","2026-01-11 06:00:00",34,"Fall","Fall",0.99599999,"CVP"
"C260321CVP","2026-01-11 06:00:00",35,"Fall","Fall",0.92500001,"CVP"
"C260320CVP","2026-01-11 06:00:00",36,"Fall","Fall",0.85500002,"CVP"
"C260325CVP","2026-01-11 08:00:00",36,"Fall","Fall",0.96600002,"CVP"
"C260323CVP","2026-01-11 08:00:00",36,"Fall","Fall",0.80000001,"CVP"
"C260322CVP","2026-01-11 08:00:00",36,"Fall","Fall",0.523,"CVP"
"C260324CVP","2026-01-11 08:00:00",37,"Fall","Fall",0.96399999,"CVP"
"C260326CVP","2026-01-11 08:00:00",38,"Fall","Fall",0.98199999,"CVP"
"C260327CVP","2026-01-11 08:00:00",38,"Fall","Fall",0.79900002,"CVP"
"C260330CVP","2026-01-11 22:00:00",36,"Fall","Fall",0.81400001,"CVP"
"C260331CVP","2026-01-11 22:00:00",37,"Fall","Fall",0.43799999,"CVP"
"C260328CVP","2026-01-11 22:00:00",37,"Fall","Fall",0.903,"CVP"
"C260329CVP","2026-01-11 22:00:00",38,"Fall","Fall",0.91399997,"CVP"
"C260334CVP","2026-01-11 23:59:00",36,"Fall","Fall",0.454,"CVP"
"C260335CVP","2026-01-11 23:59:00",37,"Fall","Fall",0.986,"CVP"
"C260333CVP","2026-01-11 23:59:00",37,"Fall","Fall",0.96100003,"CVP"
"C260332CVP","2026-01-11 23:59:00",41,"Fall","Spring",0.81800002,"CVP"
"C260336CVP","2026-01-12 02:00:00",37,"Fall","Fall",0.98400003,"CVP"
"C260337CVP","2026-01-12 04:00:00",36,"Fall","Fall",0.96700001,"CVP"
"C260338CVP","2026-01-12 06:00:00",36,"Fall","Fall",0.98900002,"CVP"
"C260339CVP","2026-01-12 06:00:00",41,"Fall","Spring",0.88700002,"CVP"
"C260340CVP","2026-01-12 20:00:00",36,"Fall","Fall",0.96899998,"CVP"
"C260341CVP","2026-01-12 23:59:00",36,"Fall","Fall",0.55299997,"CVP"
"C260342CVP","2026-01-12 23:59:00",38,"Fall","Fall",0.514,"CVP"
"C260343CVP","2026-01-13 18:00:00",36,"Fall","Fall",0.41299999,"CVP"
"C260006SWP","2026-01-13 23:00:00",36,"Fall","Fall",0.83700001,"SWP"
"C260004SWP","2026-01-13 23:00:00",37,"Fall","Fall",0.77700001,"SWP"
"C260005SWP","2026-01-13 23:00:00",42,"Fall","Fall",0.875,"SWP"
"C260345CVP","2026-01-13 23:59:00",36,"Fall","Fall",0.86400002,"CVP"
"C260344CVP","2026-01-13 23:59:00",40,"Fall","Fall",0.412,"CVP"
"C260346CVP","2026-01-14 02:00:00",37,"Fall","Fall",0.79299998,"CVP"
"C260347CVP","2026-01-14 20:00:00",41,"Fall","Spring",0.55599999,"CVP"
"C260348CVP","2026-01-15 02:00:00",37,"Fall","Fall",0.66600001,"CVP"
"C260349CVP","2026-01-15 02:00:00",37,"Fall","Fall",0.55699998,"CVP"
"C260351CVP","2026-01-15 04:00:00",37,"Fall","Fall",0.77499998,"CVP"
"C260350CVP","2026-01-15 04:00:00",39,"Fall","Fall",0.94099998,"CVP"
"C260352CVP","2026-01-15 08:00:00",37,"Fall","Fall",0.93199998,"CVP"
"C260353CVP","2026-01-15 23:59:00",37,"Fall","Fall",0.94300002,"CVP"
"C260354CVP","2026-01-16 04:00:00",38,"Fall","Fall",0.98799998,"CVP"
"C260355CVP","2026-01-16 06:00:00",39,"Fall","Fall",0.99800003,"CVP"
"C260356CVP","2026-01-16 20:00:00",39,"Fall","Fall",0.92799997,"CVP"
"C260357CVP","2026-01-17 04:00:00",37,"Fall","Fall",0.55900002,"CVP"
"C260358CVP","2026-01-19 08:00:00",36,"Fall","Fall",0.625,"CVP"
"C260359CVP","2026-01-19 12:00:00",39,"Fall","Fall",0.79100001,"CVP"
"C260360CVP","2026-01-21 06:00:00",35,"Fall","Fall",0.57999998,"CVP"
"C260361CVP","2026-01-26 22:00:00",38,"Fall","Fall",0.42399999,"CVP"
"C260362CVP","2026-01-27 06:00:00",205,"LateFall","Spring",0.85000002,"CVP"
"C260007SWP","2026-01-27 08:00:00",186,"Winter","Spring",0.671,"SWP"
"C269000SWP","2026-01-27 08:00:00",193,"LateFall","Spring",0.99299997,"SWP"
"C269000SWP","2026-01-27 08:00:00",193,"LateFall","Spring",0.99299997,"SWP"
"C269000SWP","2026-01-27 08:00:00",193,"LateFall","Spring",0.99299997,"SWP"
"C269000SWP","2026-01-27 08:00:00",193,"LateFall","Spring",0.99299997,"SWP"
"C269000SWP","2026-01-27 08:00:00",193,"LateFall","Spring",0.99299997,"SWP"
"C269000SWP","2026-01-27 08:00:00",193,"LateFall","Spring",0.99299997,"SWP"
"C260364CVP","2026-01-28 06:00:00",48,"Fall","Fall",0.93300003,"CVP"
"C260363CVP","2026-01-28 06:00:00",169,"Winter","Spring",0.99900001,"CVP"
"C260365CVP","2026-01-29 02:00:00",193,"Winter","Spring",0.99400002,"CVP"
"C260366CVP","2026-01-29 23:59:00",46,"Fall","Fall",0.972,"CVP"
"C260367CVP","2026-01-31 02:00:00",144,"Winter","Fall",0.97299999,"CVP"
"C260368CVP","2026-01-31 06:00:00",190,"Winter","Spring",0.95099998,"CVP"
"C260008SWP","2026-01-31 21:00:00",126,"Winter","LateFall",1,"SWP"
"C260009SWP","2026-02-01 14:30:00",193,"Winter","Spring",0.99299997,"SWP"
"C260369CVP","2026-02-07 08:00:00",36,"Fall","Fall",0.94300002,"CVP"
"C260370CVP","2026-02-07 20:00:00",116,"Winter","Winter",1,"CVP"
"C260372CVP","2026-02-08 23:59:00",36,"Fall","Fall",0.69599998,"CVP"
"C260373CVP","2026-02-14 02:00:00",188,"Winter","Spring",0.54500002,"CVP"
"C260374CVP","2026-02-15 23:59:00",57,"Spring","Fall",0.55599999,"CVP"
"C260375CVP","2026-02-17 06:00:00",268,"LateFall","Spring",0.454,"CVP"
"C260376CVP","2026-02-18 06:00:00",38,"Fall","Fall",0.986,"CVP"
"C260010SWP","2026-02-19 07:00:00",56,"Spring","Fall",0.96700001,"SWP"
"C260011SWP","2026-02-19 07:30:00",231,"Winter","Spring",0.91100001,"SWP"
"C260377CVP","2026-02-19 14:00:00",38,"Fall","Fall",0.97500002,"CVP"
"C260380CVP","2026-02-20 04:00:00",35,"Fall","Fall",0.49399999,"CVP"
"C260378CVP","2026-02-20 04:00:00",36,"Fall","Fall",0.99699998,"CVP"
"C260382CVP","2026-02-20 04:00:00",38,"Fall","Fall",0.98299998,"CVP"
"C260381CVP","2026-02-20 04:00:00",40,"Fall","Fall",0.368,"CVP"
"C260379CVP","2026-02-20 04:00:00",40,"Fall","Fall",0.99800003,"CVP"
"C260384CVP","2026-02-20 06:00:00",36,"Fall","Fall",0.98500001,"CVP"
"C260386CVP","2026-02-20 06:00:00",36,"Fall","Fall",0.65100002,"CVP"
"C260385CVP","2026-02-20 06:00:00",38,"Fall","Fall",0.60299999,"CVP"
"C260383CVP","2026-02-20 06:00:00",183,"Winter","Spring",0.96700001,"CVP"
"C260387CVP","2026-02-20 08:00:00",36,"Fall","Fall",0.87199998,"CVP"
"C260388CVP","2026-02-20 12:00:00",36,"Fall","Fall",0.81699997,"CVP"
"C260389CVP","2026-02-20 12:00:00",37,"Fall","Fall",0.94,"CVP"
"C260390CVP","2026-02-20 16:00:00",42,"Fall","Fall",0.405,"CVP"
"C260392CVP","2026-02-20 18:00:00",36,"Fall","Fall",0.88300002,"CVP"
"C260391CVP","2026-02-20 18:00:00",36,"Fall","Fall",0.88,"CVP"
"C260393CVP","2026-02-20 18:00:00",37,"Fall","Fall",0.98500001,"CVP"
"C260394CVP","2026-02-20 18:00:00",42,"Fall","Fall",0.73799998,"CVP"
"C260397CVP","2026-02-20 23:59:00",35,"Fall","Fall",1,"CVP"
"C260400CVP","2026-02-20 23:59:00",35,"Fall","Fall",0.85500002,"CVP"
"C260401CVP","2026-02-20 23:59:00",36,"Fall","Fall",0.838,"CVP"
"C260399CVP","2026-02-20 23:59:00",37,"Fall","Fall",0.80400002,"CVP"
"C260398CVP","2026-02-20 23:59:00",38,"Fall","Fall",0.66100001,"CVP"
"C260396CVP","2026-02-20 23:59:00",38,"Fall","Fall",0.51700002,"CVP"
"C260395CVP","2026-02-20 23:59:00",39,"Fall","Fall",0.91000003,"CVP"
"C260405CVP","2026-02-21 02:00:00",36,"Fall","Fall",0.96600002,"CVP"
"C260407CVP","2026-02-21 02:00:00",37,"Fall","Fall",0.89499998,"CVP"
"C260403CVP","2026-02-21 02:00:00",38,"Fall","Fall",0.57200003,"CVP"
"C260402CVP","2026-02-21 02:00:00",38,"Fall","Fall",0.84600002,"CVP"
"C260404CVP","2026-02-21 02:00:00",38,"Fall","Fall",0.90600002,"CVP"
"C260406CVP","2026-02-21 02:00:00",41,"Fall","Fall",0.97600001,"CVP"
"C260410CVP","2026-02-21 04:00:00",35,"Fall","LateFall",0.76999998,"CVP"
"C260412CVP","2026-02-21 04:00:00",35,"Fall","Fall",0.602,"CVP"
"C260411CVP","2026-02-21 04:00:00",37,"Fall","LateFall",0.99900001,"CVP"
"C260409CVP","2026-02-21 04:00:00",38,"Fall","Fall",0.991,"CVP"
"C260408CVP","2026-02-21 04:00:00",39,"Fall","Fall",0.91299999,"CVP"
"C260424CVP","2026-02-21 06:00:00",35,"Fall","Fall",0.53600001,"CVP"
"C260422CVP","2026-02-21 06:00:00",36,"Fall","Fall",0.81099999,"CVP"
"C260423CVP","2026-02-21 06:00:00",36,"Fall","Fall",0.96700001,"CVP"
"C260425CVP","2026-02-21 06:00:00",36,"Fall","Fall",0.58099997,"CVP"
"C260426CVP","2026-02-21 06:00:00",36,"Fall","Fall",0.41,"CVP"
"C260421CVP","2026-02-21 06:00:00",36,"Fall","Fall",0.59899998,"CVP"
"C260416CVP","2026-02-21 06:00:00",37,"Fall","Fall",0.99400002,"CVP"
"C260429CVP","2026-02-21 06:00:00",37,"Fall","Fall",0.89899999,"CVP"
"C260427CVP","2026-02-21 06:00:00",37,"Fall","Fall",0.565,"CVP"
"C260420CVP","2026-02-21 06:00:00",37,"Fall","Fall",0.99599999,"CVP"
"C260419CVP","2026-02-21 06:00:00",37,"Fall","Fall",0.64099997,"CVP"
"C260430CVP","2026-02-21 06:00:00",37,"Fall","Fall",0.602,"CVP"
"C260415CVP","2026-02-21 06:00:00",37,"Fall","Fall",0.56,"CVP"
"C260414CVP","2026-02-21 06:00:00",38,"Fall","Fall",0.50999999,"CVP"
"C260417CVP","2026-02-21 06:00:00",38,"Fall","LateFall",0.76599997,"CVP"
"C260418CVP","2026-02-21 06:00:00",38,"Fall","Fall",0.72799999,"CVP"
"C260428CVP","2026-02-21 06:00:00",38,"Fall","Fall",0.75199997,"CVP"
"C260413CVP","2026-02-21 06:00:00",48,"Fall","Fall",0.63499999,"CVP"
"C260431CVP","2026-02-21 08:00:00",36,"Fall","Fall",0.89099997,"CVP"
"C260432CVP","2026-02-21 16:00:00",121,"Winter","Winter",1,"CVP"
"C260436CVP","2026-02-21 18:00:00",36,"Fall","Fall",0.82999998,"CVP"
"C260434CVP","2026-02-21 18:00:00",37,"Fall","Fall",0.458,"CVP"
"C260435CVP","2026-02-21 18:00:00",39,"Fall","Fall",0.85900003,"CVP"
"C260433CVP","2026-02-21 18:00:00",39,"Fall","Fall",0.61500001,"CVP"
"C260437CVP","2026-02-21 20:00:00",37,"Fall","Fall",0.95499998,"CVP"
"C260439CVP","2026-02-21 23:59:00",36,"Fall","Fall",0.338,"CVP"
"C260438CVP","2026-02-21 23:59:00",37,"Fall","Fall",0.51800001,"CVP"
"C260443CVP","2026-02-22 02:00:00",32,"Fall","Fall",0.64700001,"CVP"
"C260442CVP","2026-02-22 02:00:00",36,"Fall","Fall",0.99699998,"CVP"
"C260444CVP","2026-02-22 02:00:00",37,"Fall","LateFall",0.97399998,"CVP"
"C260446CVP","2026-02-22 02:00:00",37,"Fall","Fall",0.58899999,"CVP"
"C260445CVP","2026-02-22 02:00:00",37,"Fall","Fall",0.44100001,"CVP"
"C260441CVP","2026-02-22 02:00:00",38,"Fall","Fall",0.833,"CVP"
"C260440CVP","2026-02-22 02:00:00",40,"Fall","Fall",0.48800001,"CVP"
"C260449CVP","2026-02-22 04:00:00",36,"Fall","Fall",0.67299998,"CVP"
"C260448CVP","2026-02-22 04:00:00",36,"Fall","Fall",0.77499998,"CVP"
"C260447CVP","2026-02-22 04:00:00",39,"Fall","Fall",0.84799999,"CVP"
"C260450CVP","2026-02-22 04:00:00",82,"Spring","Spring",0.67799997,"CVP"
"C260455CVP","2026-02-22 06:00:00",34,"Fall","Fall",0.921,"CVP"
"C260454CVP","2026-02-22 06:00:00",35,"Fall","Fall",0.72500002,"CVP"
"C260451CVP","2026-02-22 06:00:00",36,"Fall","Fall",0.51499999,"CVP"
"C260452CVP","2026-02-22 06:00:00",38,"Fall","Fall",0.97000003,"CVP"
"C260453CVP","2026-02-22 06:00:00",39,"Fall","Fall",0.47600001,"CVP"
"C260459CVP","2026-02-22 08:00:00",36,"Fall","Fall",0.82499999,"CVP"
"C260460CVP","2026-02-22 08:00:00",36,"Fall","Fall",0.82800001,"CVP"
"C260458CVP","2026-02-22 08:00:00",37,"Fall","Fall",0.414,"CVP"
"C260457CVP","2026-02-22 08:00:00",52,"Fall","Spring",0.98900002,"CVP"
"C260456CVP","2026-02-22 08:00:00",80,"Spring","Spring",0.81999999,"CVP"
"C260461CVP","2026-02-22 10:00:00",108,"Winter","Winter",1,"CVP"
"C260462CVP","2026-02-22 14:00:00",38,"Fall","Fall",0.87900001,"CVP"
"C260464CVP","2026-02-22 16:00:00",37,"Fall","Fall",0.51099998,"CVP"
"C260463CVP","2026-02-22 16:00:00",37,"Fall","Fall",0.91299999,"CVP"
"C260467CVP","2026-02-22 18:00:00",33,"Fall","Fall",0.74800003,"CVP"
"C260466CVP","2026-02-22 18:00:00",36,"Fall","Fall",0.653,"CVP"
"C260469CVP","2026-02-22 18:00:00",37,"Fall","Fall",0.94700003,"CVP"
"C260470CVP","2026-02-22 18:00:00",38,"Fall","Fall",0.98400003,"CVP"
"C260465CVP","2026-02-22 18:00:00",38,"Fall","Fall",0.53299999,"CVP"
"C260468CVP","2026-02-22 18:00:00",39,"Fall","Fall",0.76800001,"CVP"
"C260474CVP","2026-02-22 20:00:00",38,"Fall","Fall",0.56800002,"CVP"
"C260472CVP","2026-02-22 20:00:00",43,"Fall","Fall",0.87800002,"CVP"
"C260473CVP","2026-02-22 20:00:00",53,"Fall","Fall",0.52200001,"CVP"
"C260471CVP","2026-02-22 20:00:00",81,"Spring","Spring",0.83099997,"CVP"
"C260480CVP","2026-02-22 22:00:00",36,"Fall","Fall",0.55500001,"CVP"
"C260479CVP","2026-02-22 22:00:00",37,"Fall","Fall",0.79100001,"CVP"
"C260483CVP","2026-02-22 22:00:00",37,"Fall","Fall",0.90200001,"CVP"
"C260481CVP","2026-02-22 22:00:00",38,"Fall","Fall",0.62199998,"CVP"
"C260477CVP","2026-02-22 22:00:00",39,"Fall","Fall",0.59100002,"CVP"
"C260478CVP","2026-02-22 22:00:00",41,"Fall","Fall",0.85799998,"CVP"
"C260475CVP","2026-02-22 22:00:00",49,"Fall","Fall",0.405,"CVP"
"C260476CVP","2026-02-22 22:00:00",51,"Fall","Fall",0.79900002,"CVP"
"C260482CVP","2026-02-22 22:00:00",203,"Winter","Spring",0.76099998,"CVP"
"C260484CVP","2026-02-22 23:59:00",34,"Fall","Fall",0.546,"CVP"
"C260485CVP","2026-02-22 23:59:00",38,"Fall","Fall",0.84100002,"CVP"
"C260486CVP","2026-02-23 02:00:00",37,"Fall","Fall",0.97899997,"CVP"
"C260497CVP","2026-02-23 02:00:00",37,"Fall","Fall",0.91600001,"CVP"
"C260498CVP","2026-02-23 02:00:00",48,"Fall","Fall",0.67199999,"CVP"
"C260499CVP","2026-02-23 04:00:00",36,"Fall","Fall",0.995,"CVP"
"C260500CVP","2026-02-23 06:00:00",34,"Fall","LateFall",0.97100002,"CVP"
"C260501CVP","2026-02-23 06:00:00",38,"Fall","Fall",0.99800003,"CVP"
"C260502CVP","2026-02-23 06:00:00",215,"Winter","Spring",0.778,"CVP"
"C260503CVP","2026-02-23 08:00:00",35,"Fall","Fall",0.91500002,"CVP"
"C260505CVP","2026-02-23 08:00:00",36,"Fall","LateFall",0.99400002,"CVP"
"C260504CVP","2026-02-23 08:00:00",36,"Fall","Fall",0.89200002,"CVP"
"C260508CVP","2026-02-23 16:00:00",37,"Fall","Fall",0.384,"CVP"
"C260509CVP","2026-02-23 16:00:00",38,"Fall","Fall",0.85399997,"CVP"
"C260507CVP","2026-02-23 16:00:00",40,"Fall","Fall",0.954,"CVP"
"C260506CVP","2026-02-23 16:00:00",58,"Spring","Fall",0.92500001,"CVP"
"C260513CVP","2026-02-23 18:00:00",35,"Fall","Fall",0.68699998,"CVP"
"C260511CVP","2026-02-23 18:00:00",38,"Fall","Fall",0.653,"CVP"
"C260512CVP","2026-02-23 18:00:00",38,"Fall","Fall",0.87699997,"CVP"
"C260510CVP","2026-02-23 18:00:00",43,"Fall","Fall",0.92400002,"CVP"
"C260517CVP","2026-02-23 20:00:00",35,"Fall","Fall",0.76200002,"CVP"
"C260515CVP","2026-02-23 20:00:00",37,"Fall","Fall",0.708,"CVP"
"C260514CVP","2026-02-23 20:00:00",39,"Fall","Fall",0.648,"CVP"
"C260516CVP","2026-02-23 20:00:00",40,"Fall","Fall",0.70999998,"CVP"
"C260518CVP","2026-02-23 22:00:00",36,"Fall","Fall",0.71100003,"CVP"
"C260519CVP","2026-02-23 22:00:00",42,"Fall","Fall",0.699,"CVP"
"C260520CVP","2026-02-23 23:59:00",36,"Fall","Fall",0.69800001,"CVP"
"C260521CVP","2026-02-23 23:59:00",40,"Fall","Fall",0.85500002,"CVP"
"C260522CVP","2026-02-23 23:59:00",146,"Winter","Fall",0.523,"CVP"
"C260525CVP","2026-02-24 02:00:00",37,"Fall","Fall",0.66000003,"CVP"
"C260524CVP","2026-02-24 02:00:00",37,"Fall","Fall",0.35600001,"CVP"
"C260527CVP","2026-02-24 02:00:00",38,"Fall","Fall",0.412,"CVP"
"C260526CVP","2026-02-24 02:00:00",38,"Fall","Fall",0.91000003,"CVP"
"C260523CVP","2026-02-24 02:00:00",111,"Winter","Winter",1,"CVP"
"C260528CVP","2026-02-24 04:00:00",33,"Fall","Fall",0.366,"CVP"
"C260529CVP","2026-02-24 04:00:00",36,"Fall","Fall",0.52200001,"CVP"
"C260531CVP","2026-02-24 04:00:00",38,"Fall","Fall",0.59299999,"CVP"
"C260530CVP","2026-02-24 04:00:00",39,"Fall","Fall",0.53799999,"CVP"
"C260532CVP","2026-02-24 04:00:00",39,"Fall","Fall",0.56199998,"CVP"
"C260533CVP","2026-02-24 04:00:00",44,"Fall","Fall",0.82800001,"CVP"
"C260534CVP","2026-02-24 04:00:00",45,"Fall","Fall",0.98400003,"CVP"
"C260535CVP","2026-02-24 04:00:00",54,"Fall","Fall",0.84500003,"CVP"
"C260538CVP","2026-02-24 06:00:00",37,"Fall","Fall",0.61299998,"CVP"
"C260537CVP","2026-02-24 06:00:00",38,"Fall","Fall",0.98299998,"CVP"
"C260536CVP","2026-02-24 06:00:00",38,"Fall","Fall",0.81699997,"CVP"
"C260539CVP","2026-02-24 06:00:00",42,"Fall","Fall",0.94800001,"CVP"
"C260540CVP","2026-02-24 06:00:00",54,"Fall","Fall",0.745,"CVP"
"C260548CVP","2026-02-24 08:00:00",35,"Fall","LateFall",0.70899999,"CVP"
"C260541CVP","2026-02-24 08:00:00",36,"Fall","Fall",0.52999997,"CVP"
"C260544CVP","2026-02-24 08:00:00",37,"Fall","Fall",0.76899999,"CVP"
"C260542CVP","2026-02-24 08:00:00",37,"Fall","Fall",0.69999999,"CVP"
"C260545CVP","2026-02-24 08:00:00",37,"Fall","Fall",0.98500001,"CVP"
"C260546CVP","2026-02-24 08:00:00",38,"Fall","Fall",0.44400001,"CVP"
"C260543CVP","2026-02-24 08:00:00",38,"Fall","Fall",0.49700001,"CVP"
"C260547CVP","2026-02-24 08:00:00",39,"Fall","Fall",0.46599999,"CVP"
"C260549CVP","2026-02-24 16:00:00",36,"Fall","Fall",0.94499999,"CVP"
"C260550CVP","2026-02-24 20:00:00",36,"Fall","Fall",0.528,"CVP"
"C260551CVP","2026-02-24 23:59:00",37,"Fall","Fall",0.465,"CVP"
"C260552CVP","2026-02-24 23:59:00",40,"Fall","Fall",0.447,"CVP"
"C260553CVP","2026-02-24 23:59:00",54,"Fall","Fall",0.71200001,"CVP"
"C260554CVP","2026-02-25 02:00:00",37,"Fall","Fall",0.73199999,"CVP"
"C260555CVP","2026-02-25 02:00:00",43,"Fall","Fall",0.69800001,"CVP"
"C260556CVP","2026-02-25 04:00:00",38,"Fall","Fall",0.80000001,"CVP"
"C260557CVP","2026-02-25 06:00:00",37,"Fall","Fall",0.82800001,"CVP"
"C260561CVP","2026-02-25 06:00:00",37,"Fall","Fall",0.47799999,"CVP"
"C260559CVP","2026-02-25 06:00:00",37,"Fall","Fall",0.991,"CVP"
"C260560CVP","2026-02-25 06:00:00",38,"Fall","Fall",0.62599999,"CVP"
"C260558CVP","2026-02-25 06:00:00",38,"Fall","Fall",0.373,"CVP"
"C260563CVP","2026-02-25 06:00:00",41,"Fall","Fall",0.88,"CVP"
"C260562CVP","2026-02-25 06:00:00",44,"Fall","Fall",0.921,"CVP"
"C260565CVP","2026-02-25 08:00:00",37,"Fall","Fall",0.59500003,"CVP"
"C260564CVP","2026-02-25 08:00:00",38,"Fall","Fall",0.89999998,"CVP"
"C260566CVP","2026-02-25 08:00:00",38,"Fall","Fall",0.90600002,"CVP"
"C260567CVP","2026-02-25 08:00:00",38,"Fall","Fall",0.986,"CVP"
"C260568CVP","2026-02-25 10:00:00",37,"Fall","Fall",0.405,"CVP"
"C260569CVP","2026-02-25 10:00:00",38,"Fall","Fall",0.89300001,"CVP"
"C260570CVP","2026-02-25 10:00:00",52,"Fall","Fall",0.98299998,"CVP"
"C260571CVP","2026-02-25 14:00:00",39,"Fall","Fall",0.87300003,"CVP"
"C260572CVP","2026-02-25 16:00:00",41,"Fall","Fall",0.537,"CVP"
"C260573CVP","2026-02-25 18:00:00",41,"Fall","Fall",0.71799999,"CVP"
"C260577CVP","2026-02-25 20:00:00",38,"Fall","Fall",0.50999999,"CVP"
"C260575CVP","2026-02-25 20:00:00",39,"Fall","Fall",0.94599998,"CVP"
"C260576CVP","2026-02-25 20:00:00",40,"Fall","Fall",0.491,"CVP"
"C260574CVP","2026-02-25 20:00:00",59,"Spring","Fall",0.51800001,"CVP"
"C260578CVP","2026-02-25 22:00:00",40,"Fall","LateFall",0.66399997,"CVP"
"C260579CVP","2026-02-25 23:59:00",38,"Fall","Fall",0.99900001,"CVP"
"C260580CVP","2026-02-25 23:59:00",39,"Fall","Fall",0.89399999,"CVP"
"C260581CVP","2026-02-25 23:59:00",39,"Fall","Fall",0.70499998,"CVP"
"C260582CVP","2026-02-25 23:59:00",41,"Fall","Fall",0.85500002,"CVP"
"C260583CVP","2026-02-25 23:59:00",51,"Fall","Fall",0.414,"CVP"
"C260584CVP","2026-02-26 02:00:00",36,"Fall","Fall",0.94199997,"CVP"
"C260585CVP","2026-02-26 02:00:00",37,"Fall","Fall",0.54299998,"CVP"
"C260587CVP","2026-02-26 02:00:00",40,"Fall","Fall",0.53500003,"CVP"
"C260586CVP","2026-02-26 02:00:00",40,"Fall","Fall",0.88999999,"CVP"
"C260588CVP","2026-02-26 04:00:00",37,"Fall","Fall",0.72899997,"CVP"
"C260589CVP","2026-02-26 04:00:00",38,"Fall","Fall",0.65799999,"CVP"
"C260590CVP","2026-02-26 04:00:00",39,"Fall","Fall",0.62800002,"CVP"
"C260561CVP","2026-02-26 06:00:00",37,"Fall","Fall",0.47799999,"CVP"
"C260593CVP","2026-02-26 06:00:00",37,"Fall","Fall",0.875,"CVP"
"C260594CVP","2026-02-26 06:00:00",37,"Fall","Fall",0.92699999,"CVP"
"C260592CVP","2026-02-26 06:00:00",38,"Fall","Fall",0.72899997,"CVP"
"C260597CVP","2026-02-26 08:00:00",37,"Fall","Fall",0.55000001,"CVP"
"C260598CVP","2026-02-26 08:00:00",38,"Fall","Fall",0.94999999,"CVP"
"C260601CVP","2026-02-26 08:00:00",38,"Fall","Fall",0.66900003,"CVP"
"C260600CVP","2026-02-26 08:00:00",39,"Fall","Fall",0.91299999,"CVP"
"C260596CVP","2026-02-26 08:00:00",39,"Fall","Fall",0.54299998,"CVP"
"C260599CVP","2026-02-26 08:00:00",42,"Fall","Fall",0.991,"CVP"
"C260595CVP","2026-02-26 08:00:00",93,"Winter","Spring",0.95999998,"CVP"
"C260602CVP","2026-02-26 10:00:00",58,"Fall","Fall",0.73799998,"CVP"
"C260603CVP","2026-02-26 10:00:00",70,"Spring","Fall",0.96200001,"CVP"
"C260604CVP","2026-02-26 20:00:00",36,"Fall","Fall",0.78399998,"CVP"
"C260605CVP","2026-02-26 20:00:00",40,"Fall","Fall",0.99800003,"CVP"
"C260606CVP","2026-02-26 22:00:00",39,"Fall","Fall",0.801,"CVP"
"C260607CVP","2026-02-26 22:00:00",39,"Fall","Fall",0.99699998,"CVP"
"C260609CVP","2026-02-26 23:59:00",37,"Fall","Fall",0.97600001,"CVP"
"C260612CVP","2026-02-26 23:59:00",39,"Fall","Fall",0.78899997,"CVP"
"C260610CVP","2026-02-26 23:59:00",42,"Fall","Fall",0.99800003,"CVP"
"C260611CVP","2026-02-26 23:59:00",43,"Fall","Fall",0.43099999,"CVP"
"C260608CVP","2026-02-26 23:59:00",43,"Fall","Fall",0.68599999,"CVP"
"C260617CVP","2026-02-27 02:00:00",36,"Fall","Fall",0.54400003,"CVP"
"C260616CVP","2026-02-27 02:00:00",38,"Fall","Fall",0.86699998,"CVP"
"C260614CVP","2026-02-27 02:00:00",40,"Fall","Fall",0.88499999,"CVP"
"C260618CVP","2026-02-27 02:00:00",40,"Fall","Fall",0.93900001,"CVP"
"C260615CVP","2026-02-27 02:00:00",56,"Fall","Fall",0.95599997,"CVP"
"C260613CVP","2026-02-27 02:00:00",84,"Spring","Fall",0.77499998,"CVP"
"C260621CVP","2026-02-27 04:00:00",36,"Fall","Fall",0.49599999,"CVP"
"C260619CVP","2026-02-27 04:00:00",36,"Fall","Fall",0.61799997,"CVP"
"C260620CVP","2026-02-27 04:00:00",43,"Fall","Fall",0.68199998,"CVP"
"C260622CVP","2026-02-27 06:00:00",39,"Fall","Fall",0.50999999,"CVP"
"C260623CVP","2026-02-27 06:00:00",39,"Fall","Fall",0.61900002,"CVP"
"C260624CVP","2026-02-27 06:00:00",50,"Fall","Fall",0.65200001,"CVP"
"C260627CVP","2026-02-27 08:00:00",39,"Fall","Fall",0.72600001,"CVP"
"C260626CVP","2026-02-27 08:00:00",40,"Fall","Fall",0.77499998,"CVP"
"C260625CVP","2026-02-27 08:00:00",93,"Winter","Spring",0.852,"CVP"
"C260628CVP","2026-02-27 10:00:00",37,"Fall","Fall",0.94,"CVP"
"C260630CVP","2026-02-27 23:59:00",35,"Fall","Fall",0.667,"CVP"
"C260629CVP","2026-02-27 23:59:00",39,"Fall","Fall",0.375,"CVP"
"C260632CVP","2026-02-28 02:00:00",40,"Fall","Fall",1,"CVP"
"C260631CVP","2026-02-28 02:00:00",51,"Fall","Fall",0.95300001,"CVP"
"C260631CVP","2026-02-28 06:00:00",54,"Fall","Fall",0.447,"CVP"
"C260634CVP","2026-02-28 14:00:00",109,"Winter","Spring",1,"CVP"
"C260635CVP","2026-02-28 23:59:00",42,"Fall","Fall",0.84799999,"CVP"
"C260636CVP","2026-03-01 02:00:00",41,"Fall","LateFall",0.47499999,"CVP"
"C260638CVP","2026-03-01 04:00:00",39,"Fall","Fall",0.95300001,"CVP"
"C260637CVP","2026-03-01 04:00:00",42,"Fall","Fall",0.76599997,"CVP"
"C260639CVP","2026-03-01 04:00:00",47,"Fall","Fall",0.52499998,"CVP"
"C260640CVP","2026-03-01 06:00:00",37,"Fall","Fall",0.55500001,"CVP"
"C260641CVP","2026-03-01 06:00:00",38,"Fall","Fall",0.67299998,"CVP"
"C260642CVP","2026-03-01 08:00:00",64,"Spring","Fall",1,"CVP"
"C260643CVP","2026-03-01 12:00:00",38,"Fall","Fall",0.49200001,"CVP"
"C260644CVP","2026-03-01 14:00:00",52,"Fall","Fall",0.99000001,"CVP"
"C260646CVP","2026-03-02 06:00:00",38,"Fall","Fall",0.64499998,"CVP"
"C260647CVP","2026-03-02 06:00:00",42,"Fall","LateFall",0.85299999,"CVP"
"C260012SWP","2026-03-02 09:00:00",117,"Winter","Winter",1,"SWP"
"C260648CVP","2026-03-02 12:00:00",55,"Fall","Spring",0.68300003,"CVP"
"C260649CVP","2026-03-02 16:00:00",104,"Winter","Winter",1,"CVP"
"C260650CVP","2026-03-03 02:00:00",55,"Fall","Fall",0.80400002,"CVP"
"C260651CVP","2026-03-03 04:00:00",82,"Spring","Spring",0.963,"CVP"
"C260652CVP","2026-03-03 06:00:00",35,"Fall","Fall",1,"CVP"
"C260653CVP","2026-03-03 06:00:00",42,"Fall","Fall",0.98699999,"CVP"
"C260013SWP","2026-03-03 07:30:00",91,"Spring","Spring",0.95200002,"SWP"
"C260654CVP","2026-03-03 20:00:00",63,"Spring","Fall",0.51700002,"CVP"
"C260655CVP","2026-03-03 23:59:00",72,"Spring","Fall",0.85900003,"CVP"
"C260656CVP","2026-03-04 04:00:00",44,"Fall","Fall",0.801,"CVP"
"C260657CVP","2026-03-04 06:00:00",45,"Fall","Fall",0.63,"CVP"
"C260658CVP","2026-03-04 06:00:00",81,"Spring","Fall",0.79900002,"CVP"
"C260659CVP","2026-03-05 04:00:00",56,"Fall","Spring",0.71799999,"CVP"
"C260660CVP","2026-03-05 06:00:00",100,"Winter","Spring",0.91600001,"CVP"
"C260661CVP","2026-03-05 20:00:00",67,"Spring","Fall",0.59799999,"CVP"
"C260662CVP","2026-03-05 22:00:00",40,"Fall","Fall",0.70499998,"CVP"
"C260663CVP","2026-03-06 20:00:00",63,"Spring","Fall",0.73299998,"CVP"
"C260664CVP","2026-03-06 20:00:00",85,"Spring","Fall",0.759,"CVP"
"C260665CVP","2026-03-07 06:00:00",85,"Spring","Fall",0.77499998,"CVP"
"C260667CVP","2026-03-07 08:00:00",67,"Spring","Fall",0.64200002,"CVP"
"C260666CVP","2026-03-07 08:00:00",74,"Spring","Fall",0.59100002,"CVP"
"C260668CVP","2026-03-07 20:00:00",78,"Spring","Spring",1,"CVP"
"C260669CVP","2026-03-07 22:00:00",75,"Spring","Fall",0.40099999,"CVP"
"C260670CVP","2026-03-07 23:59:00",57,"Fall","Fall",0.99699998,"CVP"
"C260671CVP","2026-03-08 10:00:00",78,"Spring","Fall",0.92799997,"CVP"
"C260672CVP","2026-03-08 18:00:00",103,"Winter","Spring",0.81699997,"CVP"
"C260673CVP","2026-03-08 20:00:00",65,"Spring","Fall",0.99800003,"CVP"
"C260674CVP","2026-03-08 20:00:00",85,"Spring","Fall",0.954,"CVP"
"C260675CVP","2026-03-08 22:00:00",66,"Spring","Fall",0.60600001,"CVP"
"C260676CVP","2026-03-08 22:00:00",71,"Spring","Fall",0.509,"CVP"
"C260678CVP","2026-03-08 23:59:00",59,"Fall","Fall",0.67900002,"CVP"
"C260677CVP","2026-03-08 23:59:00",60,"Fall","Fall",0.90399998,"CVP"
"C260680CVP","2026-03-09 02:00:00",75,"Spring","Fall",0.94800001,"CVP"
"C260679CVP","2026-03-09 02:00:00",88,"Spring","Spring",0.583,"CVP"
"C260681CVP","2026-03-09 06:00:00",98,"Spring","Winter",1,"CVP"
"C260682CVP","2026-03-09 10:00:00",94,"Spring","Spring",0.80500001,"CVP"
"C260683CVP","2026-03-09 20:00:00",63,"Spring","Fall",0.574,"CVP"
"C260685CVP","2026-03-09 22:00:00",67,"Spring","Fall",0.98799998,"CVP"
"C260684CVP","2026-03-09 22:00:00",87,"Spring","Spring",0.50400001,"CVP"
"C260686CVP","2026-03-09 22:00:00",89,"Spring","Spring",0.93699998,"CVP"
"C260687CVP","2026-03-09 23:59:00",43,"Fall","Fall",0.71399999,"CVP"
"C260689CVP","2026-03-09 23:59:00",97,"Spring","Winter",1,"CVP"
"C260688CVP","2026-03-09 23:59:00",102,"Winter","Spring",0.55400002,"CVP"
"C260690CVP","2026-03-10 02:00:00",66,"Spring","Fall",0.81999999,"CVP"
"C260691CVP","2026-03-10 02:00:00",89,"Spring","Spring",0.99599999,"CVP"
"C260692CVP","2026-03-10 04:00:00",49,"Fall","Fall",0.75300002,"CVP"
"C260693CVP","2026-03-10 04:00:00",112,"Winter","Winter",1,"CVP"
"C260694CVP","2026-03-10 08:00:00",80,"Spring","Fall",0.76599997,"CVP"
"C260695CVP","2026-03-10 08:00:00",94,"Spring","Spring",0.55199999,"CVP"
"C260696CVP","2026-03-10 14:00:00",84,"Spring","Fall",0.491,"CVP"
"C260697CVP","2026-03-10 20:00:00",80,"Spring","Fall",0.93400002,"CVP"
"C260698CVP","2026-03-10 22:00:00",88,"Spring","Fall",0.70300001,"CVP"
"C260699CVP","2026-03-10 23:59:00",61,"Fall","Fall",0.37099999,"CVP"
"C260700CVP","2026-03-10 23:59:00",71,"Spring","Spring",0.73799998,"CVP"
"C260701CVP","2026-03-10 23:59:00",74,"Spring","Fall",0.90399998,"CVP"
"C260702CVP","2026-03-11 02:00:00",71,"Spring","Fall",0.84200001,"CVP"
"C260703CVP","2026-03-11 04:00:00",51,"Fall","Fall",0.995,"CVP"
"C260705CVP","2026-03-11 06:00:00",70,"Spring","Fall",0.83099997,"CVP"
"C260704CVP","2026-03-11 06:00:00",86,"Spring","Fall",0.53500003,"CVP"
"C260706CVP","2026-03-11 18:00:00",32,"Fall","Fall",0.56,"CVP"
"C260708CVP","2026-03-11 23:59:00",36,"Fall","LateFall",0.76700002,"CVP"
"C260710CVP","2026-03-11 23:59:00",47,"Fall","Fall",0.852,"CVP"
"C260709CVP","2026-03-11 23:59:00",82,"Spring","Fall",0.98199999,"CVP"
"C260707CVP","2026-03-11 23:59:00",90,"Spring","Spring",0.708,"CVP"
"C260711CVP","2026-03-12 02:00:00",80,"Spring","Fall",0.68699998,"CVP"
"C260712CVP","2026-03-12 04:00:00",50,"Fall","Fall",0.99599999,"CVP"
"C260716CVP","2026-03-12 04:00:00",62,"Fall","Fall",0.49599999,"CVP"
"C260715CVP","2026-03-12 04:00:00",63,"Fall","Fall",0.99800003,"CVP"
"C260713CVP","2026-03-12 04:00:00",67,"Spring","Fall",0.44800001,"CVP"
"C260714CVP","2026-03-12 04:00:00",68,"Spring","Fall",0.699,"CVP"
"C260717CVP","2026-03-12 06:00:00",59,"Fall","Spring",0.99699998,"CVP"
"C260718CVP","2026-03-12 08:00:00",85,"Spring","Fall",0.74599999,"CVP"
"C260014SWP","2026-03-12 08:15:00",94,"Spring","Winter",1,"SWP"
"C260247SWP","2026-03-12 11:00:00",83,"Spring","Fall",0.91100001,"SWP"
"C260719CVP","2026-03-12 14:00:00",83,"Spring","Fall",0.98500001,"CVP"
"C260720CVP","2026-03-12 16:00:00",65,"Spring","Spring",0.986,"CVP"
"C260721CVP","2026-03-12 20:00:00",54,"Fall","Fall",0.89600003,"CVP"
"C260722CVP","2026-03-12 20:00:00",83,"Spring","Fall",0.986,"CVP"
"C260723CVP","2026-03-12 20:00:00",84,"Spring","Fall",0.98000002,"CVP"
"C260724CVP","2026-03-13 02:00:00",47,"Fall","Fall",0.99000001,"CVP"
"C260725CVP","2026-03-13 08:00:00",77,"Spring","Fall",0.76099998,"CVP"
"C260726CVP","2026-03-13 12:00:00",60,"Fall","Fall",0.73299998,"CVP"
"C260727CVP","2026-03-14 02:00:00",52,"Fall","Fall",0.65100002,"CVP"
"C260728CVP","2026-03-14 04:00:00",76,"Spring","Fall",0.61500001,"CVP"
"C260017SWP","2026-03-14 15:00:00",73,"Spring","Fall",0.71600002,"SWP"
"C260015SWP","2026-03-14 15:00:00",79,"Spring","Fall",0.99599999,"SWP"
"C260016SWP","2026-03-14 15:00:00",79,"Spring","Fall",0.85900003,"SWP"
"C260729CVP","2026-03-14 23:59:00",80,"Spring","Fall",0.958,"CVP"
"C260730CVP","2026-03-15 04:00:00",76,"Spring","Fall",0.99800003,"CVP"
"C260731CVP","2026-03-15 04:00:00",84,"Spring","Fall",0.991,"CVP"
"C260018SWP","2026-03-15 09:00:00",160,"Winter","Fall",0.99599999,"SWP"
"C260732CVP","2026-03-15 12:00:00",75,"Spring","Fall",0.69099998,"CVP"
"C260733CVP","2026-03-15 20:00:00",74,"Spring","Fall",0.59299999,"CVP"
"C260734CVP","2026-03-16 02:00:00",90,"Spring","Fall",0.847,"CVP"
"C260735CVP","2026-03-16 04:00:00",82,"Spring","Spring",0.98699999,"CVP"
"C260737CVP","2026-03-16 10:00:00",39,"Fall","LateFall",0.87400001,"CVP"
"C260736CVP","2026-03-16 10:00:00",78,"Spring","Fall",0.71899998,"CVP"
"C260738CVP","2026-03-17 04:00:00",80,"Spring","Fall",0.58600003,"CVP"
"C260739CVP","2026-03-17 04:00:00",82,"Spring","Fall",0.43099999,"CVP"
"C260740CVP","2026-03-17 22:00:00",84,"Spring","Spring",0.96799999,"CVP"
"C260742CVP","2026-03-18 04:00:00",85,"Spring","Fall",0.903,"CVP"
"C260741CVP","2026-03-18 04:00:00",94,"Spring","Fall",0.67799997,"CVP"
"C260743CVP","2026-03-18 06:00:00",82,"Spring","Fall",0.95300001,"CVP"
"C260744CVP","2026-03-18 06:00:00",86,"Spring","Spring",0.98900002,"CVP"
"C260019SWP","2026-03-18 12:00:00",94,"Spring","Fall",0.94800001,"SWP"
"C260745CVP","2026-03-18 16:00:00",93,"Spring","Spring",0.95599997,"CVP"
"C260747CVP","2026-03-20 02:00:00",43,"Fall","Fall",0.40599999,"CVP"
"C260748CVP","2026-03-20 02:00:00",56,"Fall","Fall",0.72100002,"CVP"
"C260746CVP","2026-03-20 02:00:00",99,"Spring","Spring",0.417,"CVP"
"C260749CVP","2026-03-20 04:00:00",85,"Spring","Fall",0.69199997,"CVP"
"C260750CVP","2026-03-20 04:00:00",91,"Spring","Spring",0.99800003,"CVP"
"C260751CVP","2026-03-20 16:00:00",120,"Winter","Winter",1,"CVP"
"C260752CVP","2026-03-20 18:00:00",116,"Winter","Spring",0.98799998,"CVP"
"C260753CVP","2026-03-21 18:00:00",49,"Fall","Fall",0.52999997,"CVP"
"C260754CVP","2026-03-22 02:00:00",105,"Spring","Spring",0.759,"CVP"
"C260248SWP","2026-03-22 05:00:00",95,"Spring","Fall",0.722,"SWP"
"C260755CVP","2026-03-22 06:00:00",54,"Fall","Fall",0.85399997,"CVP"
"C260249SWP","2026-03-23 04:00:00",82,"Spring","Spring",0.77899998,"SWP"
"C260756CVP","2026-03-23 12:00:00",96,"Spring","Spring",1,"CVP"
"C260757CVP","2026-03-23 12:00:00",110,"Spring","Spring",0.648,"CVP"
"C260250SWP","2026-03-23 16:30:00",104,"Spring","Spring",0.51599997,"SWP"
"C260251SWP","2026-03-23 16:30:00",106,"Spring","Spring",0.69800001,"SWP"
"C260758CVP","2026-03-23 20:00:00",78,"Spring","Fall",0.59399998,"CVP"
"C260759CVP","2026-03-23 22:00:00",56,"Fall","Fall",0.616,"CVP"
"C260760CVP","2026-03-23 23:59:00",76,"Spring","Fall",0.70499998,"CVP"
"C260761CVP","2026-03-24 12:00:00",89,"Spring","Fall",0.722,"CVP"
"C260762CVP","2026-03-24 22:00:00",109,"Spring","Spring",0.56699997,"CVP"
"C260763CVP","2026-03-24 23:59:00",94,"Spring","Spring",0.93099999,"CVP"
"C260764CVP","2026-03-25 06:00:00",84,"Spring","Spring",0.71100003,"CVP"
"C260765CVP","2026-03-25 06:00:00",88,"Spring","Fall",0.95300001,"CVP"
"C260766CVP","2026-03-25 22:00:00",64,"Fall","Fall",0.583,"CVP"
"C260767CVP","2026-03-25 23:59:00",67,"Fall","Fall",0.88200003,"CVP"
"C260768CVP","2026-03-25 23:59:00",80,"Spring","Fall",0.384,"CVP"
"C260769CVP","2026-03-25 23:59:00",93,"Spring","Spring",0.898,"CVP"
"C260020SWP","2026-03-26 07:30:00",176,"Winter","LateFall",1,"SWP"
"C260770CVP","2026-03-26 23:59:00",100,"Spring","Spring",1,"CVP"
"C260771CVP","2026-03-27 02:00:00",111,"Spring","Spring",1,"CVP"
"C260772CVP","2026-03-27 14:00:00",70,"Fall","Fall",0.428,"CVP"
"C260773CVP","2026-03-28 02:00:00",62,"Fall","Fall",0.83600003,"CVP"
"C260774CVP","2026-03-28 02:00:00",99,"Spring","Spring",0.972,"CVP"
"C260775CVP","2026-03-28 04:00:00",61,"Fall","Fall",0.76899999,"CVP"
"C260776CVP","2026-03-28 12:00:00",113,"Spring","Spring",0.52100003,"CVP"
"C260779CVP","2026-03-28 22:00:00",62,"Fall","Fall",0.097999997,"CVP"
"C260778CVP","2026-03-28 22:00:00",85,"Spring","Fall",0.77499998,"CVP"
"C260777CVP","2026-03-28 22:00:00",100,"Spring","Spring",0.667,"CVP"
"C260780CVP","2026-03-28 23:59:00",91,"Spring","Fall",0.82200003,"CVP"
"C260781CVP","2026-03-29 02:00:00",81,"Spring","Spring",0.93400002,"CVP"
"C260783CVP","2026-03-29 04:00:00",90,"Spring","Spring",0.99800003,"CVP"
"C260784CVP","2026-03-29 04:00:00",97,"Spring","Spring",1,"CVP"
"C260785CVP","2026-03-29 04:00:00",100,"Spring","Fall",0.75700003,"CVP"
"C260782CVP","2026-03-29 04:00:00",105,"Spring","Spring",0.99900001,"CVP"
"C260786CVP","2026-03-29 18:00:00",87,"Spring","Spring",0.70700002,"CVP"
"C260787CVP","2026-03-30 14:00:00",100,"Spring","Spring",0.74900001,"CVP"
"C260789CVP","2026-03-31 23:59:00",83,"Spring","Spring",0.86500001,"CVP"
"C260788CVP","2026-03-31 23:59:00",95,"Spring","Fall",0.889,"CVP"
"C260790CVP","2026-04-01 04:00:00",70,"Fall","Fall",0.792,"CVP"
"C260792CVP","2026-04-02 04:00:00",103,"Spring","Spring",0.69400001,"CVP"
"C260791CVP","2026-04-02 04:00:00",107,"Spring","Spring",0.57999998,"CVP"
"C260793CVP","2026-04-03 04:00:00",86,"Spring","Fall",0.87400001,"CVP"
"C260794CVP","2026-04-03 06:00:00",89,"Spring","Fall",0.55500001,"CVP"
"C260795CVP","2026-04-03 06:00:00",94,"Spring","Fall",0.67500001,"CVP"
"C260796CVP","2026-04-04 02:00:00",105,"Spring","Spring",0.66600001,"CVP"
"C260797CVP","2026-04-04 04:00:00",90,"Spring","Spring",0.77499998,"CVP"
"C260798CVP","2026-04-04 04:00:00",108,"Spring","Spring",0.95999998,"CVP"
"C260799CVP","2026-04-04 06:00:00",89,"Spring","Fall",0.88999999,"CVP"
"C260021SWP","2026-04-04 15:00:00",98,"Spring","Fall",0.579,"SWP"
"C260025SWP","2026-04-04 15:30:00",80,"Spring","Fall",0.472,"SWP"
"C260023SWP","2026-04-04 15:30:00",100,"Spring","Fall",0.92199999,"SWP"
"C260022SWP","2026-04-04 15:30:00",102,"Spring","Fall",0.80900002,"SWP"
"C260024SWP","2026-04-04 15:30:00",103,"Spring","Fall",0.505,"SWP"
"C260801CVP","2026-04-04 23:59:00",88,"Spring","Fall",0.71799999,"CVP"
"C260800CVP","2026-04-04 23:59:00",90,"Spring","Fall",0.57800001,"CVP"
"C260802CVP","2026-04-05 04:00:00",79,"Spring","Fall",0.65100002,"CVP"
"C260803CVP","2026-04-05 04:00:00",81,"Spring","Fall",0.50700003,"CVP"
"C260804CVP","2026-04-05 06:00:00",65,"Fall","Fall",0.47,"CVP"
"C260806CVP","2026-04-05 06:00:00",75,"Spring","Fall",0.55299997,"CVP"
"C260808CVP","2026-04-05 06:00:00",80,"Spring","Fall",0.79299998,"CVP"
"C260807CVP","2026-04-05 06:00:00",80,"Spring","Fall",0.69199997,"CVP"
"C260805CVP","2026-04-05 06:00:00",90,"Spring","Fall",0.62900001,"CVP"
"C260809CVP","2026-04-05 14:00:00",83,"Spring","Fall",0.91900003,"CVP"
"C260810CVP","2026-04-05 18:00:00",82,"Spring","Fall",0.95700002,"CVP"
"C260812CVP","2026-04-05 20:00:00",81,"Spring","Fall",0.97100002,"CVP"
"C260811CVP","2026-04-05 20:00:00",94,"Spring","Fall",0.977,"CVP"
"C260814CVP","2026-04-05 22:00:00",73,"Fall","Fall",0.59600002,"CVP"
"C260813CVP","2026-04-05 22:00:00",77,"Spring","Fall",0.875,"CVP"
"C260818CVP","2026-04-05 23:59:00",83,"Spring","Fall",0.449,"CVP"
"C260817CVP","2026-04-05 23:59:00",88,"Spring","Fall",0.87300003,"CVP"
"C260816CVP","2026-04-05 23:59:00",92,"Spring","Fall",0.75300002,"CVP"
"C260815CVP","2026-04-05 23:59:00",100,"Spring","Fall",0.98199999,"CVP"
"C260819CVP","2026-04-06 04:00:00",84,"Spring","Fall",0.53500003,"CVP"
"C260821CVP","2026-04-06 06:00:00",79,"Spring","Fall",0.65200001,"CVP"
"C260824CVP","2026-04-06 06:00:00",83,"Spring","Fall",0.926,"CVP"
"C260823CVP","2026-04-06 06:00:00",88,"Spring","Fall",0.92400002,"CVP"
"C260822CVP","2026-04-06 06:00:00",89,"Spring","Fall",0.91799998,"CVP"
"C260820CVP","2026-04-06 06:00:00",90,"Spring","Fall",0.94,"CVP"
"C260825CVP","2026-04-06 12:00:00",96,"Spring","Fall",0.94599998,"CVP"
"C260827CVP","2026-04-06 16:00:00",80,"Spring","Fall",0.87,"CVP"
"C260830CVP","2026-04-06 20:00:00",72,"Fall","Fall",0.95099998,"CVP"
"C260829CVP","2026-04-06 20:00:00",79,"Spring","Fall",0.68000001,"CVP"
"C260831CVP","2026-04-06 20:00:00",82,"Spring","Fall",0.66399997,"CVP"
"C260828CVP","2026-04-06 20:00:00",91,"Spring","Fall",0.616,"CVP"
"C260837CVP","2026-04-06 22:00:00",78,"Spring","Fall",0.889,"CVP"
"C260834CVP","2026-04-06 22:00:00",79,"Spring","Fall",0.87900001,"CVP"
"C260833CVP","2026-04-06 22:00:00",80,"Spring","Fall",0.382,"CVP"
"C260836CVP","2026-04-06 22:00:00",82,"Spring","Fall",0.99599999,"CVP"
"C260832CVP","2026-04-06 22:00:00",86,"Spring","Fall",0.68400002,"CVP"
"C260835CVP","2026-04-06 22:00:00",93,"Spring","Fall",0.792,"CVP"
"C260840CVP","2026-04-07 22:00:00",87,"Spring","Fall",0.491,"CVP"
"C260838CVP","2026-04-07 22:00:00",90,"Spring","Fall",0.81400001,"CVP"
"C260839CVP","2026-04-07 22:00:00",90,"Spring","Fall",0.699,"CVP"
"C260841CVP","2026-04-08 06:00:00",105,"Spring","Spring",0.99900001,"CVP"
"C260026SWP","2026-04-08 17:30:00",86,"Spring","Fall",0.39700001,"SWP"
"C260843CVP","2026-04-08 18:00:00",85,"Spring","Fall",0.57499999,"CVP"
"C260842CVP","2026-04-08 18:00:00",111,"Spring","Spring",0.542,"CVP"
"C260846CVP","2026-04-08 22:00:00",75,"Fall","Fall",0.93400002,"CVP"
"C260845CVP","2026-04-08 22:00:00",82,"Spring","Fall",0.77999997,"CVP"
"C260844CVP","2026-04-08 22:00:00",93,"Spring","Fall",0.57999998,"CVP"
"C260848CVP","2026-04-08 23:59:00",88,"Spring","Fall",0.84100002,"CVP"
"C260847CVP","2026-04-08 23:59:00",111,"Spring","Spring",0.85500002,"CVP"
"C260849CVP","2026-04-09 22:00:00",91,"Spring","Fall",0.95999998,"CVP"
"C260850CVP","2026-04-09 23:59:00",104,"Spring","Spring",0.89099997,"CVP"
"C260851CVP","2026-04-10 02:00:00",83,"Spring","Fall",0.91799998,"CVP"
"C260852CVP","2026-04-10 23:59:00",86,"Spring","Fall",0.55000001,"CVP"
"C260853CVP","2026-04-12 02:00:00",84,"Spring","Fall",0.76599997,"CVP"
"C260854CVP","2026-04-12 12:00:00",120,"Spring","Spring",0.71499997,"CVP"
"C260027SWP","2026-04-12 16:30:00",103,"Spring","Spring",0.83700001,"SWP"
"C260855CVP","2026-04-12 23:59:00",88,"Spring","Fall",0.542,"CVP"
"C260856CVP","2026-04-14 02:00:00",96,"Spring","Fall",0.40900001,"CVP"
"C260857CVP","2026-04-14 04:00:00",86,"Spring","Fall",0.884,"CVP"
"C260858CVP","2026-04-14 04:00:00",92,"Spring","Fall",0.72299999,"CVP"
"C260859CVP","2026-04-14 06:00:00",96,"Spring","Fall",0.89300001,"CVP"
"C260029SWP","2026-04-14 15:00:00",93,"Spring","Fall",0.83999997,"SWP"
"C260028SWP","2026-04-14 15:00:00",117,"Spring","Spring",0.73000002,"SWP"
"C260031SWP","2026-04-14 16:30:00",87,"Spring","Fall",0.93199998,"SWP"
"C260030SWP","2026-04-14 16:30:00",91,"Spring","Fall",0.75300002,"SWP"
"C260032SWP","2026-04-14 16:30:00",97,"Spring","Fall",0.92299998,"SWP"
"C260860CVP","2026-04-15 02:00:00",101,"Spring","Fall",0.64300001,"CVP"
"C260861CVP","2026-04-15 04:00:00",93,"Spring","Fall",0.85799998,"CVP"
"C260862CVP","2026-04-15 06:00:00",82,"Spring","Fall",0.94599998,"CVP"
"C260863CVP","2026-04-15 06:00:00",98,"Spring","Fall",0.574,"CVP"
"C260033SWP","2026-04-15 15:00:00",82,"Spring","Fall",0.89399999,"SWP"
"C260034SWP","2026-04-15 16:30:00",88,"Spring","Fall",0.963,"SWP"
"C260864CVP","2026-04-15 23:59:00",83,"Spring","Fall",0.98400003,"CVP"
"C260865CVP","2026-04-15 23:59:00",87,"Spring","Fall",0.81,"CVP"
"C260866CVP","2026-04-16 02:00:00",87,"Spring","Fall",0.98100001,"CVP"
"C260867CVP","2026-04-17 02:00:00",109,"Spring","Spring",0.97299999,"CVP"
"C260868CVP","2026-04-17 04:00:00",89,"Spring","Spring",0.99900001,"CVP"
"C260869CVP","2026-04-17 06:00:00",95,"Spring","Fall",0.85600001,"CVP"
"C260252SWP","2026-04-17 17:00:00",84,"Spring","Fall",0.95099998,"SWP"
"C260253SWP","2026-04-17 17:00:00",86,"Spring","Fall",0.73199999,"SWP"
"C260870CVP","2026-04-18 06:00:00",101,"Spring","Fall",0.99199998,"CVP"
"C260035SWP","2026-04-18 13:00:00",99,"Spring","Fall",0.986,"SWP"
"C260036SWP","2026-04-18 15:00:00",85,"Spring","Fall",0.43799999,"SWP"
"C260038SWP","2026-04-18 15:30:00",82,"Spring","Fall",0.5,"SWP"
"C260037SWP","2026-04-18 15:30:00",90,"Spring","Fall",0.93699998,"SWP"
"C260039SWP","2026-04-18 15:30:00",93,"Spring","Fall",0.722,"SWP"
"C260040SWP","2026-04-18 15:30:00",119,"Spring","Spring",0.64700001,"SWP"
"C269000CVP","2026-04-18 22:00:00",89,"Spring","Fall",0.55199999,"CVP"
"C269002CVP","2026-04-19 04:00:00",94,"Spring","Fall",0.72100002,"CVP"
"C269001CVP","2026-04-19 04:00:00",99,"Spring","Fall",0.53299999,"CVP"
"C260042SWP","2026-04-19 15:30:00",89,"Spring","Fall",0.759,"SWP"
"C260041SWP","2026-04-19 15:30:00",90,"Spring","Fall",0.92799997,"SWP"
"C260043SWP","2026-04-19 15:30:00",92,"Spring","Fall",0.89300001,"SWP"
"C260871CVP","2026-04-20 04:00:00",89,"Spring","Fall",0.95999998,"CVP"
"C260872CVP","2026-04-20 20:00:00",93,"Spring","Fall",0.94300002,"CVP"
"C260874CVP","2026-04-20 22:00:00",87,"Spring","Fall",0.574,"CVP"
"C260873CVP","2026-04-20 22:00:00",88,"Spring","Fall",0.46200001,"CVP"
"C260875CVP","2026-04-21 04:00:00",95,"Spring","Fall",0.52399999,"CVP"
"C260876CVP","2026-04-21 06:00:00",88,"Spring","Fall",0.88,"CVP"
"C260877CVP","2026-04-21 22:00:00",101,"Spring","Fall",0.99199998,"CVP"
"C260878CVP","2026-04-21 23:59:00",77,"Fall","Fall",0.61199999,"CVP"
"C260879CVP","2026-04-21 23:59:00",84,"Spring","Fall",0.97500002,"CVP"
"C260881CVP","2026-04-21 23:59:00",89,"Spring","Fall",0.86799997,"CVP"
"C260880CVP","2026-04-21 23:59:00",91,"Spring","Fall",0.99000001,"CVP"
"C260882CVP","2026-04-21 23:59:00",100,"Spring","Fall",0.59399998,"CVP"
"C260885CVP","2026-04-22 06:00:00",90,"Spring","Fall",0.56999999,"CVP"
"C260883CVP","2026-04-22 06:00:00",92,"Spring","Fall",0.98000002,"CVP"
"C260884CVP","2026-04-22 06:00:00",100,"Spring","Fall",0.93400002,"CVP"
"C260044SWP","2026-04-22 18:30:00",117,"Spring","Fall",0.995,"SWP"
"C260886CVP","2026-04-22 22:00:00",97,"Spring","Fall",0.542,"CVP"
"C260892CVP","2026-04-22 23:59:00",83,"Fall","Fall",0.94300002,"CVP"
"C260888CVP","2026-04-22 23:59:00",84,"Spring","Fall",0.76200002,"CVP"
"C260893CVP","2026-04-22 23:59:00",85,"Spring","Fall",0.986,"CVP"
"C260890CVP","2026-04-22 23:59:00",86,"Spring","Fall",0.99000001,"CVP"
"C260887CVP","2026-04-22 23:59:00",88,"Spring","Fall",0.91799998,"CVP"
"C260889CVP","2026-04-22 23:59:00",94,"Spring","Fall",0.60299999,"CVP"
"C260891CVP","2026-04-22 23:59:00",96,"Spring","Fall",0.71799999,"CVP"
"C260894CVP","2026-04-22 23:59:00",96,"Spring","Fall",0.57499999,"CVP"
"C260897CVP","2026-04-23 02:00:00",94,"Spring","Spring",0.53899997,"CVP"
"C260896CVP","2026-04-23 02:00:00",96,"Spring","Fall",0.91299999,"CVP"
"C260898CVP","2026-04-23 02:00:00",97,"Spring","Fall",0.98400003,"CVP"
"C260895CVP","2026-04-23 02:00:00",101,"Spring","Fall",0.97299999,"CVP"
"C260899CVP","2026-04-23 04:00:00",89,"Spring","LateFall",0.71200001,"CVP"
"C260900CVP","2026-04-23 06:00:00",85,"Spring","Fall",0.833,"CVP"
"C260901CVP","2026-04-23 06:00:00",95,"Spring","Fall",0.98100001,"CVP"
"C260046SWP","2026-04-23 16:00:00",95,"Spring","Fall",0.53100002,"SWP"
"C260045SWP","2026-04-23 16:00:00",96,"Spring","Fall",0.85000002,"SWP"
"C260047SWP","2026-04-23 16:00:00",97,"Spring","Fall",0.833,"SWP"
"C260048SWP","2026-04-23 16:00:00",102,"Spring","Fall",0.972,"SWP"
"C260051SWP","2026-04-23 20:30:00",87,"Spring","Fall",0.51300001,"SWP"
"C260050SWP","2026-04-23 20:30:00",89,"Spring","Fall",0.92199999,"SWP"
"C260049SWP","2026-04-23 20:30:00",94,"Spring","Fall",0.86400002,"SWP"
"C260902CVP","2026-04-23 22:00:00",82,"Fall","Fall",0.80000001,"CVP"
"C260903CVP","2026-04-23 22:00:00",87,"Spring","Fall",0.59500003,"CVP"
"C260904CVP","2026-04-23 22:00:00",91,"Spring","Fall",0.824,"CVP"
"C260906CVP","2026-04-23 23:59:00",85,"Spring","Fall",0.49200001,"CVP"
"C260905CVP","2026-04-23 23:59:00",87,"Spring","Fall",0.94300002,"CVP"
"C260907CVP","2026-04-23 23:59:00",93,"Spring","Fall",0.602,"CVP"
"C260908CVP","2026-04-23 23:59:00",94,"Spring","Fall",0.85799998,"CVP"
"C260909CVP","2026-04-24 02:00:00",103,"Spring","Fall",0.88200003,"CVP"
"C260910CVP","2026-04-24 04:00:00",85,"Spring","Fall",1,"CVP"
"C260052SWP","2026-04-24 11:00:00",82,"Fall","Fall",0.40799999,"SWP"
"C260053SWP","2026-04-24 20:30:00",90,"Spring","Fall",0.85000002,"SWP"
"C260054SWP","2026-04-24 20:30:00",92,"Spring","Fall",0.56,"SWP"
"C260917CVP","2026-04-24 23:59:00",88,"Spring","Fall",0.71899998,"CVP"
"C260914CVPa","2026-04-24 23:59:00",90,"Spring","Fall",0.95899999,"CVP"
"C260915CVP","2026-04-24 23:59:00",91,"Spring","Fall",0.73799998,"CVP"
"C260918CVP","2026-04-24 23:59:00",92,"Spring","Fall",0.83200002,"CVP"
"C260913CVP","2026-04-24 23:59:00",95,"Spring","Fall",0.85299999,"CVP"
"C260916CVP","2026-04-24 23:59:00",95,"Spring","Fall",0.97799999,"CVP"
"C260912CVP","2026-04-24 23:59:00",95,"Spring","Fall",0.921,"CVP"
"C260911CVP","2026-04-24 23:59:00",105,"Spring","Fall",0.57499999,"CVP"
"C260925CVP","2026-04-25 02:00:00",80,"Fall","Fall",0.49900001,"CVP"
"C260922CVP","2026-04-25 02:00:00",90,"Spring","Fall",0.99400002,"CVP"
"C260924CVP","2026-04-25 02:00:00",95,"Spring","Fall",0.70499998,"CVP"
"C260923CVP","2026-04-25 02:00:00",96,"Spring","Fall",0.85500002,"CVP"
"C260919CVP","2026-04-25 02:00:00",98,"Spring","Fall",0.71799999,"CVP"
"C260920CVP","2026-04-25 02:00:00",100,"Spring","Fall",0.662,"CVP"
"C260921CVP","2026-04-25 02:00:00",101,"Spring","Fall",0.67500001,"CVP"
"C260932CVP","2026-04-25 04:00:00",85,"Fall","Fall",0.88800001,"CVP"
"C260930CVP","2026-04-25 04:00:00",86,"Spring","Fall",0.986,"CVP"
"C260931CVP","2026-04-25 04:00:00",88,"Spring","Fall",0.99599999,"CVP"
"C260927CVP","2026-04-25 04:00:00",88,"Spring","Fall",0.583,"CVP"
"C260928CVP","2026-04-25 04:00:00",96,"Spring","Fall",0.99800003,"CVP"
"C260926CVP","2026-04-25 04:00:00",98,"Spring","Fall",0.99800003,"CVP"
"C260929CVP","2026-04-25 04:00:00",100,"Spring","Fall",0.89099997,"CVP"
"C260933CVP","2026-04-25 08:00:00",86,"Spring","Fall",0.99800003,"CVP"
"C260055SWP","2026-04-25 15:00:00",95,"Spring","Fall",0.89899999,"SWP"
"C260057SWP","2026-04-25 20:30:00",88,"Spring","Fall",0.903,"SWP"
"C260056SWP","2026-04-25 20:30:00",94,"Spring","Fall",0.70200002,"SWP"
"C260935CVP","2026-04-25 22:00:00",84,"Fall","Fall",0.89300001,"CVP"
"C260934CVP","2026-04-25 22:00:00",98,"Spring","Fall",0.99199998,"CVP"
"C260936CVP","2026-04-25 23:59:00",94,"Spring","Fall",0.98500001,"CVP"
"C260940CVP","2026-04-26 02:00:00",83,"Fall","Fall",0.708,"CVP"
"C260939CVP","2026-04-26 02:00:00",87,"Spring","Fall",0.447,"CVP"
"C260937CVP","2026-04-26 02:00:00",88,"Spring","Fall",0.99199998,"CVP"
"C260938CVP","2026-04-26 02:00:00",96,"Spring","Fall",0.79100001,"CVP"
"C260941CVP","2026-04-26 04:00:00",85,"Fall","Fall",0.99800003,"CVP"
"C260943CVP","2026-04-26 04:00:00",87,"Spring","Fall",0.53899997,"CVP"
"C260944CVP","2026-04-26 04:00:00",91,"Spring","Fall",0.43900001,"CVP"
"C260942CVP","2026-04-26 04:00:00",97,"Spring","Fall",0.84600002,"CVP"
"C260945CVP","2026-04-26 06:00:00",100,"Spring","Fall",0.995,"CVP"
"C260059SWP","2026-04-26 13:00:00",91,"Spring","Fall",0.78600001,"SWP"
"C260058SWP","2026-04-26 13:00:00",93,"Spring","Fall",0.98199999,"SWP"
"C260060SWP","2026-04-26 17:00:00",88,"Spring","Fall",0.83099997,"SWP"
"C260063SWP","2026-04-26 18:00:00",90,"Spring","Fall",0.59299999,"SWP"
"C260062SWP","2026-04-26 18:00:00",90,"Spring","Fall",0.43399999,"SWP"
"C260061SWP","2026-04-26 18:00:00",94,"Spring","Fall",0.88800001,"SWP"
"C260070SWP","2026-04-26 18:45:00",88,"Spring","Fall",0.84100002,"SWP"
"C260072SWP","2026-04-26 18:45:00",96,"Spring","Fall",0.95999998,"SWP"
"C260066SWP","2026-04-26 18:45:00",97,"Spring","Fall",0.56900001,"SWP"
"C260067SWP","2026-04-26 18:45:00",98,"Spring","Fall",0.96399999,"SWP"
"C260068SWP","2026-04-26 18:45:00",100,"Spring","Fall",0.995,"SWP"
"C260071SWP","2026-04-26 18:45:00",104,"Spring","Fall",0.62900001,"SWP"
"C260064SWP","2026-04-26 18:45:00",106,"Spring","Fall",0.68599999,"SWP"
"C260065SWP","2026-04-26 18:45:00",107,"Spring","Fall",0.37,"SWP"
"C260069SWP","2026-04-26 18:45:00",110,"Spring","Fall",0.963,"SWP"
"C260948CVP","2026-04-26 22:00:00",81,"Fall","Fall",0.69700003,"CVP"
"C260951CVP","2026-04-26 22:00:00",89,"Spring","Fall",0.54100001,"CVP"
"C260949CVP","2026-04-26 22:00:00",89,"Spring","Fall",0.94999999,"CVP"
"C260946CVP","2026-04-26 22:00:00",90,"Spring","Fall",0.68699998,"CVP"
"C260947CVP","2026-04-26 22:00:00",93,"Spring","Fall",0.56900001,"CVP"
"C260950CVP","2026-04-26 22:00:00",97,"Spring","Fall",0.57099998,"CVP"
"C260952CVP","2026-04-26 22:00:00",98,"Spring","Fall",0.736,"CVP"
"C260957CVP","2026-04-26 23:59:00",86,"Fall","Fall",0.93099999,"CVP"
"C260953CVP","2026-04-26 23:59:00",86,"Fall","Fall",0.551,"CVP"
"C260955CVP","2026-04-26 23:59:00",92,"Spring","Fall",0.97899997,"CVP"
"C260956CVP","2026-04-26 23:59:00",93,"Spring","Fall",0.64099997,"CVP"
"C260959CVP","2026-04-26 23:59:00",94,"Spring","Fall",0.57300001,"CVP"
"C260958CVP","2026-04-26 23:59:00",97,"Spring","Fall",0.62099999,"CVP"
"C260954CVP","2026-04-26 23:59:00",97,"Spring","Fall",0.88999999,"CVP"
"C260960CVP","2026-04-27 02:00:00",83,"Fall","Fall",0.93599999,"CVP"
"C260961CVP","2026-04-27 02:00:00",84,"Fall","Fall",0.98699999,"CVP"
"C260962CVP","2026-04-27 02:00:00",89,"Spring","Fall",0.90700001,"CVP"
"C260963CVP","2026-04-27 02:00:00",90,"Spring","Fall",0.98900002,"CVP"
"C260964CVP","2026-04-27 02:00:00",103,"Spring","Fall",0.97500002,"CVP"
"C260965CVP","2026-04-27 04:00:00",82,"Fall","Fall",0.74000001,"CVP"
"C260966CVP","2026-04-27 04:00:00",88,"Spring","Fall",0.96600002,"CVP"
"C260967CVP","2026-04-27 04:00:00",95,"Spring","Fall",0.435,"CVP"
"C260968CVP","2026-04-27 08:00:00",96,"Spring","Fall",0.898,"CVP"
"C260254SWP","2026-04-27 11:00:00",93,"Spring","Fall",0.498,"SWP"
"C260255SWP","2026-04-27 17:00:00",82,"Fall","Fall",0.97000003,"SWP"
"C260266SWP","2026-04-27 17:00:00",89,"Spring","Fall",0.977,"SWP"
"C260260SWP","2026-04-27 17:00:00",90,"Spring","Fall",0.64300001,"SWP"
"C260264SWP","2026-04-27 17:00:00",91,"Spring","Fall",0.82300001,"SWP"
"C260257SWP","2026-04-27 17:00:00",92,"Spring","Fall",0.498,"SWP"
"C260259SWP","2026-04-27 17:00:00",93,"Spring","Fall",0.396,"SWP"
"C260258SWP","2026-04-27 17:00:00",94,"Spring","Fall",0.75999999,"SWP"
"C260267SWP","2026-04-27 17:00:00",95,"Spring","Fall",0.75700003,"SWP"
"C260262SWP","2026-04-27 17:00:00",101,"Spring","Fall",0.359,"SWP"
"C260263SWP","2026-04-27 17:00:00",101,"Spring","Fall",0.66500002,"SWP"
"C260261SWP","2026-04-27 17:00:00",101,"Spring","Fall",0.713,"SWP"
"C260256SWP","2026-04-27 17:00:00",102,"Spring","Fall",0.81599998,"SWP"
"C260265SWP","2026-04-27 17:00:00",105,"Spring","Fall",0.81699997,"SWP"
"C260272SWP","2026-04-27 19:30:00",79,"Fall","Fall",0.99000001,"SWP"
"C260283SWP","2026-04-27 19:30:00",83,"Fall","Fall",0.67799997,"SWP"
"C260282SWP","2026-04-27 19:30:00",88,"Spring","Fall",0.66900003,"SWP"
"C260270SWP","2026-04-27 19:30:00",89,"Spring","Fall",0.84600002,"SWP"
"C260279SWP","2026-04-27 19:30:00",90,"Spring","Fall",0.479,"SWP"
"C260281SWP","2026-04-27 19:30:00",90,"Spring","Fall",0.74199998,"SWP"
"C260273SWP","2026-04-27 19:30:00",90,"Spring","Fall",0.82599998,"SWP"
"C260276SWP","2026-04-27 19:30:00",92,"Spring","Fall",0.77200001,"SWP"
"C260268SWP","2026-04-27 19:30:00",93,"Spring","Fall",0.89899999,"SWP"
"C260275SWP","2026-04-27 19:30:00",93,"Spring","Fall",0.98699999,"SWP"
"C260284SWP","2026-04-27 19:30:00",93,"Spring","Fall",0.93800002,"SWP"
"C260274SWP","2026-04-27 19:30:00",94,"Spring","Fall",0.65799999,"SWP"
"C260280SWP","2026-04-27 19:30:00",95,"Spring","Fall",0.83200002,"SWP"
"C260269SWP","2026-04-27 19:30:00",95,"Spring","Fall",0.53799999,"SWP"
"C260271SWP","2026-04-27 19:30:00",96,"Spring","Fall",0.89999998,"SWP"
"C260278SWP","2026-04-27 19:30:00",97,"Spring","Fall",0.991,"SWP"
"C260277SWP","2026-04-27 19:30:00",98,"Spring","Fall",0.51700002,"SWP"
"C260969CVP","2026-04-27 22:00:00",85,"Fall","Fall",0.64999998,"CVP"
"C260970CVP","2026-04-27 22:00:00",89,"Spring","Fall",0.94800001,"CVP"
"C260971CVP","2026-04-27 22:00:00",92,"Spring","Fall",0.89099997,"CVP"
"C260972CVP","2026-04-27 22:00:00",93,"Spring","Fall",0.5,"CVP"
"C260973CVP","2026-04-27 23:59:00",84,"Fall","Fall",0.95700002,"CVP"
"C260974CVP","2026-04-27 23:59:00",87,"Spring","Fall",0.55400002,"CVP"
"C260975CVP","2026-04-27 23:59:00",105,"Spring","Fall",0.60900003,"CVP"
"C260976CVP","2026-04-28 02:00:00",79,"Fall","Fall",0.86500001,"CVP"
"C260979CVP","2026-04-28 02:00:00",84,"Fall","Fall",0.384,"CVP"
"C260977CVP","2026-04-28 02:00:00",86,"Fall","Fall",0.986,"CVP"
"C260980CVP","2026-04-28 02:00:00",92,"Spring","Fall",0.74800003,"CVP"
"C260981CVP","2026-04-28 02:00:00",95,"Spring","Fall",0.82300001,"CVP"
"C260978CVP","2026-04-28 02:00:00",103,"Spring","Fall",0.95200002,"CVP"
"C260984CVP","2026-04-28 04:00:00",84,"Fall","Fall",0.76899999,"CVP"
"C260982CVP","2026-04-28 04:00:00",87,"Fall","Fall",0.62599999,"CVP"
"C260985CVP","2026-04-28 04:00:00",91,"Spring","Fall",0.67900002,"CVP"
"C260983CVP","2026-04-28 04:00:00",93,"Spring","Fall",0.95099998,"CVP"
"C260986CVP","2026-04-28 04:00:00",101,"Spring","Fall",0.60500002,"CVP"
"C260987CVP","2026-04-28 06:00:00",67,"Fall","Fall",0.63499999,"CVP"
"C260074SWP","2026-04-28 09:00:00",93,"Spring","Fall",0.81,"SWP"
"C260075SWP","2026-04-28 09:00:00",95,"Spring","Fall",0.68699998,"SWP"
"C260073SWP","2026-04-28 09:00:00",97,"Spring","Fall",0.98900002,"SWP"
"C260078SWP","2026-04-28 11:00:00",90,"Spring","Fall",0.77100003,"SWP"
"C260076SWP","2026-04-28 11:00:00",97,"Spring","Fall",0.95899999,"SWP"
"C260077SWP","2026-04-28 11:00:00",100,"Spring","Fall",0.778,"SWP"
"C260079SWP","2026-04-28 13:00:00",90,"Spring","Fall",0.75,"SWP"
"C260095SWP","2026-04-28 19:30:00",87,"Fall","Fall",0.66900003,"SWP"
"C260081SWP","2026-04-28 19:30:00",88,"Spring","Fall",0.53200001,"SWP"
"C260089SWP","2026-04-28 19:30:00",90,"Spring","Fall",0.361,"SWP"
"C260090SWP","2026-04-28 19:30:00",92,"Spring","Fall",0.77100003,"SWP"
"C260087SWP","2026-04-28 19:30:00",92,"Spring","Fall",0.86799997,"SWP"
"C260088SWP","2026-04-28 19:30:00",93,"Spring","Fall",0.99599999,"SWP"
"C260096SWP","2026-04-28 19:30:00",93,"Spring","Fall",0.85900003,"SWP"
"C260094SWP","2026-04-28 19:30:00",95,"Spring","Fall",0.93400002,"SWP"
"C260092SWP","2026-04-28 19:30:00",95,"Spring","Fall",0.87300003,"SWP"
"C260086SWP","2026-04-28 19:30:00",96,"Spring","Fall",0.69400001,"SWP"
"C260082SWP","2026-04-28 19:30:00",98,"Spring","Fall",0.954,"SWP"
"C260080SWP","2026-04-28 19:30:00",99,"Spring","Fall",0.98500001,"SWP"
"C260093SWP","2026-04-28 19:30:00",99,"Spring","Fall",0.61199999,"SWP"
"C260085SWP","2026-04-28 19:30:00",100,"Spring","Fall",0.94,"SWP"
"C260084SWP","2026-04-28 19:30:00",100,"Spring","Fall",0.52100003,"SWP"
"C260091SWP","2026-04-28 19:30:00",105,"Spring","Fall",0.838,"SWP"
"C260097SWP","2026-04-28 19:30:00",107,"Spring","Fall",0.97799999,"SWP"
"C260083SWP","2026-04-28 19:30:00",107,"Spring","Fall",0.80599999,"SWP"
"C260989CVP","2026-04-28 22:00:00",93,"Spring","Fall",0.88700002,"CVP"
"C260988CVP","2026-04-28 22:00:00",94,"Spring","Fall",0.773,"CVP"
"C260991CVP","2026-04-28 23:59:00",96,"Spring","Fall",0.99599999,"CVP"
"C260990CVP","2026-04-28 23:59:00",97,"Spring","Fall",0.99699998,"CVP"
"C260993CVP","2026-04-29 02:00:00",97,"Spring","Fall",0.57800001,"CVP"
"C260992CVP","2026-04-29 02:00:00",109,"Spring","Fall",0.991,"CVP"
"C260994CVP","2026-04-29 04:00:00",86,"Fall","Fall",0.40000001,"CVP"
"C260995CVP","2026-04-29 04:00:00",88,"Spring","Fall",0.83399999,"CVP"
"C260996CVP","2026-04-29 04:00:00",89,"Spring","Fall",1,"CVP"
"C260997CVP","2026-04-29 04:00:00",91,"Spring","Fall",0.50199997,"CVP"
"C260998CVP","2026-04-29 04:00:00",100,"Spring","Fall",0.537,"CVP"
"C260999CVP","2026-04-29 04:00:00",106,"Spring","Fall",0.60399997,"CVP"
"C261000CVP","2026-04-29 06:00:00",85,"Fall","Fall",0.78399998,"CVP"
"C260285SWP","2026-04-29 13:00:00",99,"Spring","Fall",0.92699999,"SWP"
"C260286SWP","2026-04-29 17:00:00",86,"Fall","Fall",0.86900002,"SWP"
"C260287SWP","2026-04-29 17:00:00",95,"Spring","Fall",0.71499997,"SWP"
"C260288SWP","2026-04-29 17:00:00",96,"Spring","Fall",0.79100001,"SWP"
"C260290SWP","2026-04-29 20:30:00",89,"Spring","Fall",0.89899999,"SWP"
"C260289SWP","2026-04-29 20:30:00",91,"Spring","Fall",0.99900001,"SWP"
"C261007CVP","2026-04-29 22:00:00",87,"Fall","Fall",0.73900002,"CVP"
"C261003CVP","2026-04-29 22:00:00",90,"Spring","Fall",0.61500001,"CVP"
"C261006CVP","2026-04-29 22:00:00",98,"Spring","Fall",0.95300001,"CVP"
"C261004CVP","2026-04-29 22:00:00",98,"Spring","Fall",0.84899998,"CVP"
"C261002CVP","2026-04-29 22:00:00",100,"Spring","Fall",0.46900001,"CVP"
"C261005CVP","2026-04-29 22:00:00",101,"Spring","Fall",0.99599999,"CVP"
"C261008CVP","2026-04-29 23:59:00",87,"Fall","Fall",0.44299999,"CVP"
"C261009CVP","2026-04-30 02:00:00",87,"Fall","Fall",0.514,"CVP"
"C261010CVP","2026-04-30 02:00:00",91,"Spring","Fall",0.671,"CVP"
"C261026CVP","2026-04-30 04:00:00",86,"Fall","Fall",0.90799999,"CVP"
"C261017CVP","2026-04-30 04:00:00",87,"Fall","Fall",0.73500001,"CVP"
"C261024CVP","2026-04-30 04:00:00",90,"Spring","Fall",0.69999999,"CVP"
"C261025CVP","2026-04-30 04:00:00",94,"Spring","Fall",0.94,"CVP"
"C261011CVP","2026-04-30 04:00:00",94,"Spring","Fall",0.52899998,"CVP"
"C261013CVP","2026-04-30 04:00:00",94,"Spring","Fall",0.83499998,"CVP"
"C261019CVP","2026-04-30 04:00:00",94,"Spring","Fall",0.78500003,"CVP"
"C261023CVP","2026-04-30 04:00:00",96,"Spring","Fall",0.88099998,"CVP"
"C261022CVP","2026-04-30 04:00:00",96,"Spring","Fall",0.85000002,"CVP"
"C261020CVP","2026-04-30 04:00:00",99,"Spring","Fall",0.97799999,"CVP"
"C261021CVP","2026-04-30 04:00:00",99,"Spring","Fall",0.67799997,"CVP"
"C261016CVP","2026-04-30 04:00:00",100,"Spring","Fall",0.56099999,"CVP"
"C261015CVP","2026-04-30 04:00:00",103,"Spring","Fall",0.99299997,"CVP"
"C261014CVP","2026-04-30 04:00:00",103,"Spring","Fall",0.56599998,"CVP"
"C261018CVP","2026-04-30 04:00:00",105,"Spring","Fall",0.90100002,"CVP"
"C261012CVP","2026-04-30 04:00:00",106,"Spring","Spring",1,"CVP"
"C261032CVP","2026-04-30 06:00:00",90,"Spring","Fall",0.88499999,"CVP"
"C261030CVP","2026-04-30 06:00:00",90,"Spring","Fall",0.60900003,"CVP"
"C261027CVP","2026-04-30 06:00:00",95,"Spring","Fall",0.99000001,"CVP"
"C261028CVP","2026-04-30 06:00:00",95,"Spring","Fall",0.63800001,"CVP"
"C261029CVP","2026-04-30 06:00:00",96,"Spring","Fall",0.58399999,"CVP"
"C261031CVP","2026-04-30 06:00:00",97,"Spring","Fall",0.98799998,"CVP"
"C260292SWP","2026-04-30 13:00:00",94,"Spring","Fall",0.94099998,"SWP"
"C260291SWP","2026-04-30 13:00:00",129,"Spring","Fall",0.86299998,"SWP"
"C260294SWP","2026-04-30 19:30:00",93,"Spring","Fall",0.461,"SWP"
"C260296SWP","2026-04-30 19:30:00",94,"Spring","Fall",0.98100001,"SWP"
"C260295SWP","2026-04-30 19:30:00",95,"Spring","Fall",0.74699998,"SWP"
"C260293SWP","2026-04-30 19:30:00",96,"Spring","Fall",0.903,"SWP"
"C261034CVP","2026-04-30 20:00:00",88,"Fall","Fall",0.45300001,"CVP"
"C261035CVP","2026-04-30 20:00:00",95,"Spring","Fall",0.41800001,"CVP"
"C261033CVP","2026-04-30 20:00:00",102,"Spring","Fall",0.51899999,"CVP"
"C261036CVP","2026-04-30 20:00:00",106,"Spring","Fall",1,"CVP"
"C261041CVP","2026-04-30 22:00:00",85,"Fall","Fall",0.89600003,"CVP"
"C261042CVP","2026-04-30 22:00:00",87,"Fall","Fall",0.92699999,"CVP"
"C261039CVP","2026-04-30 22:00:00",90,"Spring","Fall",0.56099999,"CVP"
"C261045CVP","2026-04-30 22:00:00",93,"Spring","Fall",0.93000001,"CVP"
"C261040CVP","2026-04-30 22:00:00",97,"Spring","Fall",0.458,"CVP"
"C261038CVP","2026-04-30 22:00:00",100,"Spring","Fall",0.58499998,"CVP"
"C261044CVP","2026-04-30 22:00:00",102,"Spring","Fall",0.91799998,"CVP"
"C261043CVP","2026-04-30 22:00:00",103,"Spring","Fall",0.84299999,"CVP"
"C261037CVP","2026-04-30 22:00:00",104,"Spring","Fall",0.85600001,"CVP"
"C261049CVP","2026-04-30 23:59:00",85,"Fall","Fall",0.55000001,"CVP"
"C261046CVP","2026-04-30 23:59:00",95,"Spring","Fall",0.90600002,"CVP"
"C261047CVP","2026-04-30 23:59:00",96,"Spring","Fall",0.83200002,"CVP"
"C261048CVP","2026-04-30 23:59:00",100,"Spring","Fall",0.95499998,"CVP"
"C261050CVP","2026-04-30 23:59:00",100,"Spring","Fall",0.80299997,"CVP"
"C261052CVP","2026-05-01 04:00:00",86,"Fall","Fall",0.34900001,"CVP"
"C261053CVP","2026-05-01 04:00:00",87,"Fall","Fall",0.64200002,"CVP"
"C261051CVP","2026-05-01 04:00:00",93,"Spring","Fall",0.50599998,"CVP"
"C261065CVP","2026-05-01 04:00:00",94,"Spring","Fall",0.42699999,"CVP"
"C261058CVP","2026-05-01 04:00:00",95,"Spring","Fall",0.59200001,"CVP"
"C261055CVP","2026-05-01 04:00:00",96,"Spring","Fall",0.53100002,"CVP"
"C261064CVP","2026-05-01 04:00:00",97,"Spring","Fall",0.44999999,"CVP"
"C261059CVP","2026-05-01 04:00:00",97,"Spring","Fall",0.847,"CVP"
"C261060CVP","2026-05-01 04:00:00",97,"Spring","Fall",0.94300002,"CVP"
"C261062CVP","2026-05-01 04:00:00",97,"Spring","Fall",0.76700002,"CVP"
"C261056CVP","2026-05-01 04:00:00",98,"Spring","Fall",0.972,"CVP"
"C261063CVP","2026-05-01 04:00:00",98,"Spring","Fall",0.94,"CVP"
"C261061CVP","2026-05-01 04:00:00",98,"Spring","Fall",0.92400002,"CVP"
"C261057CVP","2026-05-01 04:00:00",101,"Spring","Fall",0.95499998,"CVP"
"C261054CVP","2026-05-01 04:00:00",104,"Spring","Fall",0.98699999,"CVP"
"C261069CVP","2026-05-01 06:00:00",91,"Spring","Fall",0.68000001,"CVP"
"C261066CVP","2026-05-01 06:00:00",94,"Spring","Fall",0.99599999,"CVP"
"C261067CVP","2026-05-01 06:00:00",100,"Spring","Fall",0.79299998,"CVP"
"C261068CVP","2026-05-01 06:00:00",102,"Spring","Fall",0.98000002,"CVP"
"C260302SWP","2026-05-01 07:00:00",82,"Fall","Fall",0.72299999,"SWP"
"C260301SWP","2026-05-01 07:00:00",93,"Spring","Fall",0.91100001,"SWP"
"C260300SWP","2026-05-01 07:00:00",94,"Spring","Fall",0.76300001,"SWP"
"C260298SWP","2026-05-01 07:00:00",94,"Spring","Fall",0.41100001,"SWP"
"C260299SWP","2026-05-01 07:00:00",96,"Spring","Fall",0.88599998,"SWP"
"C260297SWP","2026-05-01 07:00:00",105,"Spring","Fall",0.86500001,"SWP"
"C260303SWP","2026-05-01 09:00:00",91,"Spring","Fall",0.86699998,"SWP"
"C260305SWP","2026-05-01 09:00:00",93,"Spring","Fall",0.37200001,"SWP"
"C260304SWP","2026-05-01 09:00:00",94,"Spring","Fall",0.87800002,"SWP"
"C260306SWP","2026-05-01 11:00:00",94,"Spring","Fall",0.81999999,"SWP"
"C260307SWP","2026-05-01 13:00:00",96,"Spring","Fall",0.89399999,"SWP"
"C260308SWP","2026-05-01 15:00:00",96,"Spring","Fall",0.55500001,"SWP"
"C260311SWP","2026-05-01 18:30:00",87,"Fall","Fall",0.602,"SWP"
"C260313SWP","2026-05-01 18:30:00",95,"Spring","Fall",0.89200002,"SWP"
"C260309SWP","2026-05-01 18:30:00",104,"Spring","Fall",0.98500001,"SWP"
"C260310SWP","2026-05-01 18:30:00",105,"Spring","Fall",0.958,"SWP"
"C260312SWP","2026-05-01 18:30:00",105,"Spring","Fall",0.51499999,"SWP"
"C261072CVP","2026-05-02 02:00:00",91,"Spring","Fall",0.82300001,"CVP"
"C261071CVP","2026-05-02 02:00:00",94,"Spring","Fall",0.91000003,"CVP"
"C261073CVP","2026-05-02 04:00:00",89,"Fall","Fall",0.55699998,"CVP"
"C261074CVP","2026-05-02 04:00:00",91,"Spring","Fall",0.81599998,"CVP"
"C260315SWP","2026-05-02 04:30:00",95,"Spring","Fall",0.61500001,"SWP"
"C260316SWP","2026-05-02 04:30:00",100,"Spring","Fall",0.33399999,"SWP"
"C260317SWP","2026-05-02 04:30:00",100,"Spring","Fall",0.977,"SWP"
"C260318SWP","2026-05-02 04:30:00",101,"Spring","Fall",0.73199999,"SWP"
"C260314SWP","2026-05-02 04:30:00",104,"Spring","Fall",0.99400002,"SWP"
"C261075CVP","2026-05-02 22:00:00",81,"Fall","Fall",0.995,"CVP"
"C261076CVP","2026-05-02 22:00:00",83,"Fall","Fall",0.92199999,"CVP"
"C261077CVP","2026-05-02 22:00:00",87,"Fall","Fall",0.67699999,"CVP"
"C261078CVP","2026-05-02 23:59:00",90,"Spring","Fall",0.98500001,"CVP"
"C261079CVP","2026-05-03 04:00:00",101,"Spring","Fall",0.88300002,"CVP"
"C261080CVP","2026-05-03 04:00:00",104,"Spring","Fall",0.88800001,"CVP"
"C261081CVP","2026-05-03 06:00:00",73,"Fall","Fall",0.61500001,"CVP"
"C261082CVP","2026-05-03 06:00:00",99,"Spring","Fall",0.88599998,"CVP"
"C260098SWP","2026-05-03 15:30:00",98,"Spring","Fall",0.84200001,"SWP"
"C261083CVP","2026-05-04 22:00:00",98,"Spring","Fall",0.93800002,"CVP"
"C261085CVP","2026-05-04 22:00:00",101,"Spring","Fall",0.78899997,"CVP"
"C261084CVPa","2026-05-04 22:00:00",104,"Spring","Fall",0.81300002,"CVP"
"C261086CVP","2026-05-05 02:00:00",100,"Spring","Fall",0.53200001,"CVP"
"C261087CVP","2026-05-05 22:00:00",95,"Spring","Fall",0.509,"CVP"
"C261088CVP","2026-05-06 02:00:00",100,"Spring","Fall",0.94,"CVP"
"C261089CVP","2026-05-07 23:59:00",98,"Spring","Fall",0.96399999,"CVP"
"C261090CVP","2026-05-08 22:00:00",95,"Spring","Fall",0.47499999,"CVP"
"C261091CVP","2026-05-09 02:00:00",101,"Spring","Fall",0.991,"CVP"
"C261092CVP","2026-05-09 22:00:00",90,"Fall","Fall",0.884,"CVP"
"C261093CVP","2026-05-09 22:00:00",95,"Spring","Fall",0.81800002,"CVP"
"C261094CVP","2026-05-09 23:59:00",96,"Spring","Fall",0.89099997,"CVP"
"C261095CVP","2026-05-10 04:00:00",93,"Fall","Fall",0.80699998,"CVP"
"C260099SWP","2026-05-10 16:00:00",99,"Spring","Fall",0.82599998,"SWP"
"C260101SWP","2026-05-10 16:30:00",95,"Spring","Fall",0.63200003,"SWP"
"C260100SWP","2026-05-10 16:30:00",99,"Spring","Fall",0.43599999,"SWP"
"C261096CVP","2026-05-15 18:00:00",90,"Fall","LateFall",0.99299997,"CVP"
"C261097CVP","2026-05-15 18:00:00",91,"Fall","Fall",0.78899997,"CVP"
"C261098CVP","2026-05-16 02:00:00",90,"Fall","Fall",0.93900001,"CVP"
"C261099CVP","2026-05-16 02:00:00",99,"Spring","Fall",0.81099999,"CVP"
"C261100CVP","2026-05-16 04:00:00",92,"Fall","Fall",0.92199999,"CVP"
"C261101CVP","2026-05-16 18:00:00",88,"Fall","Fall",0.99699998,"CVP"
"C261102CVP","2026-05-16 18:00:00",105,"Spring","Fall",0.98900002,"CVP"
"C261105CVP","2026-05-16 23:59:00",84,"Fall","Fall",0.972,"CVP"
"C261103CVP","2026-05-16 23:59:00",111,"Spring","Fall",0.60500002,"CVP"
"C261106CVP","2026-05-17 04:00:00",92,"Fall","Fall",0.71499997,"CVP"
"C261107CVP","2026-05-17 06:00:00",97,"Fall","Fall",0.95599997,"CVP"
"C261108CVP","2026-05-17 18:00:00",94,"Fall","Fall",0.59200001,"CVP"
"C261109CVP","2026-05-17 18:00:00",99,"Spring","Fall",0.97100002,"CVP"
"C261110CVP","2026-05-17 18:00:00",102,"Spring","Fall",0.93800002,"CVP"
"C261111CVP","2026-05-17 20:00:00",84,"Fall","Fall",0.86299998,"CVP"
"C261112CVP","2026-05-17 20:00:00",103,"Spring","Fall",0.50599998,"CVP"
"C261115CVP","2026-05-18 04:00:00",92,"Fall","Fall",0.986,"CVP"
"C261116CVP","2026-05-18 12:00:00",94,"Fall","Fall",0.51499999,"CVP"
"C261117CVP","2026-05-18 14:00:00",95,"Fall","Fall",0.74299997,"CVP"
"C261118CVP","2026-05-18 20:00:00",90,"Fall","Fall",0.60299999,"CVP"
"C261121CVP","2026-05-18 22:00:00",98,"Fall","Fall",0.78399998,"CVP"
"C261119CVP","2026-05-18 22:00:00",101,"Spring","Fall",0.551,"CVP"
"C261123CVP","2026-05-19 04:00:00",84,"Fall","Fall",0.56,"CVP"
"C261122CVP","2026-05-19 04:00:00",92,"Fall","Fall",0.91299999,"CVP"
"C261124CVP","2026-05-19 06:00:00",96,"Fall","Fall",0.94400001,"CVP"
"C261125CVP","2026-05-19 20:00:00",100,"Fall","Fall",0.99000001,"CVP"
"C261126CVP","2026-05-19 22:00:00",99,"Fall","Fall",0.98900002,"CVP"
"C261127CVP","2026-05-19 22:00:00",102,"Spring","Fall",0.95999998,"CVP"
"C261128CVP","2026-05-20 20:00:00",108,"Spring","Fall",0.69400001,"CVP"
"C261129CVP","2026-05-20 22:00:00",90,"Fall","Fall",0.99400002,"CVP"
"C261130CVP","2026-05-20 22:00:00",98,"Fall","Fall",0.935,"CVP"
"C261131CVP","2026-05-21 20:00:00",92,"Fall","Fall",0.94999999,"CVP"
"C261132CVP","2026-05-21 23:59:00",90,"Fall","Fall",0.96399999,"CVP"
"C261133CVP","2026-05-22 08:00:00",90,"Fall","Fall",0.69099998,"CVP"
"C261134CVPa","2026-05-22 10:00:00",105,"Spring","Fall",0.89499998,"CVP"
"C261135CVP","2026-05-22 23:59:00",99,"Fall","Fall",0.92699999,"CVP"
"C261136CVP","2026-05-26 23:59:00",111,"Spring","LateFall",0.93400002,"CVP"
"C261137CVP","2026-05-28 06:00:00",86,"Fall","Fall",0.963,"CVP"
"C261138CVP","2026-05-30 16:00:00",96,"Fall","Fall",0.958,"CVP"
"C261139CVP","2026-05-30 18:00:00",97,"Fall","Fall",0.97399998,"CVP"
"C261140CVP","2026-05-30 22:00:00",101,"Fall","Fall",0.972,"CVP"
"C261141CVP","2026-05-31 22:00:00",130,"Spring","Fall",0.97500002,"CVP"
"C261142CVP","2026-06-01 23:59:00",98,"Fall","Fall",0.99599999,"CVP"
"C261144CVP","2026-06-04 20:00:00",93,"Fall","Fall",0.995,"CVP"
"C261143CVP","2026-06-04 20:00:00",110,"Fall","Fall",0.98500001,"CVP"
"C261145CVP","2026-06-06 06:00:00",91,"Fall","Fall",0.46599999,"CVP"
"C261146CVP","2026-06-08 22:00:00",97,"Fall","Fall",0.986,"CVP"
