"sample_time","facility","species","adipose_clip","lad_race","dna_race","cwt_race","cwt_tagcode","cwt_hatch","cwt_release_type","cwt_release_start","cwt_release_end","cwt_release_span_days","cwt_release_location","cwt_release_information_source","days_from_release_end_to_sample_time","count_duration_minutes","pumping_duration_minutes","sample_fraction","study_type","length","nfish","expanded_salvage","loss","dna_sample_id","genetic_probability","length_row_id","x14_day_omri"
"2025-12-20 02:00:00","CVP","Chinook Salmon","Clipped","LateFall",NA,"Spring","062199","SCARF","Production",2025-12-08,2025-12-09,2,"SAN JOAQ R GRT VAL GR 140","RMIS",11,30,120,0.25,"Normal count",171,1,4,3.19,NA,NA,1973564,-2859
"2025-12-20 02:00:00","CVP","Chinook Salmon","Clipped","LateFall",NA,"Spring","062199","SCARF","SJRRP",2025-12-08,2025-12-09,2,"San Joaquin River at Highway 140","CDFW inseason spreadsheet",11,30,120,0.25,"Normal count",171,1,4,3.19,NA,NA,1973564,-2859
"2025-12-21 08:00:00","CVP","Chinook Salmon","Clipped","LateFall",NA,"Spring","062199","SCARF","Production",2025-12-08,2025-12-09,2,"SAN JOAQ R GRT VAL GR 140","RMIS",12,30,120,0.25,"Normal count",165,1,4,2.88,NA,NA,1973684,-3278
"2025-12-21 08:00:00","CVP","Chinook Salmon","Clipped","LateFall",NA,"Spring","062199","SCARF","SJRRP",2025-12-08,2025-12-09,2,"San Joaquin River at Highway 140","CDFW inseason spreadsheet",12,30,120,0.25,"Normal count",165,1,4,2.88,NA,NA,1973684,-3278
"2025-12-21 18:00:00","CVP","Chinook Salmon","Clipped","LateFall",NA,"Spring","062199","SCARF","SJRRP",2025-12-08,2025-12-09,2,"San Joaquin River at Highway 140","CDFW inseason spreadsheet",12,30,120,0.25,"Normal count",181,1,4,2.88,NA,NA,1973685,-3278
"2025-12-21 18:00:00","CVP","Chinook Salmon","Clipped","LateFall",NA,"Spring","062199","SCARF","Production",2025-12-08,2025-12-09,2,"SAN JOAQ R GRT VAL GR 140","RMIS",12,30,120,0.25,"Normal count",181,1,4,2.88,NA,NA,1973685,-3278
"2025-12-22 04:00:00","CVP","Chinook Salmon","Unclipped","Fall","Spring",NA,NA,NA,NA,NA,NA,NA,NA,NA,NA,30,120,0.25,"Normal count",34,1,4,2.54,"C251129CVP",0.98699999,1973929,-3587
"2025-12-22 04:00:00","CVP","Chinook Salmon","Unclipped","Fall","Spring",NA,NA,NA,NA,NA,NA,NA,NA,NA,NA,30,120,0.25,"Normal count",34,1,4,2.54,"C251127CVP",0.98199999,1973929,-3587
"2025-12-22 04:00:00","CVP","Chinook Salmon","Unclipped","Fall","Spring",NA,NA,NA,NA,NA,NA,NA,NA,NA,NA,30,120,0.25,"Normal count",34,1,4,2.54,"C251125CVP",0.97500002,1973929,-3587
"2025-12-22 04:00:00","CVP","Chinook Salmon","Unclipped","Fall","Spring",NA,NA,NA,NA,NA,NA,NA,NA,NA,NA,30,120,0.25,"Normal count",34,1,4,2.54,"C251134CVP",0.48800001,1973929,-3587
"2025-12-22 04:00:00","CVP","Chinook Salmon","Unclipped","Fall","Spring",NA,NA,NA,NA,NA,NA,NA,NA,NA,NA,30,120,0.25,"Normal count",35,1,4,2.54,"C251126CVP",0.73400003,1973930,-3587
"2025-12-22 04:00:00","CVP","Chinook Salmon","Unclipped","Fall","Spring",NA,NA,NA,NA,NA,NA,NA,NA,NA,NA,30,120,0.25,"Normal count",35,1,4,2.54,"C251124CVP",0.99000001,1973930,-3587
"2025-12-22 04:00:00","CVP","Chinook Salmon","Unclipped","Fall","Spring",NA,NA,NA,NA,NA,NA,NA,NA,NA,NA,30,120,0.25,"Normal count",35,1,4,2.54,"C251132CVP",0.99299997,1973930,-3587
"2025-12-22 04:00:00","CVP","Chinook Salmon","Unclipped","Fall","Fall",NA,NA,NA,NA,NA,NA,NA,NA,NA,NA,30,120,0.25,"Normal count",36,1,4,2.54,"C251128CVP",0.99900001,1973931,-3587
"2025-12-22 04:00:00","CVP","Chinook Salmon","Unclipped","Fall","Spring",NA,NA,NA,NA,NA,NA,NA,NA,NA,NA,30,120,0.25,"Normal count",36,1,4,2.54,"C251131CVP",0.94300002,1973931,-3587
"2025-12-22 04:00:00","CVP","Chinook Salmon","Unclipped","Fall","Spring",NA,NA,NA,NA,NA,NA,NA,NA,NA,NA,30,120,0.25,"Normal count",36,1,4,2.54,"C251130CVP",0.68000001,1973931,-3587
"2025-12-22 04:00:00","CVP","Chinook Salmon","Unclipped","Fall","Spring",NA,NA,NA,NA,NA,NA,NA,NA,NA,NA,30,120,0.25,"Normal count",36,1,4,2.54,"C251123CVP",0.986,1973931,-3587
"2025-12-22 04:00:00","CVP","Chinook Salmon","Unclipped","Fall","Spring",NA,NA,NA,NA,NA,NA,NA,NA,NA,NA,30,120,0.25,"Normal count",36,1,4,2.54,"C251133CVP",0.63800001,1973931,-3587
"2025-12-22 06:00:00","CVP","Chinook Salmon","Unclipped","Fall","Spring",NA,NA,NA,NA,NA,NA,NA,NA,NA,NA,30,120,0.25,"Normal count",33,1,4,2.54,"C251147CVP",0.99400002,1973894,-3587
"2025-12-22 06:00:00","CVP","Chinook Salmon","Unclipped","Fall","Spring",NA,NA,NA,NA,NA,NA,NA,NA,NA,NA,30,120,0.25,"Normal count",33,1,4,2.54,"C251166CVP",0.98799998,1973894,-3587
"2025-12-22 06:00:00","CVP","Chinook Salmon","Unclipped","Fall","Spring",NA,NA,NA,NA,NA,NA,NA,NA,NA,NA,30,120,0.25,"Normal count",33,1,4,2.54,"C251150CVP",0.92799997,1973894,-3587
"2025-12-22 06:00:00","CVP","Chinook Salmon","Unclipped","Fall","Spring",NA,NA,NA,NA,NA,NA,NA,NA,NA,NA,30,120,0.25,"Normal count",34,1,4,2.54,"C251171CVP",0.98500001,1973895,-3587
"2025-12-22 06:00:00","CVP","Chinook Salmon","Unclipped","Fall","Spring",NA,NA,NA,NA,NA,NA,NA,NA,NA,NA,30,120,0.25,"Normal count",34,1,4,2.54,"C251172CVP",0.99699998,1973895,-3587
"2025-12-22 06:00:00","CVP","Chinook Salmon","Unclipped","Fall","Spring",NA,NA,NA,NA,NA,NA,NA,NA,NA,NA,30,120,0.25,"Normal count",34,1,4,2.54,"C251136CVP",0.99599999,1973895,-3587
"2025-12-22 06:00:00","CVP","Chinook Salmon","Unclipped","Fall","Spring",NA,NA,NA,NA,NA,NA,NA,NA,NA,NA,30,120,0.25,"Normal count",34,1,4,2.54,"C251139CVP",0.75800002,1973895,-3587
"2025-12-22 06:00:00","CVP","Chinook Salmon","Unclipped","Fall","Spring",NA,NA,NA,NA,NA,NA,NA,NA,NA,NA,30,120,0.25,"Normal count",34,1,4,2.54,"C251142CVP",0.74900001,1973895,-3587
"2025-12-22 06:00:00","CVP","Chinook Salmon","Unclipped","Fall","Spring",NA,NA,NA,NA,NA,NA,NA,NA,NA,NA,30,120,0.25,"Normal count",34,1,4,2.54,"C251149CVP",0.96399999,1973895,-3587
"2025-12-22 06:00:00","CVP","Chinook Salmon","Unclipped","Fall","Spring",NA,NA,NA,NA,NA,NA,NA,NA,NA,NA,30,120,0.25,"Normal count",34,1,4,2.54,"C251158CVP",0.63499999,1973895,-3587
"2025-12-22 06:00:00","CVP","Chinook Salmon","Unclipped","Fall","Spring",NA,NA,NA,NA,NA,NA,NA,NA,NA,NA,30,120,0.25,"Normal count",34,1,4,2.54,"C251159CVP",0.92299998,1973895,-3587
"2025-12-22 06:00:00","CVP","Chinook Salmon","Unclipped","Fall","Spring",NA,NA,NA,NA,NA,NA,NA,NA,NA,NA,30,120,0.25,"Normal count",34,1,4,2.54,"C251161CVP",0.72399998,1973895,-3587
"2025-12-22 06:00:00","CVP","Chinook Salmon","Unclipped","Fall","Spring",NA,NA,NA,NA,NA,NA,NA,NA,NA,NA,30,120,0.25,"Normal count",34,1,4,2.54,"C251168CVP",0.88800001,1973895,-3587
"2025-12-22 06:00:00","CVP","Chinook Salmon","Unclipped","Fall","Spring",NA,NA,NA,NA,NA,NA,NA,NA,NA,NA,30,120,0.25,"Normal count",35,1,4,2.54,"C251164CVP",1,1973896,-3587
"2025-12-22 06:00:00","CVP","Chinook Salmon","Unclipped","Fall","Spring",NA,NA,NA,NA,NA,NA,NA,NA,NA,NA,30,120,0.25,"Normal count",35,1,4,2.54,"C251162CVP",0.97799999,1973896,-3587
"2025-12-22 06:00:00","CVP","Chinook Salmon","Unclipped","Fall","Spring",NA,NA,NA,NA,NA,NA,NA,NA,NA,NA,30,120,0.25,"Normal count",35,1,4,2.54,"C251160CVP",0.73400003,1973896,-3587
"2025-12-22 06:00:00","CVP","Chinook Salmon","Unclipped","Fall","Spring",NA,NA,NA,NA,NA,NA,NA,NA,NA,NA,30,120,0.25,"Normal count",35,1,4,2.54,"C251157CVP",0.79400003,1973896,-3587
"2025-12-22 06:00:00","CVP","Chinook Salmon","Unclipped","Fall","Spring",NA,NA,NA,NA,NA,NA,NA,NA,NA,NA,30,120,0.25,"Normal count",35,1,4,2.54,"C251156CVP",0.64300001,1973896,-3587
"2025-12-22 06:00:00","CVP","Chinook Salmon","Unclipped","Fall","Spring",NA,NA,NA,NA,NA,NA,NA,NA,NA,NA,30,120,0.25,"Normal count",35,1,4,2.54,"C251154CVP",0.99900001,1973896,-3587
"2025-12-22 06:00:00","CVP","Chinook Salmon","Unclipped","Fall","Spring",NA,NA,NA,NA,NA,NA,NA,NA,NA,NA,30,120,0.25,"Normal count",35,1,4,2.54,"C251153CVP",0.99800003,1973896,-3587
"2025-12-22 06:00:00","CVP","Chinook Salmon","Unclipped","Fall","Spring",NA,NA,NA,NA,NA,NA,NA,NA,NA,NA,30,120,0.25,"Normal count",35,1,4,2.54,"C251152CVP",0.824,1973896,-3587
"2025-12-22 06:00:00","CVP","Chinook Salmon","Unclipped","Fall","Spring",NA,NA,NA,NA,NA,NA,NA,NA,NA,NA,30,120,0.25,"Normal count",35,1,4,2.54,"C251151CVP",0.99800003,1973896,-3587
"2025-12-22 06:00:00","CVP","Chinook Salmon","Unclipped","Fall","Spring",NA,NA,NA,NA,NA,NA,NA,NA,NA,NA,30,120,0.25,"Normal count",35,1,4,2.54,"C251145CVP",0.92699999,1973896,-3587
"2025-12-22 06:00:00","CVP","Chinook Salmon","Unclipped","Fall","Spring",NA,NA,NA,NA,NA,NA,NA,NA,NA,NA,30,120,0.25,"Normal count",35,1,4,2.54,"C251144CVP",0.995,1973896,-3587
"2025-12-22 06:00:00","CVP","Chinook Salmon","Unclipped","Fall","Spring",NA,NA,NA,NA,NA,NA,NA,NA,NA,NA,30,120,0.25,"Normal count",35,1,4,2.54,"C251143CVP",0.98900002,1973896,-3587
"2025-12-22 06:00:00","CVP","Chinook Salmon","Unclipped","Fall","Spring",NA,NA,NA,NA,NA,NA,NA,NA,NA,NA,30,120,0.25,"Normal count",35,1,4,2.54,"C251138CVP",0.74699998,1973896,-3587
"2025-12-22 06:00:00","CVP","Chinook Salmon","Unclipped","Fall","Spring",NA,NA,NA,NA,NA,NA,NA,NA,NA,NA,30,120,0.25,"Normal count",35,1,4,2.54,"C251137CVP",0.99299997,1973896,-3587
"2025-12-22 06:00:00","CVP","Chinook Salmon","Unclipped","Fall","Spring",NA,NA,NA,NA,NA,NA,NA,NA,NA,NA,30,120,0.25,"Normal count",35,1,4,2.54,"C251135CVP",0.96399999,1973896,-3587
"2025-12-22 06:00:00","CVP","Chinook Salmon","Unclipped","Fall","Spring",NA,NA,NA,NA,NA,NA,NA,NA,NA,NA,30,120,0.25,"Normal count",35,1,4,2.54,"C251173CVP",0.87300003,1973896,-3587
"2025-12-22 06:00:00","CVP","Chinook Salmon","Unclipped","Fall","Spring",NA,NA,NA,NA,NA,NA,NA,NA,NA,NA,30,120,0.25,"Normal count",35,1,4,2.54,"C251169CVP",0.68400002,1973896,-3587
"2025-12-22 06:00:00","CVP","Chinook Salmon","Unclipped","Fall","Spring",NA,NA,NA,NA,NA,NA,NA,NA,NA,NA,30,120,0.25,"Normal count",35,1,4,2.54,"C251163CVP",0.73500001,1973896,-3587
"2025-12-22 06:00:00","CVP","Chinook Salmon","Unclipped","Fall","Spring",NA,NA,NA,NA,NA,NA,NA,NA,NA,NA,30,120,0.25,"Normal count",36,1,4,2.54,"C251165CVP",0.96799999,1973897,-3587
"2025-12-22 06:00:00","CVP","Chinook Salmon","Unclipped","Fall","Spring",NA,NA,NA,NA,NA,NA,NA,NA,NA,NA,30,120,0.25,"Normal count",36,1,4,2.54,"C251148CVP",0.96799999,1973897,-3587
"2025-12-22 06:00:00","CVP","Chinook Salmon","Unclipped","Fall","Spring",NA,NA,NA,NA,NA,NA,NA,NA,NA,NA,30,120,0.25,"Normal count",36,1,4,2.54,"C251146CVP",NA,1973897,-3587
"2025-12-22 06:00:00","CVP","Chinook Salmon","Unclipped","Fall","Spring",NA,NA,NA,NA,NA,NA,NA,NA,NA,NA,30,120,0.25,"Normal count",36,1,4,2.54,"C251141CVP",1,1973897,-3587
"2025-12-22 06:00:00","CVP","Chinook Salmon","Unclipped","Fall","Spring",NA,NA,NA,NA,NA,NA,NA,NA,NA,NA,30,120,0.25,"Normal count",36,1,4,2.54,"C251140CVP",0.59100002,1973897,-3587
"2025-12-22 06:00:00","CVP","Chinook Salmon","Unclipped","Fall","Spring",NA,NA,NA,NA,NA,NA,NA,NA,NA,NA,30,120,0.25,"Normal count",36,1,4,2.54,"C251170CVP",0.977,1973897,-3587
"2025-12-22 06:00:00","CVP","Chinook Salmon","Unclipped","Fall","Spring",NA,NA,NA,NA,NA,NA,NA,NA,NA,NA,30,120,0.25,"Normal count",37,1,4,2.54,"C251155CVP",0.77499998,1973898,-3587
"2025-12-22 06:00:00","CVP","Chinook Salmon","Unclipped","Spring","Spring",NA,NA,NA,NA,NA,NA,NA,NA,NA,NA,30,120,0.25,"Normal count",41,1,4,2.54,"C251167CVP",0.98100001,1973899,-3587
"2025-12-22 08:00:00","CVP","Chinook Salmon","Unclipped","Fall","Spring",NA,NA,NA,NA,NA,NA,NA,NA,NA,NA,30,120,0.25,"Normal count",32,1,4,2.54,"C251184CVP",0.51300001,1973828,-3587
"2025-12-22 08:00:00","CVP","Chinook Salmon","Unclipped","Fall","Spring",NA,NA,NA,NA,NA,NA,NA,NA,NA,NA,30,120,0.25,"Normal count",32,1,4,2.54,"C251175CVP",0.68199998,1973828,-3587
"2025-12-22 08:00:00","CVP","Chinook Salmon","Unclipped","Fall","Spring",NA,NA,NA,NA,NA,NA,NA,NA,NA,NA,30,120,0.25,"Normal count",33,1,4,2.54,"C251179CVP",0.89200002,1973829,-3587
"2025-12-22 08:00:00","CVP","Chinook Salmon","Unclipped","Fall","Spring",NA,NA,NA,NA,NA,NA,NA,NA,NA,NA,30,120,0.25,"Normal count",33,1,4,2.54,"C251174CVP",0.99400002,1973829,-3587
"2025-12-22 08:00:00","CVP","Chinook Salmon","Unclipped","Fall","Spring",NA,NA,NA,NA,NA,NA,NA,NA,NA,NA,30,120,0.25,"Normal count",33,1,4,2.54,"C251177CVP",0.51899999,1973829,-3587
"2025-12-22 08:00:00","CVP","Chinook Salmon","Unclipped","Fall","Spring",NA,NA,NA,NA,NA,NA,NA,NA,NA,NA,30,120,0.25,"Normal count",33,1,4,2.54,"C251193CVP",0.93800002,1973829,-3587
"2025-12-22 08:00:00","CVP","Chinook Salmon","Unclipped","Fall","Spring",NA,NA,NA,NA,NA,NA,NA,NA,NA,NA,30,120,0.25,"Normal count",33,1,4,2.54,"C251191CVP",0.63800001,1973829,-3587
"2025-12-22 08:00:00","CVP","Chinook Salmon","Unclipped","Fall","Spring",NA,NA,NA,NA,NA,NA,NA,NA,NA,NA,30,120,0.25,"Normal count",33,1,4,2.54,"C251187CVP",0.90100002,1973829,-3587
"2025-12-22 08:00:00","CVP","Chinook Salmon","Unclipped","Fall","Spring",NA,NA,NA,NA,NA,NA,NA,NA,NA,NA,30,120,0.25,"Normal count",33,1,4,2.54,"C251183CVP",0.84399998,1973829,-3587
"2025-12-22 08:00:00","CVP","Chinook Salmon","Unclipped","Fall","Spring",NA,NA,NA,NA,NA,NA,NA,NA,NA,NA,30,120,0.25,"Normal count",34,1,4,2.54,"C251194CVP",0.88300002,1973830,-3587
"2025-12-22 08:00:00","CVP","Chinook Salmon","Unclipped","Fall","Spring",NA,NA,NA,NA,NA,NA,NA,NA,NA,NA,30,120,0.25,"Normal count",34,1,4,2.54,"C251190CVP",0.87400001,1973830,-3587
"2025-12-22 08:00:00","CVP","Chinook Salmon","Unclipped","Fall","Spring",NA,NA,NA,NA,NA,NA,NA,NA,NA,NA,30,120,0.25,"Normal count",34,1,4,2.54,"C251188CVP",NA,1973830,-3587
"2025-12-22 08:00:00","CVP","Chinook Salmon","Unclipped","Fall","Spring",NA,NA,NA,NA,NA,NA,NA,NA,NA,NA,30,120,0.25,"Normal count",34,1,4,2.54,"C251180CVP",0.98699999,1973830,-3587
"2025-12-22 08:00:00","CVP","Chinook Salmon","Unclipped","Fall","Spring",NA,NA,NA,NA,NA,NA,NA,NA,NA,NA,30,120,0.25,"Normal count",35,1,4,2.54,"C251178CVP",0.59799999,1973831,-3587
"2025-12-22 08:00:00","CVP","Chinook Salmon","Unclipped","Fall","Spring",NA,NA,NA,NA,NA,NA,NA,NA,NA,NA,30,120,0.25,"Normal count",35,1,4,2.54,"C251189CVP",0.505,1973831,-3587
"2025-12-22 08:00:00","CVP","Chinook Salmon","Unclipped","Fall","Spring",NA,NA,NA,NA,NA,NA,NA,NA,NA,NA,30,120,0.25,"Normal count",35,1,4,2.54,"C251185CVP",0.99800003,1973831,-3587
"2025-12-22 08:00:00","CVP","Chinook Salmon","Unclipped","Fall","Spring",NA,NA,NA,NA,NA,NA,NA,NA,NA,NA,30,120,0.25,"Normal count",35,1,4,2.54,"C251182CVP",0.91799998,1973831,-3587
"2025-12-22 08:00:00","CVP","Chinook Salmon","Unclipped","Fall","Spring",NA,NA,NA,NA,NA,NA,NA,NA,NA,NA,30,120,0.25,"Normal count",35,1,4,2.54,"C251181CVP",0.98900002,1973831,-3587
"2025-12-22 08:00:00","CVP","Chinook Salmon","Unclipped","Fall","Spring",NA,NA,NA,NA,NA,NA,NA,NA,NA,NA,30,120,0.25,"Normal count",35,1,4,2.54,"C251186CVP",0.95999998,1973831,-3587
"2025-12-22 08:00:00","CVP","Chinook Salmon","Unclipped","Fall","Spring",NA,NA,NA,NA,NA,NA,NA,NA,NA,NA,30,120,0.25,"Normal count",35,1,4,2.54,"C251195CVP",0.51499999,1973831,-3587
"2025-12-22 08:00:00","CVP","Chinook Salmon","Unclipped","Fall","Spring",NA,NA,NA,NA,NA,NA,NA,NA,NA,NA,30,120,0.25,"Normal count",35,1,4,2.54,"C251192CVP",0.97399998,1973831,-3587
"2025-12-22 08:00:00","CVP","Chinook Salmon","Unclipped","Fall","Spring",NA,NA,NA,NA,NA,NA,NA,NA,NA,NA,30,120,0.25,"Normal count",36,1,4,2.54,"C251176CVP",0.972,1973832,-3587
"2025-12-22 09:00:00","SWP","Chinook Salmon","Clipped","LateFall",NA,"Spring","062199","SCARF","Production",2025-12-08,2025-12-09,2,"SAN JOAQ R GRT VAL GR 140","RMIS",13,30,120,0.25,"Normal count",170,1,4,17.16,NA,NA,1973765,-3587
"2025-12-22 09:00:00","SWP","Chinook Salmon","Clipped","LateFall",NA,"Spring","062199","SCARF","SJRRP",2025-12-08,2025-12-09,2,"San Joaquin River at Highway 140","CDFW inseason spreadsheet",13,30,120,0.25,"Normal count",170,1,4,17.16,NA,NA,1973765,-3587
"2025-12-22 10:00:00","CVP","Chinook Salmon","Unclipped","Fall","Spring",NA,NA,NA,NA,NA,NA,NA,NA,NA,NA,30,120,0.25,"Normal count",33,1,4,2.54,"C251201CVP",0.639,1973793,-3587
"2025-12-22 10:00:00","CVP","Chinook Salmon","Unclipped","Fall","Spring",NA,NA,NA,NA,NA,NA,NA,NA,NA,NA,30,120,0.25,"Normal count",34,1,4,2.54,"C251196CVP",0.98100001,1973794,-3587
"2025-12-22 10:00:00","CVP","Chinook Salmon","Unclipped","Fall","Spring",NA,NA,NA,NA,NA,NA,NA,NA,NA,NA,30,120,0.25,"Normal count",35,1,4,2.54,"C251199CVP",0.912,1973795,-3587
"2025-12-22 10:00:00","CVP","Chinook Salmon","Unclipped","Fall","Spring",NA,NA,NA,NA,NA,NA,NA,NA,NA,NA,30,120,0.25,"Normal count",35,1,4,2.54,"C251198CVP",0.81999999,1973795,-3587
"2025-12-22 10:00:00","CVP","Chinook Salmon","Unclipped","Fall","Spring",NA,NA,NA,NA,NA,NA,NA,NA,NA,NA,30,120,0.25,"Normal count",36,1,4,2.54,"C251197CVP",0.85600001,1973796,-3587
"2025-12-22 10:00:00","CVP","Chinook Salmon","Unclipped","Fall","Spring",NA,NA,NA,NA,NA,NA,NA,NA,NA,NA,30,120,0.25,"Normal count",37,1,4,2.54,"C251200CVP",0.99900001,1973797,-3587
"2025-12-22 10:00:00","CVP","Chinook Salmon","Unclipped","Fall","Spring",NA,NA,NA,NA,NA,NA,NA,NA,NA,NA,30,120,0.25,"Normal count",37,1,4,2.54,"C251202CVP",0.74000001,1973797,-3587
"2025-12-22 12:00:00","CVP","Chinook Salmon","Unclipped","Fall","Spring",NA,NA,NA,NA,NA,NA,NA,NA,NA,NA,30,120,0.25,"Normal count",36,1,4,2.54,"C251203CVP",0.60100001,1973881,-3587
"2025-12-22 12:00:00","CVP","Chinook Salmon","Unclipped","Fall","Spring",NA,NA,NA,NA,NA,NA,NA,NA,NA,NA,30,120,0.25,"Normal count",36,1,4,2.54,"C251204CVP",NA,1973881,-3587
"2025-12-22 12:00:00","CVP","Chinook Salmon","Unclipped","Fall","Spring",NA,NA,NA,NA,NA,NA,NA,NA,NA,NA,30,120,0.25,"Normal count",37,1,4,2.54,"C251205CVP",0.92400002,1973882,-3587
"2025-12-22 14:00:00","CVP","Chinook Salmon","Unclipped","Fall","Spring",NA,NA,NA,NA,NA,NA,NA,NA,NA,NA,30,120,0.25,"Normal count",33,1,4,2.54,"C251212CVP",NA,1974010,-3587
"2025-12-22 14:00:00","CVP","Chinook Salmon","Unclipped","Fall","Spring",NA,NA,NA,NA,NA,NA,NA,NA,NA,NA,30,120,0.25,"Normal count",33,1,4,2.54,"C251206CVP",0.51300001,1974010,-3587
"2025-12-22 14:00:00","CVP","Chinook Salmon","Unclipped","Fall","Spring",NA,NA,NA,NA,NA,NA,NA,NA,NA,NA,30,120,0.25,"Normal count",33,1,4,2.54,"C251207CVP",0.991,1974010,-3587
"2025-12-22 14:00:00","CVP","Chinook Salmon","Unclipped","Fall","Spring",NA,NA,NA,NA,NA,NA,NA,NA,NA,NA,30,120,0.25,"Normal count",33,1,4,2.54,"C251210CVP",NA,1974010,-3587
"2025-12-22 14:00:00","CVP","Chinook Salmon","Unclipped","Fall","Spring",NA,NA,NA,NA,NA,NA,NA,NA,NA,NA,30,120,0.25,"Normal count",33,1,4,2.54,"C251214CVP",1,1974010,-3587
"2025-12-22 14:00:00","CVP","Chinook Salmon","Unclipped","Fall","Spring",NA,NA,NA,NA,NA,NA,NA,NA,NA,NA,30,120,0.25,"Normal count",33,1,4,2.54,"C251216CVP",0.93400002,1974010,-3587
"2025-12-22 14:00:00","CVP","Chinook Salmon","Unclipped","Fall","Spring",NA,NA,NA,NA,NA,NA,NA,NA,NA,NA,30,120,0.25,"Normal count",33,1,4,2.54,"C251222CVP",0.65600002,1974010,-3587
"2025-12-22 14:00:00","CVP","Chinook Salmon","Unclipped","Fall","Spring",NA,NA,NA,NA,NA,NA,NA,NA,NA,NA,30,120,0.25,"Normal count",34,1,4,2.54,"C251209CVP",0.93800002,1974011,-3587
"2025-12-22 14:00:00","CVP","Chinook Salmon","Unclipped","Fall","Spring",NA,NA,NA,NA,NA,NA,NA,NA,NA,NA,30,120,0.25,"Normal count",34,1,4,2.54,"C251208CVP",0.63,1974011,-3587
"2025-12-22 14:00:00","CVP","Chinook Salmon","Unclipped","Fall","Spring",NA,NA,NA,NA,NA,NA,NA,NA,NA,NA,30,120,0.25,"Normal count",34,1,4,2.54,"C251215CVP",0.50800002,1974011,-3587
"2025-12-22 14:00:00","CVP","Chinook Salmon","Unclipped","Fall","Spring",NA,NA,NA,NA,NA,NA,NA,NA,NA,NA,30,120,0.25,"Normal count",35,1,4,2.54,"C251223CVP",0.59799999,1974012,-3587
"2025-12-22 14:00:00","CVP","Chinook Salmon","Unclipped","Fall","Spring",NA,NA,NA,NA,NA,NA,NA,NA,NA,NA,30,120,0.25,"Normal count",35,1,4,2.54,"C251218CVP",0.57700002,1974012,-3587
"2025-12-22 14:00:00","CVP","Chinook Salmon","Unclipped","Fall","Spring",NA,NA,NA,NA,NA,NA,NA,NA,NA,NA,30,120,0.25,"Normal count",35,1,4,2.54,"C251217CVP",1,1974012,-3587
"2025-12-22 14:00:00","CVP","Chinook Salmon","Unclipped","Fall","Spring",NA,NA,NA,NA,NA,NA,NA,NA,NA,NA,30,120,0.25,"Normal count",36,1,4,2.54,"C251213CVP",0.78500003,1974013,-3587
"2025-12-22 14:00:00","CVP","Chinook Salmon","Unclipped","Fall","Spring",NA,NA,NA,NA,NA,NA,NA,NA,NA,NA,30,120,0.25,"Normal count",36,1,4,2.54,"C251211CVP",0.88800001,1974013,-3587
"2025-12-22 14:00:00","CVP","Chinook Salmon","Unclipped","Fall","Spring",NA,NA,NA,NA,NA,NA,NA,NA,NA,NA,30,120,0.25,"Normal count",36,1,4,2.54,"C251224CVP",0.90899998,1974013,-3587
"2025-12-22 14:00:00","CVP","Chinook Salmon","Unclipped","Fall","Spring",NA,NA,NA,NA,NA,NA,NA,NA,NA,NA,30,120,0.25,"Normal count",36,1,4,2.54,"C251221CVP",0.99800003,1974013,-3587
"2025-12-22 14:00:00","CVP","Chinook Salmon","Unclipped","Fall","Spring",NA,NA,NA,NA,NA,NA,NA,NA,NA,NA,30,120,0.25,"Normal count",36,1,4,2.54,"C251219CVP",0.98199999,1974013,-3587
"2025-12-22 14:00:00","CVP","Chinook Salmon","Unclipped","Spring","Spring",NA,NA,NA,NA,NA,NA,NA,NA,NA,NA,30,120,0.25,"Normal count",38,1,4,2.54,"C251220CVP",0.71799999,1974014,-3587
"2025-12-22 16:00:00","CVP","Chinook Salmon","Unclipped","Fall","Spring",NA,NA,NA,NA,NA,NA,NA,NA,NA,NA,30,120,0.25,"Normal count",32,1,4,2.54,"C251226CVP",0.67199999,1973972,-3587
"2025-12-22 16:00:00","CVP","Chinook Salmon","Unclipped","Fall","Spring",NA,NA,NA,NA,NA,NA,NA,NA,NA,NA,30,120,0.25,"Normal count",33,1,4,2.54,"C251230CVP",0.61000001,1973973,-3587
"2025-12-22 16:00:00","CVP","Chinook Salmon","Unclipped","Fall","Spring",NA,NA,NA,NA,NA,NA,NA,NA,NA,NA,30,120,0.25,"Normal count",33,1,4,2.54,"C251245CVP",0.99800003,1973973,-3587
"2025-12-22 16:00:00","CVP","Chinook Salmon","Unclipped","Fall","Spring",NA,NA,NA,NA,NA,NA,NA,NA,NA,NA,30,120,0.25,"Normal count",33,1,4,2.54,"C251236CVP",0.99599999,1973973,-3587
"2025-12-22 16:00:00","CVP","Chinook Salmon","Unclipped","Fall","Spring",NA,NA,NA,NA,NA,NA,NA,NA,NA,NA,30,120,0.25,"Normal count",33,1,4,2.54,"C251237CVP",0.99400002,1973973,-3587
"2025-12-22 16:00:00","CVP","Chinook Salmon","Unclipped","Fall","Spring",NA,NA,NA,NA,NA,NA,NA,NA,NA,NA,30,120,0.25,"Normal count",33,1,4,2.54,"C251242CVP",0.99800003,1973973,-3587
"2025-12-22 16:00:00","CVP","Chinook Salmon","Unclipped","Fall","Spring",NA,NA,NA,NA,NA,NA,NA,NA,NA,NA,30,120,0.25,"Normal count",33,1,4,2.54,"C251249CVP",0.51800001,1973973,-3587
"2025-12-22 16:00:00","CVP","Chinook Salmon","Unclipped","Fall","Spring",NA,NA,NA,NA,NA,NA,NA,NA,NA,NA,30,120,0.25,"Normal count",33,1,4,2.54,"C251251CVP",0.99699998,1973973,-3587
"2025-12-22 16:00:00","CVP","Chinook Salmon","Unclipped","Fall","Spring",NA,NA,NA,NA,NA,NA,NA,NA,NA,NA,30,120,0.25,"Normal count",33,1,4,2.54,"C251254CVP",0.99699998,1973973,-3587
"2025-12-22 16:00:00","CVP","Chinook Salmon","Unclipped","Fall","Spring",NA,NA,NA,NA,NA,NA,NA,NA,NA,NA,30,120,0.25,"Normal count",34,1,4,2.54,"C251241CVP",1,1973974,-3587
"2025-12-22 16:00:00","CVP","Chinook Salmon","Unclipped","Fall","Spring",NA,NA,NA,NA,NA,NA,NA,NA,NA,NA,30,120,0.25,"Normal count",34,1,4,2.54,"C251231CVP",0.98000002,1973974,-3587
"2025-12-22 16:00:00","CVP","Chinook Salmon","Unclipped","Fall","Spring",NA,NA,NA,NA,NA,NA,NA,NA,NA,NA,30,120,0.25,"Normal count",34,1,4,2.54,"C251232CVP",0.56400001,1973974,-3587
"2025-12-22 16:00:00","CVP","Chinook Salmon","Unclipped","Fall","Spring",NA,NA,NA,NA,NA,NA,NA,NA,NA,NA,30,120,0.25,"Normal count",34,1,4,2.54,"C251233CVP",0.53899997,1973974,-3587
"2025-12-22 16:00:00","CVP","Chinook Salmon","Unclipped","Fall","Spring",NA,NA,NA,NA,NA,NA,NA,NA,NA,NA,30,120,0.25,"Normal count",34,1,4,2.54,"C251243CVP",1,1973974,-3587
"2025-12-22 16:00:00","CVP","Chinook Salmon","Unclipped","Fall","Spring",NA,NA,NA,NA,NA,NA,NA,NA,NA,NA,30,120,0.25,"Normal count",34,1,4,2.54,"C251244CVP",0.912,1973974,-3587
"2025-12-22 16:00:00","CVP","Chinook Salmon","Unclipped","Fall","Spring",NA,NA,NA,NA,NA,NA,NA,NA,NA,NA,30,120,0.25,"Normal count",34,1,4,2.54,"C251247CVP",0.79500002,1973974,-3587
"2025-12-22 16:00:00","CVP","Chinook Salmon","Unclipped","Fall","Spring",NA,NA,NA,NA,NA,NA,NA,NA,NA,NA,30,120,0.25,"Normal count",34,1,4,2.54,"C251252CVP",0.98799998,1973974,-3587
"2025-12-22 16:00:00","CVP","Chinook Salmon","Unclipped","Fall","Spring",NA,NA,NA,NA,NA,NA,NA,NA,NA,NA,30,120,0.25,"Normal count",35,1,4,2.54,"C251246CVP",0.83700001,1973975,-3587
"2025-12-22 16:00:00","CVP","Chinook Salmon","Unclipped","Fall","Spring",NA,NA,NA,NA,NA,NA,NA,NA,NA,NA,30,120,0.25,"Normal count",35,1,4,2.54,"C251248CVP",0.99000001,1973975,-3587
"2025-12-22 16:00:00","CVP","Chinook Salmon","Unclipped","Fall","Spring",NA,NA,NA,NA,NA,NA,NA,NA,NA,NA,30,120,0.25,"Normal count",35,1,4,2.54,"C251229CVP",1,1973975,-3587
"2025-12-22 16:00:00","CVP","Chinook Salmon","Unclipped","Fall","Spring",NA,NA,NA,NA,NA,NA,NA,NA,NA,NA,30,120,0.25,"Normal count",35,1,4,2.54,"C251238CVP",0.98100001,1973975,-3587
"2025-12-22 16:00:00","CVP","Chinook Salmon","Unclipped","Fall","Spring",NA,NA,NA,NA,NA,NA,NA,NA,NA,NA,30,120,0.25,"Normal count",35,1,4,2.54,"C251239CVP",0.82599998,1973975,-3587
"2025-12-22 16:00:00","CVP","Chinook Salmon","Unclipped","Fall","Spring",NA,NA,NA,NA,NA,NA,NA,NA,NA,NA,30,120,0.25,"Normal count",36,1,4,2.54,"C251240CVP",1,1973976,-3587
"2025-12-22 16:00:00","CVP","Chinook Salmon","Unclipped","Fall","Spring",NA,NA,NA,NA,NA,NA,NA,NA,NA,NA,30,120,0.25,"Normal count",36,1,4,2.54,"C251250CVP",0.88700002,1973976,-3587
"2025-12-22 16:00:00","CVP","Chinook Salmon","Unclipped","Fall","Spring",NA,NA,NA,NA,NA,NA,NA,NA,NA,NA,30,120,0.25,"Normal count",36,1,4,2.54,"C251227CVP",0.95099998,1973976,-3587
"2025-12-22 16:00:00","CVP","Chinook Salmon","Unclipped","Fall","Spring",NA,NA,NA,NA,NA,NA,NA,NA,NA,NA,30,120,0.25,"Normal count",36,1,4,2.54,"C251234CVP",1,1973976,-3587
"2025-12-22 16:00:00","CVP","Chinook Salmon","Unclipped","Fall","Spring",NA,NA,NA,NA,NA,NA,NA,NA,NA,NA,30,120,0.25,"Normal count",36,1,4,2.54,"C251253CVP",0.61400002,1973976,-3587
"2025-12-22 16:00:00","CVP","Chinook Salmon","Unclipped","Fall","Spring",NA,NA,NA,NA,NA,NA,NA,NA,NA,NA,30,120,0.25,"Normal count",37,1,4,2.54,"C251225CVP",0.949,1973977,-3587
"2025-12-22 16:00:00","CVP","Chinook Salmon","Unclipped","Fall","Spring",NA,NA,NA,NA,NA,NA,NA,NA,NA,NA,30,120,0.25,"Normal count",37,1,4,2.54,"C251235CVP",0.708,1973977,-3587
"2025-12-22 16:00:00","CVP","Chinook Salmon","Unclipped","Spring","Spring",NA,NA,NA,NA,NA,NA,NA,NA,NA,NA,30,120,0.25,"Normal count",38,1,4,2.54,"C251228CVP",0.96799999,1973978,-3587
"2025-12-22 18:00:00","CVP","Chinook Salmon","Unclipped","Fall","Spring",NA,NA,NA,NA,NA,NA,NA,NA,NA,NA,30,120,0.25,"Normal count",34,1,4,2.54,"C251255CVP",0.95700002,1973814,-3587
"2025-12-22 18:00:00","CVP","Chinook Salmon","Unclipped","Fall","Spring",NA,NA,NA,NA,NA,NA,NA,NA,NA,NA,30,120,0.25,"Normal count",34,1,4,2.54,"C251259CVP",0.98699999,1973814,-3587
"2025-12-22 18:00:00","CVP","Chinook Salmon","Unclipped","Fall","Spring",NA,NA,NA,NA,NA,NA,NA,NA,NA,NA,30,120,0.25,"Normal count",35,1,4,2.54,"C251260CVP",1,1973815,-3587
"2025-12-22 18:00:00","CVP","Chinook Salmon","Unclipped","Fall","Spring",NA,NA,NA,NA,NA,NA,NA,NA,NA,NA,30,120,0.25,"Normal count",36,1,4,2.54,"C251257CVP",1,1973816,-3587
"2025-12-22 18:00:00","CVP","Chinook Salmon","Unclipped","Fall","Spring",NA,NA,NA,NA,NA,NA,NA,NA,NA,NA,30,120,0.25,"Normal count",37,1,4,2.54,"C251256CVP",1,1973817,-3587
"2025-12-22 18:00:00","CVP","Chinook Salmon","Unclipped","Fall","Spring",NA,NA,NA,NA,NA,NA,NA,NA,NA,NA,30,120,0.25,"Normal count",37,1,4,2.54,"C251258CVP",1,1973817,-3587
"2025-12-22 23:59:00","CVP","Chinook Salmon","Unclipped","Fall","Spring",NA,NA,NA,NA,NA,NA,NA,NA,NA,NA,30,120,0.25,"Normal count",34,1,4,2.54,"C251261CVP",0.97500002,1973904,-3587
"2025-12-22 23:59:00","CVP","Chinook Salmon","Unclipped","Fall","Spring",NA,NA,NA,NA,NA,NA,NA,NA,NA,NA,30,120,0.25,"Normal count",34,1,4,2.54,"C251262CVP",0.99900001,1973904,-3587
"2025-12-22 23:59:00","CVP","Chinook Salmon","Unclipped","Fall","Spring",NA,NA,NA,NA,NA,NA,NA,NA,NA,NA,30,120,0.25,"Normal count",37,1,4,2.54,"C251263CVP",0.77899998,1973905,-3587
"2025-12-23 02:00:00","CVP","Chinook Salmon","Unclipped","Fall","Spring",NA,NA,NA,NA,NA,NA,NA,NA,NA,NA,30,120,0.25,"Normal count",35,1,4,2.33,"C251265CVP",0.59200001,1974117,-4012
"2025-12-23 02:00:00","CVP","Chinook Salmon","Unclipped","Fall","Spring",NA,NA,NA,NA,NA,NA,NA,NA,NA,NA,30,120,0.25,"Normal count",35,1,4,2.33,"C251264CVP",1,1974117,-4012
"2025-12-23 04:00:00","CVP","Chinook Salmon","Unclipped","Fall","Spring",NA,NA,NA,NA,NA,NA,NA,NA,NA,NA,30,120,0.25,"Normal count",35,1,4,2.33,"C251267CVP",0.99900001,1974300,-4012
"2025-12-23 04:00:00","CVP","Chinook Salmon","Unclipped","Fall","Spring",NA,NA,NA,NA,NA,NA,NA,NA,NA,NA,30,120,0.25,"Normal count",35,1,4,2.33,"C251266CVP",0.99599999,1974300,-4012
"2025-12-23 04:00:00","CVP","Chinook Salmon","Unclipped","Fall","Spring",NA,NA,NA,NA,NA,NA,NA,NA,NA,NA,30,120,0.25,"Normal count",35,1,4,2.33,"C251268CVP",0.98000002,1974300,-4012
"2025-12-23 04:00:00","CVP","Chinook Salmon","Unclipped","Fall","Spring",NA,NA,NA,NA,NA,NA,NA,NA,NA,NA,30,120,0.25,"Normal count",36,1,4,2.33,"C251269CVP",0.98299998,1974301,-4012
"2025-12-23 06:00:00","CVP","Chinook Salmon","Unclipped","Fall","Spring",NA,NA,NA,NA,NA,NA,NA,NA,NA,NA,30,120,0.25,"Normal count",33,1,4,2.33,"C251275CVP",0.99900001,1974279,-4012
"2025-12-23 06:00:00","CVP","Chinook Salmon","Unclipped","Fall","Spring",NA,NA,NA,NA,NA,NA,NA,NA,NA,NA,30,120,0.25,"Normal count",33,1,4,2.33,"C251278CVP",0.99900001,1974279,-4012
"2025-12-23 06:00:00","CVP","Chinook Salmon","Unclipped","Fall","Spring",NA,NA,NA,NA,NA,NA,NA,NA,NA,NA,30,120,0.25,"Normal count",34,1,4,2.33,"C251272CVP",0.99599999,1974280,-4012
"2025-12-23 06:00:00","CVP","Chinook Salmon","Unclipped","Fall","Spring",NA,NA,NA,NA,NA,NA,NA,NA,NA,NA,30,120,0.25,"Normal count",34,1,4,2.33,"C251270CVP",1,1974280,-4012
"2025-12-23 06:00:00","CVP","Chinook Salmon","Unclipped","Fall","Spring",NA,NA,NA,NA,NA,NA,NA,NA,NA,NA,30,120,0.25,"Normal count",34,1,4,2.33,"C251276CVP",1,1974280,-4012
"2025-12-23 06:00:00","CVP","Chinook Salmon","Unclipped","Fall","Spring",NA,NA,NA,NA,NA,NA,NA,NA,NA,NA,30,120,0.25,"Normal count",35,1,4,2.33,"C251274CVP",0.73299998,1974281,-4012
"2025-12-23 06:00:00","CVP","Chinook Salmon","Unclipped","Fall","Spring",NA,NA,NA,NA,NA,NA,NA,NA,NA,NA,30,120,0.25,"Normal count",35,1,4,2.33,"C251271CVP",0.83600003,1974281,-4012
"2025-12-23 06:00:00","CVP","Chinook Salmon","Unclipped","Fall","Spring",NA,NA,NA,NA,NA,NA,NA,NA,NA,NA,30,120,0.25,"Normal count",36,1,4,2.33,"C251277CVP",0.98299998,1974282,-4012
"2025-12-23 06:00:00","CVP","Chinook Salmon","Unclipped","Fall","Spring",NA,NA,NA,NA,NA,NA,NA,NA,NA,NA,30,120,0.25,"Normal count",36,1,4,2.33,"C251273CVP",1,1974282,-4012
"2025-12-23 06:00:00","CVP","Chinook Salmon","Unclipped","Fall","Spring",NA,NA,NA,NA,NA,NA,NA,NA,NA,NA,30,120,0.25,"Normal count",36,1,4,2.33,"C251279CVP",0.62199998,1974282,-4012
"2025-12-23 06:00:00","CVP","Chinook Salmon","Clipped","LateFall",NA,"Spring","062199","SCARF","SJRRP",2025-12-08,2025-12-09,2,"San Joaquin River at Highway 140","CDFW inseason spreadsheet",14,30,120,0.25,"Normal count",168,1,4,2.6,NA,NA,1974283,-4012
"2025-12-23 06:00:00","CVP","Chinook Salmon","Clipped","LateFall",NA,"Spring","062199","SCARF","Production",2025-12-08,2025-12-09,2,"SAN JOAQ R GRT VAL GR 140","RMIS",14,30,120,0.25,"Normal count",168,1,4,2.6,NA,NA,1974283,-4012
"2025-12-23 06:00:00","CVP","Chinook Salmon","Clipped","LateFall",NA,"Spring","062199","SCARF","SJRRP",2025-12-08,2025-12-09,2,"San Joaquin River at Highway 140","CDFW inseason spreadsheet",14,30,120,0.25,"Normal count",174,1,4,2.6,NA,NA,1974284,-4012
"2025-12-23 06:00:00","CVP","Chinook Salmon","Clipped","LateFall",NA,"Spring","062199","SCARF","Production",2025-12-08,2025-12-09,2,"SAN JOAQ R GRT VAL GR 140","RMIS",14,30,120,0.25,"Normal count",174,1,4,2.6,NA,NA,1974284,-4012
"2025-12-23 06:00:00","CVP","Chinook Salmon","Clipped","LateFall",NA,"Spring","062199","SCARF","Production",2025-12-08,2025-12-09,2,"SAN JOAQ R GRT VAL GR 140","RMIS",14,30,120,0.25,"Normal count",183,1,4,2.6,NA,NA,1974285,-4012
"2025-12-23 06:00:00","CVP","Chinook Salmon","Clipped","LateFall",NA,"Spring","062199","SCARF","SJRRP",2025-12-08,2025-12-09,2,"San Joaquin River at Highway 140","CDFW inseason spreadsheet",14,30,120,0.25,"Normal count",183,1,4,2.6,NA,NA,1974285,-4012
"2025-12-23 08:00:00","CVP","Chinook Salmon","Unclipped","Fall","Spring",NA,NA,NA,NA,NA,NA,NA,NA,NA,NA,30,120,0.25,"Normal count",32,1,4,2.33,"C251292CVP",0.95200002,1974197,-4012
"2025-12-23 08:00:00","CVP","Chinook Salmon","Unclipped","Fall","Spring",NA,NA,NA,NA,NA,NA,NA,NA,NA,NA,30,120,0.25,"Normal count",32,1,4,2.33,"C251288CVP",1,1974197,-4012
"2025-12-23 08:00:00","CVP","Chinook Salmon","Unclipped","Fall","Spring",NA,NA,NA,NA,NA,NA,NA,NA,NA,NA,30,120,0.25,"Normal count",33,1,4,2.33,"C259487CVP",0.99900001,1974198,-4012
"2025-12-23 08:00:00","CVP","Chinook Salmon","Unclipped","Fall","Spring",NA,NA,NA,NA,NA,NA,NA,NA,NA,NA,30,120,0.25,"Normal count",33,1,4,2.33,"C259481CVP",0.91600001,1974198,-4012
"2025-12-23 08:00:00","CVP","Chinook Salmon","Unclipped","Fall","Spring",NA,NA,NA,NA,NA,NA,NA,NA,NA,NA,30,120,0.25,"Normal count",34,1,4,2.33,"C259474CVP",0.90899998,1974199,-4012
"2025-12-23 08:00:00","CVP","Chinook Salmon","Unclipped","Fall","Spring",NA,NA,NA,NA,NA,NA,NA,NA,NA,NA,30,120,0.25,"Normal count",34,1,4,2.33,"C259489CVP",0.89700001,1974199,-4012
"2025-12-23 08:00:00","CVP","Chinook Salmon","Unclipped","Fall","Spring",NA,NA,NA,NA,NA,NA,NA,NA,NA,NA,30,120,0.25,"Normal count",34,1,4,2.33,"C259506CVP",0.97399998,1974199,-4012
"2025-12-23 08:00:00","CVP","Chinook Salmon","Unclipped","Fall","Spring",NA,NA,NA,NA,NA,NA,NA,NA,NA,NA,30,120,0.25,"Normal count",34,1,4,2.33,"C251283CVP",0.59799999,1974199,-4012
"2025-12-23 08:00:00","CVP","Chinook Salmon","Unclipped","Fall","Spring",NA,NA,NA,NA,NA,NA,NA,NA,NA,NA,30,120,0.25,"Normal count",34,1,4,2.33,"C251291CVP",0.676,1974199,-4012
"2025-12-23 08:00:00","CVP","Chinook Salmon","Unclipped","Fall","Spring",NA,NA,NA,NA,NA,NA,NA,NA,NA,NA,30,120,0.25,"Normal count",34,1,4,2.33,"C251293CVP",1,1974199,-4012
"2025-12-23 08:00:00","CVP","Chinook Salmon","Unclipped","Fall","Spring",NA,NA,NA,NA,NA,NA,NA,NA,NA,NA,30,120,0.25,"Normal count",34,1,4,2.33,"C251294CVP",0.70200002,1974199,-4012
"2025-12-23 08:00:00","CVP","Chinook Salmon","Unclipped","Fall","Spring",NA,NA,NA,NA,NA,NA,NA,NA,NA,NA,30,120,0.25,"Normal count",34,1,4,2.33,"C251296CVP",0.52499998,1974199,-4012
"2025-12-23 08:00:00","CVP","Chinook Salmon","Unclipped","Fall","Spring",NA,NA,NA,NA,NA,NA,NA,NA,NA,NA,30,120,0.25,"Normal count",34,1,4,2.33,"C259462CVP",0.94999999,1974199,-4012
"2025-12-23 08:00:00","CVP","Chinook Salmon","Unclipped","Fall","Spring",NA,NA,NA,NA,NA,NA,NA,NA,NA,NA,30,120,0.25,"Normal count",34,1,4,2.33,"C259464CVP",0.99800003,1974199,-4012
"2025-12-23 08:00:00","CVP","Chinook Salmon","Unclipped","Fall","Spring",NA,NA,NA,NA,NA,NA,NA,NA,NA,NA,30,120,0.25,"Normal count",34,1,4,2.33,"C259472CVP",1,1974199,-4012
"2025-12-23 08:00:00","CVP","Chinook Salmon","Unclipped","Fall","Spring",NA,NA,NA,NA,NA,NA,NA,NA,NA,NA,30,120,0.25,"Normal count",34,1,4,2.33,"C259482CVP",1,1974199,-4012
"2025-12-23 08:00:00","CVP","Chinook Salmon","Unclipped","Fall","Spring",NA,NA,NA,NA,NA,NA,NA,NA,NA,NA,30,120,0.25,"Normal count",34,1,4,2.33,"C259502CVP",0.63300002,1974199,-4012
"2025-12-23 08:00:00","CVP","Chinook Salmon","Unclipped","Fall","Spring",NA,NA,NA,NA,NA,NA,NA,NA,NA,NA,30,120,0.25,"Normal count",34,1,4,2.33,"C259496CVP",0.82499999,1974199,-4012
"2025-12-23 08:00:00","CVP","Chinook Salmon","Unclipped","Fall",NA,NA,NA,NA,NA,NA,NA,NA,NA,NA,NA,30,120,0.25,"Normal count",34,10,40,23.25,NA,NA,1974199,-4012
"2025-12-23 08:00:00","CVP","Chinook Salmon","Unclipped","Fall","Spring",NA,NA,NA,NA,NA,NA,NA,NA,NA,NA,30,120,0.25,"Normal count",34,1,4,2.33,"C259493CVP",0.99900001,1974199,-4012
"2025-12-23 08:00:00","CVP","Chinook Salmon","Unclipped","Fall","Spring",NA,NA,NA,NA,NA,NA,NA,NA,NA,NA,30,120,0.25,"Normal count",34,1,4,2.33,"C259491CVP",1,1974199,-4012
"2025-12-23 08:00:00","CVP","Chinook Salmon","Unclipped","Fall","Spring",NA,NA,NA,NA,NA,NA,NA,NA,NA,NA,30,120,0.25,"Normal count",35,1,4,2.33,"C251282CVP",0.92000002,1974200,-4012
"2025-12-23 08:00:00","CVP","Chinook Salmon","Unclipped","Fall","Spring",NA,NA,NA,NA,NA,NA,NA,NA,NA,NA,30,120,0.25,"Normal count",35,1,4,2.33,"C251281CVP",0.72100002,1974200,-4012
"2025-12-23 08:00:00","CVP","Chinook Salmon","Unclipped","Fall","Spring",NA,NA,NA,NA,NA,NA,NA,NA,NA,NA,30,120,0.25,"Normal count",35,1,4,2.33,"C259490CVP",0.69400001,1974200,-4012
"2025-12-23 08:00:00","CVP","Chinook Salmon","Unclipped","Fall","Spring",NA,NA,NA,NA,NA,NA,NA,NA,NA,NA,30,120,0.25,"Normal count",35,1,4,2.33,"C259494CVP",1,1974200,-4012
"2025-12-23 08:00:00","CVP","Chinook Salmon","Unclipped","Fall","Spring",NA,NA,NA,NA,NA,NA,NA,NA,NA,NA,30,120,0.25,"Normal count",35,1,4,2.33,"C259497CVP",0.99900001,1974200,-4012
"2025-12-23 08:00:00","CVP","Chinook Salmon","Unclipped","Fall","Spring",NA,NA,NA,NA,NA,NA,NA,NA,NA,NA,30,120,0.25,"Normal count",35,1,4,2.33,"C259498CVP",0.92000002,1974200,-4012
"2025-12-23 08:00:00","CVP","Chinook Salmon","Unclipped","Fall","Spring",NA,NA,NA,NA,NA,NA,NA,NA,NA,NA,30,120,0.25,"Normal count",35,1,4,2.33,"C259504CVP",1,1974200,-4012
"2025-12-23 08:00:00","CVP","Chinook Salmon","Unclipped","Fall",NA,NA,NA,NA,NA,NA,NA,NA,NA,NA,NA,30,120,0.25,"Normal count",35,5,20,11.63,NA,NA,1974200,-4012
"2025-12-23 08:00:00","CVP","Chinook Salmon","Unclipped","Fall","Spring",NA,NA,NA,NA,NA,NA,NA,NA,NA,NA,30,120,0.25,"Normal count",35,1,4,2.33,"C259486CVP",0.99400002,1974200,-4012
"2025-12-23 08:00:00","CVP","Chinook Salmon","Unclipped","Fall","Spring",NA,NA,NA,NA,NA,NA,NA,NA,NA,NA,30,120,0.25,"Normal count",35,1,4,2.33,"C259483CVP",1,1974200,-4012
"2025-12-23 08:00:00","CVP","Chinook Salmon","Unclipped","Fall","Spring",NA,NA,NA,NA,NA,NA,NA,NA,NA,NA,30,120,0.25,"Normal count",35,1,4,2.33,"C259480CVP",0.90899998,1974200,-4012
"2025-12-23 08:00:00","CVP","Chinook Salmon","Unclipped","Fall","Spring",NA,NA,NA,NA,NA,NA,NA,NA,NA,NA,30,120,0.25,"Normal count",35,1,4,2.33,"C259478CVP",0.99599999,1974200,-4012
"2025-12-23 08:00:00","CVP","Chinook Salmon","Unclipped","Fall","Spring",NA,NA,NA,NA,NA,NA,NA,NA,NA,NA,30,120,0.25,"Normal count",35,1,4,2.33,"C259471CVP",0.99900001,1974200,-4012
"2025-12-23 08:00:00","CVP","Chinook Salmon","Unclipped","Fall","Spring",NA,NA,NA,NA,NA,NA,NA,NA,NA,NA,30,120,0.25,"Normal count",35,1,4,2.33,"C259466CVP",0.99900001,1974200,-4012
"2025-12-23 08:00:00","CVP","Chinook Salmon","Unclipped","Fall","Spring",NA,NA,NA,NA,NA,NA,NA,NA,NA,NA,30,120,0.25,"Normal count",35,1,4,2.33,"C259465CVP",0.69,1974200,-4012
"2025-12-23 08:00:00","CVP","Chinook Salmon","Unclipped","Fall","Spring",NA,NA,NA,NA,NA,NA,NA,NA,NA,NA,30,120,0.25,"Normal count",35,1,4,2.33,"C259463CVP",0.80900002,1974200,-4012
"2025-12-23 08:00:00","CVP","Chinook Salmon","Unclipped","Fall","Spring",NA,NA,NA,NA,NA,NA,NA,NA,NA,NA,30,120,0.25,"Normal count",35,1,4,2.33,"C251290CVP",0.98100001,1974200,-4012
"2025-12-23 08:00:00","CVP","Chinook Salmon","Unclipped","Fall","Spring",NA,NA,NA,NA,NA,NA,NA,NA,NA,NA,30,120,0.25,"Normal count",35,1,4,2.33,"C251289CVP",0.95300001,1974200,-4012
"2025-12-23 08:00:00","CVP","Chinook Salmon","Unclipped","Fall","Spring",NA,NA,NA,NA,NA,NA,NA,NA,NA,NA,30,120,0.25,"Normal count",35,1,4,2.33,"C251287CVP",0.99699998,1974200,-4012
"2025-12-23 08:00:00","CVP","Chinook Salmon","Unclipped","Fall","Spring",NA,NA,NA,NA,NA,NA,NA,NA,NA,NA,30,120,0.25,"Normal count",35,1,4,2.33,"C251286CVP",0.89300001,1974200,-4012
"2025-12-23 08:00:00","CVP","Chinook Salmon","Unclipped","Fall","Spring",NA,NA,NA,NA,NA,NA,NA,NA,NA,NA,30,120,0.25,"Normal count",35,1,4,2.33,"C251285CVP",0.99900001,1974200,-4012
"2025-12-23 08:00:00","CVP","Chinook Salmon","Unclipped","Fall","Spring",NA,NA,NA,NA,NA,NA,NA,NA,NA,NA,30,120,0.25,"Normal count",35,1,4,2.33,"C251284CVP",0.99900001,1974200,-4012
"2025-12-23 08:00:00","CVP","Chinook Salmon","Unclipped","Fall",NA,NA,NA,NA,NA,NA,NA,NA,NA,NA,NA,30,120,0.25,"Normal count",36,4,16,9.3,NA,NA,1974201,-4012
"2025-12-23 08:00:00","CVP","Chinook Salmon","Unclipped","Fall","Spring",NA,NA,NA,NA,NA,NA,NA,NA,NA,NA,30,120,0.25,"Normal count",36,1,4,2.33,"C251295CVP",0.79299998,1974201,-4012
"2025-12-23 08:00:00","CVP","Chinook Salmon","Unclipped","Fall","Spring",NA,NA,NA,NA,NA,NA,NA,NA,NA,NA,30,120,0.25,"Normal count",36,1,4,2.33,"C259468CVP",0.80900002,1974201,-4012
"2025-12-23 08:00:00","CVP","Chinook Salmon","Unclipped","Fall","Spring",NA,NA,NA,NA,NA,NA,NA,NA,NA,NA,30,120,0.25,"Normal count",36,1,4,2.33,"C259469CVP",1,1974201,-4012
"2025-12-23 08:00:00","CVP","Chinook Salmon","Unclipped","Fall","Spring",NA,NA,NA,NA,NA,NA,NA,NA,NA,NA,30,120,0.25,"Normal count",36,1,4,2.33,"C259470CVP",0.98000002,1974201,-4012
"2025-12-23 08:00:00","CVP","Chinook Salmon","Unclipped","Fall","Spring",NA,NA,NA,NA,NA,NA,NA,NA,NA,NA,30,120,0.25,"Normal count",36,1,4,2.33,"C259476CVP",0.88300002,1974201,-4012
"2025-12-23 08:00:00","CVP","Chinook Salmon","Unclipped","Fall","Spring",NA,NA,NA,NA,NA,NA,NA,NA,NA,NA,30,120,0.25,"Normal count",36,1,4,2.33,"C259479CVP",0.98699999,1974201,-4012
"2025-12-23 08:00:00","CVP","Chinook Salmon","Unclipped","Fall","Spring",NA,NA,NA,NA,NA,NA,NA,NA,NA,NA,30,120,0.25,"Normal count",36,1,4,2.33,"C259488CVP",0.58600003,1974201,-4012
"2025-12-23 08:00:00","CVP","Chinook Salmon","Unclipped","Fall","Spring",NA,NA,NA,NA,NA,NA,NA,NA,NA,NA,30,120,0.25,"Normal count",36,1,4,2.33,"C259492CVP",0.91600001,1974201,-4012
"2025-12-23 08:00:00","CVP","Chinook Salmon","Unclipped","Fall","Spring",NA,NA,NA,NA,NA,NA,NA,NA,NA,NA,30,120,0.25,"Normal count",36,1,4,2.33,"C259495CVP",0.92400002,1974201,-4012
"2025-12-23 08:00:00","CVP","Chinook Salmon","Unclipped","Fall","Spring",NA,NA,NA,NA,NA,NA,NA,NA,NA,NA,30,120,0.25,"Normal count",36,1,4,2.33,"C259499CVP",0.95300001,1974201,-4012
"2025-12-23 08:00:00","CVP","Chinook Salmon","Unclipped","Fall","Spring",NA,NA,NA,NA,NA,NA,NA,NA,NA,NA,30,120,0.25,"Normal count",36,1,4,2.33,"C259500CVP",0.56300002,1974201,-4012
"2025-12-23 08:00:00","CVP","Chinook Salmon","Unclipped","Fall","Spring",NA,NA,NA,NA,NA,NA,NA,NA,NA,NA,30,120,0.25,"Normal count",36,1,4,2.33,"C259501CVP",0.99599999,1974201,-4012
"2025-12-23 08:00:00","CVP","Chinook Salmon","Unclipped","Fall","Spring",NA,NA,NA,NA,NA,NA,NA,NA,NA,NA,30,120,0.25,"Normal count",36,1,4,2.33,"C259507CVP",0.89399999,1974201,-4012
"2025-12-23 08:00:00","CVP","Chinook Salmon","Unclipped","Fall","Spring",NA,NA,NA,NA,NA,NA,NA,NA,NA,NA,30,120,0.25,"Normal count",36,1,4,2.33,"C259508CVP",0.96200001,1974201,-4012
"2025-12-23 08:00:00","CVP","Chinook Salmon","Unclipped","Fall","Spring",NA,NA,NA,NA,NA,NA,NA,NA,NA,NA,30,120,0.25,"Normal count",37,1,4,2.33,"C259503CVP",0.991,1974202,-4012
"2025-12-23 08:00:00","CVP","Chinook Salmon","Unclipped","Fall",NA,NA,NA,NA,NA,NA,NA,NA,NA,NA,NA,30,120,0.25,"Normal count",37,5,20,11.63,NA,NA,1974202,-4012
"2025-12-23 08:00:00","CVP","Chinook Salmon","Unclipped","Fall","Spring",NA,NA,NA,NA,NA,NA,NA,NA,NA,NA,30,120,0.25,"Normal count",37,1,4,2.33,"C259505CVP",0.991,1974202,-4012
"2025-12-23 08:00:00","CVP","Chinook Salmon","Unclipped","Fall","Spring",NA,NA,NA,NA,NA,NA,NA,NA,NA,NA,30,120,0.25,"Normal count",37,1,4,2.33,"C251280CVP",0.84600002,1974202,-4012
"2025-12-23 08:00:00","CVP","Chinook Salmon","Unclipped","Fall","Spring",NA,NA,NA,NA,NA,NA,NA,NA,NA,NA,30,120,0.25,"Normal count",37,1,4,2.33,"C259467CVP",0.98199999,1974202,-4012
"2025-12-23 08:00:00","CVP","Chinook Salmon","Unclipped","Fall","Spring",NA,NA,NA,NA,NA,NA,NA,NA,NA,NA,30,120,0.25,"Normal count",37,1,4,2.33,"C259473CVP",0.53600001,1974202,-4012
"2025-12-23 08:00:00","CVP","Chinook Salmon","Unclipped","Fall","Spring",NA,NA,NA,NA,NA,NA,NA,NA,NA,NA,30,120,0.25,"Normal count",37,1,4,2.33,"C259475CVP",0.98699999,1974202,-4012
"2025-12-23 08:00:00","CVP","Chinook Salmon","Unclipped","Fall","Spring",NA,NA,NA,NA,NA,NA,NA,NA,NA,NA,30,120,0.25,"Normal count",37,1,4,2.33,"C259477CVP",0.99199998,1974202,-4012
"2025-12-23 08:00:00","CVP","Chinook Salmon","Unclipped","Fall","Spring",NA,NA,NA,NA,NA,NA,NA,NA,NA,NA,30,120,0.25,"Normal count",37,1,4,2.33,"C259484CVP",1,1974202,-4012
"2025-12-23 08:00:00","CVP","Chinook Salmon","Unclipped","Spring","Spring",NA,NA,NA,NA,NA,NA,NA,NA,NA,NA,30,120,0.25,"Normal count",38,1,4,2.33,"C259509CVP",0.98500001,1974203,-4012
"2025-12-23 08:00:00","CVP","Chinook Salmon","Unclipped","Spring",NA,NA,NA,NA,NA,NA,NA,NA,NA,NA,NA,30,120,0.25,"Normal count",40,1,4,2.33,NA,NA,1974204,-4012
"2025-12-23 08:00:00","CVP","Chinook Salmon","Clipped","LateFall",NA,"Spring","062199","SCARF","SJRRP",2025-12-08,2025-12-09,2,"San Joaquin River at Highway 140","CDFW inseason spreadsheet",14,30,120,0.25,"Normal count",178,1,4,2.6,NA,NA,1974205,-4012
"2025-12-23 08:00:00","CVP","Chinook Salmon","Clipped","LateFall",NA,"Spring","062199","SCARF","Production",2025-12-08,2025-12-09,2,"SAN JOAQ R GRT VAL GR 140","RMIS",14,30,120,0.25,"Normal count",178,1,4,2.6,NA,NA,1974205,-4012
"2025-12-23 08:00:00","CVP","Chinook Salmon","Clipped","Fall",NA,"Spring","062199","SCARF","SJRRP",2025-12-08,2025-12-09,2,"San Joaquin River at Highway 140","CDFW inseason spreadsheet",14,30,120,0.25,"Normal count",192,1,4,2.6,NA,NA,1974206,-4012
"2025-12-23 08:00:00","CVP","Chinook Salmon","Clipped","Fall",NA,"Spring","062199","SCARF","Production",2025-12-08,2025-12-09,2,"SAN JOAQ R GRT VAL GR 140","RMIS",14,30,120,0.25,"Normal count",192,1,4,2.6,NA,NA,1974206,-4012
"2025-12-23 10:00:00","CVP","Chinook Salmon","Unclipped","Fall","Spring",NA,NA,NA,NA,NA,NA,NA,NA,NA,NA,30,120,0.25,"Normal count",33,1,4,2.33,"C259523CVP",0.99000001,1974233,-4012
"2025-12-23 10:00:00","CVP","Chinook Salmon","Unclipped","Fall","Spring",NA,NA,NA,NA,NA,NA,NA,NA,NA,NA,30,120,0.25,"Normal count",33,1,4,2.33,"C259521CVP",0.90700001,1974233,-4012
"2025-12-23 10:00:00","CVP","Chinook Salmon","Unclipped","Fall","Spring",NA,NA,NA,NA,NA,NA,NA,NA,NA,NA,30,120,0.25,"Normal count",33,1,4,2.33,"C259520CVP",0.71200001,1974233,-4012
"2025-12-23 10:00:00","CVP","Chinook Salmon","Unclipped","Fall","Spring",NA,NA,NA,NA,NA,NA,NA,NA,NA,NA,30,120,0.25,"Normal count",33,1,4,2.33,"C259514CVP",0.92900002,1974233,-4012
"2025-12-23 10:00:00","CVP","Chinook Salmon","Unclipped","Fall","Spring",NA,NA,NA,NA,NA,NA,NA,NA,NA,NA,30,120,0.25,"Normal count",33,1,4,2.33,"C259512CVP",0.98400003,1974233,-4012
"2025-12-23 10:00:00","CVP","Chinook Salmon","Unclipped","Fall","Spring",NA,NA,NA,NA,NA,NA,NA,NA,NA,NA,30,120,0.25,"Normal count",33,1,4,2.33,"C259510CVP",0.977,1974233,-4012
"2025-12-23 10:00:00","CVP","Chinook Salmon","Unclipped","Fall","Spring",NA,NA,NA,NA,NA,NA,NA,NA,NA,NA,30,120,0.25,"Normal count",34,1,4,2.33,"C259517CVP",0.92500001,1974234,-4012
"2025-12-23 10:00:00","CVP","Chinook Salmon","Unclipped","Fall","Spring",NA,NA,NA,NA,NA,NA,NA,NA,NA,NA,30,120,0.25,"Normal count",34,1,4,2.33,"C259518CVP",0.99699998,1974234,-4012
"2025-12-23 10:00:00","CVP","Chinook Salmon","Unclipped","Fall","Spring",NA,NA,NA,NA,NA,NA,NA,NA,NA,NA,30,120,0.25,"Normal count",34,1,4,2.33,"C259519CVP",0.99599999,1974234,-4012
"2025-12-23 10:00:00","CVP","Chinook Salmon","Unclipped","Fall","Spring",NA,NA,NA,NA,NA,NA,NA,NA,NA,NA,30,120,0.25,"Normal count",35,1,4,2.33,"C259511CVP",1,1974235,-4012
"2025-12-23 10:00:00","CVP","Chinook Salmon","Unclipped","Fall","Spring",NA,NA,NA,NA,NA,NA,NA,NA,NA,NA,30,120,0.25,"Normal count",35,1,4,2.33,"C259522CVP",1,1974235,-4012
"2025-12-23 10:00:00","CVP","Chinook Salmon","Unclipped","Fall","Spring",NA,NA,NA,NA,NA,NA,NA,NA,NA,NA,30,120,0.25,"Normal count",35,1,4,2.33,"C259515CVP",1,1974235,-4012
"2025-12-23 10:00:00","CVP","Chinook Salmon","Unclipped","Fall","Spring",NA,NA,NA,NA,NA,NA,NA,NA,NA,NA,30,120,0.25,"Normal count",36,1,4,2.33,"C259516CVP",0.72100002,1974236,-4012
"2025-12-23 10:00:00","CVP","Chinook Salmon","Unclipped","Fall","Spring",NA,NA,NA,NA,NA,NA,NA,NA,NA,NA,30,120,0.25,"Normal count",36,1,4,2.33,"C259513CVP",0.99199998,1974236,-4012
"2025-12-23 12:00:00","CVP","Chinook Salmon","Unclipped","Fall","Spring",NA,NA,NA,NA,NA,NA,NA,NA,NA,NA,30,120,0.25,"Normal count",34,1,4,2.33,"C259524CVP",0.99800003,1974324,-4012
"2025-12-23 12:00:00","CVP","Chinook Salmon","Unclipped","Fall",NA,NA,NA,NA,NA,NA,NA,NA,NA,NA,NA,30,120,0.25,"Normal count",34,1,4,2.33,NA,NA,1974324,-4012
"2025-12-23 12:00:00","CVP","Chinook Salmon","Unclipped","Fall","Spring",NA,NA,NA,NA,NA,NA,NA,NA,NA,NA,30,120,0.25,"Normal count",34,1,4,2.33,"C259531CVP",0.99299997,1974324,-4012
"2025-12-23 12:00:00","CVP","Chinook Salmon","Unclipped","Fall","Spring",NA,NA,NA,NA,NA,NA,NA,NA,NA,NA,30,120,0.25,"Normal count",34,1,4,2.33,"C259528CVP",0.99199998,1974324,-4012
"2025-12-23 12:00:00","CVP","Chinook Salmon","Unclipped","Fall","Spring",NA,NA,NA,NA,NA,NA,NA,NA,NA,NA,30,120,0.25,"Normal count",35,1,4,2.33,"C259529CVP",0.97399998,1974325,-4012
"2025-12-23 12:00:00","CVP","Chinook Salmon","Unclipped","Fall",NA,NA,NA,NA,NA,NA,NA,NA,NA,NA,NA,30,120,0.25,"Normal count",35,1,4,2.33,NA,NA,1974325,-4012
"2025-12-23 12:00:00","CVP","Chinook Salmon","Unclipped","Fall","Spring",NA,NA,NA,NA,NA,NA,NA,NA,NA,NA,30,120,0.25,"Normal count",37,1,4,2.33,"C259525CVP",0.98900002,1974326,-4012
"2025-12-23 12:00:00","CVP","Chinook Salmon","Unclipped","Fall","Spring",NA,NA,NA,NA,NA,NA,NA,NA,NA,NA,30,120,0.25,"Normal count",37,1,4,2.33,"C259527CVP",0.62900001,1974326,-4012
"2025-12-23 12:00:00","CVP","Chinook Salmon","Unclipped","Fall","Spring",NA,NA,NA,NA,NA,NA,NA,NA,NA,NA,30,120,0.25,"Normal count",37,1,4,2.33,"C259532CVP",0.68000001,1974326,-4012
"2025-12-23 14:00:00","CVP","Chinook Salmon","Unclipped","Fall",NA,NA,NA,NA,NA,NA,NA,NA,NA,NA,NA,30,120,0.25,"Normal count",32,1,4,2.33,NA,NA,1974173,-4012
"2025-12-23 14:00:00","CVP","Chinook Salmon","Unclipped","Fall","Spring",NA,NA,NA,NA,NA,NA,NA,NA,NA,NA,30,120,0.25,"Normal count",33,1,4,2.33,"C259537CVP",0.99400002,1974174,-4012
"2025-12-23 14:00:00","CVP","Chinook Salmon","Unclipped","Fall","Spring",NA,NA,NA,NA,NA,NA,NA,NA,NA,NA,30,120,0.25,"Normal count",33,1,4,2.33,"C259545CVP",0.99900001,1974174,-4012
"2025-12-23 14:00:00","CVP","Chinook Salmon","Unclipped","Fall",NA,NA,NA,NA,NA,NA,NA,NA,NA,NA,NA,30,120,0.25,"Normal count",33,1,4,2.33,NA,NA,1974174,-4012
"2025-12-23 14:00:00","CVP","Chinook Salmon","Unclipped","Fall","Spring",NA,NA,NA,NA,NA,NA,NA,NA,NA,NA,30,120,0.25,"Normal count",34,1,4,2.33,"C259541CVP",0.56400001,1974175,-4012
"2025-12-23 14:00:00","CVP","Chinook Salmon","Unclipped","Fall",NA,NA,NA,NA,NA,NA,NA,NA,NA,NA,NA,30,120,0.25,"Normal count",34,2,8,4.65,NA,NA,1974175,-4012
"2025-12-23 14:00:00","CVP","Chinook Salmon","Unclipped","Fall","Spring",NA,NA,NA,NA,NA,NA,NA,NA,NA,NA,30,120,0.25,"Normal count",34,1,4,2.33,"C259533CVP",0.99900001,1974175,-4012
"2025-12-23 14:00:00","CVP","Chinook Salmon","Unclipped","Fall","Spring",NA,NA,NA,NA,NA,NA,NA,NA,NA,NA,30,120,0.25,"Normal count",35,1,4,2.33,"C259535CVP",1,1974176,-4012
"2025-12-23 14:00:00","CVP","Chinook Salmon","Unclipped","Fall",NA,NA,NA,NA,NA,NA,NA,NA,NA,NA,NA,30,120,0.25,"Normal count",35,9,36,20.93,NA,NA,1974176,-4012
"2025-12-23 14:00:00","CVP","Chinook Salmon","Unclipped","Fall","Spring",NA,NA,NA,NA,NA,NA,NA,NA,NA,NA,30,120,0.25,"Normal count",35,1,4,2.33,"C259544CVP",1,1974176,-4012
"2025-12-23 14:00:00","CVP","Chinook Salmon","Unclipped","Fall","Spring",NA,NA,NA,NA,NA,NA,NA,NA,NA,NA,30,120,0.25,"Normal count",35,1,4,2.33,"C259542CVP",0.986,1974176,-4012
"2025-12-23 14:00:00","CVP","Chinook Salmon","Unclipped","Fall","Spring",NA,NA,NA,NA,NA,NA,NA,NA,NA,NA,30,120,0.25,"Normal count",35,1,4,2.33,"C259534CVP",0.70999998,1974176,-4012
"2025-12-23 14:00:00","CVP","Chinook Salmon","Unclipped","Fall","Spring",NA,NA,NA,NA,NA,NA,NA,NA,NA,NA,30,120,0.25,"Normal count",35,1,4,2.33,"C259546CVP",0.99699998,1974176,-4012
"2025-12-23 14:00:00","CVP","Chinook Salmon","Unclipped","Fall","Spring",NA,NA,NA,NA,NA,NA,NA,NA,NA,NA,30,120,0.25,"Normal count",36,1,4,2.33,"C259536CVP",0.829,1974177,-4012
"2025-12-23 14:00:00","CVP","Chinook Salmon","Unclipped","Fall","Spring",NA,NA,NA,NA,NA,NA,NA,NA,NA,NA,30,120,0.25,"Normal count",36,1,4,2.33,"C259543CVP",0.63599998,1974177,-4012
"2025-12-23 14:00:00","CVP","Chinook Salmon","Unclipped","Fall","Spring",NA,NA,NA,NA,NA,NA,NA,NA,NA,NA,30,120,0.25,"Normal count",36,1,4,2.33,"C259547CVP",0.99299997,1974177,-4012
"2025-12-23 14:00:00","CVP","Chinook Salmon","Unclipped","Fall",NA,NA,NA,NA,NA,NA,NA,NA,NA,NA,NA,30,120,0.25,"Normal count",36,4,16,9.3,NA,NA,1974177,-4012
"2025-12-23 14:00:00","CVP","Chinook Salmon","Unclipped","Fall","Spring",NA,NA,NA,NA,NA,NA,NA,NA,NA,NA,30,120,0.25,"Normal count",36,1,4,2.33,"C259539CVP",1,1974177,-4012
"2025-12-23 14:00:00","CVP","Chinook Salmon","Unclipped","Fall",NA,NA,NA,NA,NA,NA,NA,NA,NA,NA,NA,30,120,0.25,"Normal count",37,5,20,11.63,NA,NA,1974178,-4012
"2025-12-23 14:00:00","CVP","Chinook Salmon","Unclipped","Fall","Spring",NA,NA,NA,NA,NA,NA,NA,NA,NA,NA,30,120,0.25,"Normal count",37,1,4,2.33,"C259540CVP",0.95599997,1974178,-4012
"2025-12-23 14:00:00","CVP","Chinook Salmon","Unclipped","Fall","Spring",NA,NA,NA,NA,NA,NA,NA,NA,NA,NA,30,120,0.25,"Normal count",37,1,4,2.33,"C259538CVP",0.97299999,1974178,-4012
"2025-12-23 14:00:00","CVP","Chinook Salmon","Unclipped","Fall","Spring",NA,NA,NA,NA,NA,NA,NA,NA,NA,NA,30,120,0.25,"Normal count",37,1,4,2.33,"C259548CVP",0.99900001,1974178,-4012
"2025-12-23 14:00:00","CVP","Chinook Salmon","Unclipped","Spring",NA,NA,NA,NA,NA,NA,NA,NA,NA,NA,NA,30,120,0.25,"Normal count",38,1,4,2.33,NA,NA,1974179,-4012
"2025-12-23 16:00:00","CVP","Chinook Salmon","Unclipped","Fall",NA,NA,NA,NA,NA,NA,NA,NA,NA,NA,NA,30,120,0.25,"Normal count",33,4,16,9.3,NA,NA,1974089,-4012
"2025-12-23 16:00:00","CVP","Chinook Salmon","Unclipped","Fall","Spring",NA,NA,NA,NA,NA,NA,NA,NA,NA,NA,30,120,0.25,"Normal count",33,1,4,2.33,"C259562CVP",0.53200001,1974089,-4012
"2025-12-23 16:00:00","CVP","Chinook Salmon","Unclipped","Fall","Spring",NA,NA,NA,NA,NA,NA,NA,NA,NA,NA,30,120,0.25,"Normal count",33,1,4,2.33,"C259560CVP",0.99299997,1974089,-4012
"2025-12-23 16:00:00","CVP","Chinook Salmon","Unclipped","Fall","Spring",NA,NA,NA,NA,NA,NA,NA,NA,NA,NA,30,120,0.25,"Normal count",33,1,4,2.33,"C259555CVP",0.90700001,1974089,-4012
"2025-12-23 16:00:00","CVP","Chinook Salmon","Unclipped","Fall","Spring",NA,NA,NA,NA,NA,NA,NA,NA,NA,NA,30,120,0.25,"Normal count",33,1,4,2.33,"C259554CVP",0.99900001,1974089,-4012
"2025-12-23 16:00:00","CVP","Chinook Salmon","Unclipped","Fall","Spring",NA,NA,NA,NA,NA,NA,NA,NA,NA,NA,30,120,0.25,"Normal count",33,1,4,2.33,"C259551CVP",0.99800003,1974089,-4012
"2025-12-23 16:00:00","CVP","Chinook Salmon","Unclipped","Fall",NA,NA,NA,NA,NA,NA,NA,NA,NA,NA,NA,30,120,0.25,"Normal count",34,7,28,16.28,NA,NA,1974090,-4012
"2025-12-23 16:00:00","CVP","Chinook Salmon","Unclipped","Fall","Spring",NA,NA,NA,NA,NA,NA,NA,NA,NA,NA,30,120,0.25,"Normal count",34,1,4,2.33,"C259556CVP",0.93800002,1974090,-4012
"2025-12-23 16:00:00","CVP","Chinook Salmon","Unclipped","Fall","Spring",NA,NA,NA,NA,NA,NA,NA,NA,NA,NA,30,120,0.25,"Normal count",34,1,4,2.33,"C259557CVP",0.55800003,1974090,-4012
"2025-12-23 16:00:00","CVP","Chinook Salmon","Unclipped","Fall","Spring",NA,NA,NA,NA,NA,NA,NA,NA,NA,NA,30,120,0.25,"Normal count",34,1,4,2.33,"C259552CVP",0.99800003,1974090,-4012
"2025-12-23 16:00:00","CVP","Chinook Salmon","Unclipped","Fall","Spring",NA,NA,NA,NA,NA,NA,NA,NA,NA,NA,30,120,0.25,"Normal count",34,1,4,2.33,"C259549CVP",0.83499998,1974090,-4012
"2025-12-23 16:00:00","CVP","Chinook Salmon","Unclipped","Fall","Spring",NA,NA,NA,NA,NA,NA,NA,NA,NA,NA,30,120,0.25,"Normal count",35,1,4,2.33,"C259553CVP",0.83999997,1974091,-4012
"2025-12-23 16:00:00","CVP","Chinook Salmon","Unclipped","Fall","Spring",NA,NA,NA,NA,NA,NA,NA,NA,NA,NA,30,120,0.25,"Normal count",35,1,4,2.33,"C259558CVP",1,1974091,-4012
"2025-12-23 16:00:00","CVP","Chinook Salmon","Unclipped","Fall",NA,NA,NA,NA,NA,NA,NA,NA,NA,NA,NA,30,120,0.25,"Normal count",35,5,20,11.63,NA,NA,1974091,-4012
"2025-12-23 16:00:00","CVP","Chinook Salmon","Unclipped","Fall","Spring",NA,NA,NA,NA,NA,NA,NA,NA,NA,NA,30,120,0.25,"Normal count",36,1,4,2.33,"C259559CVP",1,1974092,-4012
"2025-12-23 16:00:00","CVP","Chinook Salmon","Unclipped","Fall","Spring",NA,NA,NA,NA,NA,NA,NA,NA,NA,NA,30,120,0.25,"Normal count",36,1,4,2.33,"C259561CVP",0.63800001,1974092,-4012
"2025-12-23 16:00:00","CVP","Chinook Salmon","Unclipped","Fall",NA,NA,NA,NA,NA,NA,NA,NA,NA,NA,NA,30,120,0.25,"Normal count",36,2,8,4.65,NA,NA,1974092,-4012
"2025-12-23 16:00:00","CVP","Chinook Salmon","Unclipped","Fall","Spring",NA,NA,NA,NA,NA,NA,NA,NA,NA,NA,30,120,0.25,"Normal count",36,1,4,2.33,"C259550CVP",0.98699999,1974092,-4012
"2025-12-23 18:00:00","CVP","Chinook Salmon","Unclipped","Fall","Spring",NA,NA,NA,NA,NA,NA,NA,NA,NA,NA,30,120,0.25,"Normal count",34,1,4,2.33,"C259567CVP",0.82700002,1974297,-4012
"2025-12-23 18:00:00","CVP","Chinook Salmon","Unclipped","Fall","Spring",NA,NA,NA,NA,NA,NA,NA,NA,NA,NA,30,120,0.25,"Normal count",34,1,4,2.33,"C259563CVP",0.78200001,1974297,-4012
"2025-12-23 18:00:00","CVP","Chinook Salmon","Unclipped","Fall","Spring",NA,NA,NA,NA,NA,NA,NA,NA,NA,NA,30,120,0.25,"Normal count",34,1,4,2.33,"C259564CVP",0.99800003,1974297,-4012
"2025-12-23 18:00:00","CVP","Chinook Salmon","Unclipped","Fall","Spring",NA,NA,NA,NA,NA,NA,NA,NA,NA,NA,30,120,0.25,"Normal count",34,1,4,2.33,"C259569CVP",0.977,1974297,-4012
"2025-12-23 18:00:00","CVP","Chinook Salmon","Unclipped","Fall","Spring",NA,NA,NA,NA,NA,NA,NA,NA,NA,NA,30,120,0.25,"Normal count",35,1,4,2.33,"C259568CVP",1,1974298,-4012
"2025-12-23 18:00:00","CVP","Chinook Salmon","Unclipped","Fall","Spring",NA,NA,NA,NA,NA,NA,NA,NA,NA,NA,30,120,0.25,"Normal count",35,1,4,2.33,"C259566CVP",1,1974298,-4012
"2025-12-23 18:00:00","CVP","Chinook Salmon","Unclipped","Fall","Spring",NA,NA,NA,NA,NA,NA,NA,NA,NA,NA,30,120,0.25,"Normal count",36,1,4,2.33,"C259565CVP",0.61199999,1974299,-4012
"2025-12-23 23:59:00","CVP","Chinook Salmon","Clipped","LateFall",NA,"Spring","062199","SCARF","Production",2025-12-08,2025-12-09,2,"SAN JOAQ R GRT VAL GR 140","RMIS",14,30,120,0.25,"Normal count",181,1,4,2.6,NA,NA,1974153,-4012
"2025-12-23 23:59:00","CVP","Chinook Salmon","Clipped","LateFall",NA,"Spring","062199","SCARF","SJRRP",2025-12-08,2025-12-09,2,"San Joaquin River at Highway 140","CDFW inseason spreadsheet",14,30,120,0.25,"Normal count",181,1,4,2.6,NA,NA,1974153,-4012
"2025-12-24 02:00:00","CVP","Chinook Salmon","Unclipped","Fall","Spring",NA,NA,NA,NA,NA,NA,NA,NA,NA,NA,30,120,0.25,"Normal count",34,1,4,2.33,"C259570CVP",0.95099998,1974608,-4164
"2025-12-24 02:00:00","CVP","Chinook Salmon","Unclipped","Fall","Spring",NA,NA,NA,NA,NA,NA,NA,NA,NA,NA,30,120,0.25,"Normal count",35,1,4,2.33,"C259571CVP",0.954,1974609,-4164
"2025-12-24 04:00:00","CVP","Chinook Salmon","Unclipped","Fall","Spring",NA,NA,NA,NA,NA,NA,NA,NA,NA,NA,30,120,0.25,"Normal count",34,1,4,2.33,"C259575CVP",1,1974597,-4164
"2025-12-24 04:00:00","CVP","Chinook Salmon","Unclipped","Fall","Spring",NA,NA,NA,NA,NA,NA,NA,NA,NA,NA,30,120,0.25,"Normal count",34,1,4,2.33,"C259573CVP",0.99199998,1974597,-4164
"2025-12-24 04:00:00","CVP","Chinook Salmon","Unclipped","Fall","Spring",NA,NA,NA,NA,NA,NA,NA,NA,NA,NA,30,120,0.25,"Normal count",35,1,4,2.33,"C259572CVP",0.52499998,1974598,-4164
"2025-12-24 04:00:00","CVP","Chinook Salmon","Unclipped","Fall","Spring",NA,NA,NA,NA,NA,NA,NA,NA,NA,NA,30,120,0.25,"Normal count",36,1,4,2.33,"C259574CVP",0.99900001,1974599,-4164
"2025-12-24 06:00:00","CVP","Chinook Salmon","Unclipped","Fall","Fall",NA,NA,NA,NA,NA,NA,NA,NA,NA,NA,30,120,0.25,"Normal count",33,1,4,2.33,"C259584CVP",0.96399999,1974610,-4164
"2025-12-24 06:00:00","CVP","Chinook Salmon","Unclipped","Fall","Spring",NA,NA,NA,NA,NA,NA,NA,NA,NA,NA,30,120,0.25,"Normal count",33,1,4,2.33,"C259582CVP",0.81699997,1974610,-4164
"2025-12-24 06:00:00","CVP","Chinook Salmon","Unclipped","Fall","Spring",NA,NA,NA,NA,NA,NA,NA,NA,NA,NA,30,120,0.25,"Normal count",34,1,4,2.33,"C259585CVP",0.78399998,1974611,-4164
"2025-12-24 06:00:00","CVP","Chinook Salmon","Unclipped","Fall","Spring",NA,NA,NA,NA,NA,NA,NA,NA,NA,NA,30,120,0.25,"Normal count",34,1,4,2.33,"C259581CVP",0.912,1974611,-4164
"2025-12-24 06:00:00","CVP","Chinook Salmon","Unclipped","Fall","Spring",NA,NA,NA,NA,NA,NA,NA,NA,NA,NA,30,120,0.25,"Normal count",34,1,4,2.33,"C259580CVP",0.99699998,1974611,-4164
"2025-12-24 06:00:00","CVP","Chinook Salmon","Unclipped","Fall","Spring",NA,NA,NA,NA,NA,NA,NA,NA,NA,NA,30,120,0.25,"Normal count",34,1,4,2.33,"C259579CVP",0.99900001,1974611,-4164
"2025-12-24 06:00:00","CVP","Chinook Salmon","Unclipped","Fall","Spring",NA,NA,NA,NA,NA,NA,NA,NA,NA,NA,30,120,0.25,"Normal count",34,1,4,2.33,"C259577CVP",0.72299999,1974611,-4164
"2025-12-24 06:00:00","CVP","Chinook Salmon","Unclipped","Fall","Spring",NA,NA,NA,NA,NA,NA,NA,NA,NA,NA,30,120,0.25,"Normal count",35,1,4,2.33,"C259576CVP",0.99800003,1974612,-4164
"2025-12-24 06:00:00","CVP","Chinook Salmon","Unclipped","Fall","Spring",NA,NA,NA,NA,NA,NA,NA,NA,NA,NA,30,120,0.25,"Normal count",35,1,4,2.33,"C259588CVP",0.99299997,1974612,-4164
"2025-12-24 06:00:00","CVP","Chinook Salmon","Unclipped","Fall","Spring",NA,NA,NA,NA,NA,NA,NA,NA,NA,NA,30,120,0.25,"Normal count",35,1,4,2.33,"C259586CVP",0.97600001,1974612,-4164
"2025-12-24 06:00:00","CVP","Chinook Salmon","Unclipped","Fall","Spring",NA,NA,NA,NA,NA,NA,NA,NA,NA,NA,30,120,0.25,"Normal count",35,1,4,2.33,"C259583CVP",1,1974612,-4164
"2025-12-24 06:00:00","CVP","Chinook Salmon","Unclipped","Fall","Spring",NA,NA,NA,NA,NA,NA,NA,NA,NA,NA,30,120,0.25,"Normal count",37,1,4,2.33,"C259587CVP",0.81800002,1974613,-4164
"2025-12-24 06:00:00","CVP","Chinook Salmon","Unclipped","Fall","Spring",NA,NA,NA,NA,NA,NA,NA,NA,NA,NA,30,120,0.25,"Normal count",37,1,4,2.33,"C259578CVP",0.99900001,1974613,-4164
"2025-12-24 08:00:00","CVP","Chinook Salmon","Unclipped","Fall",NA,NA,NA,NA,NA,NA,NA,NA,NA,NA,NA,30,120,0.25,"Normal count",33,2,8,4.65,NA,NA,1974498,-4164
"2025-12-24 08:00:00","CVP","Chinook Salmon","Unclipped","Fall","Spring",NA,NA,NA,NA,NA,NA,NA,NA,NA,NA,30,120,0.25,"Normal count",34,1,4,2.33,"C259605CVP",0.77700001,1974499,-4164
"2025-12-24 08:00:00","CVP","Chinook Salmon","Unclipped","Fall",NA,NA,NA,NA,NA,NA,NA,NA,NA,NA,NA,30,120,0.25,"Normal count",34,9,36,20.93,NA,NA,1974499,-4164
"2025-12-24 08:00:00","CVP","Chinook Salmon","Unclipped","Fall","Spring",NA,NA,NA,NA,NA,NA,NA,NA,NA,NA,30,120,0.25,"Normal count",34,1,4,2.33,"C259596CVP",0.98500001,1974499,-4164
"2025-12-24 08:00:00","CVP","Chinook Salmon","Unclipped","Fall","Spring",NA,NA,NA,NA,NA,NA,NA,NA,NA,NA,30,120,0.25,"Normal count",34,1,4,2.33,"C259598CVP",0.99900001,1974499,-4164
"2025-12-24 08:00:00","CVP","Chinook Salmon","Unclipped","Fall","Spring",NA,NA,NA,NA,NA,NA,NA,NA,NA,NA,30,120,0.25,"Normal count",35,1,4,2.33,"C259602CVP",0.98299998,1974500,-4164
"2025-12-24 08:00:00","CVP","Chinook Salmon","Unclipped","Fall","Spring",NA,NA,NA,NA,NA,NA,NA,NA,NA,NA,30,120,0.25,"Normal count",35,1,4,2.33,"C259603CVP",0.99900001,1974500,-4164
"2025-12-24 08:00:00","CVP","Chinook Salmon","Unclipped","Fall","Spring",NA,NA,NA,NA,NA,NA,NA,NA,NA,NA,30,120,0.25,"Normal count",35,1,4,2.33,"C259606CVP",0.59799999,1974500,-4164
"2025-12-24 08:00:00","CVP","Chinook Salmon","Unclipped","Fall",NA,NA,NA,NA,NA,NA,NA,NA,NA,NA,NA,30,120,0.25,"Normal count",35,7,28,16.28,NA,NA,1974500,-4164
"2025-12-24 08:00:00","CVP","Chinook Salmon","Unclipped","Fall","Spring",NA,NA,NA,NA,NA,NA,NA,NA,NA,NA,30,120,0.25,"Normal count",35,1,4,2.33,"C259590CVP",0.93800002,1974500,-4164
"2025-12-24 08:00:00","CVP","Chinook Salmon","Unclipped","Fall","Spring",NA,NA,NA,NA,NA,NA,NA,NA,NA,NA,30,120,0.25,"Normal count",35,1,4,2.33,"C259593CVP",0.87800002,1974500,-4164
"2025-12-24 08:00:00","CVP","Chinook Salmon","Unclipped","Fall","Spring",NA,NA,NA,NA,NA,NA,NA,NA,NA,NA,30,120,0.25,"Normal count",35,1,4,2.33,"C259600CVP",0.98900002,1974500,-4164
"2025-12-24 08:00:00","CVP","Chinook Salmon","Unclipped","Fall","Spring",NA,NA,NA,NA,NA,NA,NA,NA,NA,NA,30,120,0.25,"Normal count",35,1,4,2.33,"C259601CVP",0.55900002,1974500,-4164
"2025-12-24 08:00:00","CVP","Chinook Salmon","Unclipped","Fall","Spring",NA,NA,NA,NA,NA,NA,NA,NA,NA,NA,30,120,0.25,"Normal count",36,1,4,2.33,"C259592CVP",0.95300001,1974501,-4164
"2025-12-24 08:00:00","CVP","Chinook Salmon","Unclipped","Fall","Spring",NA,NA,NA,NA,NA,NA,NA,NA,NA,NA,30,120,0.25,"Normal count",36,1,4,2.33,"C259604CVP",0.94400001,1974501,-4164
"2025-12-24 08:00:00","CVP","Chinook Salmon","Unclipped","Fall",NA,NA,NA,NA,NA,NA,NA,NA,NA,NA,NA,30,120,0.25,"Normal count",36,15,60,34.88,NA,NA,1974501,-4164
"2025-12-24 08:00:00","CVP","Chinook Salmon","Unclipped","Fall","Spring",NA,NA,NA,NA,NA,NA,NA,NA,NA,NA,30,120,0.25,"Normal count",36,1,4,2.33,"C259591CVP",0.991,1974501,-4164
"2025-12-24 08:00:00","CVP","Chinook Salmon","Unclipped","Fall","Spring",NA,NA,NA,NA,NA,NA,NA,NA,NA,NA,30,120,0.25,"Normal count",37,1,4,2.33,"C259595CVP",0.99299997,1974502,-4164
"2025-12-24 08:00:00","CVP","Chinook Salmon","Unclipped","Fall",NA,NA,NA,NA,NA,NA,NA,NA,NA,NA,NA,30,120,0.25,"Normal count",37,4,16,9.3,NA,NA,1974502,-4164
"2025-12-24 08:00:00","CVP","Chinook Salmon","Unclipped","Fall","Spring",NA,NA,NA,NA,NA,NA,NA,NA,NA,NA,30,120,0.25,"Normal count",37,1,4,2.33,"C259594CVP",0.96399999,1974502,-4164
"2025-12-24 08:00:00","CVP","Chinook Salmon","Unclipped","Fall","Spring",NA,NA,NA,NA,NA,NA,NA,NA,NA,NA,30,120,0.25,"Normal count",37,1,4,2.33,"C259589CVP",0.72000003,1974502,-4164
"2025-12-24 08:00:00","CVP","Chinook Salmon","Unclipped","Fall","Spring",NA,NA,NA,NA,NA,NA,NA,NA,NA,NA,30,120,0.25,"Normal count",37,1,4,2.33,"C259597CVP",0.90100002,1974502,-4164
"2025-12-24 08:00:00","CVP","Chinook Salmon","Unclipped","Fall","Spring",NA,NA,NA,NA,NA,NA,NA,NA,NA,NA,30,120,0.25,"Normal count",37,1,4,2.33,"C259607CVP",0.90600002,1974502,-4164
"2025-12-24 08:00:00","CVP","Chinook Salmon","Unclipped","Spring","Spring",NA,NA,NA,NA,NA,NA,NA,NA,NA,NA,30,120,0.25,"Normal count",40,1,4,2.33,"C259599CVP",0.94599998,1974503,-4164
"2025-12-24 08:00:00","CVP","Chinook Salmon","Clipped","LateFall",NA,"Spring","062199","SCARF","SJRRP",2025-12-08,2025-12-09,2,"San Joaquin River at Highway 140","CDFW inseason spreadsheet",15,30,120,0.25,"Normal count",175,1,4,2.6,NA,NA,1974504,-4164
"2025-12-24 08:00:00","CVP","Chinook Salmon","Clipped","LateFall",NA,"Spring","062199","SCARF","Production",2025-12-08,2025-12-09,2,"SAN JOAQ R GRT VAL GR 140","RMIS",15,30,120,0.25,"Normal count",175,1,4,2.6,NA,NA,1974504,-4164
"2025-12-24 10:00:00","CVP","Chinook Salmon","Unclipped","Fall","Spring",NA,NA,NA,NA,NA,NA,NA,NA,NA,NA,30,120,0.25,"Normal count",35,1,4,2.33,"C251300CVP",0.94400001,1974505,-4164
"2025-12-24 10:00:00","CVP","Chinook Salmon","Unclipped","Fall","Spring",NA,NA,NA,NA,NA,NA,NA,NA,NA,NA,30,120,0.25,"Normal count",36,1,4,2.33,"C251299CVP",0.95499998,1974506,-4164
"2025-12-24 10:00:00","CVP","Chinook Salmon","Unclipped","Fall","Spring",NA,NA,NA,NA,NA,NA,NA,NA,NA,NA,30,120,0.25,"Normal count",37,1,4,2.33,"C251298CVP",0.71600002,1974507,-4164
"2025-12-24 10:00:00","CVP","Chinook Salmon","Unclipped","Fall","Spring",NA,NA,NA,NA,NA,NA,NA,NA,NA,NA,30,120,0.25,"Normal count",37,1,4,2.33,"C251297CVP",0.99900001,1974507,-4164
"2025-12-24 10:00:00","CVP","Chinook Salmon","Clipped","LateFall",NA,"Spring","062199","SCARF","SJRRP",2025-12-08,2025-12-09,2,"San Joaquin River at Highway 140","CDFW inseason spreadsheet",15,30,120,0.25,"Normal count",184,1,4,2.6,NA,NA,1974508,-4164
"2025-12-24 10:00:00","CVP","Chinook Salmon","Clipped","LateFall",NA,"Spring","062199","SCARF","Production",2025-12-08,2025-12-09,2,"SAN JOAQ R GRT VAL GR 140","RMIS",15,30,120,0.25,"Normal count",184,1,4,2.6,NA,NA,1974508,-4164
"2025-12-24 12:00:00","CVP","Chinook Salmon","Unclipped","Fall","Spring",NA,NA,NA,NA,NA,NA,NA,NA,NA,NA,30,120,0.25,"Normal count",35,1,4,2.33,"C251301CVP",1,1974572,-4164
"2025-12-24 16:00:00","CVP","Chinook Salmon","Unclipped","Fall","Spring",NA,NA,NA,NA,NA,NA,NA,NA,NA,NA,30,120,0.25,"Normal count",34,1,4,2.33,"C251302CVP",0.52700001,1974602,-4164
"2025-12-24 16:00:00","CVP","Chinook Salmon","Unclipped","Fall","Spring",NA,NA,NA,NA,NA,NA,NA,NA,NA,NA,30,120,0.25,"Normal count",35,1,4,2.33,"C251304CVP",0.82800001,1974603,-4164
"2025-12-24 16:00:00","CVP","Chinook Salmon","Unclipped","Fall","Spring",NA,NA,NA,NA,NA,NA,NA,NA,NA,NA,30,120,0.25,"Normal count",35,1,4,2.33,"C251303CVP",1,1974603,-4164
"2025-12-24 16:00:00","CVP","Chinook Salmon","Clipped","LateFall",NA,"Spring","062199","SCARF","SJRRP",2025-12-08,2025-12-09,2,"San Joaquin River at Highway 140","CDFW inseason spreadsheet",15,30,120,0.25,"Normal count",170,1,4,2.6,NA,NA,1974604,-4164
"2025-12-24 16:00:00","CVP","Chinook Salmon","Clipped","LateFall",NA,"Spring","062199","SCARF","Production",2025-12-08,2025-12-09,2,"SAN JOAQ R GRT VAL GR 140","RMIS",15,30,120,0.25,"Normal count",170,1,4,2.6,NA,NA,1974604,-4164
"2025-12-24 18:00:00","CVP","Chinook Salmon","Unclipped","Fall","Spring",NA,NA,NA,NA,NA,NA,NA,NA,NA,NA,30,120,0.25,"Normal count",33,1,4,2.33,"C251315CVP",0.99800003,1974532,-4164
"2025-12-24 18:00:00","CVP","Chinook Salmon","Unclipped","Fall","Fall",NA,NA,NA,NA,NA,NA,NA,NA,NA,NA,30,120,0.25,"Normal count",33,1,4,2.33,"C251305CVP",0.71100003,1974532,-4164
"2025-12-24 18:00:00","CVP","Chinook Salmon","Unclipped","Fall","Spring",NA,NA,NA,NA,NA,NA,NA,NA,NA,NA,30,120,0.25,"Normal count",34,1,4,2.33,"C251308CVP",0.986,1974533,-4164
"2025-12-24 18:00:00","CVP","Chinook Salmon","Unclipped","Fall","Spring",NA,NA,NA,NA,NA,NA,NA,NA,NA,NA,30,120,0.25,"Normal count",34,1,4,2.33,"C251310CVP",0.90799999,1974533,-4164
"2025-12-24 18:00:00","CVP","Chinook Salmon","Unclipped","Fall","Spring",NA,NA,NA,NA,NA,NA,NA,NA,NA,NA,30,120,0.25,"Normal count",35,1,4,2.33,"C251311CVP",0.98199999,1974534,-4164
"2025-12-24 18:00:00","CVP","Chinook Salmon","Unclipped","Fall","Spring",NA,NA,NA,NA,NA,NA,NA,NA,NA,NA,30,120,0.25,"Normal count",35,1,4,2.33,"C251318CVP",0.56800002,1974534,-4164
"2025-12-24 18:00:00","CVP","Chinook Salmon","Unclipped","Fall","Spring",NA,NA,NA,NA,NA,NA,NA,NA,NA,NA,30,120,0.25,"Normal count",35,1,4,2.33,"C251314CVP",0.99599999,1974534,-4164
"2025-12-24 18:00:00","CVP","Chinook Salmon","Unclipped","Fall","Spring",NA,NA,NA,NA,NA,NA,NA,NA,NA,NA,30,120,0.25,"Normal count",35,1,4,2.33,"C251313CVP",0.89200002,1974534,-4164
"2025-12-24 18:00:00","CVP","Chinook Salmon","Unclipped","Fall","Spring",NA,NA,NA,NA,NA,NA,NA,NA,NA,NA,30,120,0.25,"Normal count",35,1,4,2.33,"C251307CVP",0.99800003,1974534,-4164
"2025-12-24 18:00:00","CVP","Chinook Salmon","Unclipped","Fall","Spring",NA,NA,NA,NA,NA,NA,NA,NA,NA,NA,30,120,0.25,"Normal count",35,1,4,2.33,"C251312CVP",1,1974534,-4164
"2025-12-24 18:00:00","CVP","Chinook Salmon","Unclipped","Fall","Spring",NA,NA,NA,NA,NA,NA,NA,NA,NA,NA,30,120,0.25,"Normal count",36,1,4,2.33,"C251309CVP",0.90399998,1974531,-4164
"2025-12-24 18:00:00","CVP","Chinook Salmon","Unclipped","Fall","Spring",NA,NA,NA,NA,NA,NA,NA,NA,NA,NA,30,120,0.25,"Normal count",36,1,4,2.33,"C251306CVP",1,1974531,-4164
"2025-12-24 18:00:00","CVP","Chinook Salmon","Unclipped","Fall","Spring",NA,NA,NA,NA,NA,NA,NA,NA,NA,NA,30,120,0.25,"Normal count",36,1,4,2.33,"C251316CVP",0.89300001,1974531,-4164
"2025-12-24 18:00:00","CVP","Chinook Salmon","Unclipped","Fall","Spring",NA,NA,NA,NA,NA,NA,NA,NA,NA,NA,30,120,0.25,"Normal count",36,1,4,2.33,"C251317CVP",0.99900001,1974531,-4164
"2025-12-24 20:00:00","CVP","Chinook Salmon","Unclipped","Fall","Spring",NA,NA,NA,NA,NA,NA,NA,NA,NA,NA,30,120,0.25,"Normal count",35,1,4,2.33,"C251321CVP",0.99900001,1974448,-4164
"2025-12-24 20:00:00","CVP","Chinook Salmon","Unclipped","Fall","Spring",NA,NA,NA,NA,NA,NA,NA,NA,NA,NA,30,120,0.25,"Normal count",35,1,4,2.33,"C251324CVP",0.99599999,1974448,-4164
"2025-12-24 20:00:00","CVP","Chinook Salmon","Unclipped","Fall","Spring",NA,NA,NA,NA,NA,NA,NA,NA,NA,NA,30,120,0.25,"Normal count",36,1,4,2.33,"C251319CVP",0.92900002,1974449,-4164
"2025-12-24 20:00:00","CVP","Chinook Salmon","Unclipped","Fall","Spring",NA,NA,NA,NA,NA,NA,NA,NA,NA,NA,30,120,0.25,"Normal count",36,1,4,2.33,"C251325CVP",0.78200001,1974449,-4164
"2025-12-24 20:00:00","CVP","Chinook Salmon","Unclipped","Fall","Spring",NA,NA,NA,NA,NA,NA,NA,NA,NA,NA,30,120,0.25,"Normal count",37,1,4,2.33,"C251327CVP",0.736,1974450,-4164
"2025-12-24 20:00:00","CVP","Chinook Salmon","Unclipped","Fall","Spring",NA,NA,NA,NA,NA,NA,NA,NA,NA,NA,30,120,0.25,"Normal count",38,1,4,2.33,"C251323CVP",1,1974451,-4164
"2025-12-24 20:00:00","CVP","Chinook Salmon","Unclipped","Fall","Spring",NA,NA,NA,NA,NA,NA,NA,NA,NA,NA,30,120,0.25,"Normal count",38,1,4,2.33,"C251320CVP",1,1974451,-4164
"2025-12-24 20:00:00","CVP","Chinook Salmon","Unclipped","Spring","Spring",NA,NA,NA,NA,NA,NA,NA,NA,NA,NA,30,120,0.25,"Normal count",39,1,4,2.33,"C251322CVP",0.90100002,1974452,-4164
"2025-12-24 20:00:00","CVP","Chinook Salmon","Unclipped","Spring","Spring",NA,NA,NA,NA,NA,NA,NA,NA,NA,NA,30,120,0.25,"Normal count",40,1,4,2.33,"C251326CVP",0.97600001,1974453,-4164
"2025-12-24 20:00:00","CVP","Chinook Salmon","Unclipped","Spring","Spring",NA,NA,NA,NA,NA,NA,NA,NA,NA,NA,30,120,0.25,"Normal count",40,1,4,2.33,"C251328CVP",0.89999998,1974453,-4164
"2025-12-24 22:00:00","CVP","Chinook Salmon","Clipped","LateFall",NA,"Spring","062199","SCARF","SJRRP",2025-12-08,2025-12-09,2,"San Joaquin River at Highway 140","CDFW inseason spreadsheet",15,30,120,0.25,"Normal count",174,1,4,2.6,NA,NA,1974635,-4164
"2025-12-24 22:00:00","CVP","Chinook Salmon","Clipped","LateFall",NA,"Spring","062199","SCARF","Production",2025-12-08,2025-12-09,2,"SAN JOAQ R GRT VAL GR 140","RMIS",15,30,120,0.25,"Normal count",174,1,4,2.6,NA,NA,1974635,-4164
"2025-12-24 23:59:00","CVP","Chinook Salmon","Unclipped","Fall","Spring",NA,NA,NA,NA,NA,NA,NA,NA,NA,NA,30,120,0.25,"Normal count",35,1,4,2.33,"C251329CVP",0.97799999,1974540,-4164
"2025-12-24 23:59:00","CVP","Chinook Salmon","Unclipped","Fall","Spring",NA,NA,NA,NA,NA,NA,NA,NA,NA,NA,30,120,0.25,"Normal count",38,1,4,2.33,"C251330CVP",0.546,1974541,-4164
"2025-12-25 02:00:00","CVP","Chinook Salmon","Unclipped","Fall","Spring",NA,NA,NA,NA,NA,NA,NA,NA,NA,NA,30,120,0.25,"Normal count",34,1,4,2.33,"C251334CVP",0.99900001,1974703,-4209
"2025-12-25 02:00:00","CVP","Chinook Salmon","Unclipped","Fall","Spring",NA,NA,NA,NA,NA,NA,NA,NA,NA,NA,30,120,0.25,"Normal count",35,1,4,2.33,"C251337CVP",0.99599999,1974704,-4209
"2025-12-25 02:00:00","CVP","Chinook Salmon","Unclipped","Fall","Spring",NA,NA,NA,NA,NA,NA,NA,NA,NA,NA,30,120,0.25,"Normal count",35,1,4,2.33,"C251333CVP",0.99699998,1974704,-4209
"2025-12-25 02:00:00","CVP","Chinook Salmon","Unclipped","Fall","Spring",NA,NA,NA,NA,NA,NA,NA,NA,NA,NA,30,120,0.25,"Normal count",35,1,4,2.33,"C251336CVP",0.97899997,1974704,-4209
"2025-12-25 02:00:00","CVP","Chinook Salmon","Unclipped","Fall","Spring",NA,NA,NA,NA,NA,NA,NA,NA,NA,NA,30,120,0.25,"Normal count",36,1,4,2.33,"C251335CVP",0.97299999,1974705,-4209
"2025-12-25 02:00:00","CVP","Chinook Salmon","Unclipped","Fall","Spring",NA,NA,NA,NA,NA,NA,NA,NA,NA,NA,30,120,0.25,"Normal count",36,1,4,2.33,"C251338CVP",0.76499999,1974705,-4209
"2025-12-25 02:00:00","CVP","Chinook Salmon","Unclipped","Fall","Spring",NA,NA,NA,NA,NA,NA,NA,NA,NA,NA,30,120,0.25,"Normal count",37,1,4,2.33,"C251332CVP",0.98000002,1974706,-4209
"2025-12-25 02:00:00","CVP","Chinook Salmon","Unclipped","Fall","Spring",NA,NA,NA,NA,NA,NA,NA,NA,NA,NA,30,120,0.25,"Normal count",37,1,4,2.33,"C251331CVP",0.92799997,1974706,-4209
"2025-12-25 04:00:00","CVP","Chinook Salmon","Unclipped","Fall","Spring",NA,NA,NA,NA,NA,NA,NA,NA,NA,NA,30,120,0.25,"Normal count",34,1,4,2.33,"C251339CVP",0.99900001,1974771,-4209
"2025-12-25 04:00:00","CVP","Chinook Salmon","Unclipped","Fall","Spring",NA,NA,NA,NA,NA,NA,NA,NA,NA,NA,30,120,0.25,"Normal count",35,1,4,2.33,"C251340CVP",0.99400002,1974772,-4209
"2025-12-25 06:00:00","CVP","Chinook Salmon","Unclipped","Fall","Spring",NA,NA,NA,NA,NA,NA,NA,NA,NA,NA,30,120,0.25,"Normal count",33,1,4,2.33,"C251364CVP",0.889,1974821,-4209
"2025-12-25 06:00:00","CVP","Chinook Salmon","Unclipped","Fall","Spring",NA,NA,NA,NA,NA,NA,NA,NA,NA,NA,30,120,0.25,"Normal count",34,1,4,2.33,"C251346CVP",0.96600002,1974822,-4209
"2025-12-25 06:00:00","CVP","Chinook Salmon","Unclipped","Fall","Spring",NA,NA,NA,NA,NA,NA,NA,NA,NA,NA,30,120,0.25,"Normal count",34,1,4,2.33,"C251363CVP",0.98500001,1974822,-4209
"2025-12-25 06:00:00","CVP","Chinook Salmon","Unclipped","Fall","Spring",NA,NA,NA,NA,NA,NA,NA,NA,NA,NA,30,120,0.25,"Normal count",34,1,4,2.33,"C251352CVP",0.949,1974822,-4209
"2025-12-25 06:00:00","CVP","Chinook Salmon","Unclipped","Fall","Spring",NA,NA,NA,NA,NA,NA,NA,NA,NA,NA,30,120,0.25,"Normal count",34,1,4,2.33,"C251348CVP",0.94099998,1974822,-4209
"2025-12-25 06:00:00","CVP","Chinook Salmon","Unclipped","Fall","Spring",NA,NA,NA,NA,NA,NA,NA,NA,NA,NA,30,120,0.25,"Normal count",34,1,4,2.33,"C251347CVP",0.84600002,1974822,-4209
"2025-12-25 06:00:00","CVP","Chinook Salmon","Unclipped","Fall","Spring",NA,NA,NA,NA,NA,NA,NA,NA,NA,NA,30,120,0.25,"Normal count",35,1,4,2.33,"C251341CVP",0.99000001,1974823,-4209
"2025-12-25 06:00:00","CVP","Chinook Salmon","Unclipped","Fall","Spring",NA,NA,NA,NA,NA,NA,NA,NA,NA,NA,30,120,0.25,"Normal count",35,1,4,2.33,"C251343CVP",0.99900001,1974823,-4209
"2025-12-25 06:00:00","CVP","Chinook Salmon","Unclipped","Fall","Spring",NA,NA,NA,NA,NA,NA,NA,NA,NA,NA,30,120,0.25,"Normal count",35,1,4,2.33,"C251344CVP",0.838,1974823,-4209
"2025-12-25 06:00:00","CVP","Chinook Salmon","Unclipped","Fall",NA,NA,NA,NA,NA,NA,NA,NA,NA,NA,NA,30,120,0.25,"Normal count",35,1,4,2.33,NA,NA,1974823,-4209
"2025-12-25 06:00:00","CVP","Chinook Salmon","Unclipped","Fall","Spring",NA,NA,NA,NA,NA,NA,NA,NA,NA,NA,30,120,0.25,"Normal count",35,1,4,2.33,"C251361CVP",0.96600002,1974823,-4209
"2025-12-25 06:00:00","CVP","Chinook Salmon","Unclipped","Fall","Spring",NA,NA,NA,NA,NA,NA,NA,NA,NA,NA,30,120,0.25,"Normal count",35,1,4,2.33,"C251359CVP",0.57499999,1974823,-4209
"2025-12-25 06:00:00","CVP","Chinook Salmon","Unclipped","Fall","Spring",NA,NA,NA,NA,NA,NA,NA,NA,NA,NA,30,120,0.25,"Normal count",35,1,4,2.33,"C251357CVP",1,1974823,-4209
"2025-12-25 06:00:00","CVP","Chinook Salmon","Unclipped","Fall","Spring",NA,NA,NA,NA,NA,NA,NA,NA,NA,NA,30,120,0.25,"Normal count",35,1,4,2.33,"C251353CVP",1,1974823,-4209
"2025-12-25 06:00:00","CVP","Chinook Salmon","Unclipped","Fall","Spring",NA,NA,NA,NA,NA,NA,NA,NA,NA,NA,30,120,0.25,"Normal count",35,1,4,2.33,"C251349CVP",0.99800003,1974823,-4209
"2025-12-25 06:00:00","CVP","Chinook Salmon","Unclipped","Fall","Spring",NA,NA,NA,NA,NA,NA,NA,NA,NA,NA,30,120,0.25,"Normal count",36,1,4,2.33,"C251362CVP",0.99599999,1974824,-4209
"2025-12-25 06:00:00","CVP","Chinook Salmon","Unclipped","Fall","Spring",NA,NA,NA,NA,NA,NA,NA,NA,NA,NA,30,120,0.25,"Normal count",36,1,4,2.33,"C251354CVP",0.99800003,1974824,-4209
"2025-12-25 06:00:00","CVP","Chinook Salmon","Unclipped","Fall","Spring",NA,NA,NA,NA,NA,NA,NA,NA,NA,NA,30,120,0.25,"Normal count",36,1,4,2.33,"C251350CVP",0.99699998,1974824,-4209
"2025-12-25 06:00:00","CVP","Chinook Salmon","Unclipped","Fall","Spring",NA,NA,NA,NA,NA,NA,NA,NA,NA,NA,30,120,0.25,"Normal count",36,1,4,2.33,"C251356CVP",0.99800003,1974824,-4209
"2025-12-25 06:00:00","CVP","Chinook Salmon","Unclipped","Fall","Spring",NA,NA,NA,NA,NA,NA,NA,NA,NA,NA,30,120,0.25,"Normal count",36,1,4,2.33,"C251355CVP",0.86500001,1974824,-4209
"2025-12-25 06:00:00","CVP","Chinook Salmon","Unclipped","Fall","Spring",NA,NA,NA,NA,NA,NA,NA,NA,NA,NA,30,120,0.25,"Normal count",36,1,4,2.33,"C251360CVP",0.72799999,1974824,-4209
"2025-12-25 06:00:00","CVP","Chinook Salmon","Unclipped","Fall","Spring",NA,NA,NA,NA,NA,NA,NA,NA,NA,NA,30,120,0.25,"Normal count",36,1,4,2.33,"C251358CVP",0.99699998,1974824,-4209
"2025-12-25 06:00:00","CVP","Chinook Salmon","Unclipped","Fall","Spring",NA,NA,NA,NA,NA,NA,NA,NA,NA,NA,30,120,0.25,"Normal count",37,1,4,2.33,"C251345CVP",0.94700003,1974825,-4209
"2025-12-25 06:00:00","CVP","Chinook Salmon","Unclipped","Fall","Spring",NA,NA,NA,NA,NA,NA,NA,NA,NA,NA,30,120,0.25,"Normal count",37,1,4,2.33,"C251342CVP",0.75999999,1974825,-4209
"2025-12-25 08:00:00","CVP","Chinook Salmon","Unclipped","Fall","Spring",NA,NA,NA,NA,NA,NA,NA,NA,NA,NA,30,120,0.25,"Normal count",33,1,4,2.33,"C251372CVP",1,1974826,-4209
"2025-12-25 08:00:00","CVP","Chinook Salmon","Unclipped","Fall",NA,NA,NA,NA,NA,NA,NA,NA,NA,NA,NA,30,120,0.25,"Normal count",34,7,28,16.28,NA,NA,1974827,-4209
"2025-12-25 08:00:00","CVP","Chinook Salmon","Unclipped","Fall","Spring",NA,NA,NA,NA,NA,NA,NA,NA,NA,NA,30,120,0.25,"Normal count",34,1,4,2.33,"C251370CVP",0.95999998,1974827,-4209
"2025-12-25 08:00:00","CVP","Chinook Salmon","Unclipped","Fall",NA,NA,NA,NA,NA,NA,NA,NA,NA,NA,NA,30,120,0.25,"Normal count",35,5,20,11.63,NA,NA,1974828,-4209
"2025-12-25 08:00:00","CVP","Chinook Salmon","Unclipped","Fall","Spring",NA,NA,NA,NA,NA,NA,NA,NA,NA,NA,30,120,0.25,"Normal count",35,1,4,2.33,"C251366CVP",0.87599999,1974828,-4209
"2025-12-25 08:00:00","CVP","Chinook Salmon","Unclipped","Fall","Spring",NA,NA,NA,NA,NA,NA,NA,NA,NA,NA,30,120,0.25,"Normal count",35,1,4,2.33,"C251373CVP",0.77100003,1974828,-4209
"2025-12-25 08:00:00","CVP","Chinook Salmon","Unclipped","Fall","Spring",NA,NA,NA,NA,NA,NA,NA,NA,NA,NA,30,120,0.25,"Normal count",36,1,4,2.33,"C251377CVP",0.99900001,1974829,-4209
"2025-12-25 08:00:00","CVP","Chinook Salmon","Unclipped","Fall","Spring",NA,NA,NA,NA,NA,NA,NA,NA,NA,NA,30,120,0.25,"Normal count",36,1,4,2.33,"C251374CVP",0.99299997,1974829,-4209
"2025-12-25 08:00:00","CVP","Chinook Salmon","Unclipped","Fall","Spring",NA,NA,NA,NA,NA,NA,NA,NA,NA,NA,30,120,0.25,"Normal count",36,1,4,2.33,"C251375CVP",0.99299997,1974829,-4209
"2025-12-25 08:00:00","CVP","Chinook Salmon","Unclipped","Fall","Spring",NA,NA,NA,NA,NA,NA,NA,NA,NA,NA,30,120,0.25,"Normal count",36,1,4,2.33,"C251371CVP",0.764,1974829,-4209
"2025-12-25 08:00:00","CVP","Chinook Salmon","Unclipped","Fall","Spring",NA,NA,NA,NA,NA,NA,NA,NA,NA,NA,30,120,0.25,"Normal count",36,1,4,2.33,"C251367CVP",0.57800001,1974829,-4209
"2025-12-25 08:00:00","CVP","Chinook Salmon","Unclipped","Fall","Spring",NA,NA,NA,NA,NA,NA,NA,NA,NA,NA,30,120,0.25,"Normal count",37,1,4,2.33,"C251368CVP",0.98699999,1974830,-4209
"2025-12-25 08:00:00","CVP","Chinook Salmon","Unclipped","Fall","Spring",NA,NA,NA,NA,NA,NA,NA,NA,NA,NA,30,120,0.25,"Normal count",37,1,4,2.33,"C251369CVP",0.91500002,1974830,-4209
"2025-12-25 08:00:00","CVP","Chinook Salmon","Unclipped","Fall",NA,NA,NA,NA,NA,NA,NA,NA,NA,NA,NA,30,120,0.25,"Normal count",37,2,8,4.65,NA,NA,1974830,-4209
"2025-12-25 08:00:00","CVP","Chinook Salmon","Unclipped","Fall","Spring",NA,NA,NA,NA,NA,NA,NA,NA,NA,NA,30,120,0.25,"Normal count",37,1,4,2.33,"C251365CVP",0.63,1974830,-4209
"2025-12-25 08:00:00","CVP","Chinook Salmon","Unclipped","Spring","Spring",NA,NA,NA,NA,NA,NA,NA,NA,NA,NA,30,120,0.25,"Normal count",41,1,4,2.33,"C251376CVP",0.94199997,1974831,-4209
"2025-12-25 10:00:00","CVP","Chinook Salmon","Unclipped","Fall","Spring",NA,NA,NA,NA,NA,NA,NA,NA,NA,NA,30,120,0.25,"Normal count",34,1,4,2.33,"C251380CVP",0.97600001,1974740,-4209
"2025-12-25 10:00:00","CVP","Chinook Salmon","Unclipped","Fall",NA,NA,NA,NA,NA,NA,NA,NA,NA,NA,NA,30,120,0.25,"Normal count",36,1,4,2.33,NA,NA,1974741,-4209
"2025-12-25 10:00:00","CVP","Chinook Salmon","Unclipped","Fall","Spring",NA,NA,NA,NA,NA,NA,NA,NA,NA,NA,30,120,0.25,"Normal count",36,1,4,2.33,"C251378CVP",1,1974741,-4209
"2025-12-25 12:00:00","CVP","Chinook Salmon","Unclipped","Fall","Spring",NA,NA,NA,NA,NA,NA,NA,NA,NA,NA,30,120,0.25,"Normal count",35,1,4,2.33,"C251381CVP",0.85399997,1974732,-4209
"2025-12-25 14:00:00","CVP","Chinook Salmon","Unclipped","Fall","Spring",NA,NA,NA,NA,NA,NA,NA,NA,NA,NA,30,120,0.25,"Normal count",34,1,4,2.33,"C251382CVP",0.99599999,1974767,-4209
"2025-12-25 16:00:00","CVP","Chinook Salmon","Unclipped","Fall","Spring",NA,NA,NA,NA,NA,NA,NA,NA,NA,NA,30,120,0.25,"Normal count",35,1,4,2.33,"C251383CVP",0.89399999,1974789,-4209
"2025-12-25 16:00:00","CVP","Chinook Salmon","Unclipped","Fall","Spring",NA,NA,NA,NA,NA,NA,NA,NA,NA,NA,30,120,0.25,"Normal count",35,1,4,2.33,"C251384CVP",0.99699998,1974789,-4209
"2025-12-25 18:00:00","CVP","Chinook Salmon","Unclipped","Fall","Spring",NA,NA,NA,NA,NA,NA,NA,NA,NA,NA,30,120,0.25,"Normal count",33,1,4,2.33,"C251389CVP",0.99699998,1974773,-4209
"2025-12-25 18:00:00","CVP","Chinook Salmon","Unclipped","Fall","Spring",NA,NA,NA,NA,NA,NA,NA,NA,NA,NA,30,120,0.25,"Normal count",34,1,4,2.33,"C251386CVP",0.80000001,1974774,-4209
"2025-12-25 18:00:00","CVP","Chinook Salmon","Unclipped","Fall","Spring",NA,NA,NA,NA,NA,NA,NA,NA,NA,NA,30,120,0.25,"Normal count",34,1,4,2.33,"C251385CVP",0.91900003,1974774,-4209
"2025-12-25 18:00:00","CVP","Chinook Salmon","Unclipped","Fall","Spring",NA,NA,NA,NA,NA,NA,NA,NA,NA,NA,30,120,0.25,"Normal count",35,1,4,2.33,"C251388CVP",0.74599999,1974775,-4209
"2025-12-25 18:00:00","CVP","Chinook Salmon","Unclipped","Fall","Spring",NA,NA,NA,NA,NA,NA,NA,NA,NA,NA,30,120,0.25,"Normal count",35,1,4,2.33,"C251387CVP",1,1974775,-4209
"2025-12-25 20:00:00","CVP","Chinook Salmon","Unclipped","Fall","Spring",NA,NA,NA,NA,NA,NA,NA,NA,NA,NA,30,120,0.25,"Normal count",33,1,4,2.33,"C251391CVP",0.84200001,1974711,-4209
"2025-12-25 20:00:00","CVP","Chinook Salmon","Unclipped","Fall","Spring",NA,NA,NA,NA,NA,NA,NA,NA,NA,NA,30,120,0.25,"Normal count",34,1,4,2.33,"C251398CVP",0.98400003,1974712,-4209
"2025-12-25 20:00:00","CVP","Chinook Salmon","Unclipped","Fall","Spring",NA,NA,NA,NA,NA,NA,NA,NA,NA,NA,30,120,0.25,"Normal count",34,1,4,2.33,"C251396CVP",0.99199998,1974712,-4209
"2025-12-25 20:00:00","CVP","Chinook Salmon","Unclipped","Fall","Spring",NA,NA,NA,NA,NA,NA,NA,NA,NA,NA,30,120,0.25,"Normal count",34,1,4,2.33,"C251395CVP",1,1974712,-4209
"2025-12-25 20:00:00","CVP","Chinook Salmon","Unclipped","Fall","Spring",NA,NA,NA,NA,NA,NA,NA,NA,NA,NA,30,120,0.25,"Normal count",34,1,4,2.33,"C251390CVP",0.90799999,1974712,-4209
"2025-12-25 20:00:00","CVP","Chinook Salmon","Unclipped","Fall","Spring",NA,NA,NA,NA,NA,NA,NA,NA,NA,NA,30,120,0.25,"Normal count",35,1,4,2.33,"C251397CVP",1,1974713,-4209
"2025-12-25 20:00:00","CVP","Chinook Salmon","Unclipped","Fall","Spring",NA,NA,NA,NA,NA,NA,NA,NA,NA,NA,30,120,0.25,"Normal count",35,1,4,2.33,"C251392CVP",1,1974713,-4209
"2025-12-25 20:00:00","CVP","Chinook Salmon","Unclipped","Fall","Spring",NA,NA,NA,NA,NA,NA,NA,NA,NA,NA,30,120,0.25,"Normal count",36,1,4,2.33,"C251394CVP",0.995,1974714,-4209
"2025-12-25 20:00:00","CVP","Chinook Salmon","Unclipped","Fall","Spring",NA,NA,NA,NA,NA,NA,NA,NA,NA,NA,30,120,0.25,"Normal count",36,1,4,2.33,"C251393CVP",0.97000003,1974714,-4209
"2025-12-25 22:00:00","CVP","Chinook Salmon","Unclipped","Fall","Spring",NA,NA,NA,NA,NA,NA,NA,NA,NA,NA,30,120,0.25,"Normal count",34,1,4,2.33,"C251399CVP",0.93000001,1974832,-4209
"2025-12-25 22:00:00","CVP","Chinook Salmon","Unclipped","Fall","Spring",NA,NA,NA,NA,NA,NA,NA,NA,NA,NA,30,120,0.25,"Normal count",35,1,4,2.33,"C251401CVP",0.99900001,1974833,-4209
"2025-12-25 22:00:00","CVP","Chinook Salmon","Unclipped","Fall","Spring",NA,NA,NA,NA,NA,NA,NA,NA,NA,NA,30,120,0.25,"Normal count",36,1,4,2.33,"C251400CVP",0.713,1974834,-4209
"2025-12-25 23:59:00","CVP","Chinook Salmon","Unclipped","Fall","Spring",NA,NA,NA,NA,NA,NA,NA,NA,NA,NA,30,120,0.25,"Normal count",36,1,4,2.33,"C251403CVP",0.76899999,1974765,-4209
"2025-12-25 23:59:00","CVP","Chinook Salmon","Unclipped","Fall","Spring",NA,NA,NA,NA,NA,NA,NA,NA,NA,NA,30,120,0.25,"Normal count",36,1,4,2.33,"C251402CVP",1,1974765,-4209
"2025-12-25 23:59:00","CVP","Chinook Salmon","Clipped","LateFall",NA,"LateFall","056815","CNFH","Production",2025-12-17,2025-12-17,1,"Battle Creek at CNFH","CDFW inseason spreadsheet",8,30,120,0.25,"Normal count",168,1,4,2.6,NA,NA,1974766,-4209
"2025-12-26 02:00:00","CVP","Chinook Salmon","Unclipped","Fall","Spring",NA,NA,NA,NA,NA,NA,NA,NA,NA,NA,30,120,0.25,"Normal count",33,1,4,2.54,"C251405CVP",0.84799999,1975097,-4378
"2025-12-26 02:00:00","CVP","Chinook Salmon","Unclipped","Fall","Spring",NA,NA,NA,NA,NA,NA,NA,NA,NA,NA,30,120,0.25,"Normal count",33,1,4,2.54,"C251411CVP",0.99800003,1975097,-4378
"2025-12-26 02:00:00","CVP","Chinook Salmon","Unclipped","Fall","Spring",NA,NA,NA,NA,NA,NA,NA,NA,NA,NA,30,120,0.25,"Normal count",34,1,4,2.54,"C251404CVP",0.98500001,1975098,-4378
"2025-12-26 02:00:00","CVP","Chinook Salmon","Unclipped","Fall","Spring",NA,NA,NA,NA,NA,NA,NA,NA,NA,NA,30,120,0.25,"Normal count",35,1,4,2.54,"C251408CVP",0.94099998,1975099,-4378
"2025-12-26 02:00:00","CVP","Chinook Salmon","Unclipped","Fall","Spring",NA,NA,NA,NA,NA,NA,NA,NA,NA,NA,30,120,0.25,"Normal count",35,1,4,2.54,"C251410CVP",0.89200002,1975099,-4378
"2025-12-26 02:00:00","CVP","Chinook Salmon","Unclipped","Fall","Spring",NA,NA,NA,NA,NA,NA,NA,NA,NA,NA,30,120,0.25,"Normal count",36,1,4,2.54,"C251407CVP",1,1975100,-4378
"2025-12-26 02:00:00","CVP","Chinook Salmon","Unclipped","Fall","Spring",NA,NA,NA,NA,NA,NA,NA,NA,NA,NA,30,120,0.25,"Normal count",36,1,4,2.54,"C251409CVP",0.99900001,1975100,-4378
"2025-12-26 02:00:00","CVP","Chinook Salmon","Unclipped","Fall","Spring",NA,NA,NA,NA,NA,NA,NA,NA,NA,NA,30,120,0.25,"Normal count",36,1,4,2.54,"C251406CVP",0.96799999,1975100,-4378
"2025-12-26 04:00:00","CVP","Chinook Salmon","Unclipped","Fall","Spring",NA,NA,NA,NA,NA,NA,NA,NA,NA,NA,30,120,0.25,"Normal count",32,1,4,2.54,"C251412CVP",0.99699998,1975001,-4378
"2025-12-26 04:00:00","CVP","Chinook Salmon","Unclipped","Fall","Spring",NA,NA,NA,NA,NA,NA,NA,NA,NA,NA,30,120,0.25,"Normal count",36,1,4,2.54,"C251415CVP",0.97100002,1975002,-4378
"2025-12-26 04:00:00","CVP","Chinook Salmon","Unclipped","Fall","Spring",NA,NA,NA,NA,NA,NA,NA,NA,NA,NA,30,120,0.25,"Normal count",36,1,4,2.54,"C251414CVP",0.99699998,1975002,-4378
"2025-12-26 04:00:00","CVP","Chinook Salmon","Unclipped","Fall","Spring",NA,NA,NA,NA,NA,NA,NA,NA,NA,NA,30,120,0.25,"Normal count",36,1,4,2.54,"C251413CVP",1,1975002,-4378
"2025-12-26 06:00:00","CVP","Chinook Salmon","Unclipped","Fall","Spring",NA,NA,NA,NA,NA,NA,NA,NA,NA,NA,30,120,0.25,"Normal count",35,1,4,2.54,"C251418CVP",0.81599998,1975070,-4378
"2025-12-26 06:00:00","CVP","Chinook Salmon","Unclipped","Fall","Spring",NA,NA,NA,NA,NA,NA,NA,NA,NA,NA,30,120,0.25,"Normal count",36,1,4,2.54,"C251419CVP",0.99400002,1975071,-4378
"2025-12-26 06:00:00","CVP","Chinook Salmon","Unclipped","Fall","Spring",NA,NA,NA,NA,NA,NA,NA,NA,NA,NA,30,120,0.25,"Normal count",36,1,4,2.54,"C251423CVP",0.977,1975071,-4378
"2025-12-26 06:00:00","CVP","Chinook Salmon","Unclipped","Fall","Spring",NA,NA,NA,NA,NA,NA,NA,NA,NA,NA,30,120,0.25,"Normal count",37,1,4,2.54,"C251417CVP",0.79000002,1975072,-4378
"2025-12-26 06:00:00","CVP","Chinook Salmon","Unclipped","Fall","Spring",NA,NA,NA,NA,NA,NA,NA,NA,NA,NA,30,120,0.25,"Normal count",37,1,4,2.54,"C251427CVP",0.71899998,1975072,-4378
"2025-12-26 06:00:00","CVP","Chinook Salmon","Unclipped","Fall","Spring",NA,NA,NA,NA,NA,NA,NA,NA,NA,NA,30,120,0.25,"Normal count",37,1,4,2.54,"C251416CVP",0.53399998,1975072,-4378
"2025-12-26 06:00:00","CVP","Chinook Salmon","Unclipped","Fall","Spring",NA,NA,NA,NA,NA,NA,NA,NA,NA,NA,30,120,0.25,"Normal count",37,1,4,2.54,"C251422CVP",0.75599998,1975072,-4378
"2025-12-26 06:00:00","CVP","Chinook Salmon","Unclipped","Fall","Spring",NA,NA,NA,NA,NA,NA,NA,NA,NA,NA,30,120,0.25,"Normal count",38,1,4,2.54,"C251420CVP",1,1975073,-4378
"2025-12-26 06:00:00","CVP","Chinook Salmon","Unclipped","Fall","Spring",NA,NA,NA,NA,NA,NA,NA,NA,NA,NA,30,120,0.25,"Normal count",38,1,4,2.54,"C251426CVP",0.995,1975073,-4378
"2025-12-26 06:00:00","CVP","Chinook Salmon","Unclipped","Fall","Spring",NA,NA,NA,NA,NA,NA,NA,NA,NA,NA,30,120,0.25,"Normal count",38,1,4,2.54,"C251425CVP",0.99199998,1975073,-4378
"2025-12-26 06:00:00","CVP","Chinook Salmon","Unclipped","Fall","Spring",NA,NA,NA,NA,NA,NA,NA,NA,NA,NA,30,120,0.25,"Normal count",38,1,4,2.54,"C251424CVP",0.99199998,1975073,-4378
"2025-12-26 06:00:00","CVP","Chinook Salmon","Unclipped","Spring","Spring",NA,NA,NA,NA,NA,NA,NA,NA,NA,NA,30,120,0.25,"Normal count",39,1,4,2.54,"C251421CVP",1,1975074,-4378
"2025-12-26 08:00:00","CVP","Chinook Salmon","Unclipped","Spring","Spring",NA,NA,NA,NA,NA,NA,NA,NA,NA,NA,30,120,0.25,"Normal count",41,1,4,2.54,"C251428CVP",0.995,1975049,-4378
"2025-12-26 18:00:00","CVP","Chinook Salmon","Unclipped","Fall","Spring",NA,NA,NA,NA,NA,NA,NA,NA,NA,NA,30,120,0.25,"Normal count",36,1,4,2.54,"C251430CVP",0.99000001,1975009,-4378
"2025-12-26 18:00:00","CVP","Chinook Salmon","Unclipped","Winter","LateFall",NA,NA,NA,NA,NA,NA,NA,NA,NA,NA,30,120,0.25,"Normal count",147,1,4,2.88,"C251429CVP",0.64399999,1975010,-4378
"2025-12-26 20:00:00","CVP","Chinook Salmon","Unclipped","Fall","Spring",NA,NA,NA,NA,NA,NA,NA,NA,NA,NA,30,120,0.25,"Normal count",35,1,4,2.54,"C251433CVP",0.99900001,1975062,-4378
"2025-12-26 20:00:00","CVP","Chinook Salmon","Unclipped","Fall","Spring",NA,NA,NA,NA,NA,NA,NA,NA,NA,NA,30,120,0.25,"Normal count",35,1,4,2.54,"C251432CVP",1,1975062,-4378
"2025-12-26 20:00:00","CVP","Chinook Salmon","Unclipped","Fall","Spring",NA,NA,NA,NA,NA,NA,NA,NA,NA,NA,30,120,0.25,"Normal count",35,1,4,2.54,"C251438CVP",0.65700001,1975062,-4378
"2025-12-26 20:00:00","CVP","Chinook Salmon","Unclipped","Fall","Spring",NA,NA,NA,NA,NA,NA,NA,NA,NA,NA,30,120,0.25,"Normal count",35,1,4,2.54,"C251434CVP",0.77600002,1975062,-4378
"2025-12-26 20:00:00","CVP","Chinook Salmon","Unclipped","Fall","Spring",NA,NA,NA,NA,NA,NA,NA,NA,NA,NA,30,120,0.25,"Normal count",36,1,4,2.54,"C251436CVP",0.99800003,1975063,-4378
"2025-12-26 20:00:00","CVP","Chinook Salmon","Unclipped","Fall","Spring",NA,NA,NA,NA,NA,NA,NA,NA,NA,NA,30,120,0.25,"Normal count",37,1,4,2.54,"C251431CVP",0.99800003,1975064,-4378
"2025-12-26 20:00:00","CVP","Chinook Salmon","Unclipped","Fall","Spring",NA,NA,NA,NA,NA,NA,NA,NA,NA,NA,30,120,0.25,"Normal count",37,1,4,2.54,"C251435CVP",0.648,1975064,-4378
"2025-12-26 20:00:00","CVP","Chinook Salmon","Unclipped","Fall","Spring",NA,NA,NA,NA,NA,NA,NA,NA,NA,NA,30,120,0.25,"Normal count",38,1,4,2.54,"C251437CVP",1,1975065,-4378
"2025-12-26 22:00:00","CVP","Chinook Salmon","Unclipped","Fall","Spring",NA,NA,NA,NA,NA,NA,NA,NA,NA,NA,30,120,0.25,"Normal count",35,1,4,2.54,"C251439CVP",0.55000001,1975043,-4378
"2025-12-26 22:00:00","CVP","Chinook Salmon","Clipped","Winter",NA,"LateFall","056809","CNFH","Production",2025-11-13,2025-11-13,1,"Battle Creek at CNFH","CDFW inseason spreadsheet",43,30,120,0.25,"Normal count",122,1,4,2.88,NA,NA,1975044,-4378
"2025-12-27 02:00:00","CVP","Chinook Salmon","Clipped","LateFall",NA,"LateFall","056808","CNFH","Production",2025-11-13,2025-11-13,1,"Battle Creek at CNFH","CDFW inseason spreadsheet",44,30,120,0.25,"Normal count",163,1,4,2.88,NA,NA,1975180,-4542
"2025-12-27 02:00:00","CVP","Chinook Salmon","Clipped","LateFall",NA,"LateFall","056811","CNFH","Production",2025-12-17,2025-12-17,1,"Battle Creek at CNFH","CDFW inseason spreadsheet",10,30,120,0.25,"Normal count",171,1,4,2.88,NA,NA,1975181,-4542
"2025-12-27 02:00:00","CVP","Chinook Salmon","Clipped","LateFall",NA,"LateFall","056814","CNFH","Production",2025-12-17,2025-12-17,1,"Battle Creek at CNFH","CDFW inseason spreadsheet",10,30,120,0.25,"Normal count",194,1,4,2.88,NA,NA,1975182,-4542
"2025-12-27 04:00:00","CVP","Chinook Salmon","Unclipped","Fall","Spring",NA,NA,NA,NA,NA,NA,NA,NA,NA,NA,30,120,0.25,"Normal count",37,1,4,2.54,"C251440CVP",0.83499998,1975176,-4542
"2025-12-27 04:00:00","CVP","Chinook Salmon","Clipped","LateFall",NA,"Spring","062199","SCARF","Production",2025-12-08,2025-12-09,2,"SAN JOAQ R GRT VAL GR 140","RMIS",18,30,120,0.25,"Normal count",182,1,4,2.88,NA,NA,1975177,-4542
"2025-12-27 04:00:00","CVP","Chinook Salmon","Clipped","LateFall",NA,"Spring","062199","SCARF","SJRRP",2025-12-08,2025-12-09,2,"San Joaquin River at Highway 140","CDFW inseason spreadsheet",18,30,120,0.25,"Normal count",182,1,4,2.88,NA,NA,1975177,-4542
"2025-12-27 04:00:00","CVP","Chinook Salmon","Clipped","Fall",NA,"Spring","062199","SCARF","SJRRP",2025-12-08,2025-12-09,2,"San Joaquin River at Highway 140","CDFW inseason spreadsheet",18,30,120,0.25,"Normal count",196,1,4,2.88,NA,NA,1975178,-4542
"2025-12-27 04:00:00","CVP","Chinook Salmon","Clipped","Fall",NA,"Spring","062199","SCARF","Production",2025-12-08,2025-12-09,2,"SAN JOAQ R GRT VAL GR 140","RMIS",18,30,120,0.25,"Normal count",196,1,4,2.88,NA,NA,1975178,-4542
"2025-12-27 06:00:00","CVP","Chinook Salmon","Unclipped","Fall","Spring",NA,NA,NA,NA,NA,NA,NA,NA,NA,NA,30,120,0.25,"Normal count",34,1,4,2.54,"C251445CVP",1,1975183,-4542
"2025-12-27 06:00:00","CVP","Chinook Salmon","Unclipped","Fall","Spring",NA,NA,NA,NA,NA,NA,NA,NA,NA,NA,30,120,0.25,"Normal count",35,1,4,2.54,"C251444CVP",0.60500002,1975184,-4542
"2025-12-27 06:00:00","CVP","Chinook Salmon","Unclipped","Fall","Spring",NA,NA,NA,NA,NA,NA,NA,NA,NA,NA,30,120,0.25,"Normal count",36,1,4,2.54,"C251443CVP",0.98900002,1975185,-4542
"2025-12-27 06:00:00","CVP","Chinook Salmon","Unclipped","Fall","Spring",NA,NA,NA,NA,NA,NA,NA,NA,NA,NA,30,120,0.25,"Normal count",36,1,4,2.54,"C251442CVP",0.963,1975185,-4542
"2025-12-27 06:00:00","CVP","Chinook Salmon","Unclipped","Fall","Spring",NA,NA,NA,NA,NA,NA,NA,NA,NA,NA,30,120,0.25,"Normal count",37,1,4,2.54,"C251441CVP",0.99800003,1975186,-4542
"2025-12-27 08:00:00","CVP","Chinook Salmon","Unclipped","Fall",NA,NA,NA,NA,NA,NA,NA,NA,NA,NA,NA,30,120,0.25,"Normal count",38,1,4,2.54,NA,NA,1975198,-4542
"2025-12-27 08:00:00","CVP","Chinook Salmon","Unclipped","Fall","Spring",NA,NA,NA,NA,NA,NA,NA,NA,NA,NA,30,120,0.25,"Normal count",38,1,4,2.54,"C251448CVP",0.99699998,1975198,-4542
"2025-12-27 08:00:00","CVP","Chinook Salmon","Unclipped","Spring","Spring",NA,NA,NA,NA,NA,NA,NA,NA,NA,NA,30,120,0.25,"Normal count",39,1,4,2.54,"C251449CVP",0.97799999,1975199,-4542
"2025-12-27 08:00:00","CVP","Chinook Salmon","Unclipped","Spring","Spring",NA,NA,NA,NA,NA,NA,NA,NA,NA,NA,30,120,0.25,"Normal count",42,1,4,2.54,"C251447CVP",0.94700003,1975200,-4542
"2025-12-27 08:00:00","CVP","Chinook Salmon","Clipped","Winter",NA,"LateFall","056815","CNFH","Production",2025-12-17,2025-12-17,1,"Battle Creek at CNFH","CDFW inseason spreadsheet",10,30,120,0.25,"Normal count",145,1,4,2.88,NA,NA,1975201,-4542
"2025-12-27 10:00:00","CVP","Chinook Salmon","Clipped","LateFall",NA,"LateFall","056806","CNFH","Production",2025-12-17,2025-12-17,1,"Battle Creek at CNFH","CDFW inseason spreadsheet",10,30,120,0.25,"Normal count",160,1,4,2.88,NA,NA,1975179,-4542
"2025-12-27 18:00:00","CVP","Chinook Salmon","Clipped","LateFall",NA,"Spring","062199","SCARF","Production",2025-12-08,2025-12-09,2,"SAN JOAQ R GRT VAL GR 140","RMIS",18,30,120,0.25,"Normal count",153,1,4,2.88,NA,NA,1975204,-4542
"2025-12-27 18:00:00","CVP","Chinook Salmon","Clipped","LateFall",NA,"Spring","062199","SCARF","SJRRP",2025-12-08,2025-12-09,2,"San Joaquin River at Highway 140","CDFW inseason spreadsheet",18,30,120,0.25,"Normal count",153,1,4,2.88,NA,NA,1975204,-4542
"2025-12-27 18:00:00","CVP","Chinook Salmon","Clipped","LateFall",NA,"LateFall","056806","CNFH","Production",2025-12-17,2025-12-17,1,"Battle Creek at CNFH","CDFW inseason spreadsheet",10,30,120,0.25,"Normal count",158,1,4,2.88,NA,NA,1975205,-4542
"2025-12-27 18:00:00","CVP","Chinook Salmon","Clipped","LateFall","Fall",NA,NA,NA,NA,NA,NA,NA,NA,NA,NA,30,120,0.25,"Normal count",173,1,4,2.88,"C251450CVP",0.37799999,1975206,-4542
"2025-12-27 20:00:00","CVP","Chinook Salmon","Unclipped","Fall","Spring",NA,NA,NA,NA,NA,NA,NA,NA,NA,NA,30,120,0.25,"Normal count",35,1,4,2.54,"C251451CVP",0.54100001,1975145,-4542
"2025-12-27 22:00:00","CVP","Chinook Salmon","Unclipped","Fall","Spring",NA,NA,NA,NA,NA,NA,NA,NA,NA,NA,30,120,0.25,"Normal count",34,1,4,2.54,"C251453CVP",0.949,1975146,-4542
"2025-12-27 22:00:00","CVP","Chinook Salmon","Unclipped","Fall","Spring",NA,NA,NA,NA,NA,NA,NA,NA,NA,NA,30,120,0.25,"Normal count",34,1,4,2.54,"C251452CVP",0.54000002,1975146,-4542
"2025-12-27 22:00:00","CVP","Chinook Salmon","Unclipped","Fall","Spring",NA,NA,NA,NA,NA,NA,NA,NA,NA,NA,30,120,0.25,"Normal count",34,1,4,2.54,"C251455CVP",0.97299999,1975146,-4542
"2025-12-27 22:00:00","CVP","Chinook Salmon","Unclipped","Fall",NA,NA,NA,NA,NA,NA,NA,NA,NA,NA,NA,30,120,0.25,"Normal count",36,1,4,2.54,NA,NA,1975147,-4542
"2025-12-27 22:00:00","CVP","Chinook Salmon","Clipped","Fall",NA,"Spring","062199","SCARF","Production",2025-12-08,2025-12-09,2,"SAN JOAQ R GRT VAL GR 140","RMIS",18,30,120,0.25,"Normal count",196,1,4,2.88,NA,NA,1975148,-4542
"2025-12-27 22:00:00","CVP","Chinook Salmon","Clipped","Fall",NA,"Spring","062199","SCARF","SJRRP",2025-12-08,2025-12-09,2,"San Joaquin River at Highway 140","CDFW inseason spreadsheet",18,30,120,0.25,"Normal count",196,1,4,2.88,NA,NA,1975148,-4542
"2025-12-28 02:00:00","CVP","Chinook Salmon","Clipped","LateFall",NA,"LateFall","056811","CNFH","Production",2025-12-17,2025-12-17,1,"Battle Creek at CNFH","CDFW inseason spreadsheet",11,30,120,0.25,"Normal count",159,1,4,2.88,NA,NA,1975290,-4712
"2025-12-28 02:00:00","CVP","Chinook Salmon","Clipped","LateFall",NA,"LateFall","056811","CNFH","Production",2025-12-17,2025-12-17,1,"Battle Creek at CNFH","CDFW inseason spreadsheet",11,30,120,0.25,"Normal count",179,1,4,2.88,NA,NA,1975291,-4712
"2025-12-28 04:00:00","CVP","Chinook Salmon","Unclipped","Fall","Spring",NA,NA,NA,NA,NA,NA,NA,NA,NA,NA,30,120,0.25,"Normal count",34,1,4,2.54,"C251456CVP",1,1975223,-4712
"2025-12-28 06:00:00","CVP","Chinook Salmon","Unclipped","Fall","Spring",NA,NA,NA,NA,NA,NA,NA,NA,NA,NA,30,120,0.25,"Normal count",34,1,4,2.54,"C251457CVP",0.995,1975281,-4712
"2025-12-28 06:00:00","CVP","Chinook Salmon","Unclipped","Fall","Spring",NA,NA,NA,NA,NA,NA,NA,NA,NA,NA,30,120,0.25,"Normal count",34,1,4,2.54,"C251458CVP",0.55500001,1975281,-4712
"2025-12-28 08:00:00","CVP","Chinook Salmon","Unclipped","Fall","Spring",NA,NA,NA,NA,NA,NA,NA,NA,NA,NA,30,120,0.25,"Normal count",34,1,4,2.54,"C251461CVP",0.98000002,1975299,-4712
"2025-12-28 08:00:00","CVP","Chinook Salmon","Unclipped","Fall","Spring",NA,NA,NA,NA,NA,NA,NA,NA,NA,NA,30,120,0.25,"Normal count",35,1,4,2.54,"C251460CVP",0.60500002,1975300,-4712
"2025-12-28 08:00:00","CVP","Chinook Salmon","Unclipped","Fall","Spring",NA,NA,NA,NA,NA,NA,NA,NA,NA,NA,30,120,0.25,"Normal count",36,1,4,2.54,"C251462CVP",0.95300001,1975301,-4712
"2025-12-28 08:00:00","CVP","Chinook Salmon","Unclipped","Fall","Spring",NA,NA,NA,NA,NA,NA,NA,NA,NA,NA,30,120,0.25,"Normal count",37,1,4,2.54,"C251459CVP",0.98500001,1975302,-4712
"2025-12-28 18:00:00","CVP","Chinook Salmon","Clipped","Winter",NA,"LateFall","056811","CNFH","Production",2025-12-17,2025-12-17,1,"Battle Creek at CNFH","CDFW inseason spreadsheet",11,30,120,0.25,"Normal count",140,1,4,2.88,NA,NA,1975216,-4712
"2025-12-28 20:00:00","CVP","Chinook Salmon","Unclipped","Fall","Spring",NA,NA,NA,NA,NA,NA,NA,NA,NA,NA,30,120,0.25,"Normal count",34,1,4,2.54,"C251464CVP",0.57999998,1975286,-4712
"2025-12-28 20:00:00","CVP","Chinook Salmon","Unclipped","Fall","Spring",NA,NA,NA,NA,NA,NA,NA,NA,NA,NA,30,120,0.25,"Normal count",37,1,4,2.54,"C251463CVP",0.42399999,1975287,-4712
"2025-12-28 22:00:00","CVP","Chinook Salmon","Unclipped","Fall","Spring",NA,NA,NA,NA,NA,NA,NA,NA,NA,NA,30,120,0.25,"Normal count",36,1,4,2.54,"C251466CVP",0.995,1975282,-4712
"2025-12-28 22:00:00","CVP","Chinook Salmon","Unclipped","Fall","Spring",NA,NA,NA,NA,NA,NA,NA,NA,NA,NA,30,120,0.25,"Normal count",38,1,4,2.54,"C251465CVP",0.99900001,1975283,-4712
"2025-12-28 22:00:00","CVP","Chinook Salmon","Clipped","LateFall",NA,"Spring","062199","SCARF","SJRRP",2025-12-08,2025-12-09,2,"San Joaquin River at Highway 140","CDFW inseason spreadsheet",19,30,120,0.25,"Normal count",162,1,4,2.88,NA,NA,1975284,-4712
"2025-12-28 22:00:00","CVP","Chinook Salmon","Clipped","LateFall",NA,"Spring","062199","SCARF","Production",2025-12-08,2025-12-09,2,"SAN JOAQ R GRT VAL GR 140","RMIS",19,30,120,0.25,"Normal count",162,1,4,2.88,NA,NA,1975284,-4712
"2025-12-28 23:59:00","CVP","Chinook Salmon","Unclipped","Fall","Spring",NA,NA,NA,NA,NA,NA,NA,NA,NA,NA,30,120,0.25,"Normal count",34,1,4,2.54,"C251472CVP",0.57099998,1975292,-4712
"2025-12-28 23:59:00","CVP","Chinook Salmon","Unclipped","Fall","Spring",NA,NA,NA,NA,NA,NA,NA,NA,NA,NA,30,120,0.25,"Normal count",35,1,4,2.54,"C251471CVP",0.98900002,1975293,-4712
"2025-12-28 23:59:00","CVP","Chinook Salmon","Unclipped","Fall","Spring",NA,NA,NA,NA,NA,NA,NA,NA,NA,NA,30,120,0.25,"Normal count",35,1,4,2.54,"C251467CVP",0.84100002,1975293,-4712
"2025-12-28 23:59:00","CVP","Chinook Salmon","Unclipped","Fall","Spring",NA,NA,NA,NA,NA,NA,NA,NA,NA,NA,30,120,0.25,"Normal count",35,1,4,2.54,"C251473CVP",1,1975293,-4712
"2025-12-28 23:59:00","CVP","Chinook Salmon","Unclipped","Fall","Spring",NA,NA,NA,NA,NA,NA,NA,NA,NA,NA,30,120,0.25,"Normal count",37,1,4,2.54,"C251468CVP",0.85000002,1975294,-4712
"2025-12-28 23:59:00","CVP","Chinook Salmon","Unclipped","Fall","Spring",NA,NA,NA,NA,NA,NA,NA,NA,NA,NA,30,120,0.25,"Normal count",37,1,4,2.54,"C251470CVP",0.96100003,1975294,-4712
"2025-12-28 23:59:00","CVP","Chinook Salmon","Unclipped","Fall","Spring",NA,NA,NA,NA,NA,NA,NA,NA,NA,NA,30,120,0.25,"Normal count",37,1,4,2.54,"C251474CVP",0.99599999,1975294,-4712
"2025-12-28 23:59:00","CVP","Chinook Salmon","Unclipped","Fall","Spring",NA,NA,NA,NA,NA,NA,NA,NA,NA,NA,30,120,0.25,"Normal count",38,1,4,2.54,"C251475CVP",0.98299998,1975295,-4712
"2025-12-28 23:59:00","CVP","Chinook Salmon","Unclipped","Fall","Spring",NA,NA,NA,NA,NA,NA,NA,NA,NA,NA,30,120,0.25,"Normal count",38,1,4,2.54,"C251469CVP",0.662,1975295,-4712
"2025-12-28 23:59:00","CVP","Chinook Salmon","Clipped","LateFall",NA,"LateFall","056815","CNFH","Production",2025-12-17,2025-12-17,1,"Battle Creek at CNFH","CDFW inseason spreadsheet",11,30,120,0.25,"Normal count",152,1,4,2.88,NA,NA,1975296,-4712
"2025-12-28 23:59:00","CVP","Chinook Salmon","Clipped","LateFall",NA,"Spring","062199","SCARF","SJRRP",2025-12-08,2025-12-09,2,"San Joaquin River at Highway 140","CDFW inseason spreadsheet",19,30,120,0.25,"Normal count",158,1,4,2.88,NA,NA,1975297,-4712
"2025-12-28 23:59:00","CVP","Chinook Salmon","Clipped","LateFall",NA,"Spring","062199","SCARF","Production",2025-12-08,2025-12-09,2,"SAN JOAQ R GRT VAL GR 140","RMIS",19,30,120,0.25,"Normal count",158,1,4,2.88,NA,NA,1975297,-4712
"2025-12-29 02:00:00","CVP","Chinook Salmon","Clipped","LateFall",NA,"Spring","062199","SCARF","SJRRP",2025-12-08,2025-12-09,2,"San Joaquin River at Highway 140","CDFW inseason spreadsheet",20,30,120,0.25,"Normal count",171,1,4,2.88,NA,NA,1985989,-4799
"2025-12-29 02:00:00","CVP","Chinook Salmon","Clipped","LateFall",NA,"Spring","062199","SCARF","Production",2025-12-08,2025-12-09,2,"SAN JOAQ R GRT VAL GR 140","RMIS",20,30,120,0.25,"Normal count",171,1,4,2.88,NA,NA,1985989,-4799
"2025-12-29 08:00:00","CVP","Chinook Salmon","Unclipped","Fall",NA,NA,NA,NA,NA,NA,NA,NA,NA,NA,NA,30,120,0.25,"Normal count",35,2,8,5.07,NA,NA,1985936,-4799
"2025-12-29 08:00:00","CVP","Chinook Salmon","Unclipped","Fall",NA,NA,NA,NA,NA,NA,NA,NA,NA,NA,NA,30,120,0.25,"Normal count",36,2,8,5.07,NA,NA,1985937,-4799
"2025-12-29 10:00:00","CVP","Chinook Salmon","Unclipped","Fall",NA,NA,NA,NA,NA,NA,NA,NA,NA,NA,NA,30,120,0.25,"Normal count",32,1,4,2.54,NA,NA,1985997,-4799
"2025-12-29 10:00:00","CVP","Chinook Salmon","Unclipped","Fall",NA,NA,NA,NA,NA,NA,NA,NA,NA,NA,NA,30,120,0.25,"Normal count",35,2,8,5.07,NA,NA,1985998,-4799
"2025-12-29 18:00:00","CVP","Chinook Salmon","Unclipped","Fall","Spring",NA,NA,NA,NA,NA,NA,NA,NA,NA,NA,30,120,0.25,"Normal count",38,1,4,2.54,"C251483CVP",1,1985987,-4799
"2025-12-29 20:00:00","CVP","Chinook Salmon","Unclipped","Fall","Fall",NA,NA,NA,NA,NA,NA,NA,NA,NA,NA,30,120,0.25,"Normal count",37,1,4,2.54,"C251484CVP",1,1985933,-4799
"2025-12-29 20:00:00","CVP","Chinook Salmon","Unclipped","Fall","Spring",NA,NA,NA,NA,NA,NA,NA,NA,NA,NA,30,120,0.25,"Normal count",38,1,4,2.54,"C251485CVP",0.90200001,1985934,-4799
"2025-12-29 20:00:00","CVP","Chinook Salmon","Unclipped","Fall","Fall",NA,NA,NA,NA,NA,NA,NA,NA,NA,NA,30,120,0.25,"Normal count",39,1,4,2.54,"C251486CVP",0.51899999,1985935,-4799
"2025-12-29 22:00:00","CVP","Chinook Salmon","Clipped","Winter",NA,"LateFall","056806","CNFH","Production",2025-12-17,2025-12-17,1,"Battle Creek at CNFH","CDFW inseason spreadsheet",12,30,120,0.25,"Normal count",147,1,4,2.88,NA,NA,1985980,-4799
"2025-12-29 23:59:00","CVP","Chinook Salmon","Unclipped","Fall",NA,NA,NA,NA,NA,NA,NA,NA,NA,NA,NA,30,120,0.25,"Normal count",34,1,4,2.54,NA,NA,1985959,-4799
"2025-12-29 23:59:00","CVP","Chinook Salmon","Unclipped","Fall",NA,NA,NA,NA,NA,NA,NA,NA,NA,NA,NA,30,120,0.25,"Normal count",37,1,4,2.54,NA,NA,1985960,-4799
"2025-12-30 02:00:00","CVP","Chinook Salmon","Unclipped","Fall","Spring",NA,NA,NA,NA,NA,NA,NA,NA,NA,NA,30,120,0.25,"Normal count",35,1,4,2.54,"C251490CVP",0.537,1975446,-4926
"2025-12-30 02:00:00","CVP","Chinook Salmon","Unclipped","Fall","Spring",NA,NA,NA,NA,NA,NA,NA,NA,NA,NA,30,120,0.25,"Normal count",36,1,4,2.54,"C251489CVP",0.58200002,1975445,-4926
"2025-12-30 02:00:00","CVP","Chinook Salmon","Clipped","LateFall",NA,"Spring","062199","SCARF","Production",2025-12-08,2025-12-09,2,"SAN JOAQ R GRT VAL GR 140","RMIS",21,30,120,0.25,"Normal count",185,1,4,2.88,NA,NA,1975447,-4926
"2025-12-30 02:00:00","CVP","Chinook Salmon","Clipped","LateFall",NA,"Spring","062199","SCARF","SJRRP",2025-12-08,2025-12-09,2,"San Joaquin River at Highway 140","CDFW inseason spreadsheet",21,30,120,0.25,"Normal count",185,1,4,2.88,NA,NA,1975447,-4926
"2025-12-30 04:00:00","CVP","Chinook Salmon","Unclipped","Fall","Fall",NA,NA,NA,NA,NA,NA,NA,NA,NA,NA,30,120,0.25,"Normal count",33,1,4,2.54,"C251491CVP",0.42699999,1975443,-4926
"2025-12-30 04:00:00","CVP","Chinook Salmon","Clipped","Winter",NA,"LateFall","056813","CNFH","Experimental",2025-12-22,2025-12-22,1,"Battle Creek at CNFH","CDFW inseason spreadsheet",8,30,120,0.25,"Normal count",145,1,4,2.88,NA,NA,1975444,-4926
"2025-12-30 10:00:00","CVP","Chinook Salmon","Unclipped","Fall","Spring",NA,NA,NA,NA,NA,NA,NA,NA,NA,NA,30,120,0.25,"Normal count",38,1,4,2.54,"C251492CVP",0.99400002,1975494,-4926
"2025-12-30 16:00:00","CVP","Chinook Salmon","Unclipped","Fall","Spring",NA,NA,NA,NA,NA,NA,NA,NA,NA,NA,30,120,0.25,"Normal count",37,1,4,2.54,"C251493CVP",0.676,1975496,-4926
"2025-12-30 18:00:00","CVP","Chinook Salmon","Unclipped","Fall",NA,NA,NA,NA,NA,NA,NA,NA,NA,NA,NA,30,120,0.25,"Normal count",37,1,4,2.54,NA,NA,1975588,-4926
"2025-12-30 22:00:00","CVP","Chinook Salmon","Unclipped","Fall","Spring",NA,NA,NA,NA,NA,NA,NA,NA,NA,NA,30,120,0.25,"Normal count",35,1,4,2.54,"C251495CVP",1,1975560,-4926
"2025-12-30 23:59:00","CVP","Chinook Salmon","Unclipped","Fall","Spring",NA,NA,NA,NA,NA,NA,NA,NA,NA,NA,30,120,0.25,"Normal count",35,1,4,2.54,"C251497CVP",0.99199998,1975557,-4926
"2025-12-30 23:59:00","CVP","Chinook Salmon","Unclipped","Fall","Spring",NA,NA,NA,NA,NA,NA,NA,NA,NA,NA,30,120,0.25,"Normal count",37,1,4,2.54,"C251496CVP",0.99000001,1975558,-4926
"2025-12-31 02:00:00","CVP","Chinook Salmon","Unclipped","Fall","Spring",NA,NA,NA,NA,NA,NA,NA,NA,NA,NA,30,120,0.25,"Normal count",36,1,4,2.54,"C251498CVP",0.824,1975697,-5061
"2025-12-31 02:00:00","CVP","Chinook Salmon","Unclipped","Fall","Fall",NA,NA,NA,NA,NA,NA,NA,NA,NA,NA,30,120,0.25,"Normal count",37,1,4,2.54,"C251500CVP",0.486,1975698,-5061
"2025-12-31 02:00:00","CVP","Chinook Salmon","Unclipped","Fall","Spring",NA,NA,NA,NA,NA,NA,NA,NA,NA,NA,30,120,0.25,"Normal count",38,1,4,2.54,"C251499CVP",1,1975699,-5061
"2025-12-31 04:00:00","CVP","Chinook Salmon","Unclipped","Fall","Spring",NA,NA,NA,NA,NA,NA,NA,NA,NA,NA,30,120,0.25,"Normal count",36,1,4,2.54,"C251501CVP",0.99800003,1975752,-5061
"2025-12-31 04:00:00","CVP","Chinook Salmon","Clipped","LateFall",NA,"LateFall","056817","CNFH","Production",2025-12-17,2025-12-17,1,"Battle Creek at CNFH","CDFW inseason spreadsheet",14,30,120,0.25,"Normal count",193,1,4,2.88,NA,NA,1975753,-5061
"2025-12-31 06:00:00","CVP","Chinook Salmon","Clipped","LateFall",NA,"LateFall","056815","CNFH","Production",2025-12-17,2025-12-17,1,"Battle Creek at CNFH","CDFW inseason spreadsheet",14,30,120,0.25,"Normal count",167,1,4,2.88,NA,NA,1975733,-5061
"2025-12-31 08:00:00","CVP","Chinook Salmon","Clipped","LateFall",NA,"LateFall","056806","CNFH","Production",2025-12-17,2025-12-17,1,"Battle Creek at CNFH","CDFW inseason spreadsheet",14,30,120,0.25,"Normal count",171,1,4,2.88,NA,NA,1975660,-5061
"2025-12-31 10:00:00","CVP","Chinook Salmon","Unclipped","Fall","Spring",NA,NA,NA,NA,NA,NA,NA,NA,NA,NA,30,120,0.25,"Normal count",37,1,4,2.54,"C251502CVP",0.99800003,1975670,-5061
"2025-12-31 10:00:00","CVP","Chinook Salmon","Clipped","Winter",NA,"LateFall","056808","CNFH","Production",2025-11-13,2025-11-13,1,"Battle Creek at CNFH","CDFW inseason spreadsheet",48,30,120,0.25,"Normal count",118,1,4,2.88,NA,NA,1975671,-5061
"2025-12-31 10:00:00","CVP","Chinook Salmon","Clipped","Winter",NA,"LateFall","056815","CNFH","Production",2025-12-17,2025-12-17,1,"Battle Creek at CNFH","CDFW inseason spreadsheet",14,30,120,0.25,"Normal count",152,1,4,2.88,NA,NA,1975672,-5061
"2025-12-31 16:30:00","SWP","Chinook Salmon","Clipped","Winter",NA,"LateFall","056812","CNFH","Production",2025-12-17,2025-12-17,1,"Battle Creek at CNFH","CDFW inseason spreadsheet",14,NA,NA,NA,"Second flush",149,1,1,4.33,NA,NA,1975637,-5061
"2025-12-31 16:30:00","SWP","Chinook Salmon","Clipped","LateFall",NA,"LateFall","05806",NA,NA,NA,NA,NA,NA,NA,NA,NA,NA,NA,"Second flush",155,1,1,4.33,NA,NA,1975639,-5061
"2026-01-01 04:00:00","CVP","Chinook Salmon","Clipped","LateFall",NA,"LateFall","056811","CNFH","Production",2025-12-17,2025-12-17,1,"Battle Creek at CNFH","CDFW inseason spreadsheet",15,30,120,0.25,"Normal count",163,1,4,2.88,NA,NA,1975843,-5175
"2026-01-01 06:00:00","CVP","Chinook Salmon","Clipped","LateFall",NA,"Spring","062199","SCARF","Production",2025-12-08,2025-12-09,2,"SAN JOAQ R GRT VAL GR 140","RMIS",23,30,120,0.25,"Normal count",185,1,4,2.88,NA,NA,1975793,-5175
"2026-01-01 06:00:00","CVP","Chinook Salmon","Clipped","LateFall",NA,"Spring","062199","SCARF","SJRRP",2025-12-08,2025-12-09,2,"San Joaquin River at Highway 140","CDFW inseason spreadsheet",23,30,120,0.25,"Normal count",185,1,4,2.88,NA,NA,1975793,-5175
"2026-01-01 10:00:00","CVP","Chinook Salmon","Unclipped","Fall","Fall",NA,NA,NA,NA,NA,NA,NA,NA,NA,NA,30,120,0.25,"Normal count",37,1,4,2.54,"C260001CVP",0.48199999,1975756,-5175
"2026-01-01 16:30:00","SWP","Chinook Salmon","Clipped","LateFall",NA,"LateFall","056815","CNFH","Production",2025-12-17,2025-12-17,1,"Battle Creek at CNFH","CDFW inseason spreadsheet",15,NA,NA,NA,"Second flush",166,1,1,4.33,NA,NA,1975641,-5175
"2026-01-01 16:30:00","SWP","Chinook Salmon","Clipped","LateFall",NA,"Spring","062199","SCARF","Production",2025-12-08,2025-12-09,2,"SAN JOAQ R GRT VAL GR 140","RMIS",23,NA,NA,NA,"Second flush",177,1,1,4.33,NA,NA,1975624,-5175
"2026-01-01 16:30:00","SWP","Chinook Salmon","Clipped","LateFall",NA,"Spring","062199","SCARF","SJRRP",2025-12-08,2025-12-09,2,"San Joaquin River at Highway 140","CDFW inseason spreadsheet",23,NA,NA,NA,"Second flush",177,1,1,4.33,NA,NA,1975624,-5175
"2026-01-02 04:00:00","CVP","Chinook Salmon","Unclipped","Fall","Spring",NA,NA,NA,NA,NA,NA,NA,NA,NA,NA,30,120,0.25,"Normal count",35,1,4,2.54,"C260002CVP",0.58499998,1975913,-5221
"2026-01-02 20:00:00","CVP","Chinook Salmon","Unclipped","LateFall","Fall",NA,NA,NA,NA,NA,NA,NA,NA,NA,NA,30,120,0.25,"Normal count",165,1,4,2.88,"C260003CVP",0.69999999,1975930,-5221
"2026-01-02 23:59:00","CVP","Chinook Salmon","Clipped","LateFall",NA,"LateFall","056812","CNFH","Production",2025-12-17,2025-12-17,1,"Battle Creek at CNFH","CDFW inseason spreadsheet",16,30,120,0.25,"Normal count",162,1,4,2.88,NA,NA,1975948,-5221
"2026-01-03 06:00:00","CVP","Chinook Salmon","Clipped","Winter",NA,"LateFall","056815","CNFH","Production",2025-12-17,2025-12-17,1,"Battle Creek at CNFH","CDFW inseason spreadsheet",17,30,120,0.25,"Normal count",153,1,4,3.19,NA,NA,1975960,-4955
"2026-01-03 09:00:00","SWP","Chinook Salmon","Clipped","LateFall",NA,"LateFall","056806","CNFH","Production",2025-12-17,2025-12-17,1,"Battle Creek at CNFH","CDFW inseason spreadsheet",17,30,120,0.25,"Normal count",172,1,4,17.47,NA,NA,1975852,-4955
"2026-01-04 02:00:00","CVP","Chinook Salmon","Clipped","LateFall",NA,"LateFall","056814","CNFH","Production",2025-12-17,2025-12-17,1,"Battle Creek at CNFH","CDFW inseason spreadsheet",18,30,120,0.25,"Normal count",174,1,4,3.19,NA,NA,1976059,-4739
"2026-01-04 18:00:00","CVP","Chinook Salmon","Clipped","LateFall",NA,"LateFall","056812","CNFH","Production",2025-12-17,2025-12-17,1,"Battle Creek at CNFH","CDFW inseason spreadsheet",18,30,120,0.25,"Normal count",181,1,4,3.19,NA,NA,1976029,-4739
"2026-01-05 14:00:00","CVP","Chinook Salmon","Clipped","Winter",NA,"LateFall","056806","CNFH","Production",2025-12-17,2025-12-17,1,"Battle Creek at CNFH","CDFW inseason spreadsheet",19,30,120,0.25,"Normal count",143,1,4,2.88,NA,NA,1976120,-4626
"2026-01-05 18:00:00","CVP","Chinook Salmon","Clipped","LateFall",NA,"LateFall","056806","CNFH","Production",2025-12-17,2025-12-17,1,"Battle Creek at CNFH","CDFW inseason spreadsheet",19,30,120,0.25,"Normal count",181,1,4,2.88,NA,NA,1976155,-4626
"2026-01-05 18:00:00","CVP","Chinook Salmon","Clipped","LateFall",NA,"LateFall","056811","CNFH","Production",2025-12-17,2025-12-17,1,"Battle Creek at CNFH","CDFW inseason spreadsheet",19,30,120,0.25,"Normal count",182,1,4,2.88,NA,NA,1976156,-4626
"2026-01-05 20:00:00","CVP","Chinook Salmon","Clipped","Winter",NA,"LateFall","056813","CNFH","Experimental",2025-12-22,2025-12-22,1,"Battle Creek at CNFH","CDFW inseason spreadsheet",14,30,120,0.25,"Normal count",154,1,4,2.88,NA,NA,1976157,-4626
"2026-01-05 20:00:00","CVP","Chinook Salmon","Clipped","LateFall",NA,"LateFall","056817","CNFH","Production",2025-12-17,2025-12-17,1,"Battle Creek at CNFH","CDFW inseason spreadsheet",19,30,120,0.25,"Normal count",183,1,4,2.88,NA,NA,1976158,-4626
"2026-01-05 22:00:00","CVP","Chinook Salmon","Clipped","Winter",NA,"LateFall","056813","CNFH","Experimental",2025-12-22,2025-12-22,1,"Battle Creek at CNFH","CDFW inseason spreadsheet",14,30,120,0.25,"Normal count",155,1,4,2.88,NA,NA,1976085,-4626
"2026-01-05 22:00:00","CVP","Chinook Salmon","Clipped","Winter",NA,"LateFall","056813","CNFH","Experimental",2025-12-22,2025-12-22,1,"Battle Creek at CNFH","CDFW inseason spreadsheet",14,30,120,0.25,"Normal count",157,1,4,2.88,NA,NA,1976086,-4626
"2026-01-05 22:00:00","CVP","Chinook Salmon","Clipped","LateFall",NA,NA,"100000",NA,NA,NA,NA,NA,NA,NA,NA,30,120,0.25,"Normal count",164,1,4,2.88,NA,NA,1976087,-4626
"2026-01-06 02:00:00","CVP","Chinook Salmon","Clipped","Winter",NA,"LateFall","056813","CNFH","Experimental",2025-12-22,2025-12-22,1,"Battle Creek at CNFH","CDFW inseason spreadsheet",15,30,120,0.25,"Normal count",131,1,4,2.88,NA,NA,1976282,-4381
"2026-01-06 06:00:00","CVP","Chinook Salmon","Clipped","LateFall",NA,"LateFall","056813","CNFH","Experimental",2025-12-22,2025-12-22,1,"Battle Creek at CNFH","CDFW inseason spreadsheet",15,30,120,0.25,"Normal count",166,1,4,2.88,NA,NA,1976215,-4381
"2026-01-06 06:00:00","CVP","Chinook Salmon","Clipped","LateFall",NA,"LateFall","056813","CNFH","Experimental",2025-12-22,2025-12-22,1,"Battle Creek at CNFH","CDFW inseason spreadsheet",15,30,120,0.25,"Normal count",168,1,4,2.88,NA,NA,1976216,-4381
"2026-01-06 06:00:00","CVP","Chinook Salmon","Clipped","LateFall",NA,"LateFall","056813","CNFH","Experimental",2025-12-22,2025-12-22,1,"Battle Creek at CNFH","CDFW inseason spreadsheet",15,30,120,0.25,"Normal count",184,1,4,2.88,NA,NA,1976217,-4381
"2026-01-06 07:00:00","SWP","Chinook Salmon","Clipped","Winter",NA,"LateFall","056813","CNFH","Experimental",2025-12-22,2025-12-22,1,"Battle Creek at CNFH","CDFW inseason spreadsheet",15,30,120,0.25,"Normal count",149,1,4,17.44,NA,NA,1976189,-4381
"2026-01-06 07:00:00","SWP","Chinook Salmon","Clipped","LateFall",NA,"LateFall","056806","CNFH","Production",2025-12-17,2025-12-17,1,"Battle Creek at CNFH","CDFW inseason spreadsheet",20,30,120,0.25,"Normal count",172,1,4,17.44,NA,NA,1976180,-4381
"2026-01-06 07:00:00","SWP","Chinook Salmon","Clipped","LateFall",NA,"LateFall","056814","CNFH","Production",2025-12-17,2025-12-17,1,"Battle Creek at CNFH","CDFW inseason spreadsheet",20,30,120,0.25,"Normal count",182,1,4,17.44,NA,NA,1976182,-4381
"2026-01-06 07:30:00","SWP","Chinook Salmon","Clipped","Winter",NA,"LateFall","056817","CNFH","Production",2025-12-17,2025-12-17,1,"Battle Creek at CNFH","CDFW inseason spreadsheet",20,NA,NA,NA,"Second flush",141,1,1,4.33,NA,NA,1976187,-4381
"2026-01-06 07:30:00","SWP","Chinook Salmon","Clipped","Winter",NA,"LateFall","053700","CNFH","Production",2025-12-17,2025-12-17,1,"Battle Creek at CNFH","CDFW inseason spreadsheet",20,NA,NA,NA,"Second flush",147,1,1,4.33,NA,NA,1976188,-4381
"2026-01-06 08:00:00","CVP","Chinook Salmon","Clipped","Winter",NA,"LateFall","056813","CNFH","Experimental",2025-12-22,2025-12-22,1,"Battle Creek at CNFH","CDFW inseason spreadsheet",15,30,120,0.25,"Normal count",157,1,4,2.88,NA,NA,1976245,-4381
"2026-01-06 18:00:00","CVP","Chinook Salmon","Clipped","Winter",NA,"LateFall","056811","CNFH","Production",2025-12-17,2025-12-17,1,"Battle Creek at CNFH","CDFW inseason spreadsheet",20,30,120,0.25,"Normal count",139,1,4,2.88,NA,NA,1976190,-4381
"2026-01-06 18:00:00","CVP","Chinook Salmon","Clipped","Winter",NA,"LateFall","056811","CNFH","Production",2025-12-17,2025-12-17,1,"Battle Creek at CNFH","CDFW inseason spreadsheet",20,30,120,0.25,"Normal count",145,1,4,2.88,NA,NA,1976191,-4381
"2026-01-06 18:00:00","CVP","Chinook Salmon","Clipped","Winter",NA,"LateFall","056813","CNFH","Experimental",2025-12-22,2025-12-22,1,"Battle Creek at CNFH","CDFW inseason spreadsheet",15,30,120,0.25,"Normal count",159,1,4,2.88,NA,NA,1976192,-4381
"2026-01-06 18:00:00","CVP","Chinook Salmon","Clipped","Winter",NA,"LateFall","056813","CNFH","Experimental",2025-12-22,2025-12-22,1,"Battle Creek at CNFH","CDFW inseason spreadsheet",15,30,120,0.25,"Normal count",159,1,4,2.88,NA,NA,1976192,-4381
"2026-01-06 18:00:00","CVP","Chinook Salmon","Clipped","Winter",NA,"LateFall","056813","CNFH","Experimental",2025-12-22,2025-12-22,1,"Battle Creek at CNFH","CDFW inseason spreadsheet",15,30,120,0.25,"Normal count",159,1,4,2.88,NA,NA,1976192,-4381
"2026-01-06 18:00:00","CVP","Chinook Salmon","Clipped","Winter",NA,"LateFall","056813","CNFH","Experimental",2025-12-22,2025-12-22,1,"Battle Creek at CNFH","CDFW inseason spreadsheet",15,30,120,0.25,"Normal count",159,1,4,2.88,NA,NA,1976192,-4381
"2026-01-06 18:00:00","CVP","Chinook Salmon","Clipped","LateFall",NA,"LateFall","056813","CNFH","Experimental",2025-12-22,2025-12-22,1,"Battle Creek at CNFH","CDFW inseason spreadsheet",15,30,120,0.25,"Normal count",164,1,4,2.88,NA,NA,1976193,-4381
"2026-01-06 18:00:00","CVP","Chinook Salmon","Clipped","LateFall",NA,"LateFall","056815","CNFH","Production",2025-12-17,2025-12-17,1,"Battle Creek at CNFH","CDFW inseason spreadsheet",20,30,120,0.25,"Normal count",165,1,4,2.88,NA,NA,1976194,-4381
"2026-01-06 18:00:00","CVP","Chinook Salmon","Clipped","LateFall",NA,"LateFall","053700","CNFH","Production",2025-12-17,2025-12-17,1,"Battle Creek at CNFH","CDFW inseason spreadsheet",20,30,120,0.25,"Normal count",170,1,4,2.88,NA,NA,1976195,-4381
"2026-01-06 18:00:00","CVP","Chinook Salmon","Clipped","LateFall",NA,"LateFall","056813","CNFH","Experimental",2025-12-22,2025-12-22,1,"Battle Creek at CNFH","CDFW inseason spreadsheet",15,30,120,0.25,"Normal count",172,1,4,2.88,NA,NA,1976196,-4381
"2026-01-06 18:00:00","CVP","Chinook Salmon","Clipped","LateFall",NA,"LateFall","056813","CNFH","Experimental",2025-12-22,2025-12-22,1,"Battle Creek at CNFH","CDFW inseason spreadsheet",15,30,120,0.25,"Normal count",178,1,4,2.88,NA,NA,1976197,-4381
"2026-01-06 18:00:00","CVP","Chinook Salmon","Clipped","LateFall",NA,"LateFall","056806","CNFH","Production",2025-12-17,2025-12-17,1,"Battle Creek at CNFH","CDFW inseason spreadsheet",20,30,120,0.25,"Normal count",185,1,4,2.88,NA,NA,1976198,-4381
"2026-01-06 20:00:00","CVP","Chinook Salmon","Clipped","Winter",NA,"LateFall","056815","CNFH","Production",2025-12-17,2025-12-17,1,"Battle Creek at CNFH","CDFW inseason spreadsheet",20,30,120,0.25,"Normal count",160,1,4,2.88,NA,NA,1976244,-4381
"2026-01-06 22:00:00","CVP","Chinook Salmon","Clipped","Winter",NA,"LateFall","053700","CNFH","Production",2025-12-17,2025-12-17,1,"Battle Creek at CNFH","CDFW inseason spreadsheet",20,30,120,0.25,"Normal count",155,1,4,2.88,NA,NA,1976238,-4381
"2026-01-06 23:59:00","CVP","Chinook Salmon","Clipped","Winter",NA,"LateFall","056813","CNFH","Experimental",2025-12-22,2025-12-22,1,"Battle Creek at CNFH","CDFW inseason spreadsheet",15,30,120,0.25,"Normal count",144,1,4,2.88,NA,NA,1976263,-4381
"2026-01-07 02:00:00","CVP","Chinook Salmon","Clipped","Winter",NA,"LateFall","056812","CNFH","Production",2025-12-17,2025-12-17,1,"Battle Creek at CNFH","CDFW inseason spreadsheet",21,30,120,0.25,"Normal count",138,1,4,2.6,NA,NA,1976439,-4389
"2026-01-07 02:00:00","CVP","Chinook Salmon","Clipped","Winter",NA,"LateFall","056815","CNFH","Production",2025-12-17,2025-12-17,1,"Battle Creek at CNFH","CDFW inseason spreadsheet",21,30,120,0.25,"Normal count",140,1,4,2.6,NA,NA,1976440,-4389
"2026-01-07 06:00:00","CVP","Chinook Salmon","Unclipped","Fall","Fall",NA,NA,NA,NA,NA,NA,NA,NA,NA,NA,30,120,0.25,"Normal count",34,1,4,2.33,"C260004CVP",0.44499999,1976455,-4389
"2026-01-07 06:00:00","CVP","Chinook Salmon","Unclipped","Fall","Fall",NA,NA,NA,NA,NA,NA,NA,NA,NA,NA,30,120,0.25,"Normal count",36,1,4,2.33,"C260005CVP",0.76899999,1976456,-4389
"2026-01-07 06:00:00","CVP","Chinook Salmon","Clipped","LateFall",NA,"LateFall","053700","CNFH","Production",2025-12-17,2025-12-17,1,"Battle Creek at CNFH","CDFW inseason spreadsheet",21,30,120,0.25,"Normal count",185,1,4,2.6,NA,NA,1976457,-4389
"2026-01-07 08:00:00","CVP","Chinook Salmon","Unclipped","Fall","Fall",NA,NA,NA,NA,NA,NA,NA,NA,NA,NA,30,120,0.25,"Normal count",34,1,4,2.33,"C260010CVP",0.98500001,1976636,-4389
"2026-01-07 08:00:00","CVP","Chinook Salmon","Unclipped","Fall","Fall",NA,NA,NA,NA,NA,NA,NA,NA,NA,NA,30,120,0.25,"Normal count",34,1,4,2.33,"C260007CVP",0.85100001,1976636,-4389
"2026-01-07 08:00:00","CVP","Chinook Salmon","Unclipped","Fall",NA,NA,NA,NA,NA,NA,NA,NA,NA,NA,NA,30,120,0.25,"Normal count",34,3,12,6.98,NA,NA,1976636,-4389
"2026-01-07 08:00:00","CVP","Chinook Salmon","Unclipped","Fall","Fall",NA,NA,NA,NA,NA,NA,NA,NA,NA,NA,30,120,0.25,"Normal count",35,1,4,2.33,"C260009CVP",0.95200002,1976637,-4389
"2026-01-07 08:00:00","CVP","Chinook Salmon","Unclipped","Fall","Fall",NA,NA,NA,NA,NA,NA,NA,NA,NA,NA,30,120,0.25,"Normal count",35,1,4,2.33,"C260008CVP",0.50199997,1976637,-4389
"2026-01-07 08:00:00","CVP","Chinook Salmon","Unclipped","Fall",NA,NA,NA,NA,NA,NA,NA,NA,NA,NA,NA,30,120,0.25,"Normal count",35,2,8,4.65,NA,NA,1976637,-4389
"2026-01-07 08:00:00","CVP","Chinook Salmon","Unclipped","Fall","Fall",NA,NA,NA,NA,NA,NA,NA,NA,NA,NA,30,120,0.25,"Normal count",35,1,4,2.33,"C260016CVP",0.54500002,1976637,-4389
"2026-01-07 08:00:00","CVP","Chinook Salmon","Unclipped","Fall","Fall",NA,NA,NA,NA,NA,NA,NA,NA,NA,NA,30,120,0.25,"Normal count",35,1,4,2.33,"C260015CVP",0.74000001,1976637,-4389
"2026-01-07 08:00:00","CVP","Chinook Salmon","Unclipped","Fall","Fall",NA,NA,NA,NA,NA,NA,NA,NA,NA,NA,30,120,0.25,"Normal count",35,1,4,2.33,"C260013CVP",0.96600002,1976637,-4389
"2026-01-07 08:00:00","CVP","Chinook Salmon","Unclipped","Fall","Fall",NA,NA,NA,NA,NA,NA,NA,NA,NA,NA,30,120,0.25,"Normal count",36,1,4,2.33,"C260014CVP",0.51999998,1976638,-4389
"2026-01-07 08:00:00","CVP","Chinook Salmon","Unclipped","Fall","Fall",NA,NA,NA,NA,NA,NA,NA,NA,NA,NA,30,120,0.25,"Normal count",36,1,4,2.33,"C260006CVP",0.76700002,1976638,-4389
"2026-01-07 08:00:00","CVP","Chinook Salmon","Unclipped","Fall",NA,NA,NA,NA,NA,NA,NA,NA,NA,NA,NA,30,120,0.25,"Normal count",36,1,4,2.33,NA,NA,1976638,-4389
"2026-01-07 08:00:00","CVP","Chinook Salmon","Unclipped","Fall",NA,NA,NA,NA,NA,NA,NA,NA,NA,NA,NA,30,120,0.25,"Normal count",37,1,4,2.33,NA,NA,1976639,-4389
"2026-01-07 08:00:00","CVP","Chinook Salmon","Unclipped","Fall","Fall",NA,NA,NA,NA,NA,NA,NA,NA,NA,NA,30,120,0.25,"Normal count",38,1,4,2.33,"C260011CVP",0.99599999,1976640,-4389
"2026-01-07 08:00:00","CVP","Chinook Salmon","Unclipped","Fall","Fall",NA,NA,NA,NA,NA,NA,NA,NA,NA,NA,30,120,0.25,"Normal count",38,1,4,2.33,"C260012CVP",0.745,1976640,-4389
"2026-01-07 08:00:00","CVP","Chinook Salmon","Clipped","Winter",NA,"LateFall","056815","CNFH","Production",2025-12-17,2025-12-17,1,"Battle Creek at CNFH","CDFW inseason spreadsheet",21,30,120,0.25,"Normal count",142,1,4,2.6,NA,NA,1976641,-4389
"2026-01-07 08:00:00","CVP","Chinook Salmon","Clipped","LateFall",NA,"LateFall","056815","CNFH","Production",2025-12-17,2025-12-17,1,"Battle Creek at CNFH","CDFW inseason spreadsheet",21,30,120,0.25,"Normal count",170,1,4,2.6,NA,NA,1976642,-4389
"2026-01-07 12:00:00","CVP","Chinook Salmon","Unclipped","Spring","Spring",NA,NA,NA,NA,NA,NA,NA,NA,NA,NA,30,120,0.25,"Normal count",42,1,4,2.33,"C260017CVP",0.89999998,1976409,-4389
"2026-01-07 13:00:00","SWP","Chinook Salmon","Clipped","Winter",NA,"LateFall","056811","CNFH","Production",2025-12-17,2025-12-17,1,"Battle Creek at CNFH","CDFW inseason spreadsheet",21,30,120,0.25,"Normal count",148,1,4,17.51,NA,NA,1976343,-4389
"2026-01-07 14:00:00","CVP","Chinook Salmon","Unclipped","Fall","Fall",NA,NA,NA,NA,NA,NA,NA,NA,NA,NA,30,120,0.25,"Normal count",36,1,4,2.33,"C260018CVP",0.94999999,1976672,-4389
"2026-01-07 14:00:00","CVP","Chinook Salmon","Unclipped","Fall","Fall",NA,NA,NA,NA,NA,NA,NA,NA,NA,NA,30,120,0.25,"Normal count",37,1,4,2.33,"C260020CVP",0.80599999,1976673,-4389
"2026-01-07 14:00:00","CVP","Chinook Salmon","Unclipped","Fall","Fall",NA,NA,NA,NA,NA,NA,NA,NA,NA,NA,30,120,0.25,"Normal count",37,1,4,2.33,"C260019CVP",0.87699997,1976673,-4389
"2026-01-07 14:00:00","CVP","Chinook Salmon","Clipped","Winter",NA,"LateFall","056813","CNFH","Experimental",2025-12-22,2025-12-22,1,"Battle Creek at CNFH","CDFW inseason spreadsheet",16,30,120,0.25,"Normal count",162,1,4,2.6,NA,NA,1976674,-4389
"2026-01-07 16:00:00","CVP","Chinook Salmon","Unclipped","Fall","Fall",NA,NA,NA,NA,NA,NA,NA,NA,NA,NA,30,120,0.25,"Normal count",31,1,4,2.33,"C260028CVP",0.79000002,1976630,-4389
"2026-01-07 16:00:00","CVP","Chinook Salmon","Unclipped","Fall","Fall",NA,NA,NA,NA,NA,NA,NA,NA,NA,NA,30,120,0.25,"Normal count",34,1,4,2.33,"C260038CVP",0.99800003,1976631,-4389
"2026-01-07 16:00:00","CVP","Chinook Salmon","Unclipped","Fall","Fall",NA,NA,NA,NA,NA,NA,NA,NA,NA,NA,30,120,0.25,"Normal count",34,1,4,2.33,"C260029CVP",0.77899998,1976631,-4389
"2026-01-07 16:00:00","CVP","Chinook Salmon","Unclipped","Fall","Fall",NA,NA,NA,NA,NA,NA,NA,NA,NA,NA,30,120,0.25,"Normal count",34,1,4,2.33,"C260042CVP",0.98400003,1976631,-4389
"2026-01-07 16:00:00","CVP","Chinook Salmon","Unclipped","Fall","Fall",NA,NA,NA,NA,NA,NA,NA,NA,NA,NA,30,120,0.25,"Normal count",35,1,4,2.33,"C260027CVP",0.764,1976632,-4389
"2026-01-07 16:00:00","CVP","Chinook Salmon","Unclipped","Fall","Fall",NA,NA,NA,NA,NA,NA,NA,NA,NA,NA,30,120,0.25,"Normal count",35,1,4,2.33,"C260031CVP",0.96499997,1976632,-4389
"2026-01-07 16:00:00","CVP","Chinook Salmon","Unclipped","Fall","Fall",NA,NA,NA,NA,NA,NA,NA,NA,NA,NA,30,120,0.25,"Normal count",35,1,4,2.33,"C260035CVP",0.97100002,1976632,-4389
"2026-01-07 16:00:00","CVP","Chinook Salmon","Unclipped","Fall","Fall",NA,NA,NA,NA,NA,NA,NA,NA,NA,NA,30,120,0.25,"Normal count",35,1,4,2.33,"C260037CVP",0.76899999,1976632,-4389
"2026-01-07 16:00:00","CVP","Chinook Salmon","Unclipped","Fall","Fall",NA,NA,NA,NA,NA,NA,NA,NA,NA,NA,30,120,0.25,"Normal count",35,1,4,2.33,"C260039CVP",0.92799997,1976632,-4389
"2026-01-07 16:00:00","CVP","Chinook Salmon","Unclipped","Fall","Fall",NA,NA,NA,NA,NA,NA,NA,NA,NA,NA,30,120,0.25,"Normal count",35,1,4,2.33,"C260040CVP",0.93099999,1976632,-4389
"2026-01-07 16:00:00","CVP","Chinook Salmon","Unclipped","Fall","Fall",NA,NA,NA,NA,NA,NA,NA,NA,NA,NA,30,120,0.25,"Normal count",35,1,4,2.33,"C260023CVP",0.87800002,1976632,-4389
"2026-01-07 16:00:00","CVP","Chinook Salmon","Unclipped","Fall","Fall",NA,NA,NA,NA,NA,NA,NA,NA,NA,NA,30,120,0.25,"Normal count",35,1,4,2.33,"C260026CVP",0.935,1976632,-4389
"2026-01-07 16:00:00","CVP","Chinook Salmon","Unclipped","Fall","Fall",NA,NA,NA,NA,NA,NA,NA,NA,NA,NA,30,120,0.25,"Normal count",36,1,4,2.33,"C260030CVP",0.995,1976633,-4389
"2026-01-07 16:00:00","CVP","Chinook Salmon","Unclipped","Fall","Fall",NA,NA,NA,NA,NA,NA,NA,NA,NA,NA,30,120,0.25,"Normal count",36,1,4,2.33,"C260025CVP",0.99900001,1976633,-4389
"2026-01-07 16:00:00","CVP","Chinook Salmon","Unclipped","Fall","Fall",NA,NA,NA,NA,NA,NA,NA,NA,NA,NA,30,120,0.25,"Normal count",36,1,4,2.33,"C260024CVP",0.824,1976633,-4389
"2026-01-07 16:00:00","CVP","Chinook Salmon","Unclipped","Fall","Fall",NA,NA,NA,NA,NA,NA,NA,NA,NA,NA,30,120,0.25,"Normal count",36,1,4,2.33,"C260036CVP",0.61900002,1976633,-4389
"2026-01-07 16:00:00","CVP","Chinook Salmon","Unclipped","Fall","Fall",NA,NA,NA,NA,NA,NA,NA,NA,NA,NA,30,120,0.25,"Normal count",36,1,4,2.33,"C260034CVP",0.921,1976633,-4389
"2026-01-07 16:00:00","CVP","Chinook Salmon","Unclipped","Fall","Fall",NA,NA,NA,NA,NA,NA,NA,NA,NA,NA,30,120,0.25,"Normal count",36,1,4,2.33,"C260033CVP",0.83099997,1976633,-4389
"2026-01-07 16:00:00","CVP","Chinook Salmon","Unclipped","Fall","Fall",NA,NA,NA,NA,NA,NA,NA,NA,NA,NA,30,120,0.25,"Normal count",36,1,4,2.33,"C260032CVP",0.634,1976633,-4389
"2026-01-07 16:00:00","CVP","Chinook Salmon","Unclipped","Fall","Fall",NA,NA,NA,NA,NA,NA,NA,NA,NA,NA,30,120,0.25,"Normal count",37,1,4,2.33,"C260041CVP",0.98199999,1976634,-4389
"2026-01-07 16:00:00","CVP","Chinook Salmon","Unclipped","Fall","Fall",NA,NA,NA,NA,NA,NA,NA,NA,NA,NA,30,120,0.25,"Normal count",37,1,4,2.33,"C260022CVP",0.58200002,1976634,-4389
"2026-01-07 16:00:00","CVP","Chinook Salmon","Unclipped","Fall","Fall",NA,NA,NA,NA,NA,NA,NA,NA,NA,NA,30,120,0.25,"Normal count",37,1,4,2.33,"C260021CVP",0.92900002,1976634,-4389
"2026-01-07 16:00:00","CVP","Chinook Salmon","Clipped","Winter",NA,"LateFall","056806","CNFH","Production",2025-12-17,2025-12-17,1,"Battle Creek at CNFH","CDFW inseason spreadsheet",21,30,120,0.25,"Normal count",140,1,4,2.6,NA,NA,1976635,-4389
"2026-01-07 18:00:00","CVP","Chinook Salmon","Unclipped","Fall",NA,NA,NA,NA,NA,NA,NA,NA,NA,NA,NA,30,120,0.25,"Normal count",32,1,4,2.33,NA,NA,1976675,-4389
"2026-01-07 18:00:00","CVP","Chinook Salmon","Unclipped","Fall","Fall",NA,NA,NA,NA,NA,NA,NA,NA,NA,NA,30,120,0.25,"Normal count",33,1,4,2.33,"C260056CVP",0.54100001,1976676,-4389
"2026-01-07 18:00:00","CVP","Chinook Salmon","Unclipped","Fall",NA,NA,NA,NA,NA,NA,NA,NA,NA,NA,NA,30,120,0.25,"Normal count",34,9,36,20.93,NA,NA,1976677,-4389
"2026-01-07 18:00:00","CVP","Chinook Salmon","Unclipped","Fall","Fall",NA,NA,NA,NA,NA,NA,NA,NA,NA,NA,30,120,0.25,"Normal count",34,1,4,2.33,"C260062CVP",0.93400002,1976677,-4389
"2026-01-07 18:00:00","CVP","Chinook Salmon","Unclipped","Fall","Fall",NA,NA,NA,NA,NA,NA,NA,NA,NA,NA,30,120,0.25,"Normal count",34,1,4,2.33,"C260043CVP",0.66100001,1976677,-4389
"2026-01-07 18:00:00","CVP","Chinook Salmon","Unclipped","Fall","Fall",NA,NA,NA,NA,NA,NA,NA,NA,NA,NA,30,120,0.25,"Normal count",35,1,4,2.33,"C260061CVP",0.847,1976678,-4389
"2026-01-07 18:00:00","CVP","Chinook Salmon","Unclipped","Fall","Fall",NA,NA,NA,NA,NA,NA,NA,NA,NA,NA,30,120,0.25,"Normal count",35,1,4,2.33,"C260049CVP",0.57200003,1976678,-4389
"2026-01-07 18:00:00","CVP","Chinook Salmon","Unclipped","Fall","Fall",NA,NA,NA,NA,NA,NA,NA,NA,NA,NA,30,120,0.25,"Normal count",35,1,4,2.33,"C260052CVP",0.64999998,1976678,-4389
"2026-01-07 18:00:00","CVP","Chinook Salmon","Unclipped","Fall","Fall",NA,NA,NA,NA,NA,NA,NA,NA,NA,NA,30,120,0.25,"Normal count",35,1,4,2.33,"C260053CVP",0.66000003,1976678,-4389
"2026-01-07 18:00:00","CVP","Chinook Salmon","Unclipped","Fall","Fall",NA,NA,NA,NA,NA,NA,NA,NA,NA,NA,30,120,0.25,"Normal count",35,1,4,2.33,"C260057CVP",0.72899997,1976678,-4389
"2026-01-07 18:00:00","CVP","Chinook Salmon","Unclipped","Fall","Fall",NA,NA,NA,NA,NA,NA,NA,NA,NA,NA,30,120,0.25,"Normal count",35,1,4,2.33,"C260059CVP",0.38499999,1976678,-4389
"2026-01-07 18:00:00","CVP","Chinook Salmon","Unclipped","Fall",NA,NA,NA,NA,NA,NA,NA,NA,NA,NA,NA,30,120,0.25,"Normal count",35,15,60,34.88,NA,NA,1976678,-4389
"2026-01-07 18:00:00","CVP","Chinook Salmon","Unclipped","Fall","Fall",NA,NA,NA,NA,NA,NA,NA,NA,NA,NA,30,120,0.25,"Normal count",35,1,4,2.33,"C260044CVP",0.88800001,1976678,-4389
"2026-01-07 18:00:00","CVP","Chinook Salmon","Unclipped","Fall","Fall",NA,NA,NA,NA,NA,NA,NA,NA,NA,NA,30,120,0.25,"Normal count",35,1,4,2.33,"C260048CVP",0.98400003,1976678,-4389
"2026-01-07 18:00:00","CVP","Chinook Salmon","Unclipped","Fall","Fall",NA,NA,NA,NA,NA,NA,NA,NA,NA,NA,30,120,0.25,"Normal count",36,1,4,2.33,"C260051CVP",0.68699998,1976679,-4389
"2026-01-07 18:00:00","CVP","Chinook Salmon","Unclipped","Fall",NA,NA,NA,NA,NA,NA,NA,NA,NA,NA,NA,30,120,0.25,"Normal count",36,11,44,25.58,NA,NA,1976679,-4389
"2026-01-07 18:00:00","CVP","Chinook Salmon","Unclipped","Fall","Fall",NA,NA,NA,NA,NA,NA,NA,NA,NA,NA,30,120,0.25,"Normal count",36,1,4,2.33,"C260054CVP",0.90899998,1976679,-4389
"2026-01-07 18:00:00","CVP","Chinook Salmon","Unclipped","Fall","Fall",NA,NA,NA,NA,NA,NA,NA,NA,NA,NA,30,120,0.25,"Normal count",36,1,4,2.33,"C260055CVP",0.83600003,1976679,-4389
"2026-01-07 18:00:00","CVP","Chinook Salmon","Unclipped","Fall","Fall",NA,NA,NA,NA,NA,NA,NA,NA,NA,NA,30,120,0.25,"Normal count",36,1,4,2.33,"C260060CVP",0.82800001,1976679,-4389
"2026-01-07 18:00:00","CVP","Chinook Salmon","Unclipped","Fall","Fall",NA,NA,NA,NA,NA,NA,NA,NA,NA,NA,30,120,0.25,"Normal count",36,1,4,2.33,"C260046CVP",0.90799999,1976679,-4389
"2026-01-07 18:00:00","CVP","Chinook Salmon","Unclipped","Fall","Fall",NA,NA,NA,NA,NA,NA,NA,NA,NA,NA,30,120,0.25,"Normal count",37,1,4,2.33,"C260058CVP",0.99800003,1976680,-4389
"2026-01-07 18:00:00","CVP","Chinook Salmon","Unclipped","Fall",NA,NA,NA,NA,NA,NA,NA,NA,NA,NA,NA,30,120,0.25,"Normal count",37,8,32,18.61,NA,NA,1976680,-4389
"2026-01-07 18:00:00","CVP","Chinook Salmon","Unclipped","Fall","Fall",NA,NA,NA,NA,NA,NA,NA,NA,NA,NA,30,120,0.25,"Normal count",37,1,4,2.33,"C260047CVP",0.97299999,1976680,-4389
"2026-01-07 18:00:00","CVP","Chinook Salmon","Unclipped","Fall","Fall",NA,NA,NA,NA,NA,NA,NA,NA,NA,NA,30,120,0.25,"Normal count",37,1,4,2.33,"C260050CVP",0.98299998,1976680,-4389
"2026-01-07 18:00:00","CVP","Chinook Salmon","Unclipped","Fall","Fall",NA,NA,NA,NA,NA,NA,NA,NA,NA,NA,30,120,0.25,"Normal count",37,1,4,2.33,"C260063CVP",0.991,1976680,-4389
"2026-01-07 18:00:00","CVP","Chinook Salmon","Unclipped","Fall","Fall",NA,NA,NA,NA,NA,NA,NA,NA,NA,NA,30,120,0.25,"Normal count",38,1,4,2.33,"C260045CVP",0.95499998,1976681,-4389
"2026-01-07 18:00:00","CVP","Chinook Salmon","Unclipped","Fall",NA,NA,NA,NA,NA,NA,NA,NA,NA,NA,NA,30,120,0.25,"Normal count",38,2,8,4.65,NA,NA,1976681,-4389
"2026-01-07 18:00:00","CVP","Chinook Salmon","Clipped","Winter",NA,"LateFall","056817","CNFH","Production",2025-12-17,2025-12-17,1,"Battle Creek at CNFH","CDFW inseason spreadsheet",21,30,120,0.25,"Normal count",144,1,4,2.6,NA,NA,1976682,-4389
"2026-01-07 18:00:00","CVP","Chinook Salmon","Clipped","Winter",NA,"LateFall","056812","CNFH","Production",2025-12-17,2025-12-17,1,"Battle Creek at CNFH","CDFW inseason spreadsheet",21,30,120,0.25,"Normal count",147,1,4,2.6,NA,NA,1976683,-4389
"2026-01-07 18:00:00","CVP","Chinook Salmon","Clipped","Winter",NA,"LateFall","056813","CNFH","Experimental",2025-12-22,2025-12-22,1,"Battle Creek at CNFH","CDFW inseason spreadsheet",16,30,120,0.25,"Normal count",150,1,4,2.6,NA,NA,1976684,-4389
"2026-01-07 18:00:00","CVP","Chinook Salmon","Clipped","Winter",NA,"LateFall","056806","CNFH","Production",2025-12-17,2025-12-17,1,"Battle Creek at CNFH","CDFW inseason spreadsheet",21,30,120,0.25,"Normal count",151,1,4,2.6,NA,NA,1976685,-4389
"2026-01-07 18:00:00","CVP","Chinook Salmon","Clipped","Winter",NA,"LateFall","056817","CNFH","Production",2025-12-17,2025-12-17,1,"Battle Creek at CNFH","CDFW inseason spreadsheet",21,30,120,0.25,"Normal count",152,1,4,2.6,NA,NA,1976686,-4389
"2026-01-07 18:00:00","CVP","Chinook Salmon","Clipped","Winter",NA,"LateFall","056812","CNFH","Production",2025-12-17,2025-12-17,1,"Battle Creek at CNFH","CDFW inseason spreadsheet",21,30,120,0.25,"Normal count",161,1,4,2.6,NA,NA,1976687,-4389
"2026-01-07 18:00:00","CVP","Chinook Salmon","Clipped","LateFall",NA,"Spring","062199","SCARF","Production",2025-12-08,2025-12-09,2,"SAN JOAQ R GRT VAL GR 140","RMIS",29,30,120,0.25,"Normal count",163,1,4,2.6,NA,NA,1976688,-4389
"2026-01-07 18:00:00","CVP","Chinook Salmon","Clipped","LateFall",NA,"Spring","062199","SCARF","SJRRP",2025-12-08,2025-12-09,2,"San Joaquin River at Highway 140","CDFW inseason spreadsheet",29,30,120,0.25,"Normal count",163,1,4,2.6,NA,NA,1976688,-4389
"2026-01-07 18:00:00","CVP","Chinook Salmon","Clipped","LateFall",NA,"LateFall","056817","CNFH","Production",2025-12-17,2025-12-17,1,"Battle Creek at CNFH","CDFW inseason spreadsheet",21,30,120,0.25,"Normal count",165,1,4,2.6,NA,NA,1976689,-4389
"2026-01-07 18:00:00","CVP","Chinook Salmon","Clipped","LateFall",NA,"LateFall","056806","CNFH","Production",2025-12-17,2025-12-17,1,"Battle Creek at CNFH","CDFW inseason spreadsheet",21,30,120,0.25,"Normal count",166,1,4,2.6,NA,NA,1976690,-4389
"2026-01-07 18:00:00","CVP","Chinook Salmon","Clipped","LateFall",NA,"LateFall","056806","CNFH","Production",2025-12-17,2025-12-17,1,"Battle Creek at CNFH","CDFW inseason spreadsheet",21,30,120,0.25,"Normal count",166,1,4,2.6,NA,NA,1976690,-4389
"2026-01-07 18:00:00","CVP","Chinook Salmon","Clipped","LateFall",NA,"LateFall","056806","CNFH","Production",2025-12-17,2025-12-17,1,"Battle Creek at CNFH","CDFW inseason spreadsheet",21,30,120,0.25,"Normal count",166,1,4,2.6,NA,NA,1976690,-4389
"2026-01-07 18:00:00","CVP","Chinook Salmon","Clipped","LateFall",NA,"LateFall","056806","CNFH","Production",2025-12-17,2025-12-17,1,"Battle Creek at CNFH","CDFW inseason spreadsheet",21,30,120,0.25,"Normal count",166,1,4,2.6,NA,NA,1976690,-4389
"2026-01-07 18:00:00","CVP","Chinook Salmon","Clipped","LateFall",NA,"LateFall","056811","CNFH","Production",2025-12-17,2025-12-17,1,"Battle Creek at CNFH","CDFW inseason spreadsheet",21,30,120,0.25,"Normal count",170,1,4,2.6,NA,NA,1976691,-4389
"2026-01-07 18:00:00","CVP","Chinook Salmon","Clipped","LateFall",NA,"LateFall","056813","CNFH","Experimental",2025-12-22,2025-12-22,1,"Battle Creek at CNFH","CDFW inseason spreadsheet",16,30,120,0.25,"Normal count",174,1,4,2.6,NA,NA,1976692,-4389
"2026-01-07 18:00:00","CVP","Chinook Salmon","Clipped","LateFall",NA,"LateFall","056813","CNFH","Experimental",2025-12-22,2025-12-22,1,"Battle Creek at CNFH","CDFW inseason spreadsheet",16,30,120,0.25,"Normal count",175,1,4,2.6,NA,NA,1976693,-4389
"2026-01-07 18:00:00","CVP","Chinook Salmon","Clipped","LateFall",NA,"Spring","062199","SCARF","SJRRP",2025-12-08,2025-12-09,2,"San Joaquin River at Highway 140","CDFW inseason spreadsheet",29,30,120,0.25,"Normal count",177,1,4,2.6,NA,NA,1976694,-4389
"2026-01-07 18:00:00","CVP","Chinook Salmon","Clipped","LateFall",NA,"Spring","062199","SCARF","Production",2025-12-08,2025-12-09,2,"SAN JOAQ R GRT VAL GR 140","RMIS",29,30,120,0.25,"Normal count",177,1,4,2.6,NA,NA,1976694,-4389
"2026-01-07 18:00:00","CVP","Chinook Salmon","Clipped","LateFall",NA,"LateFall","056814","CNFH","Production",2025-12-17,2025-12-17,1,"Battle Creek at CNFH","CDFW inseason spreadsheet",21,30,120,0.25,"Normal count",178,1,4,2.6,NA,NA,1976695,-4389
"2026-01-07 18:00:00","CVP","Chinook Salmon","Clipped","LateFall",NA,"LateFall","056814","CNFH","Production",2025-12-17,2025-12-17,1,"Battle Creek at CNFH","CDFW inseason spreadsheet",21,30,120,0.25,"Normal count",181,1,4,2.6,NA,NA,1976696,-4389
"2026-01-07 18:00:00","CVP","Chinook Salmon","Clipped","LateFall",NA,"LateFall","053700","CNFH","Production",2025-12-17,2025-12-17,1,"Battle Creek at CNFH","CDFW inseason spreadsheet",21,30,120,0.25,"Normal count",182,1,4,2.6,NA,NA,1976697,-4389
"2026-01-07 18:00:00","CVP","Chinook Salmon","Clipped","LateFall",NA,"Spring","062199","SCARF","SJRRP",2025-12-08,2025-12-09,2,"San Joaquin River at Highway 140","CDFW inseason spreadsheet",29,30,120,0.25,"Normal count",194,1,4,2.6,NA,NA,1976698,-4389
"2026-01-07 18:00:00","CVP","Chinook Salmon","Clipped","LateFall",NA,"Spring","062199","SCARF","Production",2025-12-08,2025-12-09,2,"SAN JOAQ R GRT VAL GR 140","RMIS",29,30,120,0.25,"Normal count",194,1,4,2.6,NA,NA,1976698,-4389
"2026-01-07 18:00:00","CVP","Chinook Salmon","Clipped","LateFall",NA,"LateFall","056812","CNFH","Production",2025-12-17,2025-12-17,1,"Battle Creek at CNFH","CDFW inseason spreadsheet",21,30,120,0.25,"Normal count",195,1,4,2.6,NA,NA,1976699,-4389
"2026-01-07 20:00:00","CVP","Chinook Salmon","Unclipped","Fall","Fall",NA,NA,NA,NA,NA,NA,NA,NA,NA,NA,30,120,0.25,"Normal count",35,1,4,2.33,"C260069CVP",0.53200001,1976358,-4389
"2026-01-07 20:00:00","CVP","Chinook Salmon","Unclipped","Fall","Fall",NA,NA,NA,NA,NA,NA,NA,NA,NA,NA,30,120,0.25,"Normal count",35,1,4,2.33,"C260068CVP",0.71899998,1976358,-4389
"2026-01-07 20:00:00","CVP","Chinook Salmon","Unclipped","Fall","Fall",NA,NA,NA,NA,NA,NA,NA,NA,NA,NA,30,120,0.25,"Normal count",35,1,4,2.33,"C260067CVP",0.991,1976358,-4389
"2026-01-07 20:00:00","CVP","Chinook Salmon","Unclipped","Fall","Fall",NA,NA,NA,NA,NA,NA,NA,NA,NA,NA,30,120,0.25,"Normal count",35,1,4,2.33,"C260066CVP",0.73000002,1976358,-4389
"2026-01-07 20:00:00","CVP","Chinook Salmon","Unclipped","Fall","Fall",NA,NA,NA,NA,NA,NA,NA,NA,NA,NA,30,120,0.25,"Normal count",37,1,4,2.33,"C260065CVP",0.91900003,1976359,-4389
"2026-01-07 20:00:00","CVP","Chinook Salmon","Unclipped","Fall","Fall",NA,NA,NA,NA,NA,NA,NA,NA,NA,NA,30,120,0.25,"Normal count",37,1,4,2.33,"C260064CVP",0.5,1976359,-4389
"2026-01-07 20:00:00","CVP","Chinook Salmon","Unclipped","Fall","Fall",NA,NA,NA,NA,NA,NA,NA,NA,NA,NA,30,120,0.25,"Normal count",38,1,4,2.33,"C260070CVP",0.95099998,1976360,-4389
"2026-01-07 20:00:00","CVP","Chinook Salmon","Clipped","LateFall",NA,"LateFall","056813","CNFH","Experimental",2025-12-22,2025-12-22,1,"Battle Creek at CNFH","CDFW inseason spreadsheet",16,30,120,0.25,"Normal count",177,1,4,2.6,NA,NA,1976361,-4389
"2026-01-07 22:00:00","CVP","Chinook Salmon","Unclipped","Fall","Fall",NA,NA,NA,NA,NA,NA,NA,NA,NA,NA,30,120,0.25,"Normal count",36,1,4,2.33,"C260071CVP",0.917,1976538,-4389
"2026-01-07 22:00:00","CVP","Chinook Salmon","Clipped","Winter",NA,"LateFall","056813","CNFH","Experimental",2025-12-22,2025-12-22,1,"Battle Creek at CNFH","CDFW inseason spreadsheet",16,30,120,0.25,"Normal count",120,1,4,2.6,NA,NA,1976539,-4389
"2026-01-07 22:00:00","CVP","Chinook Salmon","Clipped","Winter",NA,"LateFall","056813","CNFH","Experimental",2025-12-22,2025-12-22,1,"Battle Creek at CNFH","CDFW inseason spreadsheet",16,30,120,0.25,"Normal count",123,1,4,2.6,NA,NA,1976540,-4389
"2026-01-07 22:00:00","CVP","Chinook Salmon","Clipped","Winter",NA,"LateFall","056681",NA,NA,NA,NA,NA,NA,NA,NA,30,120,0.25,"Normal count",154,1,4,2.6,NA,NA,1976541,-4389
"2026-01-07 22:00:00","CVP","Chinook Salmon","Clipped","Winter",NA,"LateFall","056813","CNFH","Experimental",2025-12-22,2025-12-22,1,"Battle Creek at CNFH","CDFW inseason spreadsheet",16,30,120,0.25,"Normal count",162,1,4,2.6,NA,NA,1976542,-4389
"2026-01-07 22:00:00","CVP","Chinook Salmon","Clipped","LateFall",NA,"LateFall","056813","CNFH","Experimental",2025-12-22,2025-12-22,1,"Battle Creek at CNFH","CDFW inseason spreadsheet",16,30,120,0.25,"Normal count",164,1,4,2.6,NA,NA,1976543,-4389
"2026-01-07 22:00:00","CVP","Chinook Salmon","Clipped","LateFall",NA,"LateFall","053700","CNFH","Production",2025-12-17,2025-12-17,1,"Battle Creek at CNFH","CDFW inseason spreadsheet",21,30,120,0.25,"Normal count",182,1,4,2.6,NA,NA,1976544,-4389
"2026-01-07 22:00:00","CVP","Chinook Salmon","Clipped","LateFall",NA,"LateFall","056811","CNFH","Production",2025-12-17,2025-12-17,1,"Battle Creek at CNFH","CDFW inseason spreadsheet",21,30,120,0.25,"Normal count",184,1,4,2.6,NA,NA,1976545,-4389
"2026-01-07 23:59:00","CVP","Chinook Salmon","Unclipped","Fall","Fall",NA,NA,NA,NA,NA,NA,NA,NA,NA,NA,30,120,0.25,"Normal count",30,1,4,2.32,"C260072CVP",0.61900002,1976582,-4389
"2026-01-07 23:59:00","CVP","Chinook Salmon","Unclipped","Fall","Fall",NA,NA,NA,NA,NA,NA,NA,NA,NA,NA,30,120,0.25,"Normal count",36,1,4,2.32,"C260073CVP",0.99400002,1976583,-4389
"2026-01-07 23:59:00","CVP","Chinook Salmon","Clipped","Winter",NA,"LateFall","056806","CNFH","Production",2025-12-17,2025-12-17,1,"Battle Creek at CNFH","CDFW inseason spreadsheet",21,30,120,0.25,"Normal count",145,1,4,2.6,NA,NA,1976584,-4389
"2026-01-07 23:59:00","CVP","Chinook Salmon","Clipped","LateFall",NA,"LateFall","056811","CNFH","Production",2025-12-17,2025-12-17,1,"Battle Creek at CNFH","CDFW inseason spreadsheet",21,30,120,0.25,"Normal count",182,1,4,2.6,NA,NA,1976585,-4389
"2026-01-08 02:00:00","CVP","Chinook Salmon","Unclipped","Fall","Fall",NA,NA,NA,NA,NA,NA,NA,NA,NA,NA,30,120,0.25,"Normal count",32,1,4,2.33,"C260075CVP",0.92900002,1976822,-4514
"2026-01-08 02:00:00","CVP","Chinook Salmon","Unclipped","Fall","Fall",NA,NA,NA,NA,NA,NA,NA,NA,NA,NA,30,120,0.25,"Normal count",34,1,4,2.33,"C260074CVP",0.71799999,1976823,-4514
"2026-01-08 02:00:00","CVP","Chinook Salmon","Unclipped","Fall","Fall",NA,NA,NA,NA,NA,NA,NA,NA,NA,NA,30,120,0.25,"Normal count",35,1,4,2.33,"C260076CVP",0.55199999,1976824,-4514
"2026-01-08 02:00:00","CVP","Chinook Salmon","Unclipped","Fall","Fall",NA,NA,NA,NA,NA,NA,NA,NA,NA,NA,30,120,0.25,"Normal count",35,1,4,2.33,"C260077CVP",0.64099997,1976824,-4514
"2026-01-08 02:00:00","CVP","Chinook Salmon","Clipped","Winter",NA,"LateFall","056815","CNFH","Production",2025-12-17,2025-12-17,1,"Battle Creek at CNFH","CDFW inseason spreadsheet",22,30,120,0.25,"Normal count",155,1,4,2.6,NA,NA,1976825,-4514
"2026-01-08 04:00:00","CVP","Chinook Salmon","Unclipped","Fall","Fall",NA,NA,NA,NA,NA,NA,NA,NA,NA,NA,30,120,0.25,"Normal count",34,1,4,2.33,"C260080CVP",0.81699997,1977151,-4514
"2026-01-08 04:00:00","CVP","Chinook Salmon","Unclipped","Fall","Fall",NA,NA,NA,NA,NA,NA,NA,NA,NA,NA,30,120,0.25,"Normal count",34,1,4,2.33,"C260083CVP",0.82200003,1977151,-4514
"2026-01-08 04:00:00","CVP","Chinook Salmon","Unclipped","Fall","Fall",NA,NA,NA,NA,NA,NA,NA,NA,NA,NA,30,120,0.25,"Normal count",35,1,4,2.33,"C260087CVP",0.37,1977152,-4514
"2026-01-08 04:00:00","CVP","Chinook Salmon","Unclipped","Fall","Fall",NA,NA,NA,NA,NA,NA,NA,NA,NA,NA,30,120,0.25,"Normal count",35,1,4,2.33,"C260085CVP",0.87300003,1977152,-4514
"2026-01-08 04:00:00","CVP","Chinook Salmon","Unclipped","Fall","Fall",NA,NA,NA,NA,NA,NA,NA,NA,NA,NA,30,120,0.25,"Normal count",35,1,4,2.33,"C260084CVP",0.73699999,1977152,-4514
"2026-01-08 04:00:00","CVP","Chinook Salmon","Unclipped","Fall",NA,NA,NA,NA,NA,NA,NA,NA,NA,NA,NA,30,120,0.25,"Normal count",35,1,4,2.33,NA,NA,1977152,-4514
"2026-01-08 04:00:00","CVP","Chinook Salmon","Unclipped","Fall","Fall",NA,NA,NA,NA,NA,NA,NA,NA,NA,NA,30,120,0.25,"Normal count",35,1,4,2.33,"C260086CVP",0.764,1977152,-4514
"2026-01-08 04:00:00","CVP","Chinook Salmon","Unclipped","Fall","Fall",NA,NA,NA,NA,NA,NA,NA,NA,NA,NA,30,120,0.25,"Normal count",36,1,4,2.33,"C260082CVP",0.64600003,1977153,-4514
"2026-01-08 04:00:00","CVP","Chinook Salmon","Unclipped","Fall",NA,NA,NA,NA,NA,NA,NA,NA,NA,NA,NA,30,120,0.25,"Normal count",36,2,8,4.65,NA,NA,1977153,-4514
"2026-01-08 04:00:00","CVP","Chinook Salmon","Unclipped","Fall","Fall",NA,NA,NA,NA,NA,NA,NA,NA,NA,NA,30,120,0.25,"Normal count",37,1,4,2.33,"C260078CVP",0.317,1977154,-4514
"2026-01-08 04:00:00","CVP","Chinook Salmon","Unclipped","Fall","Fall",NA,NA,NA,NA,NA,NA,NA,NA,NA,NA,30,120,0.25,"Normal count",37,1,4,2.33,"C260079CVP",0.80299997,1977154,-4514
"2026-01-08 04:00:00","CVP","Chinook Salmon","Unclipped","Fall","Fall",NA,NA,NA,NA,NA,NA,NA,NA,NA,NA,30,120,0.25,"Normal count",37,1,4,2.33,"C260081CVP",0.50199997,1977154,-4514
"2026-01-08 04:00:00","CVP","Chinook Salmon","Unclipped","Fall","Fall",NA,NA,NA,NA,NA,NA,NA,NA,NA,NA,30,120,0.25,"Normal count",37,1,4,2.33,"C260087CVP",0.37,1977154,-4514
"2026-01-08 04:00:00","CVP","Chinook Salmon","Unclipped","Fall",NA,NA,NA,NA,NA,NA,NA,NA,NA,NA,NA,30,120,0.25,"Normal count",37,1,4,2.33,NA,NA,1977154,-4514
"2026-01-08 04:00:00","CVP","Chinook Salmon","Unclipped","Fall","Fall",NA,NA,NA,NA,NA,NA,NA,NA,NA,NA,30,120,0.25,"Normal count",38,1,4,2.33,"C260088CVP",0.74699998,1977155,-4514
"2026-01-08 04:00:00","CVP","Chinook Salmon","Unclipped","Fall",NA,NA,NA,NA,NA,NA,NA,NA,NA,NA,NA,30,120,0.25,"Normal count",38,1,4,2.33,NA,NA,1977155,-4514
"2026-01-08 06:00:00","CVP","Chinook Salmon","Unclipped","Fall",NA,NA,NA,NA,NA,NA,NA,NA,NA,NA,NA,30,120,0.25,"Normal count",31,1,4,2.33,NA,NA,1977140,-4514
"2026-01-08 06:00:00","CVP","Chinook Salmon","Unclipped","Fall",NA,NA,NA,NA,NA,NA,NA,NA,NA,NA,NA,30,120,0.25,"Normal count",34,3,12,6.98,NA,NA,1977141,-4514
"2026-01-08 06:00:00","CVP","Chinook Salmon","Unclipped","Fall","Fall",NA,NA,NA,NA,NA,NA,NA,NA,NA,NA,30,120,0.25,"Normal count",34,1,4,2.33,"C260101CVP",0.58499998,1977141,-4514
"2026-01-08 06:00:00","CVP","Chinook Salmon","Unclipped","Fall","Fall",NA,NA,NA,NA,NA,NA,NA,NA,NA,NA,30,120,0.25,"Normal count",34,1,4,2.33,"C260090CVP",0.55299997,1977141,-4514
"2026-01-08 06:00:00","CVP","Chinook Salmon","Unclipped","Fall","Fall",NA,NA,NA,NA,NA,NA,NA,NA,NA,NA,30,120,0.25,"Normal count",34,1,4,2.33,"C260091CVP",0.99699998,1977141,-4514
"2026-01-08 06:00:00","CVP","Chinook Salmon","Unclipped","Fall","Fall",NA,NA,NA,NA,NA,NA,NA,NA,NA,NA,30,120,0.25,"Normal count",35,1,4,2.33,"C260099CVP",0.46599999,1977142,-4514
"2026-01-08 06:00:00","CVP","Chinook Salmon","Unclipped","Fall",NA,NA,NA,NA,NA,NA,NA,NA,NA,NA,NA,30,120,0.25,"Normal count",35,4,16,9.3,NA,NA,1977142,-4514
"2026-01-08 06:00:00","CVP","Chinook Salmon","Unclipped","Fall","Fall",NA,NA,NA,NA,NA,NA,NA,NA,NA,NA,30,120,0.25,"Normal count",36,1,4,2.33,"C260096CVP",0.84799999,1977143,-4514
"2026-01-08 06:00:00","CVP","Chinook Salmon","Unclipped","Fall",NA,NA,NA,NA,NA,NA,NA,NA,NA,NA,NA,30,120,0.25,"Normal count",36,6,24,13.95,NA,NA,1977143,-4514
"2026-01-08 06:00:00","CVP","Chinook Salmon","Unclipped","Fall","Fall",NA,NA,NA,NA,NA,NA,NA,NA,NA,NA,30,120,0.25,"Normal count",36,1,4,2.33,"C260089CVP",0.85399997,1977143,-4514
"2026-01-08 06:00:00","CVP","Chinook Salmon","Unclipped","Fall",NA,NA,NA,NA,NA,NA,NA,NA,NA,NA,NA,30,120,0.25,"Normal count",37,6,24,13.96,NA,NA,1977144,-4514
"2026-01-08 06:00:00","CVP","Chinook Salmon","Unclipped","Fall","Fall",NA,NA,NA,NA,NA,NA,NA,NA,NA,NA,30,120,0.25,"Normal count",37,1,4,2.33,"C260092CVP",0.722,1977144,-4514
"2026-01-08 06:00:00","CVP","Chinook Salmon","Unclipped","Fall","Fall",NA,NA,NA,NA,NA,NA,NA,NA,NA,NA,30,120,0.25,"Normal count",37,1,4,2.33,"C260093CVP",0.87699997,1977144,-4514
"2026-01-08 06:00:00","CVP","Chinook Salmon","Unclipped","Fall","Fall",NA,NA,NA,NA,NA,NA,NA,NA,NA,NA,30,120,0.25,"Normal count",37,1,4,2.33,"C260095CVP",0.44600001,1977144,-4514
"2026-01-08 06:00:00","CVP","Chinook Salmon","Unclipped","Fall","Fall",NA,NA,NA,NA,NA,NA,NA,NA,NA,NA,30,120,0.25,"Normal count",37,1,4,2.33,"C260097CVP",0.60600001,1977144,-4514
"2026-01-08 06:00:00","CVP","Chinook Salmon","Unclipped","Fall","Fall",NA,NA,NA,NA,NA,NA,NA,NA,NA,NA,30,120,0.25,"Normal count",37,1,4,2.33,"C260098CVP",0.59299999,1977144,-4514
"2026-01-08 06:00:00","CVP","Chinook Salmon","Unclipped","Fall","Fall",NA,NA,NA,NA,NA,NA,NA,NA,NA,NA,30,120,0.25,"Normal count",37,1,4,2.33,"C260102CVP",0.60799998,1977144,-4514
"2026-01-08 06:00:00","CVP","Chinook Salmon","Unclipped","Fall","Fall",NA,NA,NA,NA,NA,NA,NA,NA,NA,NA,30,120,0.25,"Normal count",38,1,4,2.33,"C260094CVP",0.92799997,1977145,-4514
"2026-01-08 06:00:00","CVP","Chinook Salmon","Unclipped","Fall","Fall",NA,NA,NA,NA,NA,NA,NA,NA,NA,NA,30,120,0.25,"Normal count",38,1,4,2.33,"C260100CVP",0.78399998,1977145,-4514
"2026-01-08 06:00:00","CVP","Chinook Salmon","Clipped","LateFall",NA,"LateFall","056813","CNFH","Experimental",2025-12-22,2025-12-22,1,"Battle Creek at CNFH","CDFW inseason spreadsheet",17,30,120,0.25,"Normal count",183,1,4,2.6,NA,NA,1977146,-4514
"2026-01-08 06:00:00","CVP","Chinook Salmon","Clipped","LateFall",NA,"LateFall","056817","CNFH","Production",2025-12-17,2025-12-17,1,"Battle Creek at CNFH","CDFW inseason spreadsheet",22,30,120,0.25,"Normal count",186,1,4,2.6,NA,NA,1977147,-4514
"2026-01-08 06:00:00","CVP","Chinook Salmon","Clipped","LateFall",NA,"LateFall","056813","CNFH","Experimental",2025-12-22,2025-12-22,1,"Battle Creek at CNFH","CDFW inseason spreadsheet",17,30,120,0.25,"Normal count",187,1,4,2.6,NA,NA,1977148,-4514
"2026-01-08 07:00:00","SWP","Chinook Salmon","Clipped","Winter",NA,"LateFall","056812","CNFH","Production",2025-12-17,2025-12-17,1,"Battle Creek at CNFH","CDFW inseason spreadsheet",22,30,120,0.25,"Normal count",149,1,4,17.54,NA,NA,1976760,-4514
"2026-01-08 07:00:00","SWP","Chinook Salmon","Clipped","LateFall",NA,"LateFall","056812","CNFH","Production",2025-12-17,2025-12-17,1,"Battle Creek at CNFH","CDFW inseason spreadsheet",22,30,120,0.25,"Normal count",175,1,4,17.54,NA,NA,1976781,-4514
"2026-01-08 08:00:00","CVP","Chinook Salmon","Unclipped","Fall",NA,NA,NA,NA,NA,NA,NA,NA,NA,NA,NA,30,120,0.25,"Normal count",33,1,4,2.33,NA,NA,1977012,-4514
"2026-01-08 08:00:00","CVP","Chinook Salmon","Unclipped","Fall",NA,NA,NA,NA,NA,NA,NA,NA,NA,NA,NA,30,120,0.25,"Normal count",34,9,36,20.93,NA,NA,1977013,-4514
"2026-01-08 08:00:00","CVP","Chinook Salmon","Unclipped","Fall","Fall",NA,NA,NA,NA,NA,NA,NA,NA,NA,NA,30,120,0.25,"Normal count",35,1,4,2.33,"C260124CVP",0.96200001,1977014,-4514
"2026-01-08 08:00:00","CVP","Chinook Salmon","Unclipped","Fall",NA,NA,NA,NA,NA,NA,NA,NA,NA,NA,NA,30,120,0.25,"Normal count",35,14,56,32.55,NA,NA,1977014,-4514
"2026-01-08 08:00:00","CVP","Chinook Salmon","Unclipped","Fall","Fall",NA,NA,NA,NA,NA,NA,NA,NA,NA,NA,30,120,0.25,"Normal count",35,1,4,2.33,"C260122CVP",0.94300002,1977014,-4514
"2026-01-08 08:00:00","CVP","Chinook Salmon","Unclipped","Fall","Fall",NA,NA,NA,NA,NA,NA,NA,NA,NA,NA,30,120,0.25,"Normal count",35,1,4,2.33,"C260119CVP",0.73299998,1977014,-4514
"2026-01-08 08:00:00","CVP","Chinook Salmon","Unclipped","Fall","Fall",NA,NA,NA,NA,NA,NA,NA,NA,NA,NA,30,120,0.25,"Normal count",36,1,4,2.33,"C260126CVP",0.875,1977015,-4514
"2026-01-08 08:00:00","CVP","Chinook Salmon","Unclipped","Fall","Fall",NA,NA,NA,NA,NA,NA,NA,NA,NA,NA,30,120,0.25,"Normal count",36,1,4,2.33,"C260121CVP",0.53100002,1977015,-4514
"2026-01-08 08:00:00","CVP","Chinook Salmon","Unclipped","Fall",NA,NA,NA,NA,NA,NA,NA,NA,NA,NA,NA,30,120,0.25,"Normal count",36,21,84,48.83,NA,NA,1977015,-4514
"2026-01-08 08:00:00","CVP","Chinook Salmon","Unclipped","Fall","Fall",NA,NA,NA,NA,NA,NA,NA,NA,NA,NA,30,120,0.25,"Normal count",36,1,4,2.33,"C260120CVP",0.99900001,1977015,-4514
"2026-01-08 08:00:00","CVP","Chinook Salmon","Unclipped","Fall","Fall",NA,NA,NA,NA,NA,NA,NA,NA,NA,NA,30,120,0.25,"Normal count",36,1,4,2.33,"C260116CVP",0.93199998,1977015,-4514
"2026-01-08 08:00:00","CVP","Chinook Salmon","Unclipped","Fall","Fall",NA,NA,NA,NA,NA,NA,NA,NA,NA,NA,30,120,0.25,"Normal count",36,1,4,2.33,"C260118CVP",0.96799999,1977015,-4514
"2026-01-08 08:00:00","CVP","Chinook Salmon","Unclipped","Fall","Fall",NA,NA,NA,NA,NA,NA,NA,NA,NA,NA,30,120,0.25,"Normal count",36,1,4,2.33,"C260125CVP",0.51300001,1977015,-4514
"2026-01-08 08:00:00","CVP","Chinook Salmon","Unclipped","Fall","Fall",NA,NA,NA,NA,NA,NA,NA,NA,NA,NA,30,120,0.25,"Normal count",36,1,4,2.33,"C260115CVP",0.74699998,1977015,-4514
"2026-01-08 08:00:00","CVP","Chinook Salmon","Unclipped","Fall","Fall",NA,NA,NA,NA,NA,NA,NA,NA,NA,NA,30,120,0.25,"Normal count",36,1,4,2.33,"C260112CVP",0.79799998,1977015,-4514
"2026-01-08 08:00:00","CVP","Chinook Salmon","Unclipped","Fall","Fall",NA,NA,NA,NA,NA,NA,NA,NA,NA,NA,30,120,0.25,"Normal count",36,1,4,2.33,"C260111CVP",0.96399999,1977015,-4514
"2026-01-08 08:00:00","CVP","Chinook Salmon","Unclipped","Fall",NA,NA,NA,NA,NA,NA,NA,NA,NA,NA,NA,30,120,0.25,"Normal count",37,18,72,41.86,NA,NA,1977016,-4514
"2026-01-08 08:00:00","CVP","Chinook Salmon","Unclipped","Fall","Fall",NA,NA,NA,NA,NA,NA,NA,NA,NA,NA,30,120,0.25,"Normal count",37,1,4,2.33,"C260110CVP",0.95300001,1977016,-4514
"2026-01-08 08:00:00","CVP","Chinook Salmon","Unclipped","Fall","Fall",NA,NA,NA,NA,NA,NA,NA,NA,NA,NA,30,120,0.25,"Normal count",37,1,4,2.33,"C260113CVP",0.917,1977016,-4514
"2026-01-08 08:00:00","CVP","Chinook Salmon","Unclipped","Fall","Fall",NA,NA,NA,NA,NA,NA,NA,NA,NA,NA,30,120,0.25,"Normal count",37,1,4,2.33,"C260114CVP",0.59200001,1977016,-4514
"2026-01-08 08:00:00","CVP","Chinook Salmon","Unclipped","Fall","Fall",NA,NA,NA,NA,NA,NA,NA,NA,NA,NA,30,120,0.25,"Normal count",37,1,4,2.33,"C260117CVP",0.50700003,1977016,-4514
"2026-01-08 08:00:00","CVP","Chinook Salmon","Unclipped","Fall","Fall",NA,NA,NA,NA,NA,NA,NA,NA,NA,NA,30,120,0.25,"Normal count",37,1,4,2.33,"C260127CVP",0.85000002,1977016,-4514
"2026-01-08 08:00:00","CVP","Chinook Salmon","Unclipped","Fall","Fall",NA,NA,NA,NA,NA,NA,NA,NA,NA,NA,30,120,0.25,"Normal count",37,1,4,2.33,"C260128CVP",0.54500002,1977016,-4514
"2026-01-08 08:00:00","CVP","Chinook Salmon","Unclipped","Fall","Fall",NA,NA,NA,NA,NA,NA,NA,NA,NA,NA,30,120,0.25,"Normal count",38,1,4,2.33,"C260123CVP",0.98799998,1977017,-4514
"2026-01-08 08:00:00","CVP","Chinook Salmon","Unclipped","Fall",NA,NA,NA,NA,NA,NA,NA,NA,NA,NA,NA,30,120,0.25,"Normal count",38,2,8,4.65,NA,NA,1977017,-4514
"2026-01-08 08:00:00","CVP","Chinook Salmon","Unclipped","Fall",NA,NA,NA,NA,NA,NA,NA,NA,NA,NA,NA,30,120,0.25,"Normal count",39,1,4,2.33,NA,NA,1977018,-4514
"2026-01-08 08:00:00","CVP","Chinook Salmon","Unclipped","Fall","Fall",NA,NA,NA,NA,NA,NA,NA,NA,NA,NA,30,120,0.25,"Normal count",39,1,4,2.33,"C260106CVP",0.509,1977018,-4514
"2026-01-08 08:00:00","CVP","Chinook Salmon","Unclipped","Fall","Fall",NA,NA,NA,NA,NA,NA,NA,NA,NA,NA,30,120,0.25,"Normal count",39,1,4,2.33,"C260108CVP",0.991,1977018,-4514
"2026-01-08 08:00:00","CVP","Chinook Salmon","Unclipped","Fall","Fall",NA,NA,NA,NA,NA,NA,NA,NA,NA,NA,30,120,0.25,"Normal count",39,1,4,2.33,"C260109CVP",0.93300003,1977018,-4514
"2026-01-08 08:00:00","CVP","Chinook Salmon","Unclipped","Fall","Fall",NA,NA,NA,NA,NA,NA,NA,NA,NA,NA,30,120,0.25,"Normal count",39,1,4,2.33,"C260103CVP",0.37900001,1977018,-4514
"2026-01-08 08:00:00","CVP","Chinook Salmon","Unclipped","Fall","Fall",NA,NA,NA,NA,NA,NA,NA,NA,NA,NA,30,120,0.25,"Normal count",39,1,4,2.33,"C260105CVP",0.92199999,1977018,-4514
"2026-01-08 08:00:00","CVP","Chinook Salmon","Unclipped","Fall",NA,NA,NA,NA,NA,NA,NA,NA,NA,NA,NA,30,120,0.25,"Normal count",40,1,4,2.33,NA,NA,1977019,-4514
"2026-01-08 08:00:00","CVP","Chinook Salmon","Unclipped","Fall","Fall",NA,NA,NA,NA,NA,NA,NA,NA,NA,NA,30,120,0.25,"Normal count",40,1,4,2.33,"C260107CVP",0.75400001,1977019,-4514
"2026-01-08 08:00:00","CVP","Chinook Salmon","Unclipped","Fall","Fall",NA,NA,NA,NA,NA,NA,NA,NA,NA,NA,30,120,0.25,"Normal count",40,1,4,2.33,"C260104CVP",0.40000001,1977019,-4514
"2026-01-08 08:00:00","CVP","Chinook Salmon","Unclipped","Fall","Spring",NA,NA,NA,NA,NA,NA,NA,NA,NA,NA,30,120,0.25,"Normal count",41,1,4,2.33,"C260204CVP",0.47299999,1977020,-4514
"2026-01-08 08:00:00","CVP","Chinook Salmon","Clipped","LateFall",NA,"LateFall","056813","CNFH","Experimental",2025-12-22,2025-12-22,1,"Battle Creek at CNFH","CDFW inseason spreadsheet",17,30,120,0.25,"Normal count",166,1,4,2.6,NA,NA,1977021,-4514
"2026-01-08 08:00:00","CVP","Chinook Salmon","Clipped","LateFall",NA,"LateFall","056806","CNFH","Production",2025-12-17,2025-12-17,1,"Battle Creek at CNFH","CDFW inseason spreadsheet",22,30,120,0.25,"Normal count",182,1,4,2.6,NA,NA,1977022,-4514
"2026-01-08 08:00:00","CVP","Chinook Salmon","Clipped","LateFall",NA,"Spring","062199","SCARF","SJRRP",2025-12-08,2025-12-09,2,"San Joaquin River at Highway 140","CDFW inseason spreadsheet",30,30,120,0.25,"Normal count",184,1,4,2.6,NA,NA,1977023,-4514
"2026-01-08 08:00:00","CVP","Chinook Salmon","Clipped","LateFall",NA,"Spring","062199","SCARF","Production",2025-12-08,2025-12-09,2,"SAN JOAQ R GRT VAL GR 140","RMIS",30,30,120,0.25,"Normal count",184,1,4,2.6,NA,NA,1977023,-4514
"2026-01-08 08:30:00","SWP","Chinook Salmon","Clipped","Winter",NA,"LateFall","053700","CNFH","Production",2025-12-17,2025-12-17,1,"Battle Creek at CNFH","CDFW inseason spreadsheet",22,NA,NA,NA,"Second flush",139,1,1,4.33,NA,NA,1976755,-4514
"2026-01-08 08:30:00","SWP","Chinook Salmon","Clipped","Winter",NA,"LateFall","056812","CNFH","Production",2025-12-17,2025-12-17,1,"Battle Creek at CNFH","CDFW inseason spreadsheet",22,NA,NA,NA,"Second flush",149,1,1,4.33,NA,NA,1976761,-4514
"2026-01-08 08:30:00","SWP","Chinook Salmon","Clipped","Winter",NA,"LateFall","056806","CNFH","Production",2025-12-17,2025-12-17,1,"Battle Creek at CNFH","CDFW inseason spreadsheet",22,NA,NA,NA,"Second flush",150,1,1,4.33,NA,NA,1976762,-4514
"2026-01-08 08:30:00","SWP","Chinook Salmon","Clipped","Winter",NA,"LateFall","056815","CNFH","Production",2025-12-17,2025-12-17,1,"Battle Creek at CNFH","CDFW inseason spreadsheet",22,NA,NA,NA,"Second flush",153,1,1,4.33,NA,NA,1976763,-4514
"2026-01-08 08:30:00","SWP","Chinook Salmon","Clipped","Winter",NA,"LateFall","056814","CNFH","Production",2025-12-17,2025-12-17,1,"Battle Creek at CNFH","CDFW inseason spreadsheet",22,NA,NA,NA,"Second flush",157,1,1,4.33,NA,NA,1976768,-4514
"2026-01-08 08:30:00","SWP","Chinook Salmon","Clipped","Winter",NA,"LateFall","056812","CNFH","Production",2025-12-17,2025-12-17,1,"Battle Creek at CNFH","CDFW inseason spreadsheet",22,NA,NA,NA,"Second flush",159,1,1,4.33,NA,NA,1976769,-4514
"2026-01-08 08:30:00","SWP","Chinook Salmon","Clipped","Winter",NA,"LateFall","056813","CNFH","Experimental",2025-12-22,2025-12-22,1,"Battle Creek at CNFH","CDFW inseason spreadsheet",17,NA,NA,NA,"Second flush",162,1,1,4.33,NA,NA,1976771,-4514
"2026-01-08 08:30:00","SWP","Chinook Salmon","Clipped","Winter",NA,"LateFall","056814","CNFH","Production",2025-12-17,2025-12-17,1,"Battle Creek at CNFH","CDFW inseason spreadsheet",22,NA,NA,NA,"Second flush",163,1,1,4.33,NA,NA,1976772,-4514
"2026-01-08 08:30:00","SWP","Chinook Salmon","Clipped","Winter",NA,"LateFall","056806","CNFH","Production",2025-12-17,2025-12-17,1,"Battle Creek at CNFH","CDFW inseason spreadsheet",22,NA,NA,NA,"Second flush",164,1,1,4.33,NA,NA,1976773,-4514
"2026-01-08 08:30:00","SWP","Chinook Salmon","Clipped","LateFall",NA,"LateFall","056811","CNFH","Production",2025-12-17,2025-12-17,1,"Battle Creek at CNFH","CDFW inseason spreadsheet",22,NA,NA,NA,"Second flush",169,1,1,4.33,NA,NA,1976776,-4514
"2026-01-08 08:30:00","SWP","Chinook Salmon","Unclipped","LateFall","LateFall",NA,NA,NA,NA,NA,NA,NA,NA,NA,NA,NA,NA,NA,"Second flush",169,1,1,4.33,"C260002SWP",1,1976748,-4514
"2026-01-08 08:30:00","SWP","Chinook Salmon","Clipped","LateFall",NA,"LateFall","056813","CNFH","Experimental",2025-12-22,2025-12-22,1,"Battle Creek at CNFH","CDFW inseason spreadsheet",17,NA,NA,NA,"Second flush",170,1,1,4.33,NA,NA,1976777,-4514
"2026-01-08 08:30:00","SWP","Chinook Salmon","Clipped","LateFall",NA,"LateFall","056806","CNFH","Production",2025-12-17,2025-12-17,1,"Battle Creek at CNFH","CDFW inseason spreadsheet",22,NA,NA,NA,"Second flush",171,1,1,4.33,NA,NA,1976778,-4514
"2026-01-08 08:30:00","SWP","Chinook Salmon","Clipped","LateFall",NA,"LateFall","056806","CNFH","Production",2025-12-17,2025-12-17,1,"Battle Creek at CNFH","CDFW inseason spreadsheet",22,NA,NA,NA,"Second flush",171,1,1,4.33,NA,NA,1976778,-4514
"2026-01-08 08:30:00","SWP","Chinook Salmon","Clipped","LateFall",NA,"LateFall","056806","CNFH","Production",2025-12-17,2025-12-17,1,"Battle Creek at CNFH","CDFW inseason spreadsheet",22,NA,NA,NA,"Second flush",171,1,1,4.33,NA,NA,1976778,-4514
"2026-01-08 08:30:00","SWP","Chinook Salmon","Clipped","LateFall",NA,"LateFall","056806","CNFH","Production",2025-12-17,2025-12-17,1,"Battle Creek at CNFH","CDFW inseason spreadsheet",22,NA,NA,NA,"Second flush",171,1,1,4.33,NA,NA,1976778,-4514
"2026-01-08 08:30:00","SWP","Chinook Salmon","Clipped","LateFall",NA,"LateFall","056815","CNFH","Production",2025-12-17,2025-12-17,1,"Battle Creek at CNFH","CDFW inseason spreadsheet",22,NA,NA,NA,"Second flush",172,1,1,4.33,NA,NA,1976779,-4514
"2026-01-08 08:30:00","SWP","Chinook Salmon","Clipped","LateFall",NA,"LateFall","056815","CNFH","Production",2025-12-17,2025-12-17,1,"Battle Creek at CNFH","CDFW inseason spreadsheet",22,NA,NA,NA,"Second flush",172,1,1,4.33,NA,NA,1976779,-4514
"2026-01-08 08:30:00","SWP","Chinook Salmon","Clipped","LateFall",NA,"LateFall","056817","CNFH","Production",2025-12-17,2025-12-17,1,"Battle Creek at CNFH","CDFW inseason spreadsheet",22,NA,NA,NA,"Second flush",172,1,1,4.33,NA,NA,1976779,-4514
"2026-01-08 08:30:00","SWP","Chinook Salmon","Clipped","LateFall",NA,"LateFall","056817","CNFH","Production",2025-12-17,2025-12-17,1,"Battle Creek at CNFH","CDFW inseason spreadsheet",22,NA,NA,NA,"Second flush",172,1,1,4.33,NA,NA,1976779,-4514
"2026-01-08 08:30:00","SWP","Chinook Salmon","Clipped","LateFall",NA,"LateFall","056811","CNFH","Production",2025-12-17,2025-12-17,1,"Battle Creek at CNFH","CDFW inseason spreadsheet",22,NA,NA,NA,"Second flush",174,1,1,4.33,NA,NA,1976780,-4514
"2026-01-08 08:30:00","SWP","Chinook Salmon","Clipped","LateFall",NA,"LateFall","056811","CNFH","Production",2025-12-17,2025-12-17,1,"Battle Creek at CNFH","CDFW inseason spreadsheet",22,NA,NA,NA,"Second flush",174,1,1,4.33,NA,NA,1976780,-4514
"2026-01-08 08:30:00","SWP","Chinook Salmon","Clipped","LateFall",NA,"Spring","062199","SCARF","SJRRP",2025-12-08,2025-12-09,2,"San Joaquin River at Highway 140","CDFW inseason spreadsheet",30,NA,NA,NA,"Second flush",174,1,1,4.33,NA,NA,1976780,-4514
"2026-01-08 08:30:00","SWP","Chinook Salmon","Clipped","LateFall",NA,"Spring","062199","SCARF","Production",2025-12-08,2025-12-09,2,"SAN JOAQ R GRT VAL GR 140","RMIS",30,NA,NA,NA,"Second flush",174,1,1,4.33,NA,NA,1976780,-4514
"2026-01-08 08:30:00","SWP","Chinook Salmon","Clipped","LateFall",NA,"Spring","062199","SCARF","SJRRP",2025-12-08,2025-12-09,2,"San Joaquin River at Highway 140","CDFW inseason spreadsheet",30,NA,NA,NA,"Second flush",174,1,1,4.33,NA,NA,1976780,-4514
"2026-01-08 08:30:00","SWP","Chinook Salmon","Clipped","LateFall",NA,"Spring","062199","SCARF","Production",2025-12-08,2025-12-09,2,"SAN JOAQ R GRT VAL GR 140","RMIS",30,NA,NA,NA,"Second flush",174,1,1,4.33,NA,NA,1976780,-4514
"2026-01-08 08:30:00","SWP","Chinook Salmon","Clipped","LateFall",NA,"Spring","062199","SCARF","SJRRP",2025-12-08,2025-12-09,2,"San Joaquin River at Highway 140","CDFW inseason spreadsheet",30,NA,NA,NA,"Second flush",175,1,1,4.33,NA,NA,1976782,-4514
"2026-01-08 08:30:00","SWP","Chinook Salmon","Clipped","LateFall",NA,"Spring","062199","SCARF","Production",2025-12-08,2025-12-09,2,"SAN JOAQ R GRT VAL GR 140","RMIS",30,NA,NA,NA,"Second flush",175,1,1,4.33,NA,NA,1976782,-4514
"2026-01-08 08:30:00","SWP","Chinook Salmon","Clipped","LateFall",NA,"LateFall","056806","CNFH","Production",2025-12-17,2025-12-17,1,"Battle Creek at CNFH","CDFW inseason spreadsheet",22,NA,NA,NA,"Second flush",176,1,1,4.33,NA,NA,1976783,-4514
"2026-01-08 08:30:00","SWP","Chinook Salmon","Clipped","LateFall",NA,"LateFall","056806","CNFH","Production",2025-12-17,2025-12-17,1,"Battle Creek at CNFH","CDFW inseason spreadsheet",22,NA,NA,NA,"Second flush",176,1,1,4.33,NA,NA,1976783,-4514
"2026-01-08 08:30:00","SWP","Chinook Salmon","Clipped","LateFall",NA,"LateFall","056811","CNFH","Production",2025-12-17,2025-12-17,1,"Battle Creek at CNFH","CDFW inseason spreadsheet",22,NA,NA,NA,"Second flush",176,1,1,4.33,NA,NA,1976783,-4514
"2026-01-08 08:30:00","SWP","Chinook Salmon","Clipped","LateFall",NA,"LateFall","056811","CNFH","Production",2025-12-17,2025-12-17,1,"Battle Creek at CNFH","CDFW inseason spreadsheet",22,NA,NA,NA,"Second flush",176,1,1,4.33,NA,NA,1976783,-4514
"2026-01-08 08:30:00","SWP","Chinook Salmon","Clipped","LateFall",NA,"LateFall","056814","CNFH","Production",2025-12-17,2025-12-17,1,"Battle Creek at CNFH","CDFW inseason spreadsheet",22,NA,NA,NA,"Second flush",177,1,1,4.33,NA,NA,1976784,-4514
"2026-01-08 08:30:00","SWP","Chinook Salmon","Unclipped","LateFall","LateFall",NA,NA,NA,NA,NA,NA,NA,NA,NA,NA,NA,NA,NA,"Second flush",177,1,1,4.33,"C260003SWP",1,1976750,-4514
"2026-01-08 08:30:00","SWP","Chinook Salmon","Clipped","LateFall",NA,NA,"056815","CNFH","Production",2025-12-17,2025-12-17,1,"Battle Creek at CNFH","CDFW inseason spreadsheet",22,NA,NA,NA,"Second flush",178,1,1,4.33,NA,NA,1976785,-4514
"2026-01-08 08:30:00","SWP","Chinook Salmon","Unclipped","LateFall","LateFall",NA,NA,NA,NA,NA,NA,NA,NA,NA,NA,NA,NA,NA,"Second flush",182,1,1,4.33,"C260001SWP",0.98000002,1976752,-4514
"2026-01-08 09:00:00","SWP","Chinook Salmon","Clipped","Winter",NA,"LateFall","056813","CNFH","Experimental",2025-12-22,2025-12-22,1,"Battle Creek at CNFH","CDFW inseason spreadsheet",17,30,60,0.5,"Normal count",148,1,2,8.67,NA,NA,1976758,-4514
"2026-01-08 10:00:00","CVP","Chinook Salmon","Unclipped","Fall","Fall",NA,NA,NA,NA,NA,NA,NA,NA,NA,NA,30,120,0.25,"Normal count",34,1,4,2.33,"C260130CVP",0.81,1976826,-4514
"2026-01-08 10:00:00","CVP","Chinook Salmon","Unclipped","Fall","Fall",NA,NA,NA,NA,NA,NA,NA,NA,NA,NA,30,120,0.25,"Normal count",36,1,4,2.33,"C260131CVP",0.68699998,1976827,-4514
"2026-01-08 10:00:00","CVP","Chinook Salmon","Unclipped","Fall","Fall",NA,NA,NA,NA,NA,NA,NA,NA,NA,NA,30,120,0.25,"Normal count",36,1,4,2.33,"C260129CVP",0.88700002,1976827,-4514
"2026-01-08 11:00:00","SWP","Chinook Salmon","Clipped","Winter",NA,"LateFall","056811","CNFH","Production",2025-12-17,2025-12-17,1,"Battle Creek at CNFH","CDFW inseason spreadsheet",22,30,120,0.25,"Normal count",155,1,4,17.44,NA,NA,1976765,-4514
"2026-01-08 12:00:00","CVP","Chinook Salmon","Unclipped","Fall","Fall",NA,NA,NA,NA,NA,NA,NA,NA,NA,NA,30,120,0.25,"Normal count",37,1,4,2.33,"C260132CVP",0.58999997,1976947,-4514
"2026-01-08 12:00:00","CVP","Chinook Salmon","Unclipped","Fall","Fall",NA,NA,NA,NA,NA,NA,NA,NA,NA,NA,30,120,0.25,"Normal count",38,1,4,2.33,"C260133CVP",0.93099999,1976948,-4514
"2026-01-08 12:00:00","CVP","Chinook Salmon","Clipped","Winter",NA,"LateFall","056813","CNFH","Experimental",2025-12-22,2025-12-22,1,"Battle Creek at CNFH","CDFW inseason spreadsheet",17,30,120,0.25,"Normal count",159,1,4,2.6,NA,NA,1976949,-4514
"2026-01-08 15:00:00","SWP","Chinook Salmon","Clipped","LateFall",NA,"LateFall","056806","CNFH","Production",2025-12-17,2025-12-17,1,"Battle Creek at CNFH","CDFW inseason spreadsheet",22,30,120,0.25,"Normal count",165,1,4,17.46,NA,NA,1976774,-4514
"2026-01-08 16:00:00","CVP","Chinook Salmon","Unclipped","Fall","Fall",NA,NA,NA,NA,NA,NA,NA,NA,NA,NA,30,120,0.25,"Normal count",33,1,4,2.33,"C260137CVP",0.736,1976900,-4514
"2026-01-08 16:00:00","CVP","Chinook Salmon","Unclipped","Fall","Fall",NA,NA,NA,NA,NA,NA,NA,NA,NA,NA,30,120,0.25,"Normal count",34,1,4,2.33,"C260140CVP",0.84100002,1976901,-4514
"2026-01-08 16:00:00","CVP","Chinook Salmon","Unclipped","Fall","Fall",NA,NA,NA,NA,NA,NA,NA,NA,NA,NA,30,120,0.25,"Normal count",34,1,4,2.33,"C260139CVP",0.40400001,1976901,-4514
"2026-01-08 16:00:00","CVP","Chinook Salmon","Unclipped","Fall","Fall",NA,NA,NA,NA,NA,NA,NA,NA,NA,NA,30,120,0.25,"Normal count",36,1,4,2.33,"C260136CVP",0.861,1976902,-4514
"2026-01-08 16:00:00","CVP","Chinook Salmon","Unclipped","Fall","Spring",NA,NA,NA,NA,NA,NA,NA,NA,NA,NA,30,120,0.25,"Normal count",37,1,4,2.33,"C260135CVP",0.99900001,1976903,-4514
"2026-01-08 16:00:00","CVP","Chinook Salmon","Unclipped","Fall","Fall",NA,NA,NA,NA,NA,NA,NA,NA,NA,NA,30,120,0.25,"Normal count",37,1,4,2.33,"C260138CVP",0.463,1976903,-4514
"2026-01-08 16:00:00","CVP","Chinook Salmon","Unclipped","Fall","Fall",NA,NA,NA,NA,NA,NA,NA,NA,NA,NA,30,120,0.25,"Normal count",37,1,4,2.33,"C260134CVP",0.55800003,1976903,-4514
"2026-01-08 16:00:00","CVP","Chinook Salmon","Clipped","Winter",NA,"LateFall","056812","CNFH","Production",2025-12-17,2025-12-17,1,"Battle Creek at CNFH","CDFW inseason spreadsheet",22,30,120,0.25,"Normal count",150,1,4,2.6,NA,NA,1976904,-4514
"2026-01-08 16:00:00","CVP","Chinook Salmon","Clipped","LateFall",NA,"LateFall","053700","CNFH","Production",2025-12-17,2025-12-17,1,"Battle Creek at CNFH","CDFW inseason spreadsheet",22,30,120,0.25,"Normal count",182,1,4,2.6,NA,NA,1976905,-4514
"2026-01-08 17:00:00","SWP","Chinook Salmon","Clipped","LateFall",NA,"LateFall","056813","CNFH","Experimental",2025-12-22,2025-12-22,1,"Battle Creek at CNFH","CDFW inseason spreadsheet",17,30,60,0.5,"Normal count",183,1,2,8.85,NA,NA,1976787,-4514
"2026-01-08 17:00:00","SWP","Chinook Salmon","Clipped","LateFall",NA,"LateFall","053700","CNFH","Production",2025-12-17,2025-12-17,1,"Battle Creek at CNFH","CDFW inseason spreadsheet",22,30,60,0.5,"Normal count",183,1,2,8.85,NA,NA,1976787,-4514
"2026-01-08 17:00:00","SWP","Chinook Salmon","Clipped","LateFall",NA,"LateFall","053700","CNFH","Production",2025-12-17,2025-12-17,1,"Battle Creek at CNFH","CDFW inseason spreadsheet",22,30,60,0.5,"Normal count",183,1,2,8.85,NA,NA,1976787,-4514
"2026-01-08 17:00:00","SWP","Chinook Salmon","Clipped","LateFall",NA,"LateFall","056813","CNFH","Experimental",2025-12-22,2025-12-22,1,"Battle Creek at CNFH","CDFW inseason spreadsheet",17,30,60,0.5,"Normal count",183,1,2,8.85,NA,NA,1976787,-4514
"2026-01-08 17:00:00","SWP","Chinook Salmon","Clipped","LateFall",NA,"LateFall","056806","CNFH","Production",2025-12-17,2025-12-17,1,"Battle Creek at CNFH","CDFW inseason spreadsheet",22,30,60,0.5,"Normal count",190,1,2,8.84,NA,NA,1976788,-4514
"2026-01-08 18:00:00","CVP","Chinook Salmon","Unclipped","Fall","Fall",NA,NA,NA,NA,NA,NA,NA,NA,NA,NA,30,120,0.25,"Normal count",33,1,4,2.33,"C260153CVP",0.51999998,1976876,-4514
"2026-01-08 18:00:00","CVP","Chinook Salmon","Unclipped","Fall","Fall",NA,NA,NA,NA,NA,NA,NA,NA,NA,NA,30,120,0.25,"Normal count",34,1,4,2.33,"C260147CVP",0.95499998,1976877,-4514
"2026-01-08 18:00:00","CVP","Chinook Salmon","Unclipped","Fall","Fall",NA,NA,NA,NA,NA,NA,NA,NA,NA,NA,30,120,0.25,"Normal count",34,1,4,2.33,"C260144CVP",0.92799997,1976877,-4514
"2026-01-08 18:00:00","CVP","Chinook Salmon","Unclipped","Fall",NA,NA,NA,NA,NA,NA,NA,NA,NA,NA,NA,30,120,0.25,"Normal count",34,3,12,6.98,NA,NA,1976877,-4514
"2026-01-08 18:00:00","CVP","Chinook Salmon","Unclipped","Fall",NA,NA,NA,NA,NA,NA,NA,NA,NA,NA,NA,30,120,0.25,"Normal count",35,4,16,9.3,NA,NA,1976878,-4514
"2026-01-08 18:00:00","CVP","Chinook Salmon","Unclipped","Fall","Fall",NA,NA,NA,NA,NA,NA,NA,NA,NA,NA,30,120,0.25,"Normal count",35,1,4,2.33,"C260151CVP",0.84200001,1976878,-4514
"2026-01-08 18:00:00","CVP","Chinook Salmon","Unclipped","Fall",NA,NA,NA,NA,NA,NA,NA,NA,NA,NA,NA,30,120,0.25,"Normal count",36,4,16,9.3,NA,NA,1976879,-4514
"2026-01-08 18:00:00","CVP","Chinook Salmon","Unclipped","Fall","Fall",NA,NA,NA,NA,NA,NA,NA,NA,NA,NA,30,120,0.25,"Normal count",36,1,4,2.33,"C260143CVP",0.92400002,1976879,-4514
"2026-01-08 18:00:00","CVP","Chinook Salmon","Unclipped","Fall","Fall",NA,NA,NA,NA,NA,NA,NA,NA,NA,NA,30,120,0.25,"Normal count",36,1,4,2.33,"C260145CVP",0.62900001,1976879,-4514
"2026-01-08 18:00:00","CVP","Chinook Salmon","Unclipped","Fall","Fall",NA,NA,NA,NA,NA,NA,NA,NA,NA,NA,30,120,0.25,"Normal count",36,1,4,2.33,"C260146CVP",0.49599999,1976879,-4514
"2026-01-08 18:00:00","CVP","Chinook Salmon","Unclipped","Fall","Fall",NA,NA,NA,NA,NA,NA,NA,NA,NA,NA,30,120,0.25,"Normal count",36,1,4,2.33,"C260150CVP",0.59899998,1976879,-4514
"2026-01-08 18:00:00","CVP","Chinook Salmon","Unclipped","Fall","Fall",NA,NA,NA,NA,NA,NA,NA,NA,NA,NA,30,120,0.25,"Normal count",36,1,4,2.33,"C260152CVP",0.40400001,1976879,-4514
"2026-01-08 18:00:00","CVP","Chinook Salmon","Unclipped","Fall","Fall",NA,NA,NA,NA,NA,NA,NA,NA,NA,NA,30,120,0.25,"Normal count",36,1,4,2.33,"C260141CVP",0.60600001,1976879,-4514
"2026-01-08 18:00:00","CVP","Chinook Salmon","Unclipped","Fall","Fall",NA,NA,NA,NA,NA,NA,NA,NA,NA,NA,30,120,0.25,"Normal count",37,1,4,2.33,"C260148CVP",0.583,1976880,-4514
"2026-01-08 18:00:00","CVP","Chinook Salmon","Unclipped","Fall","Fall",NA,NA,NA,NA,NA,NA,NA,NA,NA,NA,30,120,0.25,"Normal count",37,1,4,2.33,"C260149CVP",0.51300001,1976880,-4514
"2026-01-08 18:00:00","CVP","Chinook Salmon","Unclipped","Fall","Fall",NA,NA,NA,NA,NA,NA,NA,NA,NA,NA,30,120,0.25,"Normal count",38,1,4,2.33,"C260142CVP",0.46700001,1976881,-4514
"2026-01-08 18:00:00","CVP","Chinook Salmon","Unclipped","Fall",NA,NA,NA,NA,NA,NA,NA,NA,NA,NA,NA,30,120,0.25,"Normal count",39,1,4,2.33,NA,NA,1976882,-4514
"2026-01-08 20:00:00","CVP","Chinook Salmon","Unclipped","Fall","Fall",NA,NA,NA,NA,NA,NA,NA,NA,NA,NA,30,120,0.25,"Normal count",32,1,4,2.33,"C260162CVP",0.917,1976852,-4514
"2026-01-08 20:00:00","CVP","Chinook Salmon","Unclipped","Fall","Fall",NA,NA,NA,NA,NA,NA,NA,NA,NA,NA,30,120,0.25,"Normal count",35,1,4,2.33,"C260169CVP",0.917,1976853,-4514
"2026-01-08 20:00:00","CVP","Chinook Salmon","Unclipped","Fall","Fall",NA,NA,NA,NA,NA,NA,NA,NA,NA,NA,30,120,0.25,"Normal count",35,1,4,2.33,"C260163CVP",0.69400001,1976853,-4514
"2026-01-08 20:00:00","CVP","Chinook Salmon","Unclipped","Fall","Fall",NA,NA,NA,NA,NA,NA,NA,NA,NA,NA,30,120,0.25,"Normal count",35,1,4,2.33,"C260157CVP",0.98900002,1976853,-4514
"2026-01-08 20:00:00","CVP","Chinook Salmon","Unclipped","Fall","Fall",NA,NA,NA,NA,NA,NA,NA,NA,NA,NA,30,120,0.25,"Normal count",35,1,4,2.33,"C260154CVP",0.94199997,1976853,-4514
"2026-01-08 20:00:00","CVP","Chinook Salmon","Unclipped","Fall",NA,NA,NA,NA,NA,NA,NA,NA,NA,NA,NA,30,120,0.25,"Normal count",35,8,32,18.61,NA,NA,1976853,-4514
"2026-01-08 20:00:00","CVP","Chinook Salmon","Unclipped","Fall","Fall",NA,NA,NA,NA,NA,NA,NA,NA,NA,NA,30,120,0.25,"Normal count",36,1,4,2.33,"C260156CVP",0.64200002,1976854,-4514
"2026-01-08 20:00:00","CVP","Chinook Salmon","Unclipped","Fall",NA,NA,NA,NA,NA,NA,NA,NA,NA,NA,NA,30,120,0.25,"Normal count",36,5,20,11.63,NA,NA,1976854,-4514
"2026-01-08 20:00:00","CVP","Chinook Salmon","Unclipped","Fall","Fall",NA,NA,NA,NA,NA,NA,NA,NA,NA,NA,30,120,0.25,"Normal count",36,1,4,2.33,"C260170CVP",0.91600001,1976854,-4514
"2026-01-08 20:00:00","CVP","Chinook Salmon","Unclipped","Fall","Fall",NA,NA,NA,NA,NA,NA,NA,NA,NA,NA,30,120,0.25,"Normal count",36,1,4,2.33,"C260167CVP",0.72899997,1976854,-4514
"2026-01-08 20:00:00","CVP","Chinook Salmon","Unclipped","Fall","Fall",NA,NA,NA,NA,NA,NA,NA,NA,NA,NA,30,120,0.25,"Normal count",36,1,4,2.33,"C260165CVP",0.73900002,1976854,-4514
"2026-01-08 20:00:00","CVP","Chinook Salmon","Unclipped","Fall","Fall",NA,NA,NA,NA,NA,NA,NA,NA,NA,NA,30,120,0.25,"Normal count",37,1,4,2.33,"C260164CVP",0.99699998,1976855,-4514
"2026-01-08 20:00:00","CVP","Chinook Salmon","Unclipped","Fall","Fall",NA,NA,NA,NA,NA,NA,NA,NA,NA,NA,30,120,0.25,"Normal count",37,1,4,2.33,"C260168CVP",0.99000001,1976855,-4514
"2026-01-08 20:00:00","CVP","Chinook Salmon","Unclipped","Fall","Fall",NA,NA,NA,NA,NA,NA,NA,NA,NA,NA,30,120,0.25,"Normal count",37,1,4,2.33,"C260166CVP",0.82099998,1976855,-4514
"2026-01-08 20:00:00","CVP","Chinook Salmon","Unclipped","Fall","Fall",NA,NA,NA,NA,NA,NA,NA,NA,NA,NA,30,120,0.25,"Normal count",37,1,4,2.33,"C260155CVP",0.62900001,1976855,-4514
"2026-01-08 20:00:00","CVP","Chinook Salmon","Unclipped","Fall","Fall",NA,NA,NA,NA,NA,NA,NA,NA,NA,NA,30,120,0.25,"Normal count",37,1,4,2.33,"C260161CVP",0.889,1976855,-4514
"2026-01-08 20:00:00","CVP","Chinook Salmon","Unclipped","Fall","Fall",NA,NA,NA,NA,NA,NA,NA,NA,NA,NA,30,120,0.25,"Normal count",37,1,4,2.33,"C260160CVP",0.49000001,1976855,-4514
"2026-01-08 20:00:00","CVP","Chinook Salmon","Unclipped","Fall",NA,NA,NA,NA,NA,NA,NA,NA,NA,NA,NA,30,120,0.25,"Normal count",38,3,12,6.98,NA,NA,1976856,-4514
"2026-01-08 20:00:00","CVP","Chinook Salmon","Unclipped","Fall","Spring",NA,NA,NA,NA,NA,NA,NA,NA,NA,NA,30,120,0.25,"Normal count",40,1,4,2.33,"C260158CVP",0.66799998,1976857,-4514
"2026-01-08 20:00:00","CVP","Chinook Salmon","Unclipped","Fall","Spring",NA,NA,NA,NA,NA,NA,NA,NA,NA,NA,30,120,0.25,"Normal count",41,1,4,2.33,"C260159CVP",0.82599998,1976858,-4514
"2026-01-08 20:00:00","CVP","Chinook Salmon","Clipped","LateFall",NA,"LateFall","056813","CNFH","Experimental",2025-12-22,2025-12-22,1,"Battle Creek at CNFH","CDFW inseason spreadsheet",17,30,120,0.25,"Normal count",178,1,4,2.6,NA,NA,1976859,-4514
"2026-01-08 20:00:00","CVP","Chinook Salmon","Clipped","LateFall",NA,"LateFall","056815","CNFH","Production",2025-12-17,2025-12-17,1,"Battle Creek at CNFH","CDFW inseason spreadsheet",22,30,120,0.25,"Normal count",187,1,4,2.6,NA,NA,1976860,-4514
"2026-01-08 22:00:00","CVP","Chinook Salmon","Unclipped","Fall","Fall",NA,NA,NA,NA,NA,NA,NA,NA,NA,NA,30,120,0.25,"Normal count",35,1,4,2.33,"C260169CVP",0.917,1976938,-4514
"2026-01-08 22:00:00","CVP","Chinook Salmon","Unclipped","Fall","Fall",NA,NA,NA,NA,NA,NA,NA,NA,NA,NA,30,120,0.25,"Normal count",35,1,4,2.33,"C260171CVP",0.54299998,1976938,-4514
"2026-01-08 22:00:00","CVP","Chinook Salmon","Unclipped","Fall","Fall",NA,NA,NA,NA,NA,NA,NA,NA,NA,NA,30,120,0.25,"Normal count",36,1,4,2.33,"C260170CVP",0.91600001,1976939,-4514
"2026-01-08 22:00:00","CVP","Chinook Salmon","Unclipped","Fall","Fall",NA,NA,NA,NA,NA,NA,NA,NA,NA,NA,30,120,0.25,"Normal count",37,1,4,2.33,"C260168CVP",0.99000001,1976940,-4514
"2026-01-08 22:00:00","CVP","Chinook Salmon","Clipped","Winter",NA,"LateFall","053700","CNFH","Production",2025-12-17,2025-12-17,1,"Battle Creek at CNFH","CDFW inseason spreadsheet",22,30,120,0.25,"Normal count",156,1,4,2.6,NA,NA,1976941,-4514
"2026-01-08 23:00:00","SWP","Chinook Salmon","Clipped","LateFall",NA,"LateFall","056806","CNFH","Production",2025-12-17,2025-12-17,1,"Battle Creek at CNFH","CDFW inseason spreadsheet",22,30,120,0.25,"Normal count",195,1,4,17.52,NA,NA,1976789,-4514
"2026-01-08 23:59:00","CVP","Chinook Salmon","Clipped","LateFall",NA,"Spring","062199","SCARF","SJRRP",2025-12-08,2025-12-09,2,"San Joaquin River at Highway 140","CDFW inseason spreadsheet",30,30,120,0.25,"Normal count",184,1,4,2.6,NA,NA,1977083,-4514
"2026-01-08 23:59:00","CVP","Chinook Salmon","Clipped","LateFall",NA,"Spring","062199","SCARF","Production",2025-12-08,2025-12-09,2,"SAN JOAQ R GRT VAL GR 140","RMIS",30,30,120,0.25,"Normal count",184,1,4,2.6,NA,NA,1977083,-4514
"2026-01-09 02:00:00","CVP","Chinook Salmon","Unclipped","Fall","Fall",NA,NA,NA,NA,NA,NA,NA,NA,NA,NA,30,120,0.25,"Normal count",34,1,4,2.33,"C260176CVP",0.63800001,1977484,-4516
"2026-01-09 02:00:00","CVP","Chinook Salmon","Unclipped","Fall","Fall",NA,NA,NA,NA,NA,NA,NA,NA,NA,NA,30,120,0.25,"Normal count",34,1,4,2.33,"C260173CVP",0.99199998,1977484,-4516
"2026-01-09 02:00:00","CVP","Chinook Salmon","Unclipped","Fall","Fall",NA,NA,NA,NA,NA,NA,NA,NA,NA,NA,30,120,0.25,"Normal count",34,1,4,2.33,"C260174CVP",0.90899998,1977484,-4516
"2026-01-09 02:00:00","CVP","Chinook Salmon","Unclipped","Fall","Fall",NA,NA,NA,NA,NA,NA,NA,NA,NA,NA,30,120,0.25,"Normal count",36,1,4,2.33,"C260175CVP",0.61299998,1977485,-4516
"2026-01-09 02:00:00","CVP","Chinook Salmon","Unclipped","Fall","Fall",NA,NA,NA,NA,NA,NA,NA,NA,NA,NA,30,120,0.25,"Normal count",36,1,4,2.33,"C260178CVP",0.52499998,1977485,-4516
"2026-01-09 02:00:00","CVP","Chinook Salmon","Unclipped","Fall","Fall",NA,NA,NA,NA,NA,NA,NA,NA,NA,NA,30,120,0.25,"Normal count",36,1,4,2.33,"C260172CVP",0.713,1977485,-4516
"2026-01-09 02:00:00","CVP","Chinook Salmon","Unclipped","Fall","Fall",NA,NA,NA,NA,NA,NA,NA,NA,NA,NA,30,120,0.25,"Normal count",36,1,4,2.33,"C260179CVP",0.89999998,1977485,-4516
"2026-01-09 02:00:00","CVP","Chinook Salmon","Unclipped","Fall","Fall",NA,NA,NA,NA,NA,NA,NA,NA,NA,NA,30,120,0.25,"Normal count",37,1,4,2.33,"C260177CVP",0.42199999,1977486,-4516
"2026-01-09 02:00:00","CVP","Chinook Salmon","Clipped","LateFall",NA,"LateFall","056815","CNFH","Production",2025-12-17,2025-12-17,1,"Battle Creek at CNFH","CDFW inseason spreadsheet",23,30,120,0.25,"Normal count",176,1,4,2.6,NA,NA,1977487,-4516
"2026-01-09 04:00:00","CVP","Chinook Salmon","Unclipped","Fall","Fall",NA,NA,NA,NA,NA,NA,NA,NA,NA,NA,30,120,0.25,"Normal count",33,1,4,2.33,"C260181CVP",0.736,1977462,-4516
"2026-01-09 04:00:00","CVP","Chinook Salmon","Unclipped","Fall","Fall",NA,NA,NA,NA,NA,NA,NA,NA,NA,NA,30,120,0.25,"Normal count",34,1,4,2.33,"C260184CVP",0.92799997,1977463,-4516
"2026-01-09 04:00:00","CVP","Chinook Salmon","Unclipped","Fall","Fall",NA,NA,NA,NA,NA,NA,NA,NA,NA,NA,30,120,0.25,"Normal count",35,1,4,2.33,"C260187CVP",0.91399997,1977464,-4516
"2026-01-09 04:00:00","CVP","Chinook Salmon","Unclipped","Fall","Fall",NA,NA,NA,NA,NA,NA,NA,NA,NA,NA,30,120,0.25,"Normal count",35,1,4,2.33,"C260182CVP",0.69999999,1977464,-4516
"2026-01-09 04:00:00","CVP","Chinook Salmon","Unclipped","Fall","Fall",NA,NA,NA,NA,NA,NA,NA,NA,NA,NA,30,120,0.25,"Normal count",36,1,4,2.33,"C260184CVP",0.92799997,1977465,-4516
"2026-01-09 04:00:00","CVP","Chinook Salmon","Unclipped","Fall","Fall",NA,NA,NA,NA,NA,NA,NA,NA,NA,NA,30,120,0.25,"Normal count",36,1,4,2.33,"C260186CVP",0.963,1977465,-4516
"2026-01-09 04:00:00","CVP","Chinook Salmon","Unclipped","Fall","Fall",NA,NA,NA,NA,NA,NA,NA,NA,NA,NA,30,120,0.25,"Normal count",36,1,4,2.33,"C260188CVP",0.87699997,1977465,-4516
"2026-01-09 04:00:00","CVP","Chinook Salmon","Unclipped","Fall","Fall",NA,NA,NA,NA,NA,NA,NA,NA,NA,NA,30,120,0.25,"Normal count",36,1,4,2.33,"C260183CVP",0.94800001,1977465,-4516
"2026-01-09 04:00:00","CVP","Chinook Salmon","Unclipped","Fall","Fall",NA,NA,NA,NA,NA,NA,NA,NA,NA,NA,30,120,0.25,"Normal count",37,1,4,2.33,"C260185CVP",0.56699997,1977466,-4516
"2026-01-09 04:00:00","CVP","Chinook Salmon","Unclipped","Fall","Fall",NA,NA,NA,NA,NA,NA,NA,NA,NA,NA,30,120,0.25,"Normal count",37,1,4,2.33,"C260180CVP",0.81800002,1977466,-4516
"2026-01-09 04:00:00","CVP","Chinook Salmon","Clipped","LateFall",NA,"Spring","062199","SCARF","SJRRP",2025-12-08,2025-12-09,2,"San Joaquin River at Highway 140","CDFW inseason spreadsheet",31,30,120,0.25,"Normal count",174,1,4,2.6,NA,NA,1977467,-4516
"2026-01-09 04:00:00","CVP","Chinook Salmon","Clipped","LateFall",NA,"Spring","062199","SCARF","Production",2025-12-08,2025-12-09,2,"SAN JOAQ R GRT VAL GR 140","RMIS",31,30,120,0.25,"Normal count",174,1,4,2.6,NA,NA,1977467,-4516
"2026-01-09 06:00:00","CVP","Chinook Salmon","Unclipped","Fall","Fall",NA,NA,NA,NA,NA,NA,NA,NA,NA,NA,30,120,0.25,"Normal count",34,1,4,2.33,"C260195CVP",0.78799999,1977445,-4516
"2026-01-09 06:00:00","CVP","Chinook Salmon","Unclipped","Fall",NA,NA,NA,NA,NA,NA,NA,NA,NA,NA,NA,30,120,0.25,"Normal count",34,4,16,9.3,NA,NA,1977445,-4516
"2026-01-09 06:00:00","CVP","Chinook Salmon","Unclipped","Fall","Fall",NA,NA,NA,NA,NA,NA,NA,NA,NA,NA,30,120,0.25,"Normal count",35,1,4,2.33,"C260201CVP",0.98900002,1977446,-4516
"2026-01-09 06:00:00","CVP","Chinook Salmon","Unclipped","Fall","Fall",NA,NA,NA,NA,NA,NA,NA,NA,NA,NA,30,120,0.25,"Normal count",35,1,4,2.33,"C260189CVP",0.78200001,1977446,-4516
"2026-01-09 06:00:00","CVP","Chinook Salmon","Unclipped","Fall","Fall",NA,NA,NA,NA,NA,NA,NA,NA,NA,NA,30,120,0.25,"Normal count",35,1,4,2.33,"C260191CVP",0.61500001,1977446,-4516
"2026-01-09 06:00:00","CVP","Chinook Salmon","Unclipped","Fall","Fall",NA,NA,NA,NA,NA,NA,NA,NA,NA,NA,30,120,0.25,"Normal count",35,1,4,2.33,"C260193CVP",0.85500002,1977446,-4516
"2026-01-09 06:00:00","CVP","Chinook Salmon","Unclipped","Fall","Fall",NA,NA,NA,NA,NA,NA,NA,NA,NA,NA,30,120,0.25,"Normal count",35,1,4,2.33,"C260194CVP",0.55699998,1977446,-4516
"2026-01-09 06:00:00","CVP","Chinook Salmon","Unclipped","Fall","Fall",NA,NA,NA,NA,NA,NA,NA,NA,NA,NA,30,120,0.25,"Normal count",35,1,4,2.33,"C260196CVP",0.66900003,1977446,-4516
"2026-01-09 06:00:00","CVP","Chinook Salmon","Unclipped","Fall",NA,NA,NA,NA,NA,NA,NA,NA,NA,NA,NA,30,120,0.25,"Normal count",35,2,8,4.65,NA,NA,1977446,-4516
"2026-01-09 06:00:00","CVP","Chinook Salmon","Unclipped","Fall","Fall",NA,NA,NA,NA,NA,NA,NA,NA,NA,NA,30,120,0.25,"Normal count",36,1,4,2.33,"C260190CVP",0.46700001,1977447,-4516
"2026-01-09 06:00:00","CVP","Chinook Salmon","Unclipped","Fall",NA,NA,NA,NA,NA,NA,NA,NA,NA,NA,NA,30,120,0.25,"Normal count",36,3,12,6.98,NA,NA,1977447,-4516
"2026-01-09 06:00:00","CVP","Chinook Salmon","Unclipped","Fall","Fall",NA,NA,NA,NA,NA,NA,NA,NA,NA,NA,30,120,0.25,"Normal count",37,1,4,2.33,"C260198CVP",0.65200001,1977448,-4516
"2026-01-09 06:00:00","CVP","Chinook Salmon","Unclipped","Fall","Fall",NA,NA,NA,NA,NA,NA,NA,NA,NA,NA,30,120,0.25,"Normal count",37,1,4,2.33,"C260200CVP",0.62699997,1977448,-4516
"2026-01-09 06:00:00","CVP","Chinook Salmon","Unclipped","Fall",NA,NA,NA,NA,NA,NA,NA,NA,NA,NA,NA,30,120,0.25,"Normal count",37,4,16,9.3,NA,NA,1977448,-4516
"2026-01-09 06:00:00","CVP","Chinook Salmon","Unclipped","Fall","Fall",NA,NA,NA,NA,NA,NA,NA,NA,NA,NA,30,120,0.25,"Normal count",38,1,4,2.33,"C260197CVP",0.60100001,1977449,-4516
"2026-01-09 06:00:00","CVP","Chinook Salmon","Unclipped","Fall","Fall",NA,NA,NA,NA,NA,NA,NA,NA,NA,NA,30,120,0.25,"Normal count",38,1,4,2.33,"C260192CVP",0.54299998,1977449,-4516
"2026-01-09 06:00:00","CVP","Chinook Salmon","Unclipped","Fall",NA,NA,NA,NA,NA,NA,NA,NA,NA,NA,NA,30,120,0.25,"Normal count",38,2,8,4.65,NA,NA,1977449,-4516
"2026-01-09 06:00:00","CVP","Chinook Salmon","Unclipped","Fall",NA,NA,NA,NA,NA,NA,NA,NA,NA,NA,NA,30,120,0.25,"Normal count",39,1,4,2.33,NA,NA,1977450,-4516
"2026-01-09 06:00:00","CVP","Chinook Salmon","Unclipped","Fall",NA,NA,NA,NA,NA,NA,NA,NA,NA,NA,NA,30,120,0.25,"Normal count",40,1,4,2.33,NA,NA,1977451,-4516
"2026-01-09 06:00:00","CVP","Chinook Salmon","Clipped","Winter",NA,"LateFall","053700","CNFH","Production",2025-12-17,2025-12-17,1,"Battle Creek at CNFH","CDFW inseason spreadsheet",23,30,120,0.25,"Normal count",157,1,4,2.6,NA,NA,1977452,-4516
"2026-01-09 06:00:00","CVP","Chinook Salmon","Clipped","Winter",NA,"Spring","062199","SCARF","Production",2025-12-08,2025-12-09,2,"SAN JOAQ R GRT VAL GR 140","RMIS",31,30,120,0.25,"Normal count",159,1,4,2.6,NA,NA,1977453,-4516
"2026-01-09 06:00:00","CVP","Chinook Salmon","Clipped","Winter",NA,"Spring","062199","SCARF","SJRRP",2025-12-08,2025-12-09,2,"San Joaquin River at Highway 140","CDFW inseason spreadsheet",31,30,120,0.25,"Normal count",159,1,4,2.6,NA,NA,1977453,-4516
"2026-01-09 07:00:00","SWP","Chinook Salmon","Unclipped","Fall","Fall",NA,NA,NA,NA,NA,NA,NA,NA,NA,NA,30,120,0.25,"Normal count",39,1,4,16.65,"C260244SWP",0.99699998,1977240,-4516
"2026-01-09 07:00:00","SWP","Chinook Salmon","Clipped","Winter",NA,"LateFall","056813","CNFH","Experimental",2025-12-22,2025-12-22,1,"Battle Creek at CNFH","CDFW inseason spreadsheet",18,30,120,0.25,"Normal count",145,1,4,17.59,NA,NA,1977180,-4516
"2026-01-09 08:00:00","CVP","Chinook Salmon","Unclipped","Fall",NA,NA,NA,NA,NA,NA,NA,NA,NA,NA,NA,30,120,0.25,"Normal count",33,1,4,2.33,NA,NA,1977474,-4516
"2026-01-09 08:00:00","CVP","Chinook Salmon","Unclipped","Fall","Fall",NA,NA,NA,NA,NA,NA,NA,NA,NA,NA,30,120,0.25,"Normal count",33,1,4,2.33,"C260211CVP",0.72399998,1977474,-4516
"2026-01-09 08:00:00","CVP","Chinook Salmon","Unclipped","Fall","Fall",NA,NA,NA,NA,NA,NA,NA,NA,NA,NA,30,120,0.25,"Normal count",33,1,4,2.33,"C260212CVP",0.55900002,1977474,-4516
"2026-01-09 08:00:00","CVP","Chinook Salmon","Unclipped","Fall","Fall",NA,NA,NA,NA,NA,NA,NA,NA,NA,NA,30,120,0.25,"Normal count",33,1,4,2.33,"C260213CVP",0.63599998,1977474,-4516
"2026-01-09 08:00:00","CVP","Chinook Salmon","Unclipped","Fall",NA,NA,NA,NA,NA,NA,NA,NA,NA,NA,NA,30,120,0.25,"Normal count",34,1,4,2.33,NA,NA,1977475,-4516
"2026-01-09 08:00:00","CVP","Chinook Salmon","Unclipped","Fall","Fall",NA,NA,NA,NA,NA,NA,NA,NA,NA,NA,30,120,0.25,"Normal count",34,1,4,2.33,"C260205CVP",0.58399999,1977475,-4516
"2026-01-09 08:00:00","CVP","Chinook Salmon","Unclipped","Fall","Fall",NA,NA,NA,NA,NA,NA,NA,NA,NA,NA,30,120,0.25,"Normal count",35,1,4,2.33,"C260214CVP",0.95999998,1977476,-4516
"2026-01-09 08:00:00","CVP","Chinook Salmon","Unclipped","Fall","Fall",NA,NA,NA,NA,NA,NA,NA,NA,NA,NA,30,120,0.25,"Normal count",35,1,4,2.33,"C260209CVP",0.98799998,1977476,-4516
"2026-01-09 08:00:00","CVP","Chinook Salmon","Unclipped","Fall",NA,NA,NA,NA,NA,NA,NA,NA,NA,NA,NA,30,120,0.25,"Normal count",36,4,16,9.3,NA,NA,1977477,-4516
"2026-01-09 08:00:00","CVP","Chinook Salmon","Unclipped","Fall","Fall",NA,NA,NA,NA,NA,NA,NA,NA,NA,NA,30,120,0.25,"Normal count",36,1,4,2.33,"C260203CVP",0.56099999,1977477,-4516
"2026-01-09 08:00:00","CVP","Chinook Salmon","Unclipped","Fall","Fall",NA,NA,NA,NA,NA,NA,NA,NA,NA,NA,30,120,0.25,"Normal count",36,1,4,2.33,"C260206CVP",0.96700001,1977477,-4516
"2026-01-09 08:00:00","CVP","Chinook Salmon","Unclipped","Fall",NA,NA,NA,NA,NA,NA,NA,NA,NA,NA,NA,30,120,0.25,"Normal count",37,5,20,11.63,NA,NA,1977478,-4516
"2026-01-09 08:00:00","CVP","Chinook Salmon","Unclipped","Fall","Fall",NA,NA,NA,NA,NA,NA,NA,NA,NA,NA,30,120,0.25,"Normal count",37,1,4,2.33,"C260208CVP",0.86400002,1977478,-4516
"2026-01-09 08:00:00","CVP","Chinook Salmon","Unclipped","Fall","Fall",NA,NA,NA,NA,NA,NA,NA,NA,NA,NA,30,120,0.25,"Normal count",37,1,4,2.33,"C260207CVP",0.56800002,1977478,-4516
"2026-01-09 08:00:00","CVP","Chinook Salmon","Unclipped","Fall","Fall",NA,NA,NA,NA,NA,NA,NA,NA,NA,NA,30,120,0.25,"Normal count",37,1,4,2.33,"C260210CVP",0.88999999,1977478,-4516
"2026-01-09 08:00:00","CVP","Chinook Salmon","Unclipped","Fall",NA,NA,NA,NA,NA,NA,NA,NA,NA,NA,NA,30,120,0.25,"Normal count",38,3,12,6.98,NA,NA,1977479,-4516
"2026-01-09 08:00:00","CVP","Chinook Salmon","Unclipped","Fall","Fall",NA,NA,NA,NA,NA,NA,NA,NA,NA,NA,30,120,0.25,"Normal count",39,1,4,2.33,"C260202CVP",0.97500002,1977480,-4516
"2026-01-09 08:00:00","CVP","Chinook Salmon","Unclipped","Fall","Spring",NA,NA,NA,NA,NA,NA,NA,NA,NA,NA,30,120,0.25,"Normal count",41,1,4,2.33,"C260204CVP",0.47299999,1977481,-4516
"2026-01-09 08:00:00","CVP","Chinook Salmon","Clipped","Winter",NA,"LateFall","056817","CNFH","Production",2025-12-17,2025-12-17,1,"Battle Creek at CNFH","CDFW inseason spreadsheet",23,30,120,0.25,"Normal count",165,1,4,2.6,NA,NA,1977482,-4516
"2026-01-09 08:00:00","CVP","Chinook Salmon","Clipped","LateFall",NA,"LateFall","056806","CNFH","Production",2025-12-17,2025-12-17,1,"Battle Creek at CNFH","CDFW inseason spreadsheet",23,30,120,0.25,"Normal count",177,1,4,2.6,NA,NA,1977483,-4516
"2026-01-09 09:00:00","SWP","Chinook Salmon","Clipped","Winter",NA,"LateFall","056814","CNFH","Production",2025-12-17,2025-12-17,1,"Battle Creek at CNFH","CDFW inseason spreadsheet",23,30,120,0.25,"Normal count",158,1,4,17.62,NA,NA,1977192,-4516
"2026-01-09 09:00:00","SWP","Chinook Salmon","Clipped","Winter",NA,"LateFall","056811","CNFH","Production",2025-12-17,2025-12-17,1,"Battle Creek at CNFH","CDFW inseason spreadsheet",23,30,120,0.25,"Normal count",164,1,4,17.62,NA,NA,1977197,-4516
"2026-01-09 09:00:00","SWP","Chinook Salmon","Clipped","LateFall",NA,"LateFall","056814","CNFH","Production",2025-12-17,2025-12-17,1,"Battle Creek at CNFH","CDFW inseason spreadsheet",23,30,120,0.25,"Normal count",174,1,4,17.62,NA,NA,1977207,-4516
"2026-01-09 10:00:00","SWP","Chinook Salmon","Clipped","LateFall",NA,"LateFall","056813","CNFH","Experimental",2025-12-22,2025-12-22,1,"Battle Creek at CNFH","CDFW inseason spreadsheet",18,30,60,0.5,"Normal count",168,1,2,8.84,NA,NA,1977201,-4516
"2026-01-09 11:00:00","SWP","Chinook Salmon","Clipped","LateFall",NA,"LateFall","056813","CNFH","Experimental",2025-12-22,2025-12-22,1,"Battle Creek at CNFH","CDFW inseason spreadsheet",18,30,60,0.5,"Normal count",180,1,2,8.74,NA,NA,1977211,-4516
"2026-01-09 12:00:00","CVP","Chinook Salmon","Unclipped","Fall","Fall",NA,NA,NA,NA,NA,NA,NA,NA,NA,NA,30,120,0.25,"Normal count",37,1,4,2.33,"C260215CVP",0.52499998,1977295,-4516
"2026-01-09 13:00:00","SWP","Chinook Salmon","Unclipped","Fall","Fall",NA,NA,NA,NA,NA,NA,NA,NA,NA,NA,30,120,0.25,"Normal count",36,1,4,16.59,"C260245SWP",0.55599999,1977238,-4516
"2026-01-09 13:00:00","SWP","Chinook Salmon","Clipped","Winter",NA,"LateFall","056813","CNFH","Experimental",2025-12-22,2025-12-22,1,"Battle Creek at CNFH","CDFW inseason spreadsheet",18,30,120,0.25,"Normal count",152,1,4,17.51,NA,NA,1977184,-4516
"2026-01-09 13:00:00","SWP","Chinook Salmon","Clipped","Winter",NA,"LateFall","056812","CNFH","Production",2025-12-17,2025-12-17,1,"Battle Creek at CNFH","CDFW inseason spreadsheet",23,30,120,0.25,"Normal count",152,1,4,17.51,NA,NA,1977184,-4516
"2026-01-09 13:00:00","SWP","Chinook Salmon","Clipped","Winter",NA,"LateFall","056813","CNFH","Experimental",2025-12-22,2025-12-22,1,"Battle Creek at CNFH","CDFW inseason spreadsheet",18,30,120,0.25,"Normal count",152,1,4,17.51,NA,NA,1977184,-4516
"2026-01-09 13:00:00","SWP","Chinook Salmon","Clipped","Winter",NA,"LateFall","056812","CNFH","Production",2025-12-17,2025-12-17,1,"Battle Creek at CNFH","CDFW inseason spreadsheet",23,30,120,0.25,"Normal count",152,1,4,17.51,NA,NA,1977184,-4516
"2026-01-09 13:00:00","SWP","Chinook Salmon","Clipped","Winter",NA,"LateFall","053700","CNFH","Production",2025-12-17,2025-12-17,1,"Battle Creek at CNFH","CDFW inseason spreadsheet",23,30,120,0.25,"Normal count",157,1,4,17.51,NA,NA,1977191,-4516
"2026-01-09 13:00:00","SWP","Chinook Salmon","Clipped","LateFall",NA,"LateFall","056813","CNFH","Experimental",2025-12-22,2025-12-22,1,"Battle Creek at CNFH","CDFW inseason spreadsheet",18,30,120,0.25,"Normal count",169,1,4,17.51,NA,NA,1977203,-4516
"2026-01-09 17:00:00","SWP","Chinook Salmon","Clipped","Winter",NA,"LateFall","053700","CNFH","Production",2025-12-17,2025-12-17,1,"Battle Creek at CNFH","CDFW inseason spreadsheet",23,30,60,0.5,"Normal count",133,1,2,8.82,NA,NA,1977170,-4516
"2026-01-09 18:00:00","CVP","Chinook Salmon","Unclipped","Fall","Fall",NA,NA,NA,NA,NA,NA,NA,NA,NA,NA,30,120,0.25,"Normal count",33,1,4,2.33,"C260220CVP",0.73000002,1977438,-4516
"2026-01-09 18:00:00","CVP","Chinook Salmon","Unclipped","Fall","Fall",NA,NA,NA,NA,NA,NA,NA,NA,NA,NA,30,120,0.25,"Normal count",36,1,4,2.33,"C260217CVP",0.62199998,1977439,-4516
"2026-01-09 18:00:00","CVP","Chinook Salmon","Unclipped","Fall","Fall",NA,NA,NA,NA,NA,NA,NA,NA,NA,NA,30,120,0.25,"Normal count",36,1,4,2.33,"C260221CVP",0.57200003,1977439,-4516
"2026-01-09 18:00:00","CVP","Chinook Salmon","Unclipped","Fall","Fall",NA,NA,NA,NA,NA,NA,NA,NA,NA,NA,30,120,0.25,"Normal count",36,1,4,2.33,"C260219CVP",0.71799999,1977439,-4516
"2026-01-09 18:00:00","CVP","Chinook Salmon","Unclipped","Fall","Fall",NA,NA,NA,NA,NA,NA,NA,NA,NA,NA,30,120,0.25,"Normal count",36,1,4,2.33,"C260218CVP",0.79799998,1977439,-4516
"2026-01-09 18:00:00","CVP","Chinook Salmon","Unclipped","Fall","Fall",NA,NA,NA,NA,NA,NA,NA,NA,NA,NA,30,120,0.25,"Normal count",36,1,4,2.33,"C260216CVP",0.47299999,1977439,-4516
"2026-01-09 18:00:00","CVP","Chinook Salmon","Clipped","LateFall",NA,"LateFall","056815","CNFH","Production",2025-12-17,2025-12-17,1,"Battle Creek at CNFH","CDFW inseason spreadsheet",23,30,120,0.25,"Normal count",181,1,4,2.6,NA,NA,1977440,-4516
"2026-01-09 20:00:00","CVP","Chinook Salmon","Unclipped","Fall","Fall",NA,NA,NA,NA,NA,NA,NA,NA,NA,NA,30,120,0.25,"Normal count",34,1,4,2.33,"C260226CVP",0.523,1977359,-4516
"2026-01-09 20:00:00","CVP","Chinook Salmon","Unclipped","Fall","Fall",NA,NA,NA,NA,NA,NA,NA,NA,NA,NA,30,120,0.25,"Normal count",34,1,4,2.33,"C260235CVP",0.90899998,1977359,-4516
"2026-01-09 20:00:00","CVP","Chinook Salmon","Unclipped","Fall","Fall",NA,NA,NA,NA,NA,NA,NA,NA,NA,NA,30,120,0.25,"Normal count",34,1,4,2.33,"C260230CVP",0.81,1977359,-4516
"2026-01-09 20:00:00","CVP","Chinook Salmon","Unclipped","Fall","Fall",NA,NA,NA,NA,NA,NA,NA,NA,NA,NA,30,120,0.25,"Normal count",35,1,4,2.33,"C260231CVP",0.66399997,1977360,-4516
"2026-01-09 20:00:00","CVP","Chinook Salmon","Unclipped","Fall","Fall",NA,NA,NA,NA,NA,NA,NA,NA,NA,NA,30,120,0.25,"Normal count",35,1,4,2.33,"C260237CVP",0.41100001,1977360,-4516
"2026-01-09 20:00:00","CVP","Chinook Salmon","Unclipped","Fall","Fall",NA,NA,NA,NA,NA,NA,NA,NA,NA,NA,30,120,0.25,"Normal count",35,1,4,2.33,"C260225CVP",0.75199997,1977360,-4516
"2026-01-09 20:00:00","CVP","Chinook Salmon","Unclipped","Fall","Fall",NA,NA,NA,NA,NA,NA,NA,NA,NA,NA,30,120,0.25,"Normal count",35,1,4,2.33,"C260222CVP",0.74699998,1977360,-4516
"2026-01-09 20:00:00","CVP","Chinook Salmon","Unclipped","Fall","Fall",NA,NA,NA,NA,NA,NA,NA,NA,NA,NA,30,120,0.25,"Normal count",35,1,4,2.33,"C260227CVP",0.88200003,1977360,-4516
"2026-01-09 20:00:00","CVP","Chinook Salmon","Unclipped","Fall","Fall",NA,NA,NA,NA,NA,NA,NA,NA,NA,NA,30,120,0.25,"Normal count",35,1,4,2.33,"C260229CVP",0.85399997,1977360,-4516
"2026-01-09 20:00:00","CVP","Chinook Salmon","Unclipped","Fall","Fall",NA,NA,NA,NA,NA,NA,NA,NA,NA,NA,30,120,0.25,"Normal count",36,1,4,2.33,"C260228CVP",0.72299999,1977361,-4516
"2026-01-09 20:00:00","CVP","Chinook Salmon","Unclipped","Fall",NA,NA,NA,NA,NA,NA,NA,NA,NA,NA,NA,30,120,0.25,"Normal count",36,1,4,2.33,NA,NA,1977361,-4516
"2026-01-09 20:00:00","CVP","Chinook Salmon","Unclipped","Fall","Fall",NA,NA,NA,NA,NA,NA,NA,NA,NA,NA,30,120,0.25,"Normal count",36,1,4,2.33,"C260234CVP",0.96600002,1977361,-4516
"2026-01-09 20:00:00","CVP","Chinook Salmon","Unclipped","Fall","Fall",NA,NA,NA,NA,NA,NA,NA,NA,NA,NA,30,120,0.25,"Normal count",36,1,4,2.33,"C260236CVP",0.64300001,1977361,-4516
"2026-01-09 20:00:00","CVP","Chinook Salmon","Unclipped","Fall","Fall",NA,NA,NA,NA,NA,NA,NA,NA,NA,NA,30,120,0.25,"Normal count",36,1,4,2.33,"C260238CVP",0.787,1977361,-4516
"2026-01-09 20:00:00","CVP","Chinook Salmon","Unclipped","Fall","Fall",NA,NA,NA,NA,NA,NA,NA,NA,NA,NA,30,120,0.25,"Normal count",36,1,4,2.33,"C260223CVP",0.96100003,1977361,-4516
"2026-01-09 20:00:00","CVP","Chinook Salmon","Unclipped","Fall","Fall",NA,NA,NA,NA,NA,NA,NA,NA,NA,NA,30,120,0.25,"Normal count",37,1,4,2.33,"C260233CVP",0.97299999,1977362,-4516
"2026-01-09 20:00:00","CVP","Chinook Salmon","Unclipped","Fall",NA,NA,NA,NA,NA,NA,NA,NA,NA,NA,NA,30,120,0.25,"Normal count",37,1,4,2.33,NA,NA,1977362,-4516
"2026-01-09 20:00:00","CVP","Chinook Salmon","Clipped","Winter",NA,"LateFall","056813","CNFH","Experimental",2025-12-22,2025-12-22,1,"Battle Creek at CNFH","CDFW inseason spreadsheet",18,30,120,0.25,"Normal count",143,1,4,2.6,NA,NA,1977363,-4516
"2026-01-09 22:00:00","CVP","Chinook Salmon","Unclipped","Fall","Fall",NA,NA,NA,NA,NA,NA,NA,NA,NA,NA,30,120,0.25,"Normal count",31,1,4,2.33,"C260244CVP",0.977,1977258,-4516
"2026-01-09 22:00:00","CVP","Chinook Salmon","Unclipped","Fall","Fall",NA,NA,NA,NA,NA,NA,NA,NA,NA,NA,30,120,0.25,"Normal count",32,1,4,2.33,"C260240CVP",0.90600002,1977259,-4516
"2026-01-09 22:00:00","CVP","Chinook Salmon","Unclipped","Fall",NA,NA,NA,NA,NA,NA,NA,NA,NA,NA,NA,30,120,0.25,"Normal count",34,2,8,4.65,NA,NA,1977260,-4516
"2026-01-09 22:00:00","CVP","Chinook Salmon","Unclipped","Fall","Fall",NA,NA,NA,NA,NA,NA,NA,NA,NA,NA,30,120,0.25,"Normal count",34,1,4,2.33,"C260250CVP",0.903,1977260,-4516
"2026-01-09 22:00:00","CVP","Chinook Salmon","Unclipped","Fall","Fall",NA,NA,NA,NA,NA,NA,NA,NA,NA,NA,30,120,0.25,"Normal count",35,1,4,2.33,"C260248CVP",0.81999999,1977261,-4516
"2026-01-09 22:00:00","CVP","Chinook Salmon","Unclipped","Fall","Fall",NA,NA,NA,NA,NA,NA,NA,NA,NA,NA,30,120,0.25,"Normal count",35,1,4,2.33,"C260247CVP",0.81,1977261,-4516
"2026-01-09 22:00:00","CVP","Chinook Salmon","Unclipped","Fall",NA,NA,NA,NA,NA,NA,NA,NA,NA,NA,NA,30,120,0.25,"Normal count",35,1,4,2.33,NA,NA,1977261,-4516
"2026-01-09 22:00:00","CVP","Chinook Salmon","Unclipped","Fall","Fall",NA,NA,NA,NA,NA,NA,NA,NA,NA,NA,30,120,0.25,"Normal count",35,1,4,2.33,"C260242CVP",0.64999998,1977261,-4516
"2026-01-09 22:00:00","CVP","Chinook Salmon","Unclipped","Fall","Fall",NA,NA,NA,NA,NA,NA,NA,NA,NA,NA,30,120,0.25,"Normal count",36,1,4,2.33,"C260239CVP",0.99699998,1977262,-4516
"2026-01-09 22:00:00","CVP","Chinook Salmon","Unclipped","Fall",NA,NA,NA,NA,NA,NA,NA,NA,NA,NA,NA,30,120,0.25,"Normal count",36,6,24,13.95,NA,NA,1977262,-4516
"2026-01-09 22:00:00","CVP","Chinook Salmon","Unclipped","Fall","Fall",NA,NA,NA,NA,NA,NA,NA,NA,NA,NA,30,120,0.25,"Normal count",36,1,4,2.33,"C260245CVP",0.384,1977262,-4516
"2026-01-09 22:00:00","CVP","Chinook Salmon","Unclipped","Fall","Fall",NA,NA,NA,NA,NA,NA,NA,NA,NA,NA,30,120,0.25,"Normal count",36,1,4,2.33,"C260241CVP",0.51300001,1977262,-4516
"2026-01-09 22:00:00","CVP","Chinook Salmon","Unclipped","Fall","Fall",NA,NA,NA,NA,NA,NA,NA,NA,NA,NA,30,120,0.25,"Normal count",37,1,4,2.33,"C260246CVP",0.46900001,1977263,-4516
"2026-01-09 22:00:00","CVP","Chinook Salmon","Unclipped","Fall","Fall",NA,NA,NA,NA,NA,NA,NA,NA,NA,NA,30,120,0.25,"Normal count",37,1,4,2.33,"C260243CVP",0.94700003,1977263,-4516
"2026-01-09 22:00:00","CVP","Chinook Salmon","Unclipped","Fall",NA,NA,NA,NA,NA,NA,NA,NA,NA,NA,NA,30,120,0.25,"Normal count",37,5,20,11.63,NA,NA,1977263,-4516
"2026-01-09 22:00:00","CVP","Chinook Salmon","Unclipped","Fall","Fall",NA,NA,NA,NA,NA,NA,NA,NA,NA,NA,30,120,0.25,"Normal count",38,1,4,2.33,"C260251CVP",0.741,1977264,-4516
"2026-01-09 22:00:00","CVP","Chinook Salmon","Unclipped","Fall","Fall",NA,NA,NA,NA,NA,NA,NA,NA,NA,NA,30,120,0.25,"Normal count",38,1,4,2.33,"C260249CVP",0.972,1977264,-4516
"2026-01-09 22:00:00","CVP","Chinook Salmon","Clipped","LateFall",NA,"LateFall","056817","CNFH","Production",2025-12-17,2025-12-17,1,"Battle Creek at CNFH","CDFW inseason spreadsheet",23,30,120,0.25,"Normal count",178,1,4,2.6,NA,NA,1977265,-4516
"2026-01-09 22:00:00","CVP","Chinook Salmon","Clipped","LateFall",NA,"LateFall","056813","CNFH","Experimental",2025-12-22,2025-12-22,1,"Battle Creek at CNFH","CDFW inseason spreadsheet",18,30,120,0.25,"Normal count",194,1,4,2.6,NA,NA,1977266,-4516
"2026-01-09 23:00:00","SWP","Chinook Salmon","Clipped","LateFall",NA,"LateFall","056812","CNFH","Production",2025-12-17,2025-12-17,1,"Battle Creek at CNFH","CDFW inseason spreadsheet",23,30,120,0.25,"Normal count",180,1,4,17.54,NA,NA,1977212,-4516
"2026-01-09 23:59:00","CVP","Chinook Salmon","Unclipped","Fall","Fall",NA,NA,NA,NA,NA,NA,NA,NA,NA,NA,30,120,0.25,"Normal count",34,1,4,2.33,"C260252CVP",0.68900001,1977267,-4516
"2026-01-09 23:59:00","CVP","Chinook Salmon","Unclipped","Fall","Fall",NA,NA,NA,NA,NA,NA,NA,NA,NA,NA,30,120,0.25,"Normal count",36,1,4,2.33,"C260254CVP",0.91799998,1977268,-4516
"2026-01-09 23:59:00","CVP","Chinook Salmon","Unclipped","Fall","Fall",NA,NA,NA,NA,NA,NA,NA,NA,NA,NA,30,120,0.25,"Normal count",37,1,4,2.33,"C260253CVP",0.87599999,1977269,-4516
"2026-01-09 23:59:00","CVP","Chinook Salmon","Unclipped","Fall","Fall",NA,NA,NA,NA,NA,NA,NA,NA,NA,NA,30,120,0.25,"Normal count",38,1,4,2.33,"C260255CVP",0.96700001,1977270,-4516
"2026-01-09 23:59:00","CVP","Chinook Salmon","Clipped","Winter",NA,"LateFall","056815","CNFH","Production",2025-12-17,2025-12-17,1,"Battle Creek at CNFH","CDFW inseason spreadsheet",23,30,120,0.25,"Normal count",135,1,4,2.6,NA,NA,1977271,-4516
"2026-01-09 23:59:00","CVP","Chinook Salmon","Clipped","Winter",NA,"LateFall","056812","CNFH","Production",2025-12-17,2025-12-17,1,"Battle Creek at CNFH","CDFW inseason spreadsheet",23,30,120,0.25,"Normal count",152,1,4,2.6,NA,NA,1977272,-4516
"2026-01-09 23:59:00","CVP","Chinook Salmon","Clipped","Winter",NA,"LateFall","053700","CNFH","Production",2025-12-17,2025-12-17,1,"Battle Creek at CNFH","CDFW inseason spreadsheet",23,30,120,0.25,"Normal count",155,1,4,2.6,NA,NA,1977273,-4516
"2026-01-10 02:00:00","CVP","Chinook Salmon","Unclipped","Fall","Fall",NA,NA,NA,NA,NA,NA,NA,NA,NA,NA,30,120,0.25,"Normal count",34,1,4,2.33,"C260256CVP",0.58899999,1977493,-4516
"2026-01-10 02:00:00","CVP","Chinook Salmon","Unclipped","Fall","Fall",NA,NA,NA,NA,NA,NA,NA,NA,NA,NA,30,120,0.25,"Normal count",35,1,4,2.33,"C260257CVP",0.671,1977494,-4516
"2026-01-10 02:00:00","CVP","Chinook Salmon","Unclipped","Fall","Fall",NA,NA,NA,NA,NA,NA,NA,NA,NA,NA,30,120,0.25,"Normal count",36,1,4,2.33,"C260258CVP",0.91900003,1977495,-4516
"2026-01-10 02:00:00","CVP","Chinook Salmon","Unclipped","Fall","Fall",NA,NA,NA,NA,NA,NA,NA,NA,NA,NA,30,120,0.25,"Normal count",38,1,4,2.33,"C260259CVP",0.676,1977496,-4516
"2026-01-10 02:00:00","CVP","Chinook Salmon","Clipped","Winter",NA,"LateFall","056812","CNFH","Production",2025-12-17,2025-12-17,1,"Battle Creek at CNFH","CDFW inseason spreadsheet",24,30,120,0.25,"Normal count",143,1,4,2.6,NA,NA,1977497,-4516
"2026-01-10 03:00:00","SWP","Chinook Salmon","Clipped","LateFall",NA,"LateFall","056811","CNFH","Production",2025-12-17,2025-12-17,1,"Battle Creek at CNFH","CDFW inseason spreadsheet",24,30,120,0.25,"Normal count",185,1,4,17.59,NA,NA,1977213,-4516
"2026-01-10 04:00:00","CVP","Chinook Salmon","Unclipped","Fall","Fall",NA,NA,NA,NA,NA,NA,NA,NA,NA,NA,30,120,0.25,"Normal count",35,1,4,2.33,"C260265CVP",0.55199999,1977674,-4516
"2026-01-10 04:00:00","CVP","Chinook Salmon","Unclipped","Fall",NA,NA,NA,NA,NA,NA,NA,NA,NA,NA,NA,30,120,0.25,"Normal count",35,3,12,6.98,NA,NA,1977674,-4516
"2026-01-10 04:00:00","CVP","Chinook Salmon","Unclipped","Fall","Fall",NA,NA,NA,NA,NA,NA,NA,NA,NA,NA,30,120,0.25,"Normal count",36,1,4,2.33,"C260260CVP",0.98199999,1977675,-4516
"2026-01-10 04:00:00","CVP","Chinook Salmon","Unclipped","Fall","Fall",NA,NA,NA,NA,NA,NA,NA,NA,NA,NA,30,120,0.25,"Normal count",36,1,4,2.33,"C260263CVP",0.97600001,1977675,-4516
"2026-01-10 04:00:00","CVP","Chinook Salmon","Unclipped","Fall","Fall",NA,NA,NA,NA,NA,NA,NA,NA,NA,NA,30,120,0.25,"Normal count",36,1,4,2.33,"C260268CVP",0.62599999,1977675,-4516
"2026-01-10 04:00:00","CVP","Chinook Salmon","Unclipped","Fall",NA,NA,NA,NA,NA,NA,NA,NA,NA,NA,NA,30,120,0.25,"Normal count",36,1,4,2.33,NA,NA,1977675,-4516
"2026-01-10 04:00:00","CVP","Chinook Salmon","Unclipped","Fall","Fall",NA,NA,NA,NA,NA,NA,NA,NA,NA,NA,30,120,0.25,"Normal count",37,1,4,2.33,"C260266CVP",0.43200001,1977676,-4516
"2026-01-10 04:00:00","CVP","Chinook Salmon","Unclipped","Fall","Fall",NA,NA,NA,NA,NA,NA,NA,NA,NA,NA,30,120,0.25,"Normal count",37,1,4,2.33,"C260262CVP",0.90399998,1977676,-4516
"2026-01-10 04:00:00","CVP","Chinook Salmon","Unclipped","Fall",NA,NA,NA,NA,NA,NA,NA,NA,NA,NA,NA,30,120,0.25,"Normal count",37,4,16,9.3,NA,NA,1977676,-4516
"2026-01-10 04:00:00","CVP","Chinook Salmon","Unclipped","Fall","Fall",NA,NA,NA,NA,NA,NA,NA,NA,NA,NA,30,120,0.25,"Normal count",37,1,4,2.33,"C260269CVP",0.97600001,1977676,-4516
"2026-01-10 04:00:00","CVP","Chinook Salmon","Unclipped","Fall","Fall",NA,NA,NA,NA,NA,NA,NA,NA,NA,NA,30,120,0.25,"Normal count",37,1,4,2.33,"C260267CVP",0.64700001,1977676,-4516
"2026-01-10 04:00:00","CVP","Chinook Salmon","Unclipped","Fall","Spring",NA,NA,NA,NA,NA,NA,NA,NA,NA,NA,30,120,0.25,"Normal count",37,1,4,2.33,"C260270CVP",1,1977676,-4516
"2026-01-10 04:00:00","CVP","Chinook Salmon","Unclipped","Fall","Fall",NA,NA,NA,NA,NA,NA,NA,NA,NA,NA,30,120,0.25,"Normal count",38,1,4,2.33,"C260271CVP",0.48199999,1977677,-4516
"2026-01-10 04:00:00","CVP","Chinook Salmon","Unclipped","Fall",NA,NA,NA,NA,NA,NA,NA,NA,NA,NA,NA,30,120,0.25,"Normal count",38,1,4,2.33,NA,NA,1977677,-4516
"2026-01-10 04:00:00","CVP","Chinook Salmon","Unclipped","Fall","Fall",NA,NA,NA,NA,NA,NA,NA,NA,NA,NA,30,120,0.25,"Normal count",40,1,4,2.33,"C260264CVP",0.92000002,1977678,-4516
"2026-01-10 04:00:00","CVP","Chinook Salmon","Unclipped","Fall","Spring",NA,NA,NA,NA,NA,NA,NA,NA,NA,NA,30,120,0.25,"Normal count",41,1,4,2.33,"C260261CVP",0.83999997,1977679,-4516
"2026-01-10 04:00:00","CVP","Chinook Salmon","Clipped","Winter",NA,"LateFall","056813","CNFH","Experimental",2025-12-22,2025-12-22,1,"Battle Creek at CNFH","CDFW inseason spreadsheet",19,30,120,0.25,"Normal count",157,1,4,2.6,NA,NA,1977680,-4516
"2026-01-10 06:00:00","CVP","Chinook Salmon","Unclipped","Fall","Spring",NA,NA,NA,NA,NA,NA,NA,NA,NA,NA,30,120,0.25,"Normal count",32,1,4,2.33,"C260280CVP",0.70599997,1977695,-4516
"2026-01-10 06:00:00","CVP","Chinook Salmon","Unclipped","Fall","Fall",NA,NA,NA,NA,NA,NA,NA,NA,NA,NA,30,120,0.25,"Normal count",35,1,4,2.33,"C260278CVP",0.97500002,1977696,-4516
"2026-01-10 06:00:00","CVP","Chinook Salmon","Unclipped","Fall","Fall",NA,NA,NA,NA,NA,NA,NA,NA,NA,NA,30,120,0.25,"Normal count",35,1,4,2.33,"C260274CVP",0.94099998,1977696,-4516
"2026-01-10 06:00:00","CVP","Chinook Salmon","Unclipped","Fall","Fall",NA,NA,NA,NA,NA,NA,NA,NA,NA,NA,30,120,0.25,"Normal count",35,1,4,2.33,"C260272CVP",0.94999999,1977696,-4516
"2026-01-10 06:00:00","CVP","Chinook Salmon","Unclipped","Fall","Fall",NA,NA,NA,NA,NA,NA,NA,NA,NA,NA,30,120,0.25,"Normal count",36,1,4,2.33,"C260277CVP",0.66299999,1977697,-4516
"2026-01-10 06:00:00","CVP","Chinook Salmon","Unclipped","Fall","Fall",NA,NA,NA,NA,NA,NA,NA,NA,NA,NA,30,120,0.25,"Normal count",37,1,4,2.33,"C260275CVP",0.82800001,1977698,-4516
"2026-01-10 06:00:00","CVP","Chinook Salmon","Unclipped","Fall","Fall",NA,NA,NA,NA,NA,NA,NA,NA,NA,NA,30,120,0.25,"Normal count",37,1,4,2.33,"C260273CVP",0.792,1977698,-4516
"2026-01-10 06:00:00","CVP","Chinook Salmon","Unclipped","Fall","Fall",NA,NA,NA,NA,NA,NA,NA,NA,NA,NA,30,120,0.25,"Normal count",38,1,4,2.33,"C260279CVP",0.71200001,1977699,-4516
"2026-01-10 06:00:00","CVP","Chinook Salmon","Unclipped","Fall","Fall",NA,NA,NA,NA,NA,NA,NA,NA,NA,NA,30,120,0.25,"Normal count",38,1,4,2.33,"C260276CVP",0.96700001,1977699,-4516
"2026-01-10 06:00:00","CVP","Chinook Salmon","Clipped","LateFall",NA,"LateFall","056813","CNFH","Experimental",2025-12-22,2025-12-22,1,"Battle Creek at CNFH","CDFW inseason spreadsheet",19,30,120,0.25,"Normal count",173,1,4,2.6,NA,NA,1977700,-4516
"2026-01-10 07:00:00","SWP","Chinook Salmon","Clipped","Winter",NA,"LateFall","056813","CNFH","Experimental",2025-12-22,2025-12-22,1,"Battle Creek at CNFH","CDFW inseason spreadsheet",19,30,120,0.25,"Normal count",130,1,4,17.64,NA,NA,1977167,-4516
"2026-01-10 08:00:00","CVP","Chinook Salmon","Unclipped","Fall","Fall",NA,NA,NA,NA,NA,NA,NA,NA,NA,NA,30,120,0.25,"Normal count",35,1,4,2.33,"C260285CVP",0.722,1977554,-4516
"2026-01-10 08:00:00","CVP","Chinook Salmon","Unclipped","Fall","Fall",NA,NA,NA,NA,NA,NA,NA,NA,NA,NA,30,120,0.25,"Normal count",35,1,4,2.33,"C260283CVP",0.99299997,1977554,-4516
"2026-01-10 08:00:00","CVP","Chinook Salmon","Unclipped","Fall","Fall",NA,NA,NA,NA,NA,NA,NA,NA,NA,NA,30,120,0.25,"Normal count",36,1,4,2.33,"C260282CVP",0.60399997,1977555,-4516
"2026-01-10 08:00:00","CVP","Chinook Salmon","Unclipped","Fall","Fall",NA,NA,NA,NA,NA,NA,NA,NA,NA,NA,30,120,0.25,"Normal count",36,1,4,2.33,"C260286CVP",0.70899999,1977555,-4516
"2026-01-10 08:00:00","CVP","Chinook Salmon","Unclipped","Fall","Spring",NA,NA,NA,NA,NA,NA,NA,NA,NA,NA,30,120,0.25,"Normal count",38,1,4,2.33,"C260281CVP",0.99599999,1977556,-4516
"2026-01-10 08:00:00","CVP","Chinook Salmon","Unclipped","Fall","Fall",NA,NA,NA,NA,NA,NA,NA,NA,NA,NA,30,120,0.25,"Normal count",39,1,4,2.33,"C260284CVP",0.47099999,1977557,-4516
"2026-01-10 12:00:00","CVP","Chinook Salmon","Unclipped","Fall","Fall",NA,NA,NA,NA,NA,NA,NA,NA,NA,NA,30,120,0.25,"Normal count",34,1,4,2.33,"C260287CVP",0.85600001,1977536,-4516
"2026-01-10 12:00:00","CVP","Chinook Salmon","Unclipped","Fall","Fall",NA,NA,NA,NA,NA,NA,NA,NA,NA,NA,30,120,0.25,"Normal count",36,1,4,2.33,"C260288CVP",0.884,1977537,-4516
"2026-01-10 13:00:00","SWP","Chinook Salmon","Unclipped","Fall","Fall",NA,NA,NA,NA,NA,NA,NA,NA,NA,NA,30,120,0.25,"Normal count",38,1,4,16.6,"C260246SWP",0.84100002,1977239,-4516
"2026-01-10 16:00:00","CVP","Chinook Salmon","Unclipped","Fall","Fall",NA,NA,NA,NA,NA,NA,NA,NA,NA,NA,30,120,0.25,"Normal count",36,1,4,2.33,"C260289CVP",0.68699998,1977684,-4516
"2026-01-10 18:00:00","CVP","Chinook Salmon","Unclipped","Fall","Fall",NA,NA,NA,NA,NA,NA,NA,NA,NA,NA,30,120,0.25,"Normal count",36,1,4,2.33,"C260291CVP",0.542,1977644,-4516
"2026-01-10 18:00:00","CVP","Chinook Salmon","Unclipped","Fall","Fall",NA,NA,NA,NA,NA,NA,NA,NA,NA,NA,30,120,0.25,"Normal count",36,1,4,2.33,"C260290CVP",0.98900002,1977644,-4516
"2026-01-10 18:00:00","CVP","Chinook Salmon","Clipped","Winter",NA,NA,"100000",NA,NA,NA,NA,NA,NA,NA,NA,30,120,0.25,"Normal count",163,1,4,2.6,NA,NA,1977645,-4516
"2026-01-10 20:00:00","CVP","Chinook Salmon","Unclipped","Fall","Fall",NA,NA,NA,NA,NA,NA,NA,NA,NA,NA,30,120,0.25,"Normal count",34,1,4,2.33,"C260292CVP",0.46799999,1977713,-4516
"2026-01-10 20:00:00","CVP","Chinook Salmon","Unclipped","Fall","Fall",NA,NA,NA,NA,NA,NA,NA,NA,NA,NA,30,120,0.25,"Normal count",35,1,4,2.33,"C260296CVP",0.34900001,1977714,-4516
"2026-01-10 20:00:00","CVP","Chinook Salmon","Unclipped","Fall","Fall",NA,NA,NA,NA,NA,NA,NA,NA,NA,NA,30,120,0.25,"Normal count",36,1,4,2.33,"C260293CVP",0.95899999,1977715,-4516
"2026-01-10 20:00:00","CVP","Chinook Salmon","Unclipped","Fall","Fall",NA,NA,NA,NA,NA,NA,NA,NA,NA,NA,30,120,0.25,"Normal count",36,1,4,2.33,"C260294CVP",0.81199998,1977715,-4516
"2026-01-10 20:00:00","CVP","Chinook Salmon","Unclipped","Fall","Fall",NA,NA,NA,NA,NA,NA,NA,NA,NA,NA,30,120,0.25,"Normal count",36,1,4,2.33,"C260299CVP",0.96200001,1977715,-4516
"2026-01-10 20:00:00","CVP","Chinook Salmon","Unclipped","Fall","Fall",NA,NA,NA,NA,NA,NA,NA,NA,NA,NA,30,120,0.25,"Normal count",36,1,4,2.33,"C260297CVP",0.472,1977715,-4516
"2026-01-10 20:00:00","CVP","Chinook Salmon","Unclipped","Fall","Fall",NA,NA,NA,NA,NA,NA,NA,NA,NA,NA,30,120,0.25,"Normal count",36,1,4,2.33,"C260298CVP",0.63599998,1977715,-4516
"2026-01-10 20:00:00","CVP","Chinook Salmon","Unclipped","Fall","Fall",NA,NA,NA,NA,NA,NA,NA,NA,NA,NA,30,120,0.25,"Normal count",37,1,4,2.33,"C260295CVP",0.58700001,1977716,-4516
"2026-01-10 22:00:00","CVP","Chinook Salmon","Unclipped","Fall","Fall",NA,NA,NA,NA,NA,NA,NA,NA,NA,NA,30,120,0.25,"Normal count",35,1,4,2.33,"C260303CVP",0.86199999,1977513,-4516
"2026-01-10 22:00:00","CVP","Chinook Salmon","Unclipped","Fall","Fall",NA,NA,NA,NA,NA,NA,NA,NA,NA,NA,30,120,0.25,"Normal count",36,1,4,2.33,"C260300CVP",0.82300001,1977514,-4516
"2026-01-10 22:00:00","CVP","Chinook Salmon","Unclipped","Fall","Fall",NA,NA,NA,NA,NA,NA,NA,NA,NA,NA,30,120,0.25,"Normal count",37,1,4,2.33,"C260301CVP",0.99400002,1977515,-4516
"2026-01-10 22:00:00","CVP","Chinook Salmon","Unclipped","Fall","Fall",NA,NA,NA,NA,NA,NA,NA,NA,NA,NA,30,120,0.25,"Normal count",37,1,4,2.33,"C260302CVP",0.72100002,1977515,-4516
"2026-01-10 23:59:00","CVP","Chinook Salmon","Unclipped","Fall","Fall",NA,NA,NA,NA,NA,NA,NA,NA,NA,NA,30,120,0.25,"Normal count",35,1,4,2.33,"C260309CVP",0.56800002,1977608,-4516
"2026-01-10 23:59:00","CVP","Chinook Salmon","Unclipped","Fall","Fall",NA,NA,NA,NA,NA,NA,NA,NA,NA,NA,30,120,0.25,"Normal count",36,1,4,2.33,"C260304CVP",0.62400001,1977609,-4516
"2026-01-10 23:59:00","CVP","Chinook Salmon","Unclipped","Fall","Fall",NA,NA,NA,NA,NA,NA,NA,NA,NA,NA,30,120,0.25,"Normal count",37,1,4,2.33,"C260308CVP",0.73500001,1977610,-4516
"2026-01-10 23:59:00","CVP","Chinook Salmon","Unclipped","Fall","Fall",NA,NA,NA,NA,NA,NA,NA,NA,NA,NA,30,120,0.25,"Normal count",37,1,4,2.33,"C260305CVP",0.71100003,1977610,-4516
"2026-01-10 23:59:00","CVP","Chinook Salmon","Unclipped","Fall","Fall",NA,NA,NA,NA,NA,NA,NA,NA,NA,NA,30,120,0.25,"Normal count",37,1,4,2.33,"C260306CVP",0.49200001,1977610,-4516
"2026-01-10 23:59:00","CVP","Chinook Salmon","Unclipped","Fall","Fall",NA,NA,NA,NA,NA,NA,NA,NA,NA,NA,30,120,0.25,"Normal count",37,1,4,2.33,"C260310CVP",0.55699998,1977610,-4516
"2026-01-10 23:59:00","CVP","Chinook Salmon","Unclipped","Fall","Fall",NA,NA,NA,NA,NA,NA,NA,NA,NA,NA,30,120,0.25,"Normal count",37,1,4,2.33,"C260311CVP",0.58700001,1977610,-4516
"2026-01-10 23:59:00","CVP","Chinook Salmon","Unclipped","Spring","Spring",NA,NA,NA,NA,NA,NA,NA,NA,NA,NA,30,120,0.25,"Normal count",43,1,4,2.33,"C260307CVP",0.76700002,1977611,-4516
"2026-01-10 23:59:00","CVP","Chinook Salmon","Clipped","LateFall",NA,"LateFall","056815","CNFH","Production",2025-12-17,2025-12-17,1,"Battle Creek at CNFH","CDFW inseason spreadsheet",24,30,120,0.25,"Normal count",185,1,4,2.6,NA,NA,1977612,-4516
"2026-01-11 02:00:00","CVP","Chinook Salmon","Unclipped","Fall","Fall",NA,NA,NA,NA,NA,NA,NA,NA,NA,NA,30,120,0.25,"Normal count",36,1,4,2.33,"C260312CVP",0.81699997,1977806,-4505
"2026-01-11 04:00:00","CVP","Chinook Salmon","Unclipped","Fall","Fall",NA,NA,NA,NA,NA,NA,NA,NA,NA,NA,30,120,0.25,"Normal count",34,1,4,2.33,"C260313CVP",0.667,1977807,-4505
"2026-01-11 04:00:00","CVP","Chinook Salmon","Unclipped","Fall","Fall",NA,NA,NA,NA,NA,NA,NA,NA,NA,NA,30,120,0.25,"Normal count",35,1,4,2.33,"C260317CVP",0.94800001,1977808,-4505
"2026-01-11 04:00:00","CVP","Chinook Salmon","Unclipped","Fall","Fall",NA,NA,NA,NA,NA,NA,NA,NA,NA,NA,30,120,0.25,"Normal count",36,1,4,2.33,"C260315CVP",0.76700002,1977809,-4505
"2026-01-11 04:00:00","CVP","Chinook Salmon","Unclipped","Fall","Fall",NA,NA,NA,NA,NA,NA,NA,NA,NA,NA,30,120,0.25,"Normal count",36,1,4,2.33,"C260314CVP",0.96399999,1977809,-4505
"2026-01-11 04:00:00","CVP","Chinook Salmon","Unclipped","Fall","Fall",NA,NA,NA,NA,NA,NA,NA,NA,NA,NA,30,120,0.25,"Normal count",37,1,4,2.33,"C260318CVP",0.96499997,1977810,-4505
"2026-01-11 04:00:00","CVP","Chinook Salmon","Unclipped","Fall","Fall",NA,NA,NA,NA,NA,NA,NA,NA,NA,NA,30,120,0.25,"Normal count",38,1,4,2.33,"C260316CVP",0.79900002,1977811,-4505
"2026-01-11 04:00:00","CVP","Chinook Salmon","Clipped","Winter",NA,"LateFall","056813","CNFH","Experimental",2025-12-22,2025-12-22,1,"Battle Creek at CNFH","CDFW inseason spreadsheet",20,30,120,0.25,"Normal count",133,1,4,2.6,NA,NA,1977812,-4505
"2026-01-11 06:00:00","CVP","Chinook Salmon","Unclipped","Fall","Fall",NA,NA,NA,NA,NA,NA,NA,NA,NA,NA,30,120,0.25,"Normal count",34,1,4,2.33,"C260319CVP",0.99599999,1977774,-4505
"2026-01-11 06:00:00","CVP","Chinook Salmon","Unclipped","Fall","Fall",NA,NA,NA,NA,NA,NA,NA,NA,NA,NA,30,120,0.25,"Normal count",35,1,4,2.33,"C260321CVP",0.92500001,1977775,-4505
"2026-01-11 06:00:00","CVP","Chinook Salmon","Unclipped","Fall","Fall",NA,NA,NA,NA,NA,NA,NA,NA,NA,NA,30,120,0.25,"Normal count",36,1,4,2.33,"C260320CVP",0.85500002,1977776,-4505
"2026-01-11 08:00:00","CVP","Chinook Salmon","Unclipped","Fall","Fall",NA,NA,NA,NA,NA,NA,NA,NA,NA,NA,30,120,0.25,"Normal count",36,1,4,2.33,"C260325CVP",0.96600002,1977794,-4505
"2026-01-11 08:00:00","CVP","Chinook Salmon","Unclipped","Fall","Fall",NA,NA,NA,NA,NA,NA,NA,NA,NA,NA,30,120,0.25,"Normal count",36,1,4,2.33,"C260323CVP",0.80000001,1977794,-4505
"2026-01-11 08:00:00","CVP","Chinook Salmon","Unclipped","Fall","Fall",NA,NA,NA,NA,NA,NA,NA,NA,NA,NA,30,120,0.25,"Normal count",36,1,4,2.33,"C260322CVP",0.523,1977794,-4505
"2026-01-11 08:00:00","CVP","Chinook Salmon","Unclipped","Fall","Fall",NA,NA,NA,NA,NA,NA,NA,NA,NA,NA,30,120,0.25,"Normal count",37,1,4,2.33,"C260324CVP",0.96399999,1977795,-4505
"2026-01-11 08:00:00","CVP","Chinook Salmon","Unclipped","Fall","Fall",NA,NA,NA,NA,NA,NA,NA,NA,NA,NA,30,120,0.25,"Normal count",38,1,4,2.33,"C260327CVP",0.79900002,1977796,-4505
"2026-01-11 08:00:00","CVP","Chinook Salmon","Unclipped","Fall","Fall",NA,NA,NA,NA,NA,NA,NA,NA,NA,NA,30,120,0.25,"Normal count",38,1,4,2.33,"C260326CVP",0.98199999,1977796,-4505
"2026-01-11 08:00:00","CVP","Chinook Salmon","Clipped","Winter",NA,"LateFall","056811","CNFH","Production",2025-12-17,2025-12-17,1,"Battle Creek at CNFH","CDFW inseason spreadsheet",25,30,120,0.25,"Normal count",168,1,4,2.6,NA,NA,1977797,-4505
"2026-01-11 09:00:00","SWP","Chinook Salmon","Clipped","Winter",NA,"LateFall","056812","CNFH","Production",2025-12-17,2025-12-17,1,"Battle Creek at CNFH","CDFW inseason spreadsheet",25,30,120,0.25,"Normal count",161,1,4,17.69,NA,NA,1977196,-4505
"2026-01-11 18:00:00","CVP","Chinook Salmon","Clipped","Winter",NA,"LateFall","056812","CNFH","Production",2025-12-17,2025-12-17,1,"Battle Creek at CNFH","CDFW inseason spreadsheet",25,30,120,0.25,"Normal count",140,1,4,2.6,NA,NA,1977802,-4505
"2026-01-11 18:00:00","CVP","Chinook Salmon","Clipped","Winter",NA,"LateFall","056812","CNFH","Production",2025-12-17,2025-12-17,1,"Battle Creek at CNFH","CDFW inseason spreadsheet",25,30,120,0.25,"Normal count",159,1,4,2.6,NA,NA,1977803,-4505
"2026-01-11 18:00:00","CVP","Chinook Salmon","Clipped","LateFall",NA,"LateFall","056812","CNFH","Production",2025-12-17,2025-12-17,1,"Battle Creek at CNFH","CDFW inseason spreadsheet",25,30,120,0.25,"Normal count",171,1,4,2.6,NA,NA,1977804,-4505
"2026-01-11 18:00:00","CVP","Chinook Salmon","Clipped","LateFall",NA,"LateFall","056815","CNFH","Production",2025-12-17,2025-12-17,1,"Battle Creek at CNFH","CDFW inseason spreadsheet",25,30,120,0.25,"Normal count",175,1,4,2.6,NA,NA,1977805,-4505
"2026-01-11 20:00:00","CVP","Chinook Salmon","Clipped","Winter",NA,"LateFall","056806","CNFH","Production",2025-12-17,2025-12-17,1,"Battle Creek at CNFH","CDFW inseason spreadsheet",25,30,120,0.25,"Normal count",155,1,4,2.6,NA,NA,1977813,-4505
"2026-01-11 22:00:00","CVP","Chinook Salmon","Unclipped","Fall","Fall",NA,NA,NA,NA,NA,NA,NA,NA,NA,NA,30,120,0.25,"Normal count",36,1,4,2.33,"C260330CVP",0.81400001,1977758,-4505
"2026-01-11 22:00:00","CVP","Chinook Salmon","Unclipped","Fall","Fall",NA,NA,NA,NA,NA,NA,NA,NA,NA,NA,30,120,0.25,"Normal count",37,1,4,2.33,"C260331CVP",0.43799999,1977759,-4505
"2026-01-11 22:00:00","CVP","Chinook Salmon","Unclipped","Fall","Fall",NA,NA,NA,NA,NA,NA,NA,NA,NA,NA,30,120,0.25,"Normal count",37,1,4,2.33,"C260328CVP",0.903,1977759,-4505
"2026-01-11 22:00:00","CVP","Chinook Salmon","Unclipped","Fall","Fall",NA,NA,NA,NA,NA,NA,NA,NA,NA,NA,30,120,0.25,"Normal count",38,1,4,2.33,"C260329CVP",0.91399997,1977760,-4505
"2026-01-11 23:59:00","CVP","Chinook Salmon","Unclipped","Fall","Fall",NA,NA,NA,NA,NA,NA,NA,NA,NA,NA,30,120,0.25,"Normal count",36,1,4,2.36,"C260334CVP",0.454,1977743,-4505
"2026-01-11 23:59:00","CVP","Chinook Salmon","Unclipped","Fall","Fall",NA,NA,NA,NA,NA,NA,NA,NA,NA,NA,30,120,0.25,"Normal count",37,1,4,2.36,"C260335CVP",0.986,1977744,-4505
"2026-01-11 23:59:00","CVP","Chinook Salmon","Unclipped","Fall","Fall",NA,NA,NA,NA,NA,NA,NA,NA,NA,NA,30,120,0.25,"Normal count",37,1,4,2.36,"C260333CVP",0.96100003,1977744,-4505
"2026-01-11 23:59:00","CVP","Chinook Salmon","Unclipped","Fall","Spring",NA,NA,NA,NA,NA,NA,NA,NA,NA,NA,30,120,0.25,"Normal count",41,1,4,2.36,"C260332CVP",0.81800002,1977745,-4505
"2026-01-11 23:59:00","CVP","Chinook Salmon","Clipped","LateFall",NA,"LateFall","056817","CNFH","Production",2025-12-17,2025-12-17,1,"Battle Creek at CNFH","CDFW inseason spreadsheet",25,30,120,0.25,"Normal count",182,1,4,2.65,NA,NA,1977746,-4505
"2026-01-12 02:00:00","CVP","Chinook Salmon","Unclipped","Fall","Fall",NA,NA,NA,NA,NA,NA,NA,NA,NA,NA,30,120,0.25,"Normal count",37,1,4,2.33,"C260336CVP",0.98400003,1977928,-4582
"2026-01-12 04:00:00","CVP","Chinook Salmon","Unclipped","Fall","Fall",NA,NA,NA,NA,NA,NA,NA,NA,NA,NA,30,120,0.25,"Normal count",36,1,4,2.33,"C260337CVP",0.96700001,1977893,-4582
"2026-01-12 06:00:00","CVP","Chinook Salmon","Unclipped","Fall","Fall",NA,NA,NA,NA,NA,NA,NA,NA,NA,NA,30,120,0.25,"Normal count",36,1,4,2.33,"C260338CVP",0.98900002,1977939,-4582
"2026-01-12 06:00:00","CVP","Chinook Salmon","Unclipped","Fall","Spring",NA,NA,NA,NA,NA,NA,NA,NA,NA,NA,30,120,0.25,"Normal count",41,1,4,2.33,"C260339CVP",0.88700002,1977940,-4582
"2026-01-12 18:00:00","CVP","Chinook Salmon","Clipped","Winter",NA,"LateFall","056817","CNFH","Production",2025-12-17,2025-12-17,1,"Battle Creek at CNFH","CDFW inseason spreadsheet",26,30,120,0.25,"Normal count",155,1,4,2.6,NA,NA,1977896,-4582
"2026-01-12 20:00:00","CVP","Chinook Salmon","Unclipped","Fall","Fall",NA,NA,NA,NA,NA,NA,NA,NA,NA,NA,30,120,0.25,"Normal count",36,1,4,2.33,"C260340CVP",0.96899998,1977951,-4582
"2026-01-12 20:00:00","CVP","Chinook Salmon","Clipped","Winter",NA,"LateFall","056814","CNFH","Production",2025-12-17,2025-12-17,1,"Battle Creek at CNFH","CDFW inseason spreadsheet",26,30,120,0.25,"Normal count",139,1,4,2.6,NA,NA,1977952,-4582
"2026-01-12 23:59:00","CVP","Chinook Salmon","Unclipped","Fall","Fall",NA,NA,NA,NA,NA,NA,NA,NA,NA,NA,30,120,0.25,"Normal count",36,1,4,2.33,"C260341CVP",0.55299997,1977879,-4582
"2026-01-12 23:59:00","CVP","Chinook Salmon","Unclipped","Fall","Fall",NA,NA,NA,NA,NA,NA,NA,NA,NA,NA,30,120,0.25,"Normal count",38,1,4,2.33,"C260342CVP",0.514,1977880,-4582
"2026-01-13 04:00:00","CVP","Chinook Salmon","Clipped","Winter",NA,"LateFall","056817","CNFH","Production",2025-12-17,2025-12-17,1,"Battle Creek at CNFH","CDFW inseason spreadsheet",27,30,120,0.25,"Normal count",152,1,4,2.88,NA,NA,1978013,-4570
"2026-01-13 16:30:00","SWP","Chinook Salmon","Clipped","Winter",NA,"LateFall","056817","CNFH","Production",2025-12-17,2025-12-17,1,"Battle Creek at CNFH","CDFW inseason spreadsheet",27,NA,NA,NA,"Second flush",120,1,1,4.33,NA,NA,1978005,-4570
"2026-01-13 16:30:00","SWP","Chinook Salmon","Clipped","Winter",NA,"LateFall","056813","CNFH","Experimental",2025-12-22,2025-12-22,1,"Battle Creek at CNFH","CDFW inseason spreadsheet",22,NA,NA,NA,"Second flush",123,1,1,4.33,NA,NA,1977953,-4570
"2026-01-13 16:30:00","SWP","Chinook Salmon","Clipped","Winter",NA,"LateFall","053700","CNFH","Production",2025-12-17,2025-12-17,1,"Battle Creek at CNFH","CDFW inseason spreadsheet",27,NA,NA,NA,"Second flush",142,1,1,4.33,NA,NA,1977959,-4570
"2026-01-13 16:30:00","SWP","Chinook Salmon","Clipped","Winter",NA,"LateFall","056812","CNFH","Production",2025-12-17,2025-12-17,1,"Battle Creek at CNFH","CDFW inseason spreadsheet",27,NA,NA,NA,"Second flush",144,1,1,4.33,NA,NA,1977960,-4570
"2026-01-13 16:30:00","SWP","Chinook Salmon","Clipped","Winter",NA,"LateFall","056806","CNFH","Production",2025-12-17,2025-12-17,1,"Battle Creek at CNFH","CDFW inseason spreadsheet",27,NA,NA,NA,"Second flush",148,1,1,4.33,NA,NA,1977961,-4570
"2026-01-13 16:30:00","SWP","Chinook Salmon","Clipped","Winter",NA,"LateFall","053700","CNFH","Production",2025-12-17,2025-12-17,1,"Battle Creek at CNFH","CDFW inseason spreadsheet",27,NA,NA,NA,"Second flush",153,1,1,4.33,NA,NA,1977962,-4570
"2026-01-13 16:30:00","SWP","Chinook Salmon","Clipped","Winter",NA,"LateFall","056806","CNFH","Production",2025-12-17,2025-12-17,1,"Battle Creek at CNFH","CDFW inseason spreadsheet",27,NA,NA,NA,"Second flush",154,1,1,4.33,NA,NA,1977963,-4570
"2026-01-13 16:30:00","SWP","Chinook Salmon","Clipped","Winter",NA,"LateFall","056806","CNFH","Production",2025-12-17,2025-12-17,1,"Battle Creek at CNFH","CDFW inseason spreadsheet",27,NA,NA,NA,"Second flush",154,1,1,4.33,NA,NA,1977963,-4570
"2026-01-13 16:30:00","SWP","Chinook Salmon","Clipped","Winter",NA,"LateFall","056806","CNFH","Production",2025-12-17,2025-12-17,1,"Battle Creek at CNFH","CDFW inseason spreadsheet",27,NA,NA,NA,"Second flush",154,1,1,4.33,NA,NA,1977963,-4570
"2026-01-13 16:30:00","SWP","Chinook Salmon","Clipped","Winter",NA,"LateFall","056806","CNFH","Production",2025-12-17,2025-12-17,1,"Battle Creek at CNFH","CDFW inseason spreadsheet",27,NA,NA,NA,"Second flush",154,1,1,4.33,NA,NA,1977963,-4570
"2026-01-13 16:30:00","SWP","Chinook Salmon","Clipped","Winter",NA,"LateFall","056806","CNFH","Production",2025-12-17,2025-12-17,1,"Battle Creek at CNFH","CDFW inseason spreadsheet",27,NA,NA,NA,"Second flush",155,1,1,4.33,NA,NA,1977965,-4570
"2026-01-13 16:30:00","SWP","Chinook Salmon","Clipped","Winter",NA,"LateFall","056813","CNFH","Experimental",2025-12-22,2025-12-22,1,"Battle Creek at CNFH","CDFW inseason spreadsheet",22,NA,NA,NA,"Second flush",163,1,1,4.33,NA,NA,1977967,-4570
"2026-01-13 16:30:00","SWP","Chinook Salmon","Clipped","Winter",NA,"LateFall","056814","CNFH","Production",2025-12-17,2025-12-17,1,"Battle Creek at CNFH","CDFW inseason spreadsheet",27,NA,NA,NA,"Second flush",167,1,1,4.33,NA,NA,1977968,-4570
"2026-01-13 16:30:00","SWP","Chinook Salmon","Clipped","Winter",NA,"LateFall","056814","CNFH","Production",2025-12-17,2025-12-17,1,"Battle Creek at CNFH","CDFW inseason spreadsheet",27,NA,NA,NA,"Second flush",169,1,1,4.33,NA,NA,1977969,-4570
"2026-01-13 16:30:00","SWP","Chinook Salmon","Clipped","Winter",NA,"LateFall","056812","CNFH","Production",2025-12-17,2025-12-17,1,"Battle Creek at CNFH","CDFW inseason spreadsheet",27,NA,NA,NA,"Second flush",170,1,1,4.33,NA,NA,1977970,-4570
"2026-01-13 16:30:00","SWP","Chinook Salmon","Clipped","Winter",NA,"LateFall","056814","CNFH","Production",2025-12-17,2025-12-17,1,"Battle Creek at CNFH","CDFW inseason spreadsheet",27,NA,NA,NA,"Second flush",170,1,1,4.33,NA,NA,1977970,-4570
"2026-01-13 16:30:00","SWP","Chinook Salmon","Clipped","Winter",NA,"LateFall","056812","CNFH","Production",2025-12-17,2025-12-17,1,"Battle Creek at CNFH","CDFW inseason spreadsheet",27,NA,NA,NA,"Second flush",170,1,1,4.33,NA,NA,1977970,-4570
"2026-01-13 16:30:00","SWP","Chinook Salmon","Clipped","Winter",NA,"LateFall","056814","CNFH","Production",2025-12-17,2025-12-17,1,"Battle Creek at CNFH","CDFW inseason spreadsheet",27,NA,NA,NA,"Second flush",170,1,1,4.33,NA,NA,1977970,-4570
"2026-01-13 16:30:00","SWP","Chinook Salmon","Clipped","LateFall",NA,"LateFall","056815","CNFH","Production",2025-12-17,2025-12-17,1,"Battle Creek at CNFH","CDFW inseason spreadsheet",27,NA,NA,NA,"Second flush",172,1,1,4.33,NA,NA,1977971,-4570
"2026-01-13 16:30:00","SWP","Chinook Salmon","Clipped","LateFall",NA,"LateFall","056806","CNFH","Production",2025-12-17,2025-12-17,1,"Battle Creek at CNFH","CDFW inseason spreadsheet",27,NA,NA,NA,"Second flush",178,1,1,4.33,NA,NA,1977972,-4570
"2026-01-13 16:30:00","SWP","Chinook Salmon","Clipped","LateFall",NA,"LateFall","056812","CNFH","Production",2025-12-17,2025-12-17,1,"Battle Creek at CNFH","CDFW inseason spreadsheet",27,NA,NA,NA,"Second flush",178,1,1,4.33,NA,NA,1977972,-4570
"2026-01-13 16:30:00","SWP","Chinook Salmon","Clipped","LateFall",NA,"LateFall","056806","CNFH","Production",2025-12-17,2025-12-17,1,"Battle Creek at CNFH","CDFW inseason spreadsheet",27,NA,NA,NA,"Second flush",178,1,1,4.33,NA,NA,1977972,-4570
"2026-01-13 16:30:00","SWP","Chinook Salmon","Clipped","LateFall",NA,"LateFall","056812","CNFH","Production",2025-12-17,2025-12-17,1,"Battle Creek at CNFH","CDFW inseason spreadsheet",27,NA,NA,NA,"Second flush",178,1,1,4.33,NA,NA,1977972,-4570
"2026-01-13 16:30:00","SWP","Chinook Salmon","Clipped","LateFall",NA,"LateFall","056813","CNFH","Experimental",2025-12-22,2025-12-22,1,"Battle Creek at CNFH","CDFW inseason spreadsheet",22,NA,NA,NA,"Second flush",179,1,1,4.33,NA,NA,1977973,-4570
"2026-01-13 16:30:00","SWP","Chinook Salmon","Clipped","LateFall",NA,"LateFall","056814","CNFH","Production",2025-12-17,2025-12-17,1,"Battle Creek at CNFH","CDFW inseason spreadsheet",27,NA,NA,NA,"Second flush",183,1,1,4.33,NA,NA,1977976,-4570
"2026-01-13 16:30:00","SWP","Chinook Salmon","Clipped","LateFall",NA,"LateFall","056813","CNFH","Experimental",2025-12-22,2025-12-22,1,"Battle Creek at CNFH","CDFW inseason spreadsheet",22,NA,NA,NA,"Second flush",185,1,1,4.33,NA,NA,1977978,-4570
"2026-01-13 16:30:00","SWP","Chinook Salmon","Clipped","LateFall",NA,"Spring","062199","SCARF","Production",2025-12-08,2025-12-09,2,"SAN JOAQ R GRT VAL GR 140","RMIS",35,NA,NA,NA,"Second flush",185,1,1,4.33,NA,NA,1977978,-4570
"2026-01-13 16:30:00","SWP","Chinook Salmon","Clipped","LateFall",NA,"Spring","062199","SCARF","Production",2025-12-08,2025-12-09,2,"SAN JOAQ R GRT VAL GR 140","RMIS",35,NA,NA,NA,"Second flush",185,1,1,4.33,NA,NA,1977978,-4570
"2026-01-13 16:30:00","SWP","Chinook Salmon","Clipped","LateFall",NA,"LateFall","056813","CNFH","Experimental",2025-12-22,2025-12-22,1,"Battle Creek at CNFH","CDFW inseason spreadsheet",22,NA,NA,NA,"Second flush",185,1,1,4.33,NA,NA,1977978,-4570
"2026-01-13 16:30:00","SWP","Chinook Salmon","Clipped","LateFall",NA,"Spring","062199","SCARF","SJRRP",2025-12-08,2025-12-09,2,"San Joaquin River at Highway 140","CDFW inseason spreadsheet",35,NA,NA,NA,"Second flush",185,1,1,4.33,NA,NA,1977978,-4570
"2026-01-13 16:30:00","SWP","Chinook Salmon","Clipped","LateFall",NA,"Spring","062199","SCARF","SJRRP",2025-12-08,2025-12-09,2,"San Joaquin River at Highway 140","CDFW inseason spreadsheet",35,NA,NA,NA,"Second flush",185,1,1,4.33,NA,NA,1977978,-4570
"2026-01-13 16:30:00","SWP","Chinook Salmon","Clipped","LateFall",NA,"LateFall","056811","CNFH","Production",2025-12-17,2025-12-17,1,"Battle Creek at CNFH","CDFW inseason spreadsheet",27,NA,NA,NA,"Second flush",187,1,1,4.33,NA,NA,1977979,-4570
"2026-01-13 16:30:00","SWP","Chinook Salmon","Clipped","LateFall",NA,"LateFall","056813","CNFH","Experimental",2025-12-22,2025-12-22,1,"Battle Creek at CNFH","CDFW inseason spreadsheet",22,NA,NA,NA,"Second flush",190,1,1,4.33,NA,NA,1977980,-4570
"2026-01-13 16:30:00","SWP","Chinook Salmon","Clipped","LateFall",NA,"LateFall","056806","CNFH","Production",2025-12-17,2025-12-17,1,"Battle Creek at CNFH","CDFW inseason spreadsheet",27,NA,NA,NA,"Second flush",192,1,1,4.33,NA,NA,1977981,-4570
"2026-01-13 16:30:00","SWP","Chinook Salmon","Clipped","LateFall",NA,"LateFall","056813","CNFH","Experimental",2025-12-22,2025-12-22,1,"Battle Creek at CNFH","CDFW inseason spreadsheet",22,NA,NA,NA,"Second flush",194,1,1,4.33,NA,NA,1977982,-4570
"2026-01-13 16:30:00","SWP","Chinook Salmon","Clipped","LateFall",NA,"LateFall","056817","CNFH","Production",2025-12-17,2025-12-17,1,"Battle Creek at CNFH","CDFW inseason spreadsheet",27,NA,NA,NA,"Second flush",195,1,1,4.33,NA,NA,1977984,-4570
"2026-01-13 16:30:00","SWP","Chinook Salmon","Clipped","LateFall",NA,"LateFall","056814","CNFH","Production",2025-12-17,2025-12-17,1,"Battle Creek at CNFH","CDFW inseason spreadsheet",27,NA,NA,NA,"Second flush",199,1,1,4.33,NA,NA,1977986,-4570
"2026-01-13 18:00:00","CVP","Chinook Salmon","Unclipped","Fall","Fall",NA,NA,NA,NA,NA,NA,NA,NA,NA,NA,30,120,0.25,"Normal count",36,1,4,2.54,"C260343CVP",0.41299999,1978047,-4570
"2026-01-13 23:00:00","SWP","Chinook Salmon","Unclipped","Fall","Fall",NA,NA,NA,NA,NA,NA,NA,NA,NA,NA,30,60,0.5,"Normal count",36,1,2,8.23,"C260006SWP",0.83700001,1977997,-4570
"2026-01-13 23:00:00","SWP","Chinook Salmon","Unclipped","Fall","Fall",NA,NA,NA,NA,NA,NA,NA,NA,NA,NA,30,60,0.5,"Normal count",37,1,2,8.23,"C260004SWP",0.77700001,1977999,-4570
"2026-01-13 23:00:00","SWP","Chinook Salmon","Unclipped","Fall","Fall",NA,NA,NA,NA,NA,NA,NA,NA,NA,NA,30,60,0.5,"Normal count",42,1,2,8.23,"C260005SWP",0.875,1978003,-4570
"2026-01-13 23:59:00","CVP","Chinook Salmon","Unclipped","Fall","Fall",NA,NA,NA,NA,NA,NA,NA,NA,NA,NA,30,120,0.25,"Normal count",36,1,4,2.54,"C260345CVP",0.86400002,1978016,-4570
"2026-01-13 23:59:00","CVP","Chinook Salmon","Unclipped","Fall","Fall",NA,NA,NA,NA,NA,NA,NA,NA,NA,NA,30,120,0.25,"Normal count",40,1,4,2.54,"C260344CVP",0.412,1978017,-4570
"2026-01-14 02:00:00","CVP","Chinook Salmon","Unclipped","Fall","Fall",NA,NA,NA,NA,NA,NA,NA,NA,NA,NA,30,120,0.25,"Normal count",37,1,4,2.54,"C260346CVP",0.79299998,1978227,-4557
"2026-01-14 09:00:00","SWP","Chinook Salmon","Clipped","Winter",NA,"LateFall","056812","CNFH","Production",2025-12-17,2025-12-17,1,"Battle Creek at CNFH","CDFW inseason spreadsheet",28,30,120,0.25,"Normal count",168,1,4,17.64,NA,NA,1978104,-4557
"2026-01-14 20:00:00","CVP","Chinook Salmon","Unclipped","Fall","Spring",NA,NA,NA,NA,NA,NA,NA,NA,NA,NA,30,120,0.25,"Normal count",41,1,4,2.54,"C260347CVP",0.55599999,1978180,-4557
"2026-01-15 02:00:00","CVP","Chinook Salmon","Unclipped","Fall","Fall",NA,NA,NA,NA,NA,NA,NA,NA,NA,NA,30,120,0.25,"Normal count",37,1,4,2.54,"C260349CVP",0.55699998,1978316,-4544
"2026-01-15 02:00:00","CVP","Chinook Salmon","Unclipped","Fall","Fall",NA,NA,NA,NA,NA,NA,NA,NA,NA,NA,30,120,0.25,"Normal count",37,1,4,2.54,"C260348CVP",0.66600001,1978316,-4544
"2026-01-15 04:00:00","CVP","Chinook Salmon","Unclipped","Fall","Fall",NA,NA,NA,NA,NA,NA,NA,NA,NA,NA,30,120,0.25,"Normal count",37,1,4,2.54,"C260351CVP",0.77499998,1978314,-4544
"2026-01-15 04:00:00","CVP","Chinook Salmon","Unclipped","Fall","Fall",NA,NA,NA,NA,NA,NA,NA,NA,NA,NA,30,120,0.25,"Normal count",39,1,4,2.54,"C260350CVP",0.94099998,1978315,-4544
"2026-01-15 08:00:00","CVP","Chinook Salmon","Unclipped","Fall","Fall",NA,NA,NA,NA,NA,NA,NA,NA,NA,NA,30,120,0.25,"Normal count",37,1,4,2.54,"C260352CVP",0.93199998,1978394,-4544
"2026-01-15 16:30:00","SWP","Chinook Salmon","Clipped","Winter",NA,"LateFall","056813","CNFH","Experimental",2025-12-22,2025-12-22,1,"Battle Creek at CNFH","CDFW inseason spreadsheet",24,NA,NA,NA,"Second flush",154,1,1,4.33,NA,NA,1978231,-4544
"2026-01-15 23:59:00","CVP","Chinook Salmon","Unclipped","Fall","Fall",NA,NA,NA,NA,NA,NA,NA,NA,NA,NA,30,120,0.25,"Normal count",37,1,4,2.54,"C260353CVP",0.94300002,1978252,-4544
"2026-01-16 04:00:00","CVP","Chinook Salmon","Unclipped","Fall","Fall",NA,NA,NA,NA,NA,NA,NA,NA,NA,NA,30,120,0.25,"Normal count",38,1,4,2.54,"C260354CVP",0.98799998,1978440,-4525
"2026-01-16 06:00:00","CVP","Chinook Salmon","Unclipped","Fall","Fall",NA,NA,NA,NA,NA,NA,NA,NA,NA,NA,30,120,0.25,"Normal count",39,1,4,2.54,"C260355CVP",0.99800003,1978541,-4525
"2026-01-16 20:00:00","CVP","Chinook Salmon","Unclipped","Fall","Fall",NA,NA,NA,NA,NA,NA,NA,NA,NA,NA,30,120,0.25,"Normal count",39,1,4,2.54,"C260356CVP",0.92799997,1978443,-4525
"2026-01-17 04:00:00","CVP","Chinook Salmon","Unclipped","Fall","Fall",NA,NA,NA,NA,NA,NA,NA,NA,NA,NA,30,120,0.25,"Normal count",37,1,4,2.54,"C260357CVP",0.55900002,1978604,-4568
"2026-01-19 08:00:00","CVP","Chinook Salmon","Unclipped","Fall","Fall",NA,NA,NA,NA,NA,NA,NA,NA,NA,NA,30,120,0.25,"Normal count",36,1,4,2.54,"C260358CVP",0.625,1978713,-4444
"2026-01-19 12:00:00","CVP","Chinook Salmon","Unclipped","Fall","Fall",NA,NA,NA,NA,NA,NA,NA,NA,NA,NA,30,120,0.25,"Normal count",39,1,4,2.54,"C260359CVP",0.79100001,1978767,-4444
"2026-01-21 06:00:00","CVP","Chinook Salmon","Unclipped","Fall","Fall",NA,NA,NA,NA,NA,NA,NA,NA,NA,NA,30,120,0.25,"Normal count",35,1,4,2.54,"C260360CVP",0.57999998,1985793,-4446
"2026-01-22 06:00:00","CVP","Chinook Salmon","Clipped","Winter",NA,"LateFall","056813","CNFH","Experimental",2025-12-22,2025-12-22,1,"Battle Creek at CNFH","CDFW inseason spreadsheet",31,30,120,0.25,"Normal count",160,1,4,2.88,NA,NA,1979001,-4443
"2026-01-24 23:59:00","CVP","Chinook Salmon","Clipped","Winter",NA,"Spring","062610","SCARF","SJRRP",2026-01-20,2026-01-20,1,"San Joaquin River at Highway 140","CDFW inseason spreadsheet",4,30,120,0.25,"Normal count",175,1,4,2.88,NA,NA,1979247,-4435
"2026-01-24 23:59:00","CVP","Chinook Salmon","Clipped","Winter",NA,"Spring","062610","SCARF","Experimental",2026-01-20,2026-01-20,1,"SAN JOAQ R GRT VAL GR 140","RMIS",4,30,120,0.25,"Normal count",175,1,4,2.88,NA,NA,1979247,-4435
"2026-01-24 23:59:00","CVP","Chinook Salmon","Clipped","LateFall",NA,NA,NA,NA,NA,NA,NA,NA,NA,NA,NA,30,120,0.25,"Normal count",232,1,4,2.88,NA,NA,1979248,-4435
"2026-01-25 06:00:00","CVP","Chinook Salmon","Clipped","Winter",NA,"Spring","062610","SCARF","SJRRP",2026-01-20,2026-01-20,1,"San Joaquin River at Highway 140","CDFW inseason spreadsheet",5,30,120,0.25,"Normal count",175,1,4,2.88,NA,NA,1979303,-4437
"2026-01-25 06:00:00","CVP","Chinook Salmon","Clipped","Winter",NA,"Spring","062610","SCARF","Experimental",2026-01-20,2026-01-20,1,"SAN JOAQ R GRT VAL GR 140","RMIS",5,30,120,0.25,"Normal count",175,1,4,2.88,NA,NA,1979303,-4437
"2026-01-25 06:00:00","CVP","Chinook Salmon","Clipped","Winter",NA,"Spring","062610","SCARF","SJRRP",2026-01-20,2026-01-20,1,"San Joaquin River at Highway 140","CDFW inseason spreadsheet",5,30,120,0.25,"Normal count",180,1,4,2.88,NA,NA,1979304,-4437
"2026-01-25 06:00:00","CVP","Chinook Salmon","Clipped","Winter",NA,"Spring","062610","SCARF","Experimental",2026-01-20,2026-01-20,1,"SAN JOAQ R GRT VAL GR 140","RMIS",5,30,120,0.25,"Normal count",180,1,4,2.88,NA,NA,1979304,-4437
"2026-01-25 16:00:00","CVP","Chinook Salmon","Clipped","Winter",NA,"Spring","062610","SCARF","SJRRP",2026-01-20,2026-01-20,1,"San Joaquin River at Highway 140","CDFW inseason spreadsheet",5,30,120,0.25,"Normal count",184,1,4,2.88,NA,NA,1979308,-4437
"2026-01-25 16:00:00","CVP","Chinook Salmon","Clipped","Winter",NA,"Spring","062610","SCARF","Experimental",2026-01-20,2026-01-20,1,"SAN JOAQ R GRT VAL GR 140","RMIS",5,30,120,0.25,"Normal count",184,1,4,2.88,NA,NA,1979308,-4437
"2026-01-25 22:00:00","CVP","Chinook Salmon","Clipped","LateFall",NA,"Spring","062610","SCARF","Experimental",2026-01-20,2026-01-20,1,"SAN JOAQ R GRT VAL GR 140","RMIS",5,30,120,0.25,"Normal count",195,1,4,2.88,NA,NA,1979302,-4437
"2026-01-25 22:00:00","CVP","Chinook Salmon","Clipped","LateFall",NA,"Spring","062610","SCARF","SJRRP",2026-01-20,2026-01-20,1,"San Joaquin River at Highway 140","CDFW inseason spreadsheet",5,30,120,0.25,"Normal count",195,1,4,2.88,NA,NA,1979302,-4437
"2026-01-26 02:00:00","CVP","Chinook Salmon","Clipped","Winter",NA,"LateFall","056814","CNFH","Production",2025-12-17,2025-12-17,1,"Battle Creek at CNFH","CDFW inseason spreadsheet",40,30,120,0.25,"Normal count",133,1,4,2.88,NA,NA,1979391,-4434
"2026-01-26 08:00:00","CVP","Chinook Salmon","Clipped","Fall",NA,NA,NA,NA,NA,NA,NA,NA,NA,NA,NA,30,120,0.25,"Normal count",239,1,4,2.88,NA,NA,1979368,-4434
"2026-01-26 20:00:00","CVP","Chinook Salmon","Clipped","Winter",NA,"LateFall","056816","CNFH","Experimental",2026-01-08,2026-01-08,1,"Battle Creek at CNFH","CDFW inseason spreadsheet",18,30,120,0.25,"Normal count",154,1,4,2.88,NA,NA,1979378,-4434
"2026-01-26 22:00:00","CVP","Chinook Salmon","Unclipped","Fall","Fall",NA,NA,NA,NA,NA,NA,NA,NA,NA,NA,30,120,0.25,"Normal count",38,1,4,2.54,"C260361CVP",0.42399999,1979374,-4434
"2026-01-26 22:00:00","CVP","Chinook Salmon","Clipped","Winter",NA,"Spring","062610","SCARF","SJRRP",2026-01-20,2026-01-20,1,"San Joaquin River at Highway 140","CDFW inseason spreadsheet",6,30,120,0.25,"Normal count",184,1,4,2.88,NA,NA,1979375,-4434
"2026-01-26 22:00:00","CVP","Chinook Salmon","Clipped","Winter",NA,"Spring","062610","SCARF","Experimental",2026-01-20,2026-01-20,1,"SAN JOAQ R GRT VAL GR 140","RMIS",6,30,120,0.25,"Normal count",184,1,4,2.88,NA,NA,1979375,-4434
"2026-01-26 22:00:00","CVP","Chinook Salmon","Clipped","LateFall",NA,"Spring","062610","SCARF","SJRRP",2026-01-20,2026-01-20,1,"San Joaquin River at Highway 140","CDFW inseason spreadsheet",6,30,120,0.25,"Normal count",192,1,4,2.88,NA,NA,1979376,-4434
"2026-01-26 22:00:00","CVP","Chinook Salmon","Clipped","LateFall",NA,"Spring","062610","SCARF","Experimental",2026-01-20,2026-01-20,1,"SAN JOAQ R GRT VAL GR 140","RMIS",6,30,120,0.25,"Normal count",192,1,4,2.88,NA,NA,1979376,-4434
"2026-01-27 06:00:00","CVP","Chinook Salmon","Unclipped","LateFall","Spring",NA,NA,NA,NA,NA,NA,NA,NA,NA,NA,30,120,0.25,"Normal count",205,1,4,2.88,"C260362CVP",0.85000002,1979474,-4506
"2026-01-27 08:00:00","SWP","Chinook Salmon","Clipped","Winter",NA,"Spring","062610","SCARF","Experimental",2026-01-20,2026-01-20,1,"SAN JOAQ R GRT VAL GR 140","RMIS",7,NA,NA,NA,"Second flush",186,1,1,4.33,NA,NA,1979421,-4506
"2026-01-27 08:00:00","SWP","Chinook Salmon","Unclipped","Winter","Spring",NA,NA,NA,NA,NA,NA,NA,NA,NA,NA,NA,NA,NA,"Second flush",186,1,1,4.33,"C260007SWP",0.671,1979417,-4506
"2026-01-27 08:00:00","SWP","Chinook Salmon","Clipped","Winter",NA,"Spring","062610","SCARF","SJRRP",2026-01-20,2026-01-20,1,"San Joaquin River at Highway 140","CDFW inseason spreadsheet",7,NA,NA,NA,"Second flush",186,1,1,4.33,NA,NA,1979421,-4506
"2026-01-27 08:00:00","SWP","Chinook Salmon","Clipped","LateFall","Spring","Spring","062610","SCARF","SJRRP",2026-01-20,2026-01-20,1,"San Joaquin River at Highway 140","CDFW inseason spreadsheet",7,NA,NA,NA,"Second flush",193,1,1,4.33,"C269000SWP",0.99299997,1979423,-4506
"2026-01-27 08:00:00","SWP","Chinook Salmon","Clipped","LateFall","Spring","Spring","062610","SCARF","Experimental",2026-01-20,2026-01-20,1,"SAN JOAQ R GRT VAL GR 140","RMIS",7,NA,NA,NA,"Second flush",193,1,1,4.33,"C269000SWP",0.99299997,1979423,-4506
"2026-01-27 08:00:00","SWP","Chinook Salmon","Clipped","LateFall","Spring",NA,"100000",NA,NA,NA,NA,NA,NA,NA,NA,NA,NA,NA,"Second flush",193,1,1,4.33,"C269000SWP",0.99299997,1979423,-4506
"2026-01-27 08:00:00","SWP","Chinook Salmon","Clipped","LateFall","Spring",NA,"100000",NA,NA,NA,NA,NA,NA,NA,NA,NA,NA,NA,"Second flush",193,1,1,4.33,"C269000SWP",0.99299997,1979423,-4506
"2026-01-27 08:00:00","SWP","Chinook Salmon","Clipped","LateFall","Spring","Spring","062610","SCARF","SJRRP",2026-01-20,2026-01-20,1,"San Joaquin River at Highway 140","CDFW inseason spreadsheet",7,NA,NA,NA,"Second flush",193,1,1,4.33,"C269000SWP",0.99299997,1979423,-4506
"2026-01-27 08:00:00","SWP","Chinook Salmon","Clipped","LateFall","Spring","Spring","062610","SCARF","Experimental",2026-01-20,2026-01-20,1,"SAN JOAQ R GRT VAL GR 140","RMIS",7,NA,NA,NA,"Second flush",193,1,1,4.33,"C269000SWP",0.99299997,1979423,-4506
"2026-01-27 08:00:00","SWP","Chinook Salmon","Clipped","LateFall",NA,"Spring","062610","SCARF","SJRRP",2026-01-20,2026-01-20,1,"San Joaquin River at Highway 140","CDFW inseason spreadsheet",7,NA,NA,NA,"Second flush",195,1,1,4.33,NA,NA,1979424,-4506
"2026-01-27 08:00:00","SWP","Chinook Salmon","Clipped","LateFall",NA,"Spring","062610","SCARF","Experimental",2026-01-20,2026-01-20,1,"SAN JOAQ R GRT VAL GR 140","RMIS",7,NA,NA,NA,"Second flush",195,1,1,4.33,NA,NA,1979424,-4506
"2026-01-27 08:00:00","SWP","Chinook Salmon","Clipped","LateFall",NA,"Spring","061970","SCARF","SJRRP",2026-01-20,2026-01-20,1,"San Joaquin River at Highway 140","CDFW inseason spreadsheet",7,NA,NA,NA,"Second flush",234,1,1,4.33,NA,NA,1979429,-4506
"2026-01-27 08:00:00","SWP","Chinook Salmon","Clipped","LateFall",NA,"Spring","061970","SCARF","Experimental",2026-01-20,2026-01-20,1,"SAN JOAQ R GRT VAL GR 140","RMIS",7,NA,NA,NA,"Second flush",234,1,1,4.33,NA,NA,1979429,-4506
"2026-01-27 08:00:00","SWP","Chinook Salmon","Clipped","Fall",NA,"Spring","061970","SCARF","Experimental",2026-01-20,2026-01-20,1,"SAN JOAQ R GRT VAL GR 140","RMIS",7,NA,NA,NA,"Second flush",252,1,1,4.33,NA,NA,1979414,-4506
"2026-01-27 08:00:00","SWP","Chinook Salmon","Clipped","Fall",NA,"Spring","061970","SCARF","SJRRP",2026-01-20,2026-01-20,1,"San Joaquin River at Highway 140","CDFW inseason spreadsheet",7,NA,NA,NA,"Second flush",252,1,1,4.33,NA,NA,1979414,-4506
"2026-01-27 18:00:00","CVP","Chinook Salmon","Clipped","LateFall",NA,"Spring","062610","SCARF","SJRRP",2026-01-20,2026-01-20,1,"San Joaquin River at Highway 140","CDFW inseason spreadsheet",7,30,120,0.25,"Normal count",211,1,4,2.88,NA,NA,1979455,-4506
"2026-01-27 18:00:00","CVP","Chinook Salmon","Clipped","LateFall",NA,"Spring","062610","SCARF","Experimental",2026-01-20,2026-01-20,1,"SAN JOAQ R GRT VAL GR 140","RMIS",7,30,120,0.25,"Normal count",211,1,4,2.88,NA,NA,1979455,-4506
"2026-01-28 04:00:00","CVP","Chinook Salmon","Clipped","Winter",NA,"Spring","062610","SCARF","Experimental",2026-01-20,2026-01-20,1,"SAN JOAQ R GRT VAL GR 140","RMIS",8,30,120,0.25,"Normal count",187,1,4,2.88,NA,NA,1979544,-4574
"2026-01-28 04:00:00","CVP","Chinook Salmon","Clipped","Winter",NA,"Spring","062610","SCARF","SJRRP",2026-01-20,2026-01-20,1,"San Joaquin River at Highway 140","CDFW inseason spreadsheet",8,30,120,0.25,"Normal count",187,1,4,2.88,NA,NA,1979544,-4574
"2026-01-28 06:00:00","CVP","Chinook Salmon","Unclipped","Fall","Fall",NA,NA,NA,NA,NA,NA,NA,NA,NA,NA,30,120,0.25,"Normal count",48,1,4,2.54,"C260364CVP",0.93300003,1979492,-4574
"2026-01-28 06:00:00","CVP","Chinook Salmon","Unclipped","Winter","Spring",NA,NA,NA,NA,NA,NA,NA,NA,NA,NA,30,120,0.25,"Normal count",169,1,4,2.88,"C260363CVP",0.99900001,1979493,-4574
"2026-01-29 02:00:00","CVP","Chinook Salmon","Clipped","Winter","Spring",NA,NA,NA,NA,NA,NA,NA,NA,NA,NA,30,120,0.25,"Normal count",193,1,4,2.88,"C260365CVP",0.99400002,1979628,-4632
"2026-01-29 02:00:00","CVP","Chinook Salmon","Clipped","LateFall",NA,"Spring","062610","SCARF","Experimental",2026-01-20,2026-01-20,1,"SAN JOAQ R GRT VAL GR 140","RMIS",9,30,120,0.25,"Normal count",197,1,4,2.88,NA,NA,1979629,-4632
"2026-01-29 02:00:00","CVP","Chinook Salmon","Clipped","LateFall",NA,"Spring","062610","SCARF","SJRRP",2026-01-20,2026-01-20,1,"San Joaquin River at Highway 140","CDFW inseason spreadsheet",9,30,120,0.25,"Normal count",197,1,4,2.88,NA,NA,1979629,-4632
"2026-01-29 07:30:00","SWP","Chinook Salmon","Clipped","LateFall",NA,"Spring","062610","SCARF","SJRRP",2026-01-20,2026-01-20,1,"San Joaquin River at Highway 140","CDFW inseason spreadsheet",9,NA,NA,NA,"Second flush",200,1,1,4.33,NA,NA,1979564,-4632
"2026-01-29 07:30:00","SWP","Chinook Salmon","Clipped","LateFall",NA,"Spring","062610","SCARF","Experimental",2026-01-20,2026-01-20,1,"SAN JOAQ R GRT VAL GR 140","RMIS",9,NA,NA,NA,"Second flush",200,1,1,4.33,NA,NA,1979564,-4632
"2026-01-29 23:59:00","CVP","Chinook Salmon","Unclipped","Fall","Fall",NA,NA,NA,NA,NA,NA,NA,NA,NA,NA,30,120,0.25,"Normal count",46,1,4,2.54,"C260366CVP",0.972,1979571,-4632
"2026-01-30 10:00:00","CVP","Chinook Salmon","Clipped","Winter",NA,"Spring","062610","SCARF","SJRRP",2026-01-20,2026-01-20,1,"San Joaquin River at Highway 140","CDFW inseason spreadsheet",10,30,120,0.25,"Normal count",192,1,4,2.88,NA,NA,1979665,-4698
"2026-01-30 10:00:00","CVP","Chinook Salmon","Clipped","Winter",NA,"Spring","062610","SCARF","Experimental",2026-01-20,2026-01-20,1,"SAN JOAQ R GRT VAL GR 140","RMIS",10,30,120,0.25,"Normal count",192,1,4,2.88,NA,NA,1979665,-4698
"2026-01-30 22:00:00","CVP","Chinook Salmon","Unclipped","LateFall",NA,NA,NA,NA,NA,NA,NA,NA,NA,NA,NA,30,120,0.25,"Normal count",240,1,4,2.88,NA,NA,1979680,-4698
"2026-01-30 23:59:00","CVP","Chinook Salmon","Clipped","Winter",NA,"Spring","062610","SCARF","SJRRP",2026-01-20,2026-01-20,1,"San Joaquin River at Highway 140","CDFW inseason spreadsheet",10,30,120,0.25,"Normal count",193,1,4,2.88,NA,NA,1979679,-4698
"2026-01-30 23:59:00","CVP","Chinook Salmon","Clipped","Winter",NA,"Spring","062610","SCARF","Experimental",2026-01-20,2026-01-20,1,"SAN JOAQ R GRT VAL GR 140","RMIS",10,30,120,0.25,"Normal count",193,1,4,2.88,NA,NA,1979679,-4698
"2026-01-31 02:00:00","CVP","Chinook Salmon","Unclipped","Winter","Fall",NA,NA,NA,NA,NA,NA,NA,NA,NA,NA,30,120,0.25,"Normal count",144,1,4,2.88,"C260367CVP",0.97299999,1979745,-4765
"2026-01-31 06:00:00","CVP","Chinook Salmon","Clipped","Winter","Spring",NA,NA,NA,NA,NA,NA,NA,NA,NA,NA,30,120,0.25,"Normal count",190,1,4,2.88,"C260368CVP",0.95099998,1979722,-4765
"2026-01-31 21:00:00","SWP","Chinook Salmon","Unclipped","Winter","LateFall",NA,NA,NA,NA,NA,NA,NA,NA,NA,NA,30,120,0.25,"Normal count",126,1,4,17.44,"C260008SWP",1,1979648,-4765
"2026-01-31 21:00:00","SWP","Chinook Salmon","Clipped","Winter",NA,"LateFall","056816","CNFH","Experimental",2026-01-08,2026-01-08,1,"Battle Creek at CNFH","CDFW inseason spreadsheet",23,30,120,0.25,"Normal count",148,1,4,17.44,NA,NA,1979636,-4765
"2026-02-01 00:30:00","SWP","Chinook Salmon","Clipped","Winter",NA,"LateFall","056816","CNFH","Experimental",2026-01-08,2026-01-08,1,"Battle Creek at CNFH","CDFW inseason spreadsheet",24,NA,NA,NA,"Second flush",187,1,1,4.33,NA,NA,1979644,-4583
"2026-02-01 14:30:00","SWP","Chinook Salmon","Unclipped","Winter","Spring",NA,NA,NA,NA,NA,NA,NA,NA,NA,NA,NA,NA,NA,"Second flush",193,1,1,4.33,"C260009SWP",0.99299997,1979635,-4583
"2026-02-05 08:15:00","SWP","Chinook Salmon","Clipped","Winter",NA,NA,"100000",NA,NA,NA,NA,NA,NA,NA,NA,NA,NA,NA,"Second flush",180,1,1,4.33,NA,NA,1979824,-3770
"2026-02-05 08:15:00","SWP","Chinook Salmon","Clipped","Winter",NA,"Spring","062610","SCARF","Experimental",2026-01-20,2026-01-20,1,"SAN JOAQ R GRT VAL GR 140","RMIS",16,NA,NA,NA,"Second flush",194,1,1,4.33,NA,NA,1979825,-3770
"2026-02-05 08:15:00","SWP","Chinook Salmon","Clipped","Winter",NA,"Spring","062610","SCARF","SJRRP",2026-01-20,2026-01-20,1,"San Joaquin River at Highway 140","CDFW inseason spreadsheet",16,NA,NA,NA,"Second flush",194,1,1,4.33,NA,NA,1979825,-3770
"2026-02-07 08:00:00","CVP","Chinook Salmon","Unclipped","Fall","Fall",NA,NA,NA,NA,NA,NA,NA,NA,NA,NA,30,120,0.25,"Normal count",36,1,4,3.01,"C260369CVP",0.94300002,1979842,-3566
"2026-02-07 20:00:00","CVP","Chinook Salmon","Unclipped","Winter","Winter",NA,NA,NA,NA,NA,NA,NA,NA,NA,NA,30,120,0.25,"Normal count",116,1,4,3.52,"C260370CVP",1,1979843,-3566
"2026-02-08 22:00:00","CVP","Chinook Salmon","Unclipped","Fall",NA,NA,NA,NA,NA,NA,NA,NA,NA,NA,NA,30,120,0.25,"Normal count",37,1,4,3.01,NA,NA,1979846,NA
"2026-02-08 23:59:00","CVP","Chinook Salmon","Unclipped","Fall","Fall",NA,NA,NA,NA,NA,NA,NA,NA,NA,NA,30,120,0.25,"Normal count",36,1,4,3.01,"C260372CVP",0.69599998,1979852,NA
"2026-02-10 08:25:00","SWP","Chinook Salmon","Clipped","Winter",NA,"Spring","062610","SCARF","SJRRP",2026-01-20,2026-01-20,1,"San Joaquin River at Highway 140","CDFW inseason spreadsheet",21,NA,NA,NA,"Second flush",189,1,1,4.33,NA,NA,1979884,-3150
"2026-02-10 08:25:00","SWP","Chinook Salmon","Clipped","Winter",NA,"Spring","062610","SCARF","Experimental",2026-01-20,2026-01-20,1,"SAN JOAQ R GRT VAL GR 140","RMIS",21,NA,NA,NA,"Second flush",189,1,1,4.33,NA,NA,1979884,-3150
"2026-02-10 13:00:00","SWP","Chinook Salmon","Clipped","Winter",NA,"Spring","062610","SCARF","Experimental",2026-01-20,2026-01-20,1,"SAN JOAQ R GRT VAL GR 140","RMIS",21,30,120,0.25,"Normal count",180,1,4,17.31,NA,NA,1979881,-3150
"2026-02-10 13:00:00","SWP","Chinook Salmon","Clipped","Winter",NA,"Spring","062610","SCARF","SJRRP",2026-01-20,2026-01-20,1,"San Joaquin River at Highway 140","CDFW inseason spreadsheet",21,30,120,0.25,"Normal count",180,1,4,17.31,NA,NA,1979881,-3150
"2026-02-11 18:30:00","SWP","Chinook Salmon","Clipped","Winter",NA,"Spring","062610","SCARF","Experimental",2026-01-20,2026-01-20,1,"SAN JOAQ R GRT VAL GR 140","RMIS",22,NA,NA,NA,"Second flush",196,1,1,4.33,NA,NA,1979911,-2999
"2026-02-11 18:30:00","SWP","Chinook Salmon","Clipped","Winter",NA,"Spring","062610","SCARF","SJRRP",2026-01-20,2026-01-20,1,"San Joaquin River at Highway 140","CDFW inseason spreadsheet",22,NA,NA,NA,"Second flush",196,1,1,4.33,NA,NA,1979911,-2999
"2026-02-12 04:00:00","CVP","Chinook Salmon","Clipped","Winter",NA,"Spring","062610","SCARF","SJRRP",2026-01-20,2026-01-20,1,"San Joaquin River at Highway 140","CDFW inseason spreadsheet",23,30,120,0.25,"Normal count",192,1,4,3.52,NA,NA,1979968,-2928
"2026-02-12 04:00:00","CVP","Chinook Salmon","Clipped","Winter",NA,"Spring","062610","SCARF","Experimental",2026-01-20,2026-01-20,1,"SAN JOAQ R GRT VAL GR 140","RMIS",23,30,120,0.25,"Normal count",192,1,4,3.52,NA,NA,1979968,-2928
"2026-02-12 08:00:00","SWP","Chinook Salmon","Clipped","Winter",NA,"LateFall","056181",NA,NA,NA,NA,NA,NA,NA,NA,NA,NA,NA,"Second flush",193,1,1,4.33,NA,NA,1979958,-2928
"2026-02-12 08:00:00","SWP","Chinook Salmon","Clipped","Winter",NA,"Spring","062610","SCARF","Experimental",2026-01-20,2026-01-20,1,"SAN JOAQ R GRT VAL GR 140","RMIS",23,NA,NA,NA,"Second flush",199,1,1,4.33,NA,NA,1979960,-2928
"2026-02-12 08:00:00","SWP","Chinook Salmon","Clipped","Winter",NA,"Spring","062610","SCARF","SJRRP",2026-01-20,2026-01-20,1,"San Joaquin River at Highway 140","CDFW inseason spreadsheet",23,NA,NA,NA,"Second flush",199,1,1,4.33,NA,NA,1979960,-2928
"2026-02-13 11:00:00","SWP","Chinook Salmon","Clipped","Winter",NA,"Spring","062610","SCARF","Experimental",2026-01-20,2026-01-20,1,"SAN JOAQ R GRT VAL GR 140","RMIS",24,30,120,0.25,"Normal count",212,1,4,17.44,NA,NA,1979989,-2875
"2026-02-13 11:00:00","SWP","Chinook Salmon","Clipped","Winter",NA,"Spring","062610","SCARF","SJRRP",2026-01-20,2026-01-20,1,"San Joaquin River at Highway 140","CDFW inseason spreadsheet",24,30,120,0.25,"Normal count",212,1,4,17.44,NA,NA,1979989,-2875
"2026-02-13 19:30:00","SWP","Chinook Salmon","Clipped","Winter",NA,"Spring","062610","SCARF","SJRRP",2026-01-20,2026-01-20,1,"San Joaquin River at Highway 140","CDFW inseason spreadsheet",24,NA,NA,NA,"Second flush",198,1,1,4.33,NA,NA,1979986,-2875
"2026-02-13 19:30:00","SWP","Chinook Salmon","Clipped","Winter",NA,"Spring","062610","SCARF","Experimental",2026-01-20,2026-01-20,1,"SAN JOAQ R GRT VAL GR 140","RMIS",24,NA,NA,NA,"Second flush",198,1,1,4.33,NA,NA,1979986,-2875
"2026-02-14 02:00:00","CVP","Chinook Salmon","Clipped","Winter",NA,"LateFall","056816","CNFH","Experimental",2026-01-08,2026-01-08,1,"Battle Creek at CNFH","CDFW inseason spreadsheet",37,30,120,0.25,"Normal count",161,1,4,2.6,NA,NA,1980066,-2870
"2026-02-14 02:00:00","CVP","Chinook Salmon","Clipped","Winter",NA,"LateFall","056816","CNFH","Experimental",2026-01-08,2026-01-08,1,"Battle Creek at CNFH","CDFW inseason spreadsheet",37,30,120,0.25,"Normal count",170,1,4,2.6,NA,NA,1980067,-2870
"2026-02-14 02:00:00","CVP","Chinook Salmon","Clipped","Winter",NA,"Spring","062610","SCARF","SJRRP",2026-01-20,2026-01-20,1,"San Joaquin River at Highway 140","CDFW inseason spreadsheet",25,30,120,0.25,"Normal count",176,1,4,2.6,NA,NA,1980068,-2870
"2026-02-14 02:00:00","CVP","Chinook Salmon","Clipped","Winter",NA,"Spring","062199","SCARF","Production",2025-12-08,2025-12-09,2,"SAN JOAQ R GRT VAL GR 140","RMIS",67,30,120,0.25,"Normal count",176,1,4,2.6,NA,NA,1980068,-2870
"2026-02-14 02:00:00","CVP","Chinook Salmon","Clipped","Winter",NA,"Spring","062199","SCARF","SJRRP",2025-12-08,2025-12-09,2,"San Joaquin River at Highway 140","CDFW inseason spreadsheet",67,30,120,0.25,"Normal count",176,1,4,2.6,NA,NA,1980068,-2870
"2026-02-14 02:00:00","CVP","Chinook Salmon","Clipped","Winter",NA,"Spring","062610","SCARF","Experimental",2026-01-20,2026-01-20,1,"SAN JOAQ R GRT VAL GR 140","RMIS",25,30,120,0.25,"Normal count",176,1,4,2.6,NA,NA,1980068,-2870
"2026-02-14 02:00:00","CVP","Chinook Salmon","Clipped","Winter",NA,"Spring","062199","SCARF","Production",2025-12-08,2025-12-09,2,"SAN JOAQ R GRT VAL GR 140","RMIS",67,30,120,0.25,"Normal count",176,1,4,2.6,NA,NA,1980068,-2870
"2026-02-14 02:00:00","CVP","Chinook Salmon","Clipped","Winter",NA,"Spring","062199","SCARF","SJRRP",2025-12-08,2025-12-09,2,"San Joaquin River at Highway 140","CDFW inseason spreadsheet",67,30,120,0.25,"Normal count",176,1,4,2.6,NA,NA,1980068,-2870
"2026-02-14 02:00:00","CVP","Chinook Salmon","Clipped","Winter",NA,"Spring","062610","SCARF","Experimental",2026-01-20,2026-01-20,1,"SAN JOAQ R GRT VAL GR 140","RMIS",25,30,120,0.25,"Normal count",176,1,4,2.6,NA,NA,1980068,-2870
"2026-02-14 02:00:00","CVP","Chinook Salmon","Clipped","Winter",NA,"Spring","062610","SCARF","SJRRP",2026-01-20,2026-01-20,1,"San Joaquin River at Highway 140","CDFW inseason spreadsheet",25,30,120,0.25,"Normal count",176,1,4,2.6,NA,NA,1980068,-2870
"2026-02-14 02:00:00","CVP","Chinook Salmon","Clipped","Winter","Spring",NA,"100000",NA,NA,NA,NA,NA,NA,NA,NA,30,120,0.25,"Normal count",188,1,4,2.6,"C260373CVP",0.54500002,1980069,-2870
"2026-02-15 06:00:00","CVP","Chinook Salmon","Clipped","Winter",NA,"LateFall","056805","CNFH","Production",2025-11-13,2025-11-13,1,"Battle Creek at CNFH","CDFW inseason spreadsheet",94,30,120,0.25,"Normal count",149,1,4,2.6,NA,NA,1980136,-3142
"2026-02-15 23:59:00","CVP","Chinook Salmon","Unclipped","Spring","Fall",NA,NA,NA,NA,NA,NA,NA,NA,NA,NA,30,120,0.25,"Normal count",57,1,4,2.33,"C260374CVP",0.55599999,1980132,-3142
"2026-02-17 06:00:00","CVP","Chinook Salmon","Clipped","LateFall","Spring",NA,NA,NA,NA,NA,NA,NA,NA,NA,NA,30,120,0.25,"Normal count",268,1,4,2.6,"C260375CVP",0.454,1980179,-3887
"2026-02-18 04:00:00","CVP","Chinook Salmon","Clipped","LateFall",NA,"Spring","061970","SCARF","Experimental",2026-01-20,2026-01-20,1,"SAN JOAQ R GRT VAL GR 140","RMIS",29,30,120,0.25,"Normal count",240,1,4,2.6,NA,NA,1980216,-4019
"2026-02-18 04:00:00","CVP","Chinook Salmon","Clipped","LateFall",NA,"Spring","061970","SCARF","SJRRP",2026-01-20,2026-01-20,1,"San Joaquin River at Highway 140","CDFW inseason spreadsheet",29,30,120,0.25,"Normal count",240,1,4,2.6,NA,NA,1980216,-4019
"2026-02-18 06:00:00","CVP","Chinook Salmon","Unclipped","Fall","Fall",NA,NA,NA,NA,NA,NA,NA,NA,NA,NA,30,120,0.25,"Normal count",38,1,4,2.33,"C260376CVP",0.986,1980219,-4019
"2026-02-18 20:00:00","CVP","Chinook Salmon","Clipped","Winter",NA,"Spring","062610","SCARF","Experimental",2026-01-20,2026-01-20,1,"SAN JOAQ R GRT VAL GR 140","RMIS",29,30,120,0.25,"Normal count",196,1,4,2.6,NA,NA,1980226,-4019
"2026-02-18 20:00:00","CVP","Chinook Salmon","Clipped","Winter",NA,"Spring","062610","SCARF","SJRRP",2026-01-20,2026-01-20,1,"San Joaquin River at Highway 140","CDFW inseason spreadsheet",29,30,120,0.25,"Normal count",196,1,4,2.6,NA,NA,1980226,-4019
"2026-02-19 07:00:00","SWP","Chinook Salmon","Unclipped","Spring","Fall",NA,NA,NA,NA,NA,NA,NA,NA,NA,NA,30,120,0.25,"Normal count",56,1,4,16.5,"C260010SWP",0.96700001,1980268,-4108
"2026-02-19 07:00:00","SWP","Chinook Salmon","Clipped","Winter",NA,"Spring","061970","SCARF","Experimental",2026-01-20,2026-01-20,1,"SAN JOAQ R GRT VAL GR 140","RMIS",30,30,120,0.25,"Normal count",231,1,4,17.4,NA,NA,1980358,-4108
"2026-02-19 07:00:00","SWP","Chinook Salmon","Clipped","Winter",NA,"Spring","061970","SCARF","SJRRP",2026-01-20,2026-01-20,1,"San Joaquin River at Highway 140","CDFW inseason spreadsheet",30,30,120,0.25,"Normal count",231,1,4,17.4,NA,NA,1980358,-4108
"2026-02-19 07:30:00","SWP","Chinook Salmon","Clipped","Winter",NA,"LateFall","056812","CNFH","Production",2025-12-17,2025-12-17,1,"Battle Creek at CNFH","CDFW inseason spreadsheet",64,NA,NA,NA,"Second flush",137,1,1,4.33,NA,NA,1980279,-4108
"2026-02-19 07:30:00","SWP","Chinook Salmon","Clipped","Winter",NA,"Spring","062610","SCARF","Experimental",2026-01-20,2026-01-20,1,"SAN JOAQ R GRT VAL GR 140","RMIS",30,NA,NA,NA,"Second flush",188,1,1,4.33,NA,NA,1980336,-4108
"2026-02-19 07:30:00","SWP","Chinook Salmon","Clipped","Winter",NA,"Spring","062610","SCARF","SJRRP",2026-01-20,2026-01-20,1,"San Joaquin River at Highway 140","CDFW inseason spreadsheet",30,NA,NA,NA,"Second flush",188,1,1,4.33,NA,NA,1980336,-4108
"2026-02-19 07:30:00","SWP","Chinook Salmon","Unclipped","Winter","Spring",NA,NA,NA,NA,NA,NA,NA,NA,NA,NA,NA,NA,NA,"Second flush",231,1,1,4.33,"C260011SWP",0.91100001,1980333,-4108
"2026-02-19 07:30:00","SWP","Chinook Salmon","Clipped","LateFall",NA,"Spring","061970","SCARF","SJRRP",2026-01-20,2026-01-20,1,"San Joaquin River at Highway 140","CDFW inseason spreadsheet",30,NA,NA,NA,"Second flush",242,1,1,4.33,NA,NA,1980373,-4108
"2026-02-19 07:30:00","SWP","Chinook Salmon","Clipped","LateFall",NA,"Spring","061970","SCARF","Experimental",2026-01-20,2026-01-20,1,"SAN JOAQ R GRT VAL GR 140","RMIS",30,NA,NA,NA,"Second flush",242,1,1,4.33,NA,NA,1980373,-4108
"2026-02-19 09:00:00","SWP","Chinook Salmon","Clipped","Winter",NA,"Spring","061970","SCARF","SJRRP",2026-01-20,2026-01-20,1,"San Joaquin River at Highway 140","CDFW inseason spreadsheet",30,30,60,0.5,"Normal count",231,1,2,8.6,NA,NA,1980359,-4108
"2026-02-19 09:00:00","SWP","Chinook Salmon","Clipped","Winter",NA,"Spring","061970","SCARF","Experimental",2026-01-20,2026-01-20,1,"SAN JOAQ R GRT VAL GR 140","RMIS",30,30,60,0.5,"Normal count",231,1,2,8.6,NA,NA,1980359,-4108
"2026-02-19 09:00:00","SWP","Chinook Salmon","Clipped","LateFall",NA,"Spring","061970","SCARF","SJRRP",2026-01-20,2026-01-20,1,"San Joaquin River at Highway 140","CDFW inseason spreadsheet",30,30,60,0.5,"Normal count",239,1,2,8.6,NA,NA,1980367,-4108
"2026-02-19 09:00:00","SWP","Chinook Salmon","Clipped","LateFall",NA,"Spring","061970","SCARF","Experimental",2026-01-20,2026-01-20,1,"SAN JOAQ R GRT VAL GR 140","RMIS",30,30,60,0.5,"Normal count",239,1,2,8.6,NA,NA,1980367,-4108
"2026-02-19 11:00:00","SWP","Chinook Salmon","Clipped","LateFall",NA,"Spring","061970","SCARF","SJRRP",2026-01-20,2026-01-20,1,"San Joaquin River at Highway 140","CDFW inseason spreadsheet",30,20,120,0.17,"Normal count",250,1,6,25.94,NA,NA,1980261,-4108
"2026-02-19 11:00:00","SWP","Chinook Salmon","Clipped","LateFall",NA,"Spring","061970","SCARF","Experimental",2026-01-20,2026-01-20,1,"SAN JOAQ R GRT VAL GR 140","RMIS",30,20,120,0.17,"Normal count",250,1,6,25.94,NA,NA,1980261,-4108
"2026-02-19 13:00:00","SWP","Chinook Salmon","Clipped","Winter",NA,"Spring","062610","SCARF","SJRRP",2026-01-20,2026-01-20,1,"San Joaquin River at Highway 140","CDFW inseason spreadsheet",30,20,120,0.17,"Normal count",217,1,6,26.02,NA,NA,1980349,-4108
"2026-02-19 13:00:00","SWP","Chinook Salmon","Clipped","Winter",NA,"Spring","062610","SCARF","Experimental",2026-01-20,2026-01-20,1,"SAN JOAQ R GRT VAL GR 140","RMIS",30,20,120,0.17,"Normal count",217,1,6,26.02,NA,NA,1980349,-4108
"2026-02-19 14:00:00","CVP","Chinook Salmon","Unclipped","Fall","Fall",NA,NA,NA,NA,NA,NA,NA,NA,NA,NA,30,120,0.25,"Normal count",38,1,4,2.33,"C260377CVP",0.97500002,1980398,-4108
"2026-02-20 04:00:00","CVP","Chinook Salmon","Unclipped","Fall","Fall",NA,NA,NA,NA,NA,NA,NA,NA,NA,NA,30,120,0.25,"Normal count",35,1,4,2.33,"C260380CVP",0.49399999,1980635,-4205
"2026-02-20 04:00:00","CVP","Chinook Salmon","Unclipped","Fall","Fall",NA,NA,NA,NA,NA,NA,NA,NA,NA,NA,30,120,0.25,"Normal count",36,1,4,2.33,"C260378CVP",0.99699998,1980636,-4205
"2026-02-20 04:00:00","CVP","Chinook Salmon","Unclipped","Fall","Fall",NA,NA,NA,NA,NA,NA,NA,NA,NA,NA,30,120,0.25,"Normal count",38,1,4,2.33,"C260382CVP",0.98299998,1980637,-4205
"2026-02-20 04:00:00","CVP","Chinook Salmon","Unclipped","Fall","Fall",NA,NA,NA,NA,NA,NA,NA,NA,NA,NA,30,120,0.25,"Normal count",40,1,4,2.33,"C260379CVP",0.99800003,1980638,-4205
"2026-02-20 04:00:00","CVP","Chinook Salmon","Unclipped","Fall","Fall",NA,NA,NA,NA,NA,NA,NA,NA,NA,NA,30,120,0.25,"Normal count",40,1,4,2.33,"C260381CVP",0.368,1980638,-4205
"2026-02-20 04:00:00","CVP","Chinook Salmon","Clipped","Winter",NA,"Spring","062610","SCARF","SJRRP",2026-01-20,2026-01-20,1,"San Joaquin River at Highway 140","CDFW inseason spreadsheet",31,30,120,0.25,"Normal count",193,1,4,2.6,NA,NA,1980639,-4205
"2026-02-20 04:00:00","CVP","Chinook Salmon","Clipped","Winter",NA,"Spring","062610","SCARF","Experimental",2026-01-20,2026-01-20,1,"SAN JOAQ R GRT VAL GR 140","RMIS",31,30,120,0.25,"Normal count",193,1,4,2.6,NA,NA,1980639,-4205
"2026-02-20 04:00:00","CVP","Chinook Salmon","Clipped","LateFall",NA,NA,NA,NA,NA,NA,NA,NA,NA,NA,NA,30,120,0.25,"Normal count",245,1,4,2.6,NA,NA,1980640,-4205
"2026-02-20 06:00:00","CVP","Chinook Salmon","Unclipped","Fall","Fall",NA,NA,NA,NA,NA,NA,NA,NA,NA,NA,30,120,0.25,"Normal count",36,1,4,2.33,"C260386CVP",0.65100002,1980773,-4205
"2026-02-20 06:00:00","CVP","Chinook Salmon","Unclipped","Fall","Fall",NA,NA,NA,NA,NA,NA,NA,NA,NA,NA,30,120,0.25,"Normal count",36,1,4,2.33,"C260384CVP",0.98500001,1980773,-4205
"2026-02-20 06:00:00","CVP","Chinook Salmon","Unclipped","Fall","Fall",NA,NA,NA,NA,NA,NA,NA,NA,NA,NA,30,120,0.25,"Normal count",38,1,4,2.33,"C260385CVP",0.60299999,1980774,-4205
"2026-02-20 06:00:00","CVP","Chinook Salmon","Clipped","Winter",NA,"LateFall","056816","CNFH","Experimental",2026-01-08,2026-01-08,1,"Battle Creek at CNFH","CDFW inseason spreadsheet",43,30,120,0.25,"Normal count",167,1,4,2.6,NA,NA,1980775,-4205
"2026-02-20 06:00:00","CVP","Chinook Salmon","Clipped","Winter",NA,"LateFall","056816","CNFH","Experimental",2026-01-08,2026-01-08,1,"Battle Creek at CNFH","CDFW inseason spreadsheet",43,30,120,0.25,"Normal count",174,1,4,2.6,NA,NA,1980776,-4205
"2026-02-20 06:00:00","CVP","Chinook Salmon","Unclipped","Winter","Spring",NA,NA,NA,NA,NA,NA,NA,NA,NA,NA,30,120,0.25,"Normal count",183,1,4,2.6,"C260383CVP",0.96700001,1980777,-4205
"2026-02-20 06:00:00","CVP","Chinook Salmon","Clipped","Winter",NA,"Spring","062610","SCARF","Experimental",2026-01-20,2026-01-20,1,"SAN JOAQ R GRT VAL GR 140","RMIS",31,30,120,0.25,"Normal count",193,1,4,2.6,NA,NA,1980778,-4205
"2026-02-20 06:00:00","CVP","Chinook Salmon","Clipped","Winter",NA,"Spring","062610","SCARF","SJRRP",2026-01-20,2026-01-20,1,"San Joaquin River at Highway 140","CDFW inseason spreadsheet",31,30,120,0.25,"Normal count",193,1,4,2.6,NA,NA,1980778,-4205
"2026-02-20 06:00:00","CVP","Chinook Salmon","Clipped","Winter",NA,"Spring","062610","SCARF","Experimental",2026-01-20,2026-01-20,1,"SAN JOAQ R GRT VAL GR 140","RMIS",31,30,120,0.25,"Normal count",199,1,4,2.6,NA,NA,1980779,-4205
"2026-02-20 06:00:00","CVP","Chinook Salmon","Clipped","Winter",NA,"Spring","062610","SCARF","Experimental",2026-01-20,2026-01-20,1,"SAN JOAQ R GRT VAL GR 140","RMIS",31,30,120,0.25,"Normal count",199,1,4,2.6,NA,NA,1980779,-4205
"2026-02-20 06:00:00","CVP","Chinook Salmon","Clipped","Winter",NA,"Spring","062610","SCARF","SJRRP",2026-01-20,2026-01-20,1,"San Joaquin River at Highway 140","CDFW inseason spreadsheet",31,30,120,0.25,"Normal count",199,1,4,2.6,NA,NA,1980779,-4205
"2026-02-20 06:00:00","CVP","Chinook Salmon","Clipped","Winter",NA,"Spring","062610","SCARF","Experimental",2026-01-20,2026-01-20,1,"SAN JOAQ R GRT VAL GR 140","RMIS",31,30,120,0.25,"Normal count",199,1,4,2.6,NA,NA,1980779,-4205
"2026-02-20 06:00:00","CVP","Chinook Salmon","Clipped","Winter",NA,"Spring","062610","SCARF","SJRRP",2026-01-20,2026-01-20,1,"San Joaquin River at Highway 140","CDFW inseason spreadsheet",31,30,120,0.25,"Normal count",199,1,4,2.6,NA,NA,1980779,-4205
"2026-02-20 06:00:00","CVP","Chinook Salmon","Clipped","Winter",NA,"Spring","062610","SCARF","Experimental",2026-01-20,2026-01-20,1,"SAN JOAQ R GRT VAL GR 140","RMIS",31,30,120,0.25,"Normal count",199,1,4,2.6,NA,NA,1980779,-4205
"2026-02-20 06:00:00","CVP","Chinook Salmon","Clipped","Winter",NA,"Spring","062610","SCARF","SJRRP",2026-01-20,2026-01-20,1,"San Joaquin River at Highway 140","CDFW inseason spreadsheet",31,30,120,0.25,"Normal count",199,1,4,2.6,NA,NA,1980779,-4205
"2026-02-20 06:00:00","CVP","Chinook Salmon","Clipped","Winter",NA,"Spring","062610","SCARF","SJRRP",2026-01-20,2026-01-20,1,"San Joaquin River at Highway 140","CDFW inseason spreadsheet",31,30,120,0.25,"Normal count",199,1,4,2.6,NA,NA,1980779,-4205
"2026-02-20 06:00:00","CVP","Chinook Salmon","Clipped","Winter",NA,"Spring","062610","SCARF","SJRRP",2026-01-20,2026-01-20,1,"San Joaquin River at Highway 140","CDFW inseason spreadsheet",31,30,120,0.25,"Normal count",200,1,4,2.6,NA,NA,1980780,-4205
"2026-02-20 06:00:00","CVP","Chinook Salmon","Clipped","Winter",NA,"Spring","062610","SCARF","Experimental",2026-01-20,2026-01-20,1,"SAN JOAQ R GRT VAL GR 140","RMIS",31,30,120,0.25,"Normal count",200,1,4,2.6,NA,NA,1980780,-4205
"2026-02-20 06:00:00","CVP","Chinook Salmon","Clipped","Winter",NA,"Spring","062610","SCARF","Experimental",2026-01-20,2026-01-20,1,"SAN JOAQ R GRT VAL GR 140","RMIS",31,30,120,0.25,"Normal count",212,1,4,2.6,NA,NA,1980781,-4205
"2026-02-20 06:00:00","CVP","Chinook Salmon","Clipped","Winter",NA,"Spring","062610","SCARF","SJRRP",2026-01-20,2026-01-20,1,"San Joaquin River at Highway 140","CDFW inseason spreadsheet",31,30,120,0.25,"Normal count",212,1,4,2.6,NA,NA,1980781,-4205
"2026-02-20 06:00:00","CVP","Chinook Salmon","Clipped","Winter",NA,NA,NA,NA,NA,NA,NA,NA,NA,NA,NA,30,120,0.25,"Normal count",233,1,4,2.6,NA,NA,1980782,-4205
"2026-02-20 06:00:00","CVP","Chinook Salmon","Clipped","LateFall",NA,NA,NA,NA,NA,NA,NA,NA,NA,NA,NA,30,120,0.25,"Normal count",243,1,4,2.6,NA,NA,1980783,-4205
"2026-02-20 06:00:00","CVP","Chinook Salmon","Clipped","LateFall",NA,"Spring","061970","SCARF","Experimental",2026-01-20,2026-01-20,1,"SAN JOAQ R GRT VAL GR 140","RMIS",31,30,120,0.25,"Normal count",251,1,4,2.6,NA,NA,1980784,-4205
"2026-02-20 06:00:00","CVP","Chinook Salmon","Clipped","LateFall",NA,"Spring","061970","SCARF","SJRRP",2026-01-20,2026-01-20,1,"San Joaquin River at Highway 140","CDFW inseason spreadsheet",31,30,120,0.25,"Normal count",251,1,4,2.6,NA,NA,1980784,-4205
"2026-02-20 08:00:00","CVP","Chinook Salmon","Unclipped","Fall","Fall",NA,NA,NA,NA,NA,NA,NA,NA,NA,NA,30,120,0.25,"Normal count",36,1,4,2.33,"C260387CVP",0.87199998,1980598,-4205
"2026-02-20 10:00:00","CVP","Chinook Salmon","Clipped","LateFall",NA,NA,NA,NA,NA,NA,NA,NA,NA,NA,NA,30,120,0.25,"Normal count",242,1,4,2.6,NA,NA,1980650,-4205
"2026-02-20 12:00:00","CVP","Chinook Salmon","Unclipped","Fall","Fall",NA,NA,NA,NA,NA,NA,NA,NA,NA,NA,30,120,0.25,"Normal count",36,1,4,2.33,"C260388CVP",0.81699997,1980620,-4205
"2026-02-20 12:00:00","CVP","Chinook Salmon","Unclipped","Fall","Fall",NA,NA,NA,NA,NA,NA,NA,NA,NA,NA,30,120,0.25,"Normal count",37,1,4,2.33,"C260389CVP",0.94,1980621,-4205
"2026-02-20 12:00:00","CVP","Chinook Salmon","Clipped","Winter",NA,"Spring","062610","SCARF","SJRRP",2026-01-20,2026-01-20,1,"San Joaquin River at Highway 140","CDFW inseason spreadsheet",31,30,120,0.25,"Normal count",217,1,4,2.6,NA,NA,1980622,-4205
"2026-02-20 12:00:00","CVP","Chinook Salmon","Clipped","Winter",NA,"Spring","062610","SCARF","Experimental",2026-01-20,2026-01-20,1,"SAN JOAQ R GRT VAL GR 140","RMIS",31,30,120,0.25,"Normal count",217,1,4,2.6,NA,NA,1980622,-4205
"2026-02-20 14:00:00","CVP","Chinook Salmon","Clipped","Winter",NA,"Spring","062610","SCARF","SJRRP",2026-01-20,2026-01-20,1,"San Joaquin River at Highway 140","CDFW inseason spreadsheet",31,30,120,0.25,"Normal count",211,1,4,2.6,NA,NA,1980624,-4205
"2026-02-20 14:00:00","CVP","Chinook Salmon","Clipped","Winter",NA,"Spring","062610","SCARF","Experimental",2026-01-20,2026-01-20,1,"SAN JOAQ R GRT VAL GR 140","RMIS",31,30,120,0.25,"Normal count",211,1,4,2.6,NA,NA,1980624,-4205
"2026-02-20 16:00:00","CVP","Chinook Salmon","Unclipped","Fall","Fall",NA,NA,NA,NA,NA,NA,NA,NA,NA,NA,30,120,0.25,"Normal count",42,1,4,2.33,"C260390CVP",0.405,1980701,-4205
"2026-02-20 16:00:00","CVP","Chinook Salmon","Clipped","Winter",NA,"Spring","062610","SCARF","SJRRP",2026-01-20,2026-01-20,1,"San Joaquin River at Highway 140","CDFW inseason spreadsheet",31,30,120,0.25,"Normal count",181,1,4,2.6,NA,NA,1980702,-4205
"2026-02-20 16:00:00","CVP","Chinook Salmon","Clipped","Winter",NA,"Spring","062610","SCARF","Experimental",2026-01-20,2026-01-20,1,"SAN JOAQ R GRT VAL GR 140","RMIS",31,30,120,0.25,"Normal count",181,1,4,2.6,NA,NA,1980702,-4205
"2026-02-20 16:00:00","CVP","Chinook Salmon","Clipped","LateFall",NA,NA,NA,NA,NA,NA,NA,NA,NA,NA,NA,30,120,0.25,"Normal count",251,1,4,2.6,NA,NA,1980703,-4205
"2026-02-20 18:00:00","CVP","Chinook Salmon","Unclipped","Fall","Fall",NA,NA,NA,NA,NA,NA,NA,NA,NA,NA,30,120,0.25,"Normal count",36,1,4,2.33,"C260391CVP",0.88,1980606,-4205
"2026-02-20 18:00:00","CVP","Chinook Salmon","Unclipped","Fall","Fall",NA,NA,NA,NA,NA,NA,NA,NA,NA,NA,30,120,0.25,"Normal count",36,1,4,2.33,"C260392CVP",0.88300002,1980606,-4205
"2026-02-20 18:00:00","CVP","Chinook Salmon","Unclipped","Fall","Fall",NA,NA,NA,NA,NA,NA,NA,NA,NA,NA,30,120,0.25,"Normal count",37,1,4,2.33,"C260393CVP",0.98500001,1980607,-4205
"2026-02-20 18:00:00","CVP","Chinook Salmon","Unclipped","Fall","Fall",NA,NA,NA,NA,NA,NA,NA,NA,NA,NA,30,120,0.25,"Normal count",42,1,4,2.33,"C260394CVP",0.73799998,1980608,-4205
"2026-02-20 23:59:00","CVP","Chinook Salmon","Unclipped","Fall","Fall",NA,NA,NA,NA,NA,NA,NA,NA,NA,NA,30,120,0.25,"Normal count",35,1,4,2.33,"C260397CVP",1,1980642,-4205
"2026-02-20 23:59:00","CVP","Chinook Salmon","Unclipped","Fall","Fall",NA,NA,NA,NA,NA,NA,NA,NA,NA,NA,30,120,0.25,"Normal count",35,1,4,2.33,"C260400CVP",0.85500002,1980642,-4205
"2026-02-20 23:59:00","CVP","Chinook Salmon","Unclipped","Fall","Fall",NA,NA,NA,NA,NA,NA,NA,NA,NA,NA,30,120,0.25,"Normal count",36,1,4,2.33,"C260401CVP",0.838,1980643,-4205
"2026-02-20 23:59:00","CVP","Chinook Salmon","Unclipped","Fall","Fall",NA,NA,NA,NA,NA,NA,NA,NA,NA,NA,30,120,0.25,"Normal count",37,1,4,2.33,"C260399CVP",0.80400002,1980644,-4205
"2026-02-20 23:59:00","CVP","Chinook Salmon","Unclipped","Fall","Fall",NA,NA,NA,NA,NA,NA,NA,NA,NA,NA,30,120,0.25,"Normal count",38,1,4,2.33,"C260398CVP",0.66100001,1980645,-4205
"2026-02-20 23:59:00","CVP","Chinook Salmon","Unclipped","Fall","Fall",NA,NA,NA,NA,NA,NA,NA,NA,NA,NA,30,120,0.25,"Normal count",38,1,4,2.33,"C260396CVP",0.51700002,1980645,-4205
"2026-02-20 23:59:00","CVP","Chinook Salmon","Unclipped","Fall","Fall",NA,NA,NA,NA,NA,NA,NA,NA,NA,NA,30,120,0.25,"Normal count",39,1,4,2.33,"C260395CVP",0.91000003,1980646,-4205
"2026-02-20 23:59:00","CVP","Chinook Salmon","Clipped","Winter",NA,"Spring","062610","SCARF","SJRRP",2026-01-20,2026-01-20,1,"San Joaquin River at Highway 140","CDFW inseason spreadsheet",31,30,120,0.25,"Normal count",184,1,4,2.6,NA,NA,1980647,-4205
"2026-02-20 23:59:00","CVP","Chinook Salmon","Clipped","Winter",NA,"Spring","062610","SCARF","Experimental",2026-01-20,2026-01-20,1,"SAN JOAQ R GRT VAL GR 140","RMIS",31,30,120,0.25,"Normal count",184,1,4,2.6,NA,NA,1980647,-4205
"2026-02-21 02:00:00","CVP","Chinook Salmon","Unclipped","Fall","Fall",NA,NA,NA,NA,NA,NA,NA,NA,NA,NA,30,120,0.25,"Normal count",36,1,4,2.33,"C260405CVP",0.96600002,1981019,-4320
"2026-02-21 02:00:00","CVP","Chinook Salmon","Unclipped","Fall","Fall",NA,NA,NA,NA,NA,NA,NA,NA,NA,NA,30,120,0.25,"Normal count",37,1,4,2.33,"C260407CVP",0.89499998,1981020,-4320
"2026-02-21 02:00:00","CVP","Chinook Salmon","Unclipped","Fall","Fall",NA,NA,NA,NA,NA,NA,NA,NA,NA,NA,30,120,0.25,"Normal count",38,1,4,2.33,"C260404CVP",0.90600002,1981021,-4320
"2026-02-21 02:00:00","CVP","Chinook Salmon","Unclipped","Fall","Fall",NA,NA,NA,NA,NA,NA,NA,NA,NA,NA,30,120,0.25,"Normal count",38,1,4,2.33,"C260403CVP",0.57200003,1981021,-4320
"2026-02-21 02:00:00","CVP","Chinook Salmon","Unclipped","Fall","Fall",NA,NA,NA,NA,NA,NA,NA,NA,NA,NA,30,120,0.25,"Normal count",38,1,4,2.33,"C260402CVP",0.84600002,1981021,-4320
"2026-02-21 02:00:00","CVP","Chinook Salmon","Unclipped","Fall","Fall",NA,NA,NA,NA,NA,NA,NA,NA,NA,NA,30,120,0.25,"Normal count",41,1,4,2.33,"C260406CVP",0.97600001,1981022,-4320
"2026-02-21 04:00:00","CVP","Chinook Salmon","Unclipped","Fall","LateFall",NA,NA,NA,NA,NA,NA,NA,NA,NA,NA,30,120,0.25,"Normal count",35,1,4,2.33,"C260410CVP",0.76999998,1980837,-4320
"2026-02-21 04:00:00","CVP","Chinook Salmon","Unclipped","Fall","Fall",NA,NA,NA,NA,NA,NA,NA,NA,NA,NA,30,120,0.25,"Normal count",35,1,4,2.33,"C260412CVP",0.602,1980837,-4320
"2026-02-21 04:00:00","CVP","Chinook Salmon","Unclipped","Fall","LateFall",NA,NA,NA,NA,NA,NA,NA,NA,NA,NA,30,120,0.25,"Normal count",37,1,4,2.33,"C260411CVP",0.99900001,1980838,-4320
"2026-02-21 04:00:00","CVP","Chinook Salmon","Unclipped","Fall","Fall",NA,NA,NA,NA,NA,NA,NA,NA,NA,NA,30,120,0.25,"Normal count",38,1,4,2.33,"C260409CVP",0.991,1980839,-4320
"2026-02-21 04:00:00","CVP","Chinook Salmon","Unclipped","Fall","Fall",NA,NA,NA,NA,NA,NA,NA,NA,NA,NA,30,120,0.25,"Normal count",39,1,4,2.33,"C260408CVP",0.91299999,1980840,-4320
"2026-02-21 06:00:00","CVP","Chinook Salmon","Unclipped","Fall","Fall",NA,NA,NA,NA,NA,NA,NA,NA,NA,NA,30,120,0.25,"Normal count",35,1,4,2.33,"C260424CVP",0.53600001,1980831,-4320
"2026-02-21 06:00:00","CVP","Chinook Salmon","Unclipped","Fall","Fall",NA,NA,NA,NA,NA,NA,NA,NA,NA,NA,30,120,0.25,"Normal count",36,1,4,2.33,"C260425CVP",0.58099997,1980832,-4320
"2026-02-21 06:00:00","CVP","Chinook Salmon","Unclipped","Fall","Fall",NA,NA,NA,NA,NA,NA,NA,NA,NA,NA,30,120,0.25,"Normal count",36,1,4,2.33,"C260423CVP",0.96700001,1980832,-4320
"2026-02-21 06:00:00","CVP","Chinook Salmon","Unclipped","Fall","Fall",NA,NA,NA,NA,NA,NA,NA,NA,NA,NA,30,120,0.25,"Normal count",36,1,4,2.33,"C260422CVP",0.81099999,1980832,-4320
"2026-02-21 06:00:00","CVP","Chinook Salmon","Unclipped","Fall","Fall",NA,NA,NA,NA,NA,NA,NA,NA,NA,NA,30,120,0.25,"Normal count",36,1,4,2.33,"C260421CVP",0.59899998,1980832,-4320
"2026-02-21 06:00:00","CVP","Chinook Salmon","Unclipped","Fall","Fall",NA,NA,NA,NA,NA,NA,NA,NA,NA,NA,30,120,0.25,"Normal count",36,1,4,2.33,"C260426CVP",0.41,1980832,-4320
"2026-02-21 06:00:00","CVP","Chinook Salmon","Unclipped","Fall","Fall",NA,NA,NA,NA,NA,NA,NA,NA,NA,NA,30,120,0.25,"Normal count",37,1,4,2.33,"C260427CVP",0.565,1980833,-4320
"2026-02-21 06:00:00","CVP","Chinook Salmon","Unclipped","Fall","Fall",NA,NA,NA,NA,NA,NA,NA,NA,NA,NA,30,120,0.25,"Normal count",37,1,4,2.33,"C260415CVP",0.56,1980833,-4320
"2026-02-21 06:00:00","CVP","Chinook Salmon","Unclipped","Fall","Fall",NA,NA,NA,NA,NA,NA,NA,NA,NA,NA,30,120,0.25,"Normal count",37,1,4,2.33,"C260416CVP",0.99400002,1980833,-4320
"2026-02-21 06:00:00","CVP","Chinook Salmon","Unclipped","Fall","Fall",NA,NA,NA,NA,NA,NA,NA,NA,NA,NA,30,120,0.25,"Normal count",37,1,4,2.33,"C260419CVP",0.64099997,1980833,-4320
"2026-02-21 06:00:00","CVP","Chinook Salmon","Unclipped","Fall","Fall",NA,NA,NA,NA,NA,NA,NA,NA,NA,NA,30,120,0.25,"Normal count",37,1,4,2.33,"C260420CVP",0.99599999,1980833,-4320
"2026-02-21 06:00:00","CVP","Chinook Salmon","Unclipped","Fall","Fall",NA,NA,NA,NA,NA,NA,NA,NA,NA,NA,30,120,0.25,"Normal count",37,1,4,2.33,"C260429CVP",0.89899999,1980833,-4320
"2026-02-21 06:00:00","CVP","Chinook Salmon","Unclipped","Fall","Fall",NA,NA,NA,NA,NA,NA,NA,NA,NA,NA,30,120,0.25,"Normal count",37,1,4,2.33,"C260430CVP",0.602,1980833,-4320
"2026-02-21 06:00:00","CVP","Chinook Salmon","Unclipped","Fall","Fall",NA,NA,NA,NA,NA,NA,NA,NA,NA,NA,30,120,0.25,"Normal count",38,1,4,2.33,"C260418CVP",0.72799999,1980834,-4320
"2026-02-21 06:00:00","CVP","Chinook Salmon","Unclipped","Fall","Fall",NA,NA,NA,NA,NA,NA,NA,NA,NA,NA,30,120,0.25,"Normal count",38,1,4,2.33,"C260428CVP",0.75199997,1980834,-4320
"2026-02-21 06:00:00","CVP","Chinook Salmon","Unclipped","Fall","LateFall",NA,NA,NA,NA,NA,NA,NA,NA,NA,NA,30,120,0.25,"Normal count",38,1,4,2.33,"C260417CVP",0.76599997,1980834,-4320
"2026-02-21 06:00:00","CVP","Chinook Salmon","Unclipped","Fall","Fall",NA,NA,NA,NA,NA,NA,NA,NA,NA,NA,30,120,0.25,"Normal count",38,1,4,2.33,"C260414CVP",0.50999999,1980834,-4320
"2026-02-21 06:00:00","CVP","Chinook Salmon","Unclipped","Fall","Fall",NA,NA,NA,NA,NA,NA,NA,NA,NA,NA,30,120,0.25,"Normal count",48,1,4,2.33,"C260413CVP",0.63499999,1980835,-4320
"2026-02-21 08:00:00","CVP","Chinook Salmon","Unclipped","Fall","Fall",NA,NA,NA,NA,NA,NA,NA,NA,NA,NA,30,120,0.25,"Normal count",36,1,4,2.33,"C260431CVP",0.89099997,1980814,-4320
"2026-02-21 16:00:00","CVP","Chinook Salmon","Unclipped","Winter","Winter",NA,NA,NA,NA,NA,NA,NA,NA,NA,NA,30,120,0.25,"Normal count",121,1,4,2.6,"C260432CVP",1,1980946,-4320
"2026-02-21 18:00:00","CVP","Chinook Salmon","Unclipped","Fall","Fall",NA,NA,NA,NA,NA,NA,NA,NA,NA,NA,30,120,0.25,"Normal count",36,1,4,2.33,"C260436CVP",0.82999998,1980956,-4320
"2026-02-21 18:00:00","CVP","Chinook Salmon","Unclipped","Fall","Fall",NA,NA,NA,NA,NA,NA,NA,NA,NA,NA,30,120,0.25,"Normal count",37,1,4,2.33,"C260434CVP",0.458,1980957,-4320
"2026-02-21 18:00:00","CVP","Chinook Salmon","Unclipped","Fall","Fall",NA,NA,NA,NA,NA,NA,NA,NA,NA,NA,30,120,0.25,"Normal count",39,1,4,2.33,"C260435CVP",0.85900003,1980958,-4320
"2026-02-21 18:00:00","CVP","Chinook Salmon","Unclipped","Fall","Fall",NA,NA,NA,NA,NA,NA,NA,NA,NA,NA,30,120,0.25,"Normal count",39,1,4,2.33,"C260433CVP",0.61500001,1980958,-4320
"2026-02-21 20:00:00","CVP","Chinook Salmon","Unclipped","Fall","Fall",NA,NA,NA,NA,NA,NA,NA,NA,NA,NA,30,120,0.25,"Normal count",37,1,4,2.33,"C260437CVP",0.95499998,1980950,-4320
"2026-02-21 20:00:00","CVP","Chinook Salmon","Clipped","Winter",NA,"Spring","062610","SCARF","Experimental",2026-01-20,2026-01-20,1,"SAN JOAQ R GRT VAL GR 140","RMIS",32,30,120,0.25,"Normal count",214,1,4,2.6,NA,NA,1980951,-4320
"2026-02-21 20:00:00","CVP","Chinook Salmon","Clipped","Winter",NA,"Spring","062610","SCARF","SJRRP",2026-01-20,2026-01-20,1,"San Joaquin River at Highway 140","CDFW inseason spreadsheet",32,30,120,0.25,"Normal count",214,1,4,2.6,NA,NA,1980951,-4320
"2026-02-21 20:00:00","CVP","Chinook Salmon","Clipped","Winter",NA,NA,NA,NA,NA,NA,NA,NA,NA,NA,NA,30,120,0.25,"Normal count",220,1,4,2.6,NA,NA,1980952,-4320
"2026-02-21 23:59:00","CVP","Chinook Salmon","Unclipped","Fall","Fall",NA,NA,NA,NA,NA,NA,NA,NA,NA,NA,30,120,0.25,"Normal count",36,1,4,2.33,"C260439CVP",0.338,1980969,-4320
"2026-02-21 23:59:00","CVP","Chinook Salmon","Unclipped","Fall","Fall",NA,NA,NA,NA,NA,NA,NA,NA,NA,NA,30,120,0.25,"Normal count",37,1,4,2.33,"C260438CVP",0.51800001,1980970,-4320
"2026-02-22 02:00:00","CVP","Chinook Salmon","Unclipped","Fall","Fall",NA,NA,NA,NA,NA,NA,NA,NA,NA,NA,30,120,0.25,"Normal count",32,1,4,2.33,"C260443CVP",0.64700001,1981165,-4368
"2026-02-22 02:00:00","CVP","Chinook Salmon","Unclipped","Fall","Fall",NA,NA,NA,NA,NA,NA,NA,NA,NA,NA,30,120,0.25,"Normal count",36,1,4,2.33,"C260442CVP",0.99699998,1981166,-4368
"2026-02-22 02:00:00","CVP","Chinook Salmon","Unclipped","Fall","LateFall",NA,NA,NA,NA,NA,NA,NA,NA,NA,NA,30,120,0.25,"Normal count",37,1,4,2.33,"C260444CVP",0.97399998,1981167,-4368
"2026-02-22 02:00:00","CVP","Chinook Salmon","Unclipped","Fall","Fall",NA,NA,NA,NA,NA,NA,NA,NA,NA,NA,30,120,0.25,"Normal count",37,1,4,2.33,"C260446CVP",0.58899999,1981167,-4368
"2026-02-22 02:00:00","CVP","Chinook Salmon","Unclipped","Fall","Fall",NA,NA,NA,NA,NA,NA,NA,NA,NA,NA,30,120,0.25,"Normal count",37,1,4,2.33,"C260445CVP",0.44100001,1981167,-4368
"2026-02-22 02:00:00","CVP","Chinook Salmon","Unclipped","Fall","Fall",NA,NA,NA,NA,NA,NA,NA,NA,NA,NA,30,120,0.25,"Normal count",38,1,4,2.33,"C260441CVP",0.833,1981168,-4368
"2026-02-22 02:00:00","CVP","Chinook Salmon","Unclipped","Fall","Fall",NA,NA,NA,NA,NA,NA,NA,NA,NA,NA,30,120,0.25,"Normal count",40,1,4,2.33,"C260440CVP",0.48800001,1981169,-4368
"2026-02-22 04:00:00","CVP","Chinook Salmon","Unclipped","Fall","Fall",NA,NA,NA,NA,NA,NA,NA,NA,NA,NA,30,120,0.25,"Normal count",36,1,4,2.33,"C260449CVP",0.67299998,1981097,-4368
"2026-02-22 04:00:00","CVP","Chinook Salmon","Unclipped","Fall","Fall",NA,NA,NA,NA,NA,NA,NA,NA,NA,NA,30,120,0.25,"Normal count",36,1,4,2.33,"C260448CVP",0.77499998,1981097,-4368
"2026-02-22 04:00:00","CVP","Chinook Salmon","Unclipped","Fall","Fall",NA,NA,NA,NA,NA,NA,NA,NA,NA,NA,30,120,0.25,"Normal count",39,1,4,2.33,"C260447CVP",0.84799999,1981098,-4368
"2026-02-22 04:00:00","CVP","Chinook Salmon","Unclipped","Spring","Spring",NA,NA,NA,NA,NA,NA,NA,NA,NA,NA,30,120,0.25,"Normal count",82,1,4,2.33,"C260450CVP",0.67799997,1981099,-4368
"2026-02-22 06:00:00","CVP","Chinook Salmon","Unclipped","Fall","Fall",NA,NA,NA,NA,NA,NA,NA,NA,NA,NA,30,120,0.25,"Normal count",34,1,4,2.33,"C260455CVP",0.921,1981106,-4368
"2026-02-22 06:00:00","CVP","Chinook Salmon","Unclipped","Fall","Fall",NA,NA,NA,NA,NA,NA,NA,NA,NA,NA,30,120,0.25,"Normal count",35,1,4,2.33,"C260454CVP",0.72500002,1981107,-4368
"2026-02-22 06:00:00","CVP","Chinook Salmon","Unclipped","Fall","Fall",NA,NA,NA,NA,NA,NA,NA,NA,NA,NA,30,120,0.25,"Normal count",36,1,4,2.33,"C260451CVP",0.51499999,1981108,-4368
"2026-02-22 06:00:00","CVP","Chinook Salmon","Unclipped","Fall","Fall",NA,NA,NA,NA,NA,NA,NA,NA,NA,NA,30,120,0.25,"Normal count",38,1,4,2.33,"C260452CVP",0.97000003,1981109,-4368
"2026-02-22 06:00:00","CVP","Chinook Salmon","Unclipped","Fall","Fall",NA,NA,NA,NA,NA,NA,NA,NA,NA,NA,30,120,0.25,"Normal count",39,1,4,2.33,"C260453CVP",0.47600001,1981110,-4368
"2026-02-22 08:00:00","CVP","Chinook Salmon","Unclipped","Fall","Fall",NA,NA,NA,NA,NA,NA,NA,NA,NA,NA,30,120,0.25,"Normal count",36,1,4,2.33,"C260460CVP",0.82800001,1981051,-4368
"2026-02-22 08:00:00","CVP","Chinook Salmon","Unclipped","Fall","Fall",NA,NA,NA,NA,NA,NA,NA,NA,NA,NA,30,120,0.25,"Normal count",36,1,4,2.33,"C260459CVP",0.82499999,1981051,-4368
"2026-02-22 08:00:00","CVP","Chinook Salmon","Unclipped","Fall","Fall",NA,NA,NA,NA,NA,NA,NA,NA,NA,NA,30,120,0.25,"Normal count",37,1,4,2.33,"C260458CVP",0.414,1981052,-4368
"2026-02-22 08:00:00","CVP","Chinook Salmon","Unclipped","Fall","Spring",NA,NA,NA,NA,NA,NA,NA,NA,NA,NA,30,120,0.25,"Normal count",52,1,4,2.33,"C260457CVP",0.98900002,1981053,-4368
"2026-02-22 08:00:00","CVP","Chinook Salmon","Unclipped","Spring","Spring",NA,NA,NA,NA,NA,NA,NA,NA,NA,NA,30,120,0.25,"Normal count",80,1,4,2.33,"C260456CVP",0.81999999,1981054,-4368
"2026-02-22 10:00:00","CVP","Chinook Salmon","Unclipped","Winter","Winter",NA,NA,NA,NA,NA,NA,NA,NA,NA,NA,30,120,0.25,"Normal count",108,1,4,2.6,"C260461CVP",1,1981225,-4368
"2026-02-22 14:00:00","CVP","Chinook Salmon","Unclipped","Fall","Fall",NA,NA,NA,NA,NA,NA,NA,NA,NA,NA,30,120,0.25,"Normal count",38,1,4,2.33,"C260462CVP",0.87900001,1981236,-4368
"2026-02-22 16:00:00","CVP","Chinook Salmon","Unclipped","Fall","Fall",NA,NA,NA,NA,NA,NA,NA,NA,NA,NA,30,120,0.25,"Normal count",37,1,4,2.33,"C260464CVP",0.51099998,1981079,-4368
"2026-02-22 16:00:00","CVP","Chinook Salmon","Unclipped","Fall","Fall",NA,NA,NA,NA,NA,NA,NA,NA,NA,NA,30,120,0.25,"Normal count",37,1,4,2.33,"C260463CVP",0.91299999,1981079,-4368
"2026-02-22 18:00:00","CVP","Chinook Salmon","Unclipped","Fall","Fall",NA,NA,NA,NA,NA,NA,NA,NA,NA,NA,30,120,0.25,"Normal count",33,1,4,2.33,"C260467CVP",0.74800003,1981140,-4368
"2026-02-22 18:00:00","CVP","Chinook Salmon","Unclipped","Fall","Fall",NA,NA,NA,NA,NA,NA,NA,NA,NA,NA,30,120,0.25,"Normal count",36,1,4,2.33,"C260466CVP",0.653,1981141,-4368
"2026-02-22 18:00:00","CVP","Chinook Salmon","Unclipped","Fall","Fall",NA,NA,NA,NA,NA,NA,NA,NA,NA,NA,30,120,0.25,"Normal count",37,1,4,2.33,"C260469CVP",0.94700003,1981142,-4368
"2026-02-22 18:00:00","CVP","Chinook Salmon","Unclipped","Fall","Fall",NA,NA,NA,NA,NA,NA,NA,NA,NA,NA,30,120,0.25,"Normal count",38,1,4,2.33,"C260470CVP",0.98400003,1981143,-4368
"2026-02-22 18:00:00","CVP","Chinook Salmon","Unclipped","Fall","Fall",NA,NA,NA,NA,NA,NA,NA,NA,NA,NA,30,120,0.25,"Normal count",38,1,4,2.33,"C260465CVP",0.53299999,1981143,-4368
"2026-02-22 18:00:00","CVP","Chinook Salmon","Unclipped","Fall","Fall",NA,NA,NA,NA,NA,NA,NA,NA,NA,NA,30,120,0.25,"Normal count",39,1,4,2.33,"C260468CVP",0.76800001,1981144,-4368
"2026-02-22 20:00:00","CVP","Chinook Salmon","Unclipped","Fall","Fall",NA,NA,NA,NA,NA,NA,NA,NA,NA,NA,30,120,0.25,"Normal count",38,1,4,2.33,"C260474CVP",0.56800002,1981232,-4368
"2026-02-22 20:00:00","CVP","Chinook Salmon","Unclipped","Fall","Fall",NA,NA,NA,NA,NA,NA,NA,NA,NA,NA,30,120,0.25,"Normal count",43,1,4,2.33,"C260472CVP",0.87800002,1981233,-4368
"2026-02-22 20:00:00","CVP","Chinook Salmon","Unclipped","Fall","Fall",NA,NA,NA,NA,NA,NA,NA,NA,NA,NA,30,120,0.25,"Normal count",53,1,4,2.33,"C260473CVP",0.52200001,1981234,-4368
"2026-02-22 20:00:00","CVP","Chinook Salmon","Unclipped","Spring","Spring",NA,NA,NA,NA,NA,NA,NA,NA,NA,NA,30,120,0.25,"Normal count",81,1,4,2.33,"C260471CVP",0.83099997,1981235,-4368
"2026-02-22 22:00:00","CVP","Chinook Salmon","Unclipped","Fall","Fall",NA,NA,NA,NA,NA,NA,NA,NA,NA,NA,30,120,0.25,"Normal count",36,1,4,2.33,"C260480CVP",0.55500001,1981181,-4368
"2026-02-22 22:00:00","CVP","Chinook Salmon","Unclipped","Fall","Fall",NA,NA,NA,NA,NA,NA,NA,NA,NA,NA,30,120,0.25,"Normal count",37,1,4,2.33,"C260479CVP",0.79100001,1981182,-4368
"2026-02-22 22:00:00","CVP","Chinook Salmon","Unclipped","Fall","Fall",NA,NA,NA,NA,NA,NA,NA,NA,NA,NA,30,120,0.25,"Normal count",37,1,4,2.33,"C260483CVP",0.90200001,1981182,-4368
"2026-02-22 22:00:00","CVP","Chinook Salmon","Unclipped","Fall","Fall",NA,NA,NA,NA,NA,NA,NA,NA,NA,NA,30,120,0.25,"Normal count",38,1,4,2.33,"C260481CVP",0.62199998,1981183,-4368
"2026-02-22 22:00:00","CVP","Chinook Salmon","Unclipped","Fall","Fall",NA,NA,NA,NA,NA,NA,NA,NA,NA,NA,30,120,0.25,"Normal count",39,1,4,2.33,"C260477CVP",0.59100002,1981184,-4368
"2026-02-22 22:00:00","CVP","Chinook Salmon","Unclipped","Fall","Fall",NA,NA,NA,NA,NA,NA,NA,NA,NA,NA,30,120,0.25,"Normal count",41,1,4,2.33,"C260478CVP",0.85799998,1981185,-4368
"2026-02-22 22:00:00","CVP","Chinook Salmon","Unclipped","Fall","Fall",NA,NA,NA,NA,NA,NA,NA,NA,NA,NA,30,120,0.25,"Normal count",49,1,4,2.33,"C260475CVP",0.405,1981186,-4368
"2026-02-22 22:00:00","CVP","Chinook Salmon","Unclipped","Fall","Fall",NA,NA,NA,NA,NA,NA,NA,NA,NA,NA,30,120,0.25,"Normal count",51,1,4,2.33,"C260476CVP",0.79900002,1981187,-4368
"2026-02-22 22:00:00","CVP","Chinook Salmon","Clipped","Winter","Spring",NA,"100000",NA,NA,NA,NA,NA,NA,NA,NA,30,120,0.25,"Normal count",203,1,4,2.6,"C260482CVP",0.76099998,1981188,-4368
"2026-02-22 23:59:00","CVP","Chinook Salmon","Unclipped","Fall","Fall",NA,NA,NA,NA,NA,NA,NA,NA,NA,NA,30,120,0.25,"Normal count",34,1,4,2.33,"C260484CVP",0.546,1981228,-4368
"2026-02-22 23:59:00","CVP","Chinook Salmon","Unclipped","Fall","Fall",NA,NA,NA,NA,NA,NA,NA,NA,NA,NA,30,120,0.25,"Normal count",38,1,4,2.33,"C260485CVP",0.84100002,1981229,-4368
"2026-02-23 02:00:00","CVP","Chinook Salmon","Unclipped","Fall","Fall",NA,NA,NA,NA,NA,NA,NA,NA,NA,NA,30,120,0.25,"Normal count",37,1,4,2.33,"C260497CVP",0.91600001,1981355,-4507
"2026-02-23 02:00:00","CVP","Chinook Salmon","Unclipped","Fall","Fall",NA,NA,NA,NA,NA,NA,NA,NA,NA,NA,30,120,0.25,"Normal count",37,1,4,2.33,"C260486CVP",0.97899997,1981355,-4507
"2026-02-23 02:00:00","CVP","Chinook Salmon","Unclipped","Fall","Fall",NA,NA,NA,NA,NA,NA,NA,NA,NA,NA,30,120,0.25,"Normal count",48,1,4,2.33,"C260498CVP",0.67199999,1981356,-4507
"2026-02-23 04:00:00","CVP","Chinook Salmon","Unclipped","Fall","Fall",NA,NA,NA,NA,NA,NA,NA,NA,NA,NA,30,120,0.25,"Normal count",36,1,4,2.33,"C260499CVP",0.995,1981270,-4507
"2026-02-23 06:00:00","CVP","Chinook Salmon","Unclipped","Fall","LateFall",NA,NA,NA,NA,NA,NA,NA,NA,NA,NA,30,120,0.25,"Normal count",34,1,4,2.33,"C260500CVP",0.97100002,1981296,-4507
"2026-02-23 06:00:00","CVP","Chinook Salmon","Unclipped","Fall","Fall",NA,NA,NA,NA,NA,NA,NA,NA,NA,NA,30,120,0.25,"Normal count",38,1,4,2.33,"C260501CVP",0.99800003,1981297,-4507
"2026-02-23 06:00:00","CVP","Chinook Salmon","Clipped","Winter","Spring",NA,NA,NA,NA,NA,NA,NA,NA,NA,NA,30,120,0.25,"Normal count",215,1,4,2.6,"C260502CVP",0.778,1981298,-4507
"2026-02-23 08:00:00","CVP","Chinook Salmon","Unclipped","Fall","Fall",NA,NA,NA,NA,NA,NA,NA,NA,NA,NA,30,120,0.25,"Normal count",35,1,4,2.33,"C260503CVP",0.91500002,1981306,-4507
"2026-02-23 08:00:00","CVP","Chinook Salmon","Unclipped","Fall","Fall",NA,NA,NA,NA,NA,NA,NA,NA,NA,NA,30,120,0.25,"Normal count",36,1,4,2.33,"C260504CVP",0.89200002,1981307,-4507
"2026-02-23 08:00:00","CVP","Chinook Salmon","Unclipped","Fall","LateFall",NA,NA,NA,NA,NA,NA,NA,NA,NA,NA,30,120,0.25,"Normal count",36,1,4,2.33,"C260505CVP",0.99400002,1981307,-4507
"2026-02-23 16:00:00","CVP","Chinook Salmon","Unclipped","Fall","Fall",NA,NA,NA,NA,NA,NA,NA,NA,NA,NA,30,120,0.25,"Normal count",37,1,4,2.33,"C260508CVP",0.384,1981386,-4507
"2026-02-23 16:00:00","CVP","Chinook Salmon","Unclipped","Fall","Fall",NA,NA,NA,NA,NA,NA,NA,NA,NA,NA,30,120,0.25,"Normal count",38,1,4,2.33,"C260509CVP",0.85399997,1981387,-4507
"2026-02-23 16:00:00","CVP","Chinook Salmon","Unclipped","Fall","Fall",NA,NA,NA,NA,NA,NA,NA,NA,NA,NA,30,120,0.25,"Normal count",40,1,4,2.33,"C260507CVP",0.954,1981388,-4507
"2026-02-23 16:00:00","CVP","Chinook Salmon","Unclipped","Spring","Fall",NA,NA,NA,NA,NA,NA,NA,NA,NA,NA,30,120,0.25,"Normal count",58,1,4,2.33,"C260506CVP",0.92500001,1981389,-4507
"2026-02-23 18:00:00","CVP","Chinook Salmon","Unclipped","Fall","Fall",NA,NA,NA,NA,NA,NA,NA,NA,NA,NA,30,120,0.25,"Normal count",35,1,4,2.33,"C260513CVP",0.68699998,1981340,-4507
"2026-02-23 18:00:00","CVP","Chinook Salmon","Unclipped","Fall","Fall",NA,NA,NA,NA,NA,NA,NA,NA,NA,NA,30,120,0.25,"Normal count",38,1,4,2.33,"C260511CVP",0.653,1981341,-4507
"2026-02-23 18:00:00","CVP","Chinook Salmon","Unclipped","Fall","Fall",NA,NA,NA,NA,NA,NA,NA,NA,NA,NA,30,120,0.25,"Normal count",38,1,4,2.33,"C260512CVP",0.87699997,1981341,-4507
"2026-02-23 18:00:00","CVP","Chinook Salmon","Unclipped","Fall","Fall",NA,NA,NA,NA,NA,NA,NA,NA,NA,NA,30,120,0.25,"Normal count",43,1,4,2.33,"C260510CVP",0.92400002,1981342,-4507
"2026-02-23 20:00:00","CVP","Chinook Salmon","Unclipped","Fall","Fall",NA,NA,NA,NA,NA,NA,NA,NA,NA,NA,30,120,0.25,"Normal count",35,1,4,2.33,"C260517CVP",0.76200002,1981336,-4507
"2026-02-23 20:00:00","CVP","Chinook Salmon","Unclipped","Fall","Fall",NA,NA,NA,NA,NA,NA,NA,NA,NA,NA,30,120,0.25,"Normal count",37,1,4,2.33,"C260515CVP",0.708,1981337,-4507
"2026-02-23 20:00:00","CVP","Chinook Salmon","Unclipped","Fall","Fall",NA,NA,NA,NA,NA,NA,NA,NA,NA,NA,30,120,0.25,"Normal count",39,1,4,2.33,"C260514CVP",0.648,1981338,-4507
"2026-02-23 20:00:00","CVP","Chinook Salmon","Unclipped","Fall","Fall",NA,NA,NA,NA,NA,NA,NA,NA,NA,NA,30,120,0.25,"Normal count",40,1,4,2.33,"C260516CVP",0.70999998,1981339,-4507
"2026-02-23 22:00:00","CVP","Chinook Salmon","Unclipped","Fall","Fall",NA,NA,NA,NA,NA,NA,NA,NA,NA,NA,30,120,0.25,"Normal count",36,1,4,2.33,"C260518CVP",0.71100003,1981272,-4507
"2026-02-23 22:00:00","CVP","Chinook Salmon","Unclipped","Fall","Fall",NA,NA,NA,NA,NA,NA,NA,NA,NA,NA,30,120,0.25,"Normal count",42,1,4,2.33,"C260519CVP",0.699,1981273,-4507
"2026-02-23 23:59:00","CVP","Chinook Salmon","Unclipped","Fall","Fall",NA,NA,NA,NA,NA,NA,NA,NA,NA,NA,30,120,0.25,"Normal count",36,1,4,2.33,"C260520CVP",0.69800001,1981404,-4507
"2026-02-23 23:59:00","CVP","Chinook Salmon","Unclipped","Fall","Fall",NA,NA,NA,NA,NA,NA,NA,NA,NA,NA,30,120,0.25,"Normal count",40,1,4,2.33,"C260521CVP",0.85500002,1981405,-4507
"2026-02-23 23:59:00","CVP","Chinook Salmon","Unclipped","Winter","Fall",NA,NA,NA,NA,NA,NA,NA,NA,NA,NA,30,120,0.25,"Normal count",146,1,4,2.6,"C260522CVP",0.523,1981406,-4507
"2026-02-23 23:59:00","CVP","Chinook Salmon","Clipped","Winter",NA,"Spring","062610","SCARF","SJRRP",2026-01-20,2026-01-20,1,"San Joaquin River at Highway 140","CDFW inseason spreadsheet",34,30,120,0.25,"Normal count",178,1,4,2.6,NA,NA,1981407,-4507
"2026-02-23 23:59:00","CVP","Chinook Salmon","Clipped","Winter",NA,"Spring","062610","SCARF","Experimental",2026-01-20,2026-01-20,1,"SAN JOAQ R GRT VAL GR 140","RMIS",34,30,120,0.25,"Normal count",178,1,4,2.6,NA,NA,1981407,-4507
"2026-02-24 02:00:00","CVP","Chinook Salmon","Unclipped","Fall","Fall",NA,NA,NA,NA,NA,NA,NA,NA,NA,NA,30,120,0.25,"Normal count",37,1,4,2.33,"C260525CVP",0.66000003,1981434,-4680
"2026-02-24 02:00:00","CVP","Chinook Salmon","Unclipped","Fall","Fall",NA,NA,NA,NA,NA,NA,NA,NA,NA,NA,30,120,0.25,"Normal count",37,1,4,2.33,"C260524CVP",0.35600001,1981434,-4680
"2026-02-24 02:00:00","CVP","Chinook Salmon","Unclipped","Fall","Fall",NA,NA,NA,NA,NA,NA,NA,NA,NA,NA,30,120,0.25,"Normal count",38,1,4,2.33,"C260526CVP",0.91000003,1981435,-4680
"2026-02-24 02:00:00","CVP","Chinook Salmon","Unclipped","Fall","Fall",NA,NA,NA,NA,NA,NA,NA,NA,NA,NA,30,120,0.25,"Normal count",38,1,4,2.33,"C260527CVP",0.412,1981435,-4680
"2026-02-24 02:00:00","CVP","Chinook Salmon","Unclipped","Winter","Winter",NA,NA,NA,NA,NA,NA,NA,NA,NA,NA,30,120,0.25,"Normal count",111,1,4,2.6,"C260523CVP",1,1981436,-4680
"2026-02-24 04:00:00","CVP","Chinook Salmon","Unclipped","Fall","Fall",NA,NA,NA,NA,NA,NA,NA,NA,NA,NA,30,120,0.25,"Normal count",33,1,4,2.33,"C260528CVP",0.366,1981499,-4680
"2026-02-24 04:00:00","CVP","Chinook Salmon","Unclipped","Fall","Fall",NA,NA,NA,NA,NA,NA,NA,NA,NA,NA,30,120,0.25,"Normal count",36,1,4,2.33,"C260529CVP",0.52200001,1981500,-4680
"2026-02-24 04:00:00","CVP","Chinook Salmon","Unclipped","Fall","Fall",NA,NA,NA,NA,NA,NA,NA,NA,NA,NA,30,120,0.25,"Normal count",38,1,4,2.33,"C260531CVP",0.59299999,1981501,-4680
"2026-02-24 04:00:00","CVP","Chinook Salmon","Unclipped","Fall","Fall",NA,NA,NA,NA,NA,NA,NA,NA,NA,NA,30,120,0.25,"Normal count",39,1,4,2.33,"C260532CVP",0.56199998,1981502,-4680
"2026-02-24 04:00:00","CVP","Chinook Salmon","Unclipped","Fall","Fall",NA,NA,NA,NA,NA,NA,NA,NA,NA,NA,30,120,0.25,"Normal count",39,1,4,2.33,"C260530CVP",0.53799999,1981502,-4680
"2026-02-24 04:00:00","CVP","Chinook Salmon","Unclipped","Fall","Fall",NA,NA,NA,NA,NA,NA,NA,NA,NA,NA,30,120,0.25,"Normal count",44,1,4,2.33,"C260533CVP",0.82800001,1981503,-4680
"2026-02-24 04:00:00","CVP","Chinook Salmon","Unclipped","Fall","Fall",NA,NA,NA,NA,NA,NA,NA,NA,NA,NA,30,120,0.25,"Normal count",45,1,4,2.33,"C260534CVP",0.98400003,1981504,-4680
"2026-02-24 04:00:00","CVP","Chinook Salmon","Unclipped","Fall","Fall",NA,NA,NA,NA,NA,NA,NA,NA,NA,NA,30,120,0.25,"Normal count",54,1,4,2.33,"C260535CVP",0.84500003,1981505,-4680
"2026-02-24 06:00:00","CVP","Chinook Salmon","Unclipped","Fall","Fall",NA,NA,NA,NA,NA,NA,NA,NA,NA,NA,30,120,0.25,"Normal count",37,1,4,2.33,"C260538CVP",0.61299998,1981443,-4680
"2026-02-24 06:00:00","CVP","Chinook Salmon","Unclipped","Fall","Fall",NA,NA,NA,NA,NA,NA,NA,NA,NA,NA,30,120,0.25,"Normal count",38,1,4,2.33,"C260536CVP",0.81699997,1981444,-4680
"2026-02-24 06:00:00","CVP","Chinook Salmon","Unclipped","Fall","Fall",NA,NA,NA,NA,NA,NA,NA,NA,NA,NA,30,120,0.25,"Normal count",38,1,4,2.33,"C260537CVP",0.98299998,1981444,-4680
"2026-02-24 06:00:00","CVP","Chinook Salmon","Unclipped","Fall","Fall",NA,NA,NA,NA,NA,NA,NA,NA,NA,NA,30,120,0.25,"Normal count",42,1,4,2.33,"C260539CVP",0.94800001,1981445,-4680
"2026-02-24 06:00:00","CVP","Chinook Salmon","Unclipped","Fall","Fall",NA,NA,NA,NA,NA,NA,NA,NA,NA,NA,30,120,0.25,"Normal count",54,1,4,2.33,"C260540CVP",0.745,1981446,-4680
"2026-02-24 08:00:00","CVP","Chinook Salmon","Unclipped","Fall","LateFall",NA,NA,NA,NA,NA,NA,NA,NA,NA,NA,30,120,0.25,"Normal count",35,1,4,2.33,"C260548CVP",0.70899999,1981462,-4680
"2026-02-24 08:00:00","CVP","Chinook Salmon","Unclipped","Fall","Fall",NA,NA,NA,NA,NA,NA,NA,NA,NA,NA,30,120,0.25,"Normal count",36,1,4,2.33,"C260541CVP",0.52999997,1981463,-4680
"2026-02-24 08:00:00","CVP","Chinook Salmon","Unclipped","Fall","Fall",NA,NA,NA,NA,NA,NA,NA,NA,NA,NA,30,120,0.25,"Normal count",37,1,4,2.33,"C260544CVP",0.76899999,1981464,-4680
"2026-02-24 08:00:00","CVP","Chinook Salmon","Unclipped","Fall","Fall",NA,NA,NA,NA,NA,NA,NA,NA,NA,NA,30,120,0.25,"Normal count",37,1,4,2.33,"C260542CVP",0.69999999,1981464,-4680
"2026-02-24 08:00:00","CVP","Chinook Salmon","Unclipped","Fall","Fall",NA,NA,NA,NA,NA,NA,NA,NA,NA,NA,30,120,0.25,"Normal count",37,1,4,2.33,"C260545CVP",0.98500001,1981464,-4680
"2026-02-24 08:00:00","CVP","Chinook Salmon","Unclipped","Fall","Fall",NA,NA,NA,NA,NA,NA,NA,NA,NA,NA,30,120,0.25,"Normal count",38,1,4,2.33,"C260546CVP",0.44400001,1981465,-4680
"2026-02-24 08:00:00","CVP","Chinook Salmon","Unclipped","Fall","Fall",NA,NA,NA,NA,NA,NA,NA,NA,NA,NA,30,120,0.25,"Normal count",38,1,4,2.33,"C260543CVP",0.49700001,1981465,-4680
"2026-02-24 08:00:00","CVP","Chinook Salmon","Unclipped","Fall","Fall",NA,NA,NA,NA,NA,NA,NA,NA,NA,NA,30,120,0.25,"Normal count",39,1,4,2.33,"C260547CVP",0.46599999,1981466,-4680
"2026-02-24 10:30:00","CVP","Chinook Salmon","Clipped","Winter",NA,NA,NA,NA,NA,NA,NA,NA,NA,NA,NA,NA,NA,NA,"Second flush",230,1,1,0.57,NA,NA,1981506,-4680
"2026-02-24 16:00:00","CVP","Chinook Salmon","Unclipped","Fall","Fall",NA,NA,NA,NA,NA,NA,NA,NA,NA,NA,30,120,0.25,"Normal count",36,1,4,2.33,"C260549CVP",0.94499999,1981451,-4680
"2026-02-24 20:00:00","CVP","Chinook Salmon","Unclipped","Fall","Fall",NA,NA,NA,NA,NA,NA,NA,NA,NA,NA,30,120,0.25,"Normal count",36,1,4,2.33,"C260550CVP",0.528,1981432,-4680
"2026-02-24 23:59:00","CVP","Chinook Salmon","Unclipped","Fall","Fall",NA,NA,NA,NA,NA,NA,NA,NA,NA,NA,30,120,0.25,"Normal count",37,1,4,2.33,"C260551CVP",0.465,1981472,-4680
"2026-02-24 23:59:00","CVP","Chinook Salmon","Unclipped","Fall","Fall",NA,NA,NA,NA,NA,NA,NA,NA,NA,NA,30,120,0.25,"Normal count",40,1,4,2.33,"C260552CVP",0.447,1981473,-4680
"2026-02-24 23:59:00","CVP","Chinook Salmon","Unclipped","Fall","Fall",NA,NA,NA,NA,NA,NA,NA,NA,NA,NA,30,120,0.25,"Normal count",54,1,4,2.33,"C260553CVP",0.71200001,1981474,-4680
"2026-02-25 02:00:00","CVP","Chinook Salmon","Unclipped","Fall","Fall",NA,NA,NA,NA,NA,NA,NA,NA,NA,NA,30,120,0.25,"Normal count",37,1,4,2.33,"C260554CVP",0.73199999,1981556,-4819
"2026-02-25 02:00:00","CVP","Chinook Salmon","Unclipped","Fall","Fall",NA,NA,NA,NA,NA,NA,NA,NA,NA,NA,30,120,0.25,"Normal count",43,1,4,2.33,"C260555CVP",0.69800001,1981557,-4819
"2026-02-25 04:00:00","CVP","Chinook Salmon","Unclipped","Fall","Fall",NA,NA,NA,NA,NA,NA,NA,NA,NA,NA,30,120,0.25,"Normal count",38,1,4,2.33,"C260556CVP",0.80000001,1981618,-4819
"2026-02-25 06:00:00","CVP","Chinook Salmon","Unclipped","Fall","Fall",NA,NA,NA,NA,NA,NA,NA,NA,NA,NA,30,120,0.25,"Normal count",37,1,4,2.33,"C260557CVP",0.82800001,1981607,-4819
"2026-02-25 06:00:00","CVP","Chinook Salmon","Unclipped","Fall","Fall",NA,NA,NA,NA,NA,NA,NA,NA,NA,NA,30,120,0.25,"Normal count",37,1,4,2.33,"C260561CVP",0.47799999,1981607,-4819
"2026-02-25 06:00:00","CVP","Chinook Salmon","Unclipped","Fall","Fall",NA,NA,NA,NA,NA,NA,NA,NA,NA,NA,30,120,0.25,"Normal count",37,1,4,2.33,"C260559CVP",0.991,1981607,-4819
"2026-02-25 06:00:00","CVP","Chinook Salmon","Unclipped","Fall","Fall",NA,NA,NA,NA,NA,NA,NA,NA,NA,NA,30,120,0.25,"Normal count",38,1,4,2.33,"C260558CVP",0.373,1981608,-4819
"2026-02-25 06:00:00","CVP","Chinook Salmon","Unclipped","Fall","Fall",NA,NA,NA,NA,NA,NA,NA,NA,NA,NA,30,120,0.25,"Normal count",38,1,4,2.33,"C260560CVP",0.62599999,1981608,-4819
"2026-02-25 06:00:00","CVP","Chinook Salmon","Unclipped","Fall","Fall",NA,NA,NA,NA,NA,NA,NA,NA,NA,NA,30,120,0.25,"Normal count",41,1,4,2.33,"C260563CVP",0.88,1981609,-4819
"2026-02-25 06:00:00","CVP","Chinook Salmon","Unclipped","Fall","Fall",NA,NA,NA,NA,NA,NA,NA,NA,NA,NA,30,120,0.25,"Normal count",44,1,4,2.33,"C260562CVP",0.921,1981610,-4819
"2026-02-25 08:00:00","CVP","Chinook Salmon","Unclipped","Fall","Fall",NA,NA,NA,NA,NA,NA,NA,NA,NA,NA,30,120,0.25,"Normal count",37,1,4,2.33,"C260565CVP",0.59500003,1981646,-4819
"2026-02-25 08:00:00","CVP","Chinook Salmon","Unclipped","Fall","Fall",NA,NA,NA,NA,NA,NA,NA,NA,NA,NA,30,120,0.25,"Normal count",38,1,4,2.33,"C260567CVP",0.986,1981647,-4819
"2026-02-25 08:00:00","CVP","Chinook Salmon","Unclipped","Fall","Fall",NA,NA,NA,NA,NA,NA,NA,NA,NA,NA,30,120,0.25,"Normal count",38,1,4,2.33,"C260564CVP",0.89999998,1981647,-4819
"2026-02-25 08:00:00","CVP","Chinook Salmon","Unclipped","Fall","Fall",NA,NA,NA,NA,NA,NA,NA,NA,NA,NA,30,120,0.25,"Normal count",38,1,4,2.33,"C260566CVP",0.90600002,1981647,-4819
"2026-02-25 10:00:00","CVP","Chinook Salmon","Unclipped","Fall","Fall",NA,NA,NA,NA,NA,NA,NA,NA,NA,NA,30,120,0.25,"Normal count",37,1,4,2.33,"C260568CVP",0.405,1981569,-4819
"2026-02-25 10:00:00","CVP","Chinook Salmon","Unclipped","Fall","Fall",NA,NA,NA,NA,NA,NA,NA,NA,NA,NA,30,120,0.25,"Normal count",38,1,4,2.33,"C260569CVP",0.89300001,1981570,-4819
"2026-02-25 10:00:00","CVP","Chinook Salmon","Unclipped","Fall","Fall",NA,NA,NA,NA,NA,NA,NA,NA,NA,NA,30,120,0.25,"Normal count",52,1,4,2.33,"C260570CVP",0.98299998,1981571,-4819
"2026-02-25 14:00:00","CVP","Chinook Salmon","Unclipped","Fall","Fall",NA,NA,NA,NA,NA,NA,NA,NA,NA,NA,30,120,0.25,"Normal count",39,1,4,2.33,"C260571CVP",0.87300003,1981606,-4819
"2026-02-25 16:00:00","CVP","Chinook Salmon","Unclipped","Fall","Fall",NA,NA,NA,NA,NA,NA,NA,NA,NA,NA,30,120,0.25,"Normal count",41,1,4,2.33,"C260572CVP",0.537,1981565,-4819
"2026-02-25 18:00:00","CVP","Chinook Salmon","Unclipped","Fall","Fall",NA,NA,NA,NA,NA,NA,NA,NA,NA,NA,30,120,0.25,"Normal count",41,1,4,2.33,"C260573CVP",0.71799999,1981555,-4819
"2026-02-25 20:00:00","CVP","Chinook Salmon","Unclipped","Fall","Fall",NA,NA,NA,NA,NA,NA,NA,NA,NA,NA,30,120,0.25,"Normal count",38,1,4,2.33,"C260577CVP",0.50999999,1981614,-4819
"2026-02-25 20:00:00","CVP","Chinook Salmon","Unclipped","Fall","Fall",NA,NA,NA,NA,NA,NA,NA,NA,NA,NA,30,120,0.25,"Normal count",39,1,4,2.33,"C260575CVP",0.94599998,1981615,-4819
"2026-02-25 20:00:00","CVP","Chinook Salmon","Unclipped","Fall","Fall",NA,NA,NA,NA,NA,NA,NA,NA,NA,NA,30,120,0.25,"Normal count",40,1,4,2.33,"C260576CVP",0.491,1981616,-4819
"2026-02-25 20:00:00","CVP","Chinook Salmon","Unclipped","Spring","Fall",NA,NA,NA,NA,NA,NA,NA,NA,NA,NA,30,120,0.25,"Normal count",59,1,4,2.33,"C260574CVP",0.51800001,1981617,-4819
"2026-02-25 22:00:00","CVP","Chinook Salmon","Unclipped","Fall","LateFall",NA,NA,NA,NA,NA,NA,NA,NA,NA,NA,30,120,0.25,"Normal count",40,1,4,2.33,"C260578CVP",0.66399997,1981645,-4819
"2026-02-25 23:59:00","CVP","Chinook Salmon","Unclipped","Fall","Fall",NA,NA,NA,NA,NA,NA,NA,NA,NA,NA,30,120,0.25,"Normal count",38,1,4,2.33,"C260579CVP",0.99900001,1981601,-4819
"2026-02-25 23:59:00","CVP","Chinook Salmon","Unclipped","Fall","Fall",NA,NA,NA,NA,NA,NA,NA,NA,NA,NA,30,120,0.25,"Normal count",39,1,4,2.33,"C260580CVP",0.89399999,1981602,-4819
"2026-02-25 23:59:00","CVP","Chinook Salmon","Unclipped","Fall","Fall",NA,NA,NA,NA,NA,NA,NA,NA,NA,NA,30,120,0.25,"Normal count",39,1,4,2.33,"C260581CVP",0.70499998,1981602,-4819
"2026-02-25 23:59:00","CVP","Chinook Salmon","Unclipped","Fall","Fall",NA,NA,NA,NA,NA,NA,NA,NA,NA,NA,30,120,0.25,"Normal count",41,1,4,2.33,"C260582CVP",0.85500002,1981603,-4819
"2026-02-25 23:59:00","CVP","Chinook Salmon","Unclipped","Fall","Fall",NA,NA,NA,NA,NA,NA,NA,NA,NA,NA,30,120,0.25,"Normal count",51,1,4,2.33,"C260583CVP",0.414,1981604,-4819
"2026-02-26 02:00:00","CVP","Chinook Salmon","Unclipped","Fall","Fall",NA,NA,NA,NA,NA,NA,NA,NA,NA,NA,30,120,0.25,"Normal count",36,1,4,2.33,"C260584CVP",0.94199997,1981709,-4889
"2026-02-26 02:00:00","CVP","Chinook Salmon","Unclipped","Fall","Fall",NA,NA,NA,NA,NA,NA,NA,NA,NA,NA,30,120,0.25,"Normal count",37,1,4,2.33,"C260585CVP",0.54299998,1981710,-4889
"2026-02-26 02:00:00","CVP","Chinook Salmon","Unclipped","Fall","Fall",NA,NA,NA,NA,NA,NA,NA,NA,NA,NA,30,120,0.25,"Normal count",40,1,4,2.33,"C260587CVP",0.53500003,1981711,-4889
"2026-02-26 02:00:00","CVP","Chinook Salmon","Unclipped","Fall","Fall",NA,NA,NA,NA,NA,NA,NA,NA,NA,NA,30,120,0.25,"Normal count",40,1,4,2.33,"C260586CVP",0.88999999,1981711,-4889
"2026-02-26 04:00:00","CVP","Chinook Salmon","Unclipped","Fall","Fall",NA,NA,NA,NA,NA,NA,NA,NA,NA,NA,30,120,0.25,"Normal count",37,1,4,2.33,"C260588CVP",0.72899997,1981739,-4889
"2026-02-26 04:00:00","CVP","Chinook Salmon","Unclipped","Fall","Fall",NA,NA,NA,NA,NA,NA,NA,NA,NA,NA,30,120,0.25,"Normal count",38,1,4,2.33,"C260589CVP",0.65799999,1981740,-4889
"2026-02-26 04:00:00","CVP","Chinook Salmon","Unclipped","Fall","Fall",NA,NA,NA,NA,NA,NA,NA,NA,NA,NA,30,120,0.25,"Normal count",39,1,4,2.33,"C260590CVP",0.62800002,1981741,-4889
"2026-02-26 06:00:00","CVP","Chinook Salmon","Unclipped","Fall","Fall",NA,NA,NA,NA,NA,NA,NA,NA,NA,NA,30,120,0.25,"Normal count",37,1,4,2.33,"C260561CVP",0.47799999,1981684,-4889
"2026-02-26 06:00:00","CVP","Chinook Salmon","Unclipped","Fall","Fall",NA,NA,NA,NA,NA,NA,NA,NA,NA,NA,30,120,0.25,"Normal count",37,1,4,2.33,"C260593CVP",0.875,1981684,-4889
"2026-02-26 06:00:00","CVP","Chinook Salmon","Unclipped","Fall","Fall",NA,NA,NA,NA,NA,NA,NA,NA,NA,NA,30,120,0.25,"Normal count",37,1,4,2.33,"C260594CVP",0.92699999,1981684,-4889
"2026-02-26 06:00:00","CVP","Chinook Salmon","Unclipped","Fall","Fall",NA,NA,NA,NA,NA,NA,NA,NA,NA,NA,30,120,0.25,"Normal count",38,1,4,2.33,"C260592CVP",0.72899997,1981685,-4889
"2026-02-26 08:00:00","CVP","Chinook Salmon","Unclipped","Fall","Fall",NA,NA,NA,NA,NA,NA,NA,NA,NA,NA,30,120,0.25,"Normal count",37,1,4,2.33,"C260597CVP",0.55000001,1981724,-4889
"2026-02-26 08:00:00","CVP","Chinook Salmon","Unclipped","Fall","Fall",NA,NA,NA,NA,NA,NA,NA,NA,NA,NA,30,120,0.25,"Normal count",38,1,4,2.33,"C260598CVP",0.94999999,1981725,-4889
"2026-02-26 08:00:00","CVP","Chinook Salmon","Unclipped","Fall","Fall",NA,NA,NA,NA,NA,NA,NA,NA,NA,NA,30,120,0.25,"Normal count",38,1,4,2.33,"C260601CVP",0.66900003,1981725,-4889
"2026-02-26 08:00:00","CVP","Chinook Salmon","Unclipped","Fall","Fall",NA,NA,NA,NA,NA,NA,NA,NA,NA,NA,30,120,0.25,"Normal count",39,1,4,2.33,"C260596CVP",0.54299998,1981726,-4889
"2026-02-26 08:00:00","CVP","Chinook Salmon","Unclipped","Fall","Fall",NA,NA,NA,NA,NA,NA,NA,NA,NA,NA,30,120,0.25,"Normal count",39,1,4,2.33,"C260600CVP",0.91299999,1981726,-4889
"2026-02-26 08:00:00","CVP","Chinook Salmon","Unclipped","Fall","Fall",NA,NA,NA,NA,NA,NA,NA,NA,NA,NA,30,120,0.25,"Normal count",42,1,4,2.33,"C260599CVP",0.991,1981727,-4889
"2026-02-26 08:00:00","CVP","Chinook Salmon","Unclipped","Winter","Spring",NA,NA,NA,NA,NA,NA,NA,NA,NA,NA,30,120,0.25,"Normal count",93,1,4,2.33,"C260595CVP",0.95999998,1981728,-4889
"2026-02-26 10:00:00","CVP","Chinook Salmon","Unclipped","Fall","Fall",NA,NA,NA,NA,NA,NA,NA,NA,NA,NA,30,120,0.25,"Normal count",58,1,4,2.33,"C260602CVP",0.73799998,1981748,-4889
"2026-02-26 10:00:00","CVP","Chinook Salmon","Unclipped","Spring","Fall",NA,NA,NA,NA,NA,NA,NA,NA,NA,NA,30,120,0.25,"Normal count",70,1,4,2.33,"C260603CVP",0.96200001,1981749,-4889
"2026-02-26 20:00:00","CVP","Chinook Salmon","Unclipped","Fall","Fall",NA,NA,NA,NA,NA,NA,NA,NA,NA,NA,30,120,0.25,"Normal count",36,1,4,2.33,"C260604CVP",0.78399998,1981745,-4889
"2026-02-26 20:00:00","CVP","Chinook Salmon","Unclipped","Fall","Fall",NA,NA,NA,NA,NA,NA,NA,NA,NA,NA,30,120,0.25,"Normal count",40,1,4,2.33,"C260605CVP",0.99800003,1981746,-4889
"2026-02-26 22:00:00","CVP","Chinook Salmon","Unclipped","Fall","Fall",NA,NA,NA,NA,NA,NA,NA,NA,NA,NA,30,120,0.25,"Normal count",39,1,4,2.33,"C260606CVP",0.801,1981713,-4889
"2026-02-26 22:00:00","CVP","Chinook Salmon","Unclipped","Fall","Fall",NA,NA,NA,NA,NA,NA,NA,NA,NA,NA,30,120,0.25,"Normal count",39,1,4,2.33,"C260607CVP",0.99699998,1981713,-4889
"2026-02-26 23:59:00","CVP","Chinook Salmon","Unclipped","Fall","Fall",NA,NA,NA,NA,NA,NA,NA,NA,NA,NA,30,120,0.25,"Normal count",37,1,4,2.33,"C260609CVP",0.97600001,1981696,-4889
"2026-02-26 23:59:00","CVP","Chinook Salmon","Unclipped","Fall","Fall",NA,NA,NA,NA,NA,NA,NA,NA,NA,NA,30,120,0.25,"Normal count",39,1,4,2.33,"C260612CVP",0.78899997,1981697,-4889
"2026-02-26 23:59:00","CVP","Chinook Salmon","Unclipped","Fall","Fall",NA,NA,NA,NA,NA,NA,NA,NA,NA,NA,30,120,0.25,"Normal count",42,1,4,2.33,"C260610CVP",0.99800003,1981698,-4889
"2026-02-26 23:59:00","CVP","Chinook Salmon","Unclipped","Fall","Fall",NA,NA,NA,NA,NA,NA,NA,NA,NA,NA,30,120,0.25,"Normal count",43,1,4,2.33,"C260611CVP",0.43099999,1981699,-4889
"2026-02-26 23:59:00","CVP","Chinook Salmon","Unclipped","Fall","Fall",NA,NA,NA,NA,NA,NA,NA,NA,NA,NA,30,120,0.25,"Normal count",43,1,4,2.33,"C260608CVP",0.68599999,1981699,-4889
"2026-02-27 02:00:00","CVP","Chinook Salmon","Unclipped","Fall","Fall",NA,NA,NA,NA,NA,NA,NA,NA,NA,NA,30,120,0.25,"Normal count",36,1,4,2.33,"C260617CVP",0.54400003,1981829,-4940
"2026-02-27 02:00:00","CVP","Chinook Salmon","Unclipped","Fall","Fall",NA,NA,NA,NA,NA,NA,NA,NA,NA,NA,30,120,0.25,"Normal count",38,1,4,2.33,"C260616CVP",0.86699998,1981830,-4940
"2026-02-27 02:00:00","CVP","Chinook Salmon","Unclipped","Fall","Fall",NA,NA,NA,NA,NA,NA,NA,NA,NA,NA,30,120,0.25,"Normal count",40,1,4,2.33,"C260614CVP",0.88499999,1981831,-4940
"2026-02-27 02:00:00","CVP","Chinook Salmon","Unclipped","Fall","Fall",NA,NA,NA,NA,NA,NA,NA,NA,NA,NA,30,120,0.25,"Normal count",40,1,4,2.33,"C260618CVP",0.93900001,1981831,-4940
"2026-02-27 02:00:00","CVP","Chinook Salmon","Unclipped","Fall","Fall",NA,NA,NA,NA,NA,NA,NA,NA,NA,NA,30,120,0.25,"Normal count",56,1,4,2.33,"C260615CVP",0.95599997,1981832,-4940
"2026-02-27 02:00:00","CVP","Chinook Salmon","Unclipped","Spring","Fall",NA,NA,NA,NA,NA,NA,NA,NA,NA,NA,30,120,0.25,"Normal count",84,1,4,2.33,"C260613CVP",0.77499998,1981833,-4940
"2026-02-27 04:00:00","CVP","Chinook Salmon","Unclipped","Fall","Fall",NA,NA,NA,NA,NA,NA,NA,NA,NA,NA,30,120,0.25,"Normal count",36,1,4,2.33,"C260619CVP",0.61799997,1981798,-4940
"2026-02-27 04:00:00","CVP","Chinook Salmon","Unclipped","Fall","Fall",NA,NA,NA,NA,NA,NA,NA,NA,NA,NA,30,120,0.25,"Normal count",36,1,4,2.33,"C260621CVP",0.49599999,1981798,-4940
"2026-02-27 04:00:00","CVP","Chinook Salmon","Unclipped","Fall","Fall",NA,NA,NA,NA,NA,NA,NA,NA,NA,NA,30,120,0.25,"Normal count",43,1,4,2.33,"C260620CVP",0.68199998,1981799,-4940
"2026-02-27 06:00:00","CVP","Chinook Salmon","Unclipped","Fall","Fall",NA,NA,NA,NA,NA,NA,NA,NA,NA,NA,30,120,0.25,"Normal count",39,1,4,2.33,"C260622CVP",0.50999999,1981792,-4940
"2026-02-27 06:00:00","CVP","Chinook Salmon","Unclipped","Fall","Fall",NA,NA,NA,NA,NA,NA,NA,NA,NA,NA,30,120,0.25,"Normal count",39,1,4,2.33,"C260623CVP",0.61900002,1981792,-4940
"2026-02-27 06:00:00","CVP","Chinook Salmon","Unclipped","Fall","Fall",NA,NA,NA,NA,NA,NA,NA,NA,NA,NA,30,120,0.25,"Normal count",50,1,4,2.33,"C260624CVP",0.65200001,1981793,-4940
"2026-02-27 08:00:00","CVP","Chinook Salmon","Unclipped","Fall","Fall",NA,NA,NA,NA,NA,NA,NA,NA,NA,NA,30,120,0.25,"Normal count",39,1,4,2.33,"C260627CVP",0.72600001,1981764,-4940
"2026-02-27 08:00:00","CVP","Chinook Salmon","Unclipped","Fall","Fall",NA,NA,NA,NA,NA,NA,NA,NA,NA,NA,30,120,0.25,"Normal count",40,1,4,2.33,"C260626CVP",0.77499998,1981765,-4940
"2026-02-27 08:00:00","CVP","Chinook Salmon","Unclipped","Winter","Spring",NA,NA,NA,NA,NA,NA,NA,NA,NA,NA,30,120,0.25,"Normal count",93,1,4,2.33,"C260625CVP",0.852,1981766,-4940
"2026-02-27 10:00:00","CVP","Chinook Salmon","Unclipped","Fall","Fall",NA,NA,NA,NA,NA,NA,NA,NA,NA,NA,30,120,0.25,"Normal count",37,1,4,2.33,"C260628CVP",0.94,1981789,-4940
"2026-02-27 23:59:00","CVP","Chinook Salmon","Unclipped","Fall","Fall",NA,NA,NA,NA,NA,NA,NA,NA,NA,NA,30,120,0.25,"Normal count",35,1,4,2.33,"C260630CVP",0.667,1981822,-4940
"2026-02-27 23:59:00","CVP","Chinook Salmon","Unclipped","Fall","Fall",NA,NA,NA,NA,NA,NA,NA,NA,NA,NA,30,120,0.25,"Normal count",39,1,4,2.33,"C260629CVP",0.375,1981823,-4940
"2026-02-28 02:00:00","CVP","Chinook Salmon","Unclipped","Fall","Fall",NA,NA,NA,NA,NA,NA,NA,NA,NA,NA,30,120,0.25,"Normal count",40,1,4,2.33,"C260632CVP",1,1981947,-4950
"2026-02-28 02:00:00","CVP","Chinook Salmon","Unclipped","Fall","Fall",NA,NA,NA,NA,NA,NA,NA,NA,NA,NA,30,120,0.25,"Normal count",51,1,4,2.33,"C260631CVP",0.95300001,1981948,-4950
"2026-02-28 06:00:00","CVP","Chinook Salmon","Unclipped","Fall","Fall",NA,NA,NA,NA,NA,NA,NA,NA,NA,NA,30,120,0.25,"Normal count",54,1,4,2.33,"C260631CVP",0.447,1981944,-4950
"2026-02-28 14:00:00","CVP","Chinook Salmon","Unclipped","Winter","Spring",NA,NA,NA,NA,NA,NA,NA,NA,NA,NA,30,120,0.25,"Normal count",109,1,4,2.6,"C260634CVP",1,1981877,-4950
"2026-02-28 23:59:00","CVP","Chinook Salmon","Unclipped","Fall","Fall",NA,NA,NA,NA,NA,NA,NA,NA,NA,NA,30,120,0.25,"Normal count",42,1,4,2.33,"C260635CVP",0.84799999,1981945,-4950
"2026-03-01 02:00:00","CVP","Chinook Salmon","Unclipped","Fall","LateFall",NA,NA,NA,NA,NA,NA,NA,NA,NA,NA,30,120,0.25,"Normal count",41,1,4,2.33,"C260636CVP",0.47499999,1982026,-4949
"2026-03-01 04:00:00","CVP","Chinook Salmon","Unclipped","Fall","Fall",NA,NA,NA,NA,NA,NA,NA,NA,NA,NA,30,120,0.25,"Normal count",39,1,4,2.33,"C260638CVP",0.95300001,1982002,-4949
"2026-03-01 04:00:00","CVP","Chinook Salmon","Unclipped","Fall","Fall",NA,NA,NA,NA,NA,NA,NA,NA,NA,NA,30,120,0.25,"Normal count",42,1,4,2.33,"C260637CVP",0.76599997,1982003,-4949
"2026-03-01 04:00:00","CVP","Chinook Salmon","Unclipped","Fall","Fall",NA,NA,NA,NA,NA,NA,NA,NA,NA,NA,30,120,0.25,"Normal count",47,1,4,2.33,"C260639CVP",0.52499998,1982004,-4949
"2026-03-01 06:00:00","CVP","Chinook Salmon","Unclipped","Fall","Fall",NA,NA,NA,NA,NA,NA,NA,NA,NA,NA,30,120,0.25,"Normal count",37,1,4,2.33,"C260640CVP",0.55500001,1981998,-4949
"2026-03-01 06:00:00","CVP","Chinook Salmon","Unclipped","Fall","Fall",NA,NA,NA,NA,NA,NA,NA,NA,NA,NA,30,120,0.25,"Normal count",38,1,4,2.33,"C260641CVP",0.67299998,1981999,-4949
"2026-03-01 08:00:00","CVP","Chinook Salmon","Unclipped","Spring","Fall",NA,NA,NA,NA,NA,NA,NA,NA,NA,NA,30,120,0.25,"Normal count",64,1,4,2.33,"C260642CVP",1,1982027,-4949
"2026-03-01 12:00:00","CVP","Chinook Salmon","Unclipped","Fall","Fall",NA,NA,NA,NA,NA,NA,NA,NA,NA,NA,30,120,0.25,"Normal count",38,1,4,2.33,"C260643CVP",0.49200001,1981983,-4949
"2026-03-01 14:00:00","CVP","Chinook Salmon","Unclipped","Fall","Fall",NA,NA,NA,NA,NA,NA,NA,NA,NA,NA,30,120,0.25,"Normal count",52,1,4,2.33,"C260644CVP",0.99000001,1981988,-4949
"2026-03-01 14:00:00","CVP","Chinook Salmon","Unclipped","Spring",NA,NA,NA,NA,NA,NA,NA,NA,NA,NA,NA,30,120,0.25,"Normal count",73,1,4,2.33,NA,NA,1981989,-4949
"2026-03-02 06:00:00","CVP","Chinook Salmon","Unclipped","Fall","Fall",NA,NA,NA,NA,NA,NA,NA,NA,NA,NA,30,120,0.25,"Normal count",38,1,4,2.33,"C260646CVP",0.64499998,1982092,-4941
"2026-03-02 06:00:00","CVP","Chinook Salmon","Unclipped","Fall","LateFall",NA,NA,NA,NA,NA,NA,NA,NA,NA,NA,30,120,0.25,"Normal count",42,1,4,2.33,"C260647CVP",0.85299999,1982093,-4941
"2026-03-02 09:00:00","SWP","Chinook Salmon","Unclipped","Winter","Winter",NA,NA,NA,NA,NA,NA,NA,NA,NA,NA,30,120,0.25,"Normal count",117,1,4,17.32,"C260012SWP",1,1982032,-4941
"2026-03-02 12:00:00","CVP","Chinook Salmon","Unclipped","Fall","Spring",NA,NA,NA,NA,NA,NA,NA,NA,NA,NA,30,120,0.25,"Normal count",55,1,4,2.33,"C260648CVP",0.68300003,1982058,-4941
"2026-03-02 16:00:00","CVP","Chinook Salmon","Unclipped","Winter","Winter",NA,NA,NA,NA,NA,NA,NA,NA,NA,NA,30,120,0.25,"Normal count",104,1,4,2.6,"C260649CVP",1,1982101,-4941
"2026-03-03 02:00:00","CVP","Chinook Salmon","Unclipped","Fall","Fall",NA,NA,NA,NA,NA,NA,NA,NA,NA,NA,30,120,0.25,"Normal count",55,1,4,2.33,"C260650CVP",0.80400002,1982126,-4942
"2026-03-03 04:00:00","CVP","Chinook Salmon","Unclipped","Spring","Spring",NA,NA,NA,NA,NA,NA,NA,NA,NA,NA,30,120,0.25,"Normal count",82,1,4,2.33,"C260651CVP",0.963,1982124,-4942
"2026-03-03 06:00:00","CVP","Chinook Salmon","Unclipped","Fall","Fall",NA,NA,NA,NA,NA,NA,NA,NA,NA,NA,30,120,0.25,"Normal count",35,1,4,2.33,"C260652CVP",1,1982166,-4942
"2026-03-03 06:00:00","CVP","Chinook Salmon","Unclipped","Fall","Fall",NA,NA,NA,NA,NA,NA,NA,NA,NA,NA,30,120,0.25,"Normal count",42,1,4,2.33,"C260653CVP",0.98699999,1982167,-4942
"2026-03-03 07:30:00","SWP","Chinook Salmon","Unclipped","Spring","Spring",NA,NA,NA,NA,NA,NA,NA,NA,NA,NA,NA,NA,NA,"Second flush",91,1,1,4.33,"C260013SWP",0.95200002,1982112,-4942
"2026-03-03 20:00:00","CVP","Chinook Salmon","Unclipped","Spring","Fall",NA,NA,NA,NA,NA,NA,NA,NA,NA,NA,30,120,0.25,"Normal count",63,1,4,2.33,"C260654CVP",0.51700002,1982168,-4942
"2026-03-03 23:59:00","CVP","Chinook Salmon","Unclipped","Spring","Fall",NA,NA,NA,NA,NA,NA,NA,NA,NA,NA,30,120,0.25,"Normal count",72,1,4,2.33,"C260655CVP",0.85900003,1982149,-4942
"2026-03-04 04:00:00","CVP","Chinook Salmon","Unclipped","Fall","Fall",NA,NA,NA,NA,NA,NA,NA,NA,NA,NA,30,120,0.25,"Normal count",44,1,4,2.33,"C260656CVP",0.801,1982235,-4940
"2026-03-04 06:00:00","CVP","Chinook Salmon","Unclipped","Fall","Fall",NA,NA,NA,NA,NA,NA,NA,NA,NA,NA,30,120,0.25,"Normal count",45,1,4,2.33,"C260657CVP",0.63,1982194,-4940
"2026-03-04 06:00:00","CVP","Chinook Salmon","Unclipped","Spring","Fall",NA,NA,NA,NA,NA,NA,NA,NA,NA,NA,30,120,0.25,"Normal count",81,1,4,2.33,"C260658CVP",0.79900002,1982195,-4940
"2026-03-04 12:00:00","CVP","Chinook Salmon","Clipped","Winter",NA,"LateFall","053700","CNFH","Production",2025-12-17,2025-12-17,1,"Battle Creek at CNFH","CDFW inseason spreadsheet",77,30,120,0.25,"Normal count",173,1,4,2.6,NA,NA,1982213,-4940
"2026-03-05 04:00:00","CVP","Chinook Salmon","Unclipped","Fall","Spring",NA,NA,NA,NA,NA,NA,NA,NA,NA,NA,30,120,0.25,"Normal count",56,1,4,2.33,"C260659CVP",0.71799999,1982272,-4947
"2026-03-05 06:00:00","CVP","Chinook Salmon","Unclipped","Winter","Spring",NA,NA,NA,NA,NA,NA,NA,NA,NA,NA,30,120,0.25,"Normal count",100,1,4,2.33,"C260660CVP",0.91600001,1982312,-4947
"2026-03-05 20:00:00","CVP","Chinook Salmon","Unclipped","Spring","Fall",NA,NA,NA,NA,NA,NA,NA,NA,NA,NA,30,120,0.25,"Normal count",67,1,4,2.33,"C260661CVP",0.59799999,1982282,-4947
"2026-03-05 22:00:00","CVP","Chinook Salmon","Unclipped","Fall","Fall",NA,NA,NA,NA,NA,NA,NA,NA,NA,NA,30,120,0.25,"Normal count",40,1,4,2.33,"C260662CVP",0.70499998,1982292,-4947
"2026-03-06 20:00:00","CVP","Chinook Salmon","Unclipped","Spring","Fall",NA,NA,NA,NA,NA,NA,NA,NA,NA,NA,30,120,0.25,"Normal count",63,1,4,2.33,"C260663CVP",0.73299998,1982404,-4964
"2026-03-06 20:00:00","CVP","Chinook Salmon","Unclipped","Spring","Fall",NA,NA,NA,NA,NA,NA,NA,NA,NA,NA,30,120,0.25,"Normal count",85,1,4,2.33,"C260664CVP",0.759,1982405,-4964
"2026-03-07 06:00:00","CVP","Chinook Salmon","Unclipped","Spring","Fall",NA,NA,NA,NA,NA,NA,NA,NA,NA,NA,30,120,0.25,"Normal count",85,1,4,2.33,"C260665CVP",0.77499998,1982450,NA
"2026-03-07 08:00:00","CVP","Chinook Salmon","Unclipped","Spring","Fall",NA,NA,NA,NA,NA,NA,NA,NA,NA,NA,30,120,0.25,"Normal count",67,1,4,2.33,"C260667CVP",0.64200002,1982445,NA
"2026-03-07 08:00:00","CVP","Chinook Salmon","Unclipped","Spring","Fall",NA,NA,NA,NA,NA,NA,NA,NA,NA,NA,30,120,0.25,"Normal count",74,1,4,2.33,"C260666CVP",0.59100002,1982446,NA
"2026-03-07 20:00:00","CVP","Chinook Salmon","Unclipped","Spring","Spring",NA,NA,NA,NA,NA,NA,NA,NA,NA,NA,30,120,0.25,"Normal count",78,1,4,2.33,"C260668CVP",1,1982436,NA
"2026-03-07 22:00:00","CVP","Chinook Salmon","Unclipped","Spring","Fall",NA,NA,NA,NA,NA,NA,NA,NA,NA,NA,30,120,0.25,"Normal count",75,1,4,2.33,"C260669CVP",0.40099999,1982490,NA
"2026-03-07 22:00:00","CVP","Chinook Salmon","Clipped","Winter",NA,"Winter","056770","LSNFH","Production",2026-02-18,2026-02-18,1,"Sacramento River at John F. Reginato River Access","CDFW inseason spreadsheet",17,30,120,0.25,"Normal count",101,1,4,2.6,NA,NA,1982491,NA
"2026-03-07 23:59:00","CVP","Chinook Salmon","Unclipped","Fall","Fall",NA,NA,NA,NA,NA,NA,NA,NA,NA,NA,30,120,0.25,"Normal count",57,1,4,2.33,"C260670CVP",0.99699998,1982467,NA
"2026-03-08 08:00:00","CVP","Chinook Salmon","Clipped","Spring",NA,"Winter","056770","LSNFH","Production",2026-02-18,2026-02-18,1,"Sacramento River at John F. Reginato River Access","CDFW inseason spreadsheet",18,30,120,0.25,"Normal count",99,1,4,2.33,NA,NA,1982508,-4963
"2026-03-08 10:00:00","CVP","Chinook Salmon","Unclipped","Spring","Fall",NA,NA,NA,NA,NA,NA,NA,NA,NA,NA,30,120,0.25,"Normal count",78,1,4,2.33,"C260671CVP",0.92799997,1982526,-4963
"2026-03-08 16:00:00","CVP","Chinook Salmon","Clipped","Winter",NA,"Winter","053800","LSNFH","Production",2026-02-18,2026-02-18,1,"Sacramento River at John F. Reginato River Access","CDFW inseason spreadsheet",18,30,120,0.25,"Normal count",100,1,4,2.33,NA,NA,1982521,-4963
"2026-03-08 18:00:00","CVP","Chinook Salmon","Unclipped","Winter","Spring",NA,NA,NA,NA,NA,NA,NA,NA,NA,NA,30,120,0.25,"Normal count",103,1,4,2.6,"C260672CVP",0.81699997,1982518,-4963
"2026-03-08 20:00:00","CVP","Chinook Salmon","Unclipped","Spring","Fall",NA,NA,NA,NA,NA,NA,NA,NA,NA,NA,30,120,0.25,"Normal count",65,1,4,2.33,"C260673CVP",0.99800003,1982496,-4963
"2026-03-08 20:00:00","CVP","Chinook Salmon","Unclipped","Spring","Fall",NA,NA,NA,NA,NA,NA,NA,NA,NA,NA,30,120,0.25,"Normal count",85,1,4,2.33,"C260674CVP",0.954,1982497,-4963
"2026-03-08 20:00:00","CVP","Chinook Salmon","Clipped","Winter",NA,"Winter","056770","LSNFH","Production",2026-02-18,2026-02-18,1,"Sacramento River at John F. Reginato River Access","CDFW inseason spreadsheet",18,30,120,0.25,"Normal count",107,1,4,2.6,NA,NA,1982498,-4963
"2026-03-08 22:00:00","CVP","Chinook Salmon","Unclipped","Spring","Fall",NA,NA,NA,NA,NA,NA,NA,NA,NA,NA,30,120,0.25,"Normal count",66,1,4,2.33,"C260675CVP",0.60600001,1982511,-4963
"2026-03-08 22:00:00","CVP","Chinook Salmon","Unclipped","Spring","Fall",NA,NA,NA,NA,NA,NA,NA,NA,NA,NA,30,120,0.25,"Normal count",71,1,4,2.33,"C260676CVP",0.509,1982512,-4963
"2026-03-08 23:59:00","CVP","Chinook Salmon","Unclipped","Fall","Fall",NA,NA,NA,NA,NA,NA,NA,NA,NA,NA,30,120,0.25,"Normal count",59,1,4,2.33,"C260678CVP",0.67900002,1982513,-4963
"2026-03-08 23:59:00","CVP","Chinook Salmon","Unclipped","Fall","Fall",NA,NA,NA,NA,NA,NA,NA,NA,NA,NA,30,120,0.25,"Normal count",60,1,4,2.33,"C260677CVP",0.90399998,1982514,-4963
"2026-03-08 23:59:00","CVP","Chinook Salmon","Unclipped","Spring",NA,NA,NA,NA,NA,NA,NA,NA,NA,NA,NA,30,120,0.25,"Normal count",65,1,4,2.33,NA,NA,1982515,-4963
"2026-03-09 02:00:00","CVP","Chinook Salmon","Unclipped","Spring","Fall",NA,NA,NA,NA,NA,NA,NA,NA,NA,NA,30,120,0.25,"Normal count",75,1,4,2.33,"C260680CVP",0.94800001,1982575,-4950
"2026-03-09 02:00:00","CVP","Chinook Salmon","Unclipped","Spring","Spring",NA,NA,NA,NA,NA,NA,NA,NA,NA,NA,30,120,0.25,"Normal count",88,1,4,2.33,"C260679CVP",0.583,1982576,-4950
"2026-03-09 06:00:00","CVP","Chinook Salmon","Unclipped","Spring","Winter",NA,NA,NA,NA,NA,NA,NA,NA,NA,NA,30,120,0.25,"Normal count",98,1,4,2.33,"C260681CVP",1,1982554,-4950
"2026-03-09 10:00:00","CVP","Chinook Salmon","Unclipped","Spring","Spring",NA,NA,NA,NA,NA,NA,NA,NA,NA,NA,30,120,0.25,"Normal count",94,1,4,2.33,"C260682CVP",0.80500001,1982551,-4950
"2026-03-09 20:00:00","CVP","Chinook Salmon","Unclipped","Spring","Fall",NA,NA,NA,NA,NA,NA,NA,NA,NA,NA,30,120,0.25,"Normal count",63,1,4,2.33,"C260683CVP",0.574,1982556,-4950
"2026-03-09 22:00:00","CVP","Chinook Salmon","Unclipped","Spring","Fall",NA,NA,NA,NA,NA,NA,NA,NA,NA,NA,30,120,0.25,"Normal count",67,1,4,2.33,"C260685CVP",0.98799998,1982570,-4950
"2026-03-09 22:00:00","CVP","Chinook Salmon","Unclipped","Spring","Spring",NA,NA,NA,NA,NA,NA,NA,NA,NA,NA,30,120,0.25,"Normal count",87,1,4,2.33,"C260684CVP",0.50400001,1982571,-4950
"2026-03-09 22:00:00","CVP","Chinook Salmon","Unclipped","Spring","Spring",NA,NA,NA,NA,NA,NA,NA,NA,NA,NA,30,120,0.25,"Normal count",89,1,4,2.33,"C260686CVP",0.93699998,1982572,-4950
"2026-03-09 23:59:00","CVP","Chinook Salmon","Unclipped","Fall","Fall",NA,NA,NA,NA,NA,NA,NA,NA,NA,NA,30,120,0.25,"Normal count",43,1,4,2.33,"C260687CVP",0.71399999,1982578,-4950
"2026-03-09 23:59:00","CVP","Chinook Salmon","Unclipped","Spring","Winter",NA,NA,NA,NA,NA,NA,NA,NA,NA,NA,30,120,0.25,"Normal count",97,1,4,2.33,"C260689CVP",1,1982579,-4950
"2026-03-09 23:59:00","CVP","Chinook Salmon","Unclipped","Winter","Spring",NA,NA,NA,NA,NA,NA,NA,NA,NA,NA,30,120,0.25,"Normal count",102,1,4,2.6,"C260688CVP",0.55400002,1982580,-4950
"2026-03-10 02:00:00","CVP","Chinook Salmon","Unclipped","Spring","Fall",NA,NA,NA,NA,NA,NA,NA,NA,NA,NA,30,120,0.25,"Normal count",66,1,4,2.33,"C260690CVP",0.81999999,1982655,-4950
"2026-03-10 02:00:00","CVP","Chinook Salmon","Unclipped","Spring","Spring",NA,NA,NA,NA,NA,NA,NA,NA,NA,NA,30,120,0.25,"Normal count",89,1,4,2.33,"C260691CVP",0.99599999,1982656,-4950
"2026-03-10 04:00:00","CVP","Chinook Salmon","Unclipped","Fall","Fall",NA,NA,NA,NA,NA,NA,NA,NA,NA,NA,30,120,0.25,"Normal count",49,1,4,2.33,"C260692CVP",0.75300002,1982609,-4950
"2026-03-10 04:00:00","CVP","Chinook Salmon","Clipped","Winter",NA,"Winter","053800","LSNFH","Production",2026-02-18,2026-02-18,1,"Sacramento River at John F. Reginato River Access","CDFW inseason spreadsheet",20,30,120,0.25,"Normal count",108,1,4,2.6,NA,NA,1982610,-4950
"2026-03-10 04:00:00","CVP","Chinook Salmon","Unclipped","Winter","Winter",NA,NA,NA,NA,NA,NA,NA,NA,NA,NA,30,120,0.25,"Normal count",112,1,4,2.6,"C260693CVP",1,1982611,-4950
"2026-03-10 08:00:00","CVP","Chinook Salmon","Unclipped","Spring","Fall",NA,NA,NA,NA,NA,NA,NA,NA,NA,NA,30,120,0.25,"Normal count",80,1,4,2.33,"C260694CVP",0.76599997,1982598,-4950
"2026-03-10 08:00:00","CVP","Chinook Salmon","Unclipped","Spring","Spring",NA,NA,NA,NA,NA,NA,NA,NA,NA,NA,30,120,0.25,"Normal count",94,1,4,2.33,"C260695CVP",0.55199999,1982599,-4950
"2026-03-10 14:00:00","CVP","Chinook Salmon","Unclipped","Spring","Fall",NA,NA,NA,NA,NA,NA,NA,NA,NA,NA,30,120,0.25,"Normal count",84,1,4,2.33,"C260696CVP",0.491,1982607,-4950
"2026-03-10 16:00:00","CVP","Chinook Salmon","Clipped","Winter",NA,"Winter","056770","LSNFH","Production",2026-02-18,2026-02-18,1,"Sacramento River at John F. Reginato River Access","CDFW inseason spreadsheet",20,30,120,0.25,"Normal count",101,1,4,2.6,NA,NA,1982625,-4950
"2026-03-10 16:00:00","CVP","Chinook Salmon","Clipped","Winter",NA,"Winter","053800","LSNFH","Production",2026-02-18,2026-02-18,1,"Sacramento River at John F. Reginato River Access","CDFW inseason spreadsheet",20,30,120,0.25,"Normal count",103,1,4,2.6,NA,NA,1982626,-4950
"2026-03-10 20:00:00","CVP","Chinook Salmon","Unclipped","Spring","Fall",NA,NA,NA,NA,NA,NA,NA,NA,NA,NA,30,120,0.25,"Normal count",80,1,4,2.33,"C260697CVP",0.93400002,1982613,-4950
"2026-03-10 22:00:00","CVP","Chinook Salmon","Unclipped","Spring","Fall",NA,NA,NA,NA,NA,NA,NA,NA,NA,NA,30,120,0.25,"Normal count",88,1,4,2.33,"C260698CVP",0.70300001,1982612,-4950
"2026-03-10 23:59:00","CVP","Chinook Salmon","Unclipped","Fall","Fall",NA,NA,NA,NA,NA,NA,NA,NA,NA,NA,30,120,0.25,"Normal count",61,1,4,2.33,"C260699CVP",0.37099999,1982621,-4950
"2026-03-10 23:59:00","CVP","Chinook Salmon","Unclipped","Spring","Spring",NA,NA,NA,NA,NA,NA,NA,NA,NA,NA,30,120,0.25,"Normal count",71,1,4,2.33,"C260700CVP",0.73799998,1982622,-4950
"2026-03-10 23:59:00","CVP","Chinook Salmon","Unclipped","Spring","Fall",NA,NA,NA,NA,NA,NA,NA,NA,NA,NA,30,120,0.25,"Normal count",74,1,4,2.33,"C260701CVP",0.90399998,1982623,-4950
"2026-03-11 02:00:00","CVP","Chinook Salmon","Unclipped","Spring","Fall",NA,NA,NA,NA,NA,NA,NA,NA,NA,NA,30,120,0.25,"Normal count",71,1,4,2.33,"C260702CVP",0.84200001,1982677,-4949
"2026-03-11 02:00:00","CVP","Chinook Salmon","Clipped","Winter",NA,"Winter","056770","LSNFH","Production",2026-02-18,2026-02-18,1,"Sacramento River at John F. Reginato River Access","CDFW inseason spreadsheet",21,30,120,0.25,"Normal count",111,1,4,2.6,NA,NA,1982678,-4949
"2026-03-11 02:00:00","CVP","Chinook Salmon","Clipped","Winter",NA,"Winter","056788","LSNFH","Production",2026-02-18,2026-02-18,1,"Sacramento River at John F. Reginato River Access","CDFW inseason spreadsheet",21,30,120,0.25,"Normal count",115,1,4,2.6,NA,NA,1982679,-4949
"2026-03-11 04:00:00","CVP","Chinook Salmon","Unclipped","Fall","Fall",NA,NA,NA,NA,NA,NA,NA,NA,NA,NA,30,120,0.25,"Normal count",51,1,4,2.33,"C260703CVP",0.995,1982696,-4949
"2026-03-11 04:00:00","CVP","Chinook Salmon","Clipped","Spring",NA,"Winter","056770","LSNFH","Production",2026-02-18,2026-02-18,1,"Sacramento River at John F. Reginato River Access","CDFW inseason spreadsheet",21,30,120,0.25,"Normal count",95,1,4,2.33,NA,NA,1982697,-4949
"2026-03-11 06:00:00","CVP","Chinook Salmon","Unclipped","Spring","Fall",NA,NA,NA,NA,NA,NA,NA,NA,NA,NA,30,120,0.25,"Normal count",70,1,4,2.33,"C260705CVP",0.83099997,1982674,-4949
"2026-03-11 06:00:00","CVP","Chinook Salmon","Unclipped","Spring","Fall",NA,NA,NA,NA,NA,NA,NA,NA,NA,NA,30,120,0.25,"Normal count",86,1,4,2.33,"C260704CVP",0.53500003,1982675,-4949
"2026-03-11 14:00:00","CVP","Chinook Salmon","Clipped","Winter",NA,"Winter","056789","LSNFH","Production",2026-02-18,2026-02-18,1,"Sacramento River at John F. Reginato River Access","CDFW inseason spreadsheet",21,30,120,0.25,"Normal count",105,1,4,2.6,NA,NA,1982672,-4949
"2026-03-11 18:00:00","CVP","Chinook Salmon","Unclipped","Fall","Fall",NA,NA,NA,NA,NA,NA,NA,NA,NA,NA,30,120,0.25,"Normal count",32,1,4,2.33,"C260706CVP",0.56,1982692,-4949
"2026-03-11 23:59:00","CVP","Chinook Salmon","Unclipped","Fall","LateFall",NA,NA,NA,NA,NA,NA,NA,NA,NA,NA,30,120,0.25,"Normal count",36,1,4,2.33,"C260708CVP",0.76700002,1982687,-4949
"2026-03-11 23:59:00","CVP","Chinook Salmon","Unclipped","Fall","Fall",NA,NA,NA,NA,NA,NA,NA,NA,NA,NA,30,120,0.25,"Normal count",47,1,4,2.33,"C260710CVP",0.852,1982688,-4949
"2026-03-11 23:59:00","CVP","Chinook Salmon","Unclipped","Spring","Fall",NA,NA,NA,NA,NA,NA,NA,NA,NA,NA,30,120,0.25,"Normal count",82,1,4,2.33,"C260709CVP",0.98199999,1982689,-4949
"2026-03-11 23:59:00","CVP","Chinook Salmon","Unclipped","Spring","Spring",NA,NA,NA,NA,NA,NA,NA,NA,NA,NA,30,120,0.25,"Normal count",90,1,4,2.33,"C260707CVP",0.708,1982690,-4949
"2026-03-12 02:00:00","CVP","Chinook Salmon","Unclipped","Spring","Fall",NA,NA,NA,NA,NA,NA,NA,NA,NA,NA,30,120,0.25,"Normal count",80,1,4,2.33,"C260711CVP",0.68699998,1982738,-4949
"2026-03-12 04:00:00","CVP","Chinook Salmon","Unclipped","Fall","Fall",NA,NA,NA,NA,NA,NA,NA,NA,NA,NA,30,120,0.25,"Normal count",50,1,4,2.33,"C260712CVP",0.99599999,1982724,-4949
"2026-03-12 04:00:00","CVP","Chinook Salmon","Unclipped","Fall","Fall",NA,NA,NA,NA,NA,NA,NA,NA,NA,NA,30,120,0.25,"Normal count",62,1,4,2.33,"C260716CVP",0.49599999,1982725,-4949
"2026-03-12 04:00:00","CVP","Chinook Salmon","Unclipped","Fall","Fall",NA,NA,NA,NA,NA,NA,NA,NA,NA,NA,30,120,0.25,"Normal count",63,1,4,2.33,"C260715CVP",0.99800003,1982726,-4949
"2026-03-12 04:00:00","CVP","Chinook Salmon","Unclipped","Spring","Fall",NA,NA,NA,NA,NA,NA,NA,NA,NA,NA,30,120,0.25,"Normal count",67,1,4,2.33,"C260713CVP",0.44800001,1982727,-4949
"2026-03-12 04:00:00","CVP","Chinook Salmon","Unclipped","Spring","Fall",NA,NA,NA,NA,NA,NA,NA,NA,NA,NA,30,120,0.25,"Normal count",68,1,4,2.33,"C260714CVP",0.699,1982728,-4949
"2026-03-12 04:00:00","CVP","Chinook Salmon","Clipped","Spring",NA,"Winter","053800","LSNFH","Production",2026-02-18,2026-02-18,1,"Sacramento River at John F. Reginato River Access","CDFW inseason spreadsheet",22,30,120,0.25,"Normal count",98,1,4,2.33,NA,NA,1982729,-4949
"2026-03-12 06:00:00","CVP","Chinook Salmon","Unclipped","Fall","Spring",NA,NA,NA,NA,NA,NA,NA,NA,NA,NA,30,120,0.25,"Normal count",59,1,4,2.33,"C260717CVP",0.99699998,1982716,-4949
"2026-03-12 07:15:00","SWP","Chinook Salmon","Clipped","Spring",NA,"Winter","056788","LSNFH","Production",2026-02-18,2026-02-18,1,"Sacramento River at John F. Reginato River Access","CDFW inseason spreadsheet",22,NA,NA,NA,"Second flush",98,1,1,4.33,NA,NA,1982712,-4949
"2026-03-12 08:00:00","CVP","Chinook Salmon","Unclipped","Spring","Fall",NA,NA,NA,NA,NA,NA,NA,NA,NA,NA,30,120,0.25,"Normal count",85,1,4,2.33,"C260718CVP",0.74599999,1982717,-4949
"2026-03-12 08:15:00","SWP","Chinook Salmon","Unclipped","Spring","Winter",NA,NA,NA,NA,NA,NA,NA,NA,NA,NA,NA,NA,NA,"Second flush",94,1,1,4.33,"C260014SWP",1,1982708,-4949
"2026-03-12 08:15:00","SWP","Chinook Salmon","Clipped","Spring",NA,"Winter","056770","LSNFH","Production",2026-02-18,2026-02-18,1,"Sacramento River at John F. Reginato River Access","CDFW inseason spreadsheet",22,NA,NA,NA,"Second flush",102,1,1,4.33,NA,NA,1982713,-4949
"2026-03-12 11:00:00","SWP","Chinook Salmon","Unclipped","Spring","Fall",NA,NA,NA,NA,NA,NA,NA,NA,NA,NA,30,120,0.25,"Normal count",83,1,4,16.53,"C260247SWP",0.91100001,1982704,-4949
"2026-03-12 11:00:00","SWP","Chinook Salmon","Clipped","Spring",NA,"Winter","056770","LSNFH","Production",2026-02-18,2026-02-18,1,"Sacramento River at John F. Reginato River Access","CDFW inseason spreadsheet",22,30,120,0.25,"Normal count",94,1,4,16.53,NA,NA,1982711,-4949
"2026-03-12 14:00:00","CVP","Chinook Salmon","Unclipped","Spring","Fall",NA,NA,NA,NA,NA,NA,NA,NA,NA,NA,30,120,0.25,"Normal count",83,1,4,2.33,"C260719CVP",0.98500001,1982733,-4949
"2026-03-12 14:00:00","CVP","Chinook Salmon","Clipped","Winter",NA,"Winter","053800","LSNFH","Production",2026-02-18,2026-02-18,1,"Sacramento River at John F. Reginato River Access","CDFW inseason spreadsheet",22,30,120,0.25,"Normal count",105,1,4,2.6,NA,NA,1982734,-4949
"2026-03-12 16:00:00","CVP","Chinook Salmon","Unclipped","Spring","Spring",NA,NA,NA,NA,NA,NA,NA,NA,NA,NA,30,120,0.25,"Normal count",65,1,4,2.33,"C260720CVP",0.986,1982755,-4949
"2026-03-12 20:00:00","CVP","Chinook Salmon","Unclipped","Fall","Fall",NA,NA,NA,NA,NA,NA,NA,NA,NA,NA,30,120,0.25,"Normal count",54,1,4,2.33,"C260721CVP",0.89600003,1982735,-4949
"2026-03-12 20:00:00","CVP","Chinook Salmon","Unclipped","Spring","Fall",NA,NA,NA,NA,NA,NA,NA,NA,NA,NA,30,120,0.25,"Normal count",83,1,4,2.33,"C260722CVP",0.986,1982736,-4949
"2026-03-12 20:00:00","CVP","Chinook Salmon","Unclipped","Spring","Fall",NA,NA,NA,NA,NA,NA,NA,NA,NA,NA,30,120,0.25,"Normal count",84,1,4,2.33,"C260723CVP",0.98000002,1982737,-4949
"2026-03-12 22:00:00","CVP","Chinook Salmon","Clipped","Spring",NA,"Spring","063198","SCARF","SJRRP",2026-03-09,2026-03-10,2,"San Joaquin River at Highway 140","CDFW inseason spreadsheet",2,30,120,0.25,"Normal count",85,1,4,2.33,NA,NA,1982732,-4949
"2026-03-12 22:00:00","CVP","Chinook Salmon","Clipped","Spring",NA,"Spring","063198","SCARF","Experimental",2026-03-09,2026-03-10,2,"SAN JOAQ R GRT VAL GR 140","RMIS",2,30,120,0.25,"Normal count",85,1,4,2.33,NA,NA,1982732,-4949
"2026-03-13 02:00:00","CVP","Chinook Salmon","Unclipped","Fall","Fall",NA,NA,NA,NA,NA,NA,NA,NA,NA,NA,30,120,0.25,"Normal count",47,1,4,2.33,"C260724CVP",0.99000001,1982821,-4951
"2026-03-13 02:00:00","CVP","Chinook Salmon","Clipped","Spring",NA,"Spring","063198","SCARF","SJRRP",2026-03-09,2026-03-10,2,"San Joaquin River at Highway 140","CDFW inseason spreadsheet",3,30,120,0.25,"Normal count",88,1,4,2.33,NA,NA,1982822,-4951
"2026-03-13 02:00:00","CVP","Chinook Salmon","Clipped","Spring",NA,"Spring","063198","SCARF","Experimental",2026-03-09,2026-03-10,2,"SAN JOAQ R GRT VAL GR 140","RMIS",3,30,120,0.25,"Normal count",88,1,4,2.33,NA,NA,1982822,-4951
"2026-03-13 08:00:00","CVP","Chinook Salmon","Unclipped","Spring","Fall",NA,NA,NA,NA,NA,NA,NA,NA,NA,NA,30,120,0.25,"Normal count",77,1,4,2.33,"C260725CVP",0.76099998,1982813,-4951
"2026-03-13 12:00:00","CVP","Chinook Salmon","Unclipped","Fall","Fall",NA,NA,NA,NA,NA,NA,NA,NA,NA,NA,30,120,0.25,"Normal count",60,1,4,2.33,"C260726CVP",0.73299998,1982788,-4951
"2026-03-13 23:59:00","CVP","Chinook Salmon","Clipped","Spring",NA,"Spring","063198","SCARF","SJRRP",2026-03-09,2026-03-10,2,"San Joaquin River at Highway 140","CDFW inseason spreadsheet",3,30,120,0.25,"Normal count",91,1,4,2.33,NA,NA,1982823,-4951
"2026-03-13 23:59:00","CVP","Chinook Salmon","Clipped","Spring",NA,"Spring","063198","SCARF","Experimental",2026-03-09,2026-03-10,2,"SAN JOAQ R GRT VAL GR 140","RMIS",3,30,120,0.25,"Normal count",91,1,4,2.33,NA,NA,1982823,-4951
"2026-03-14 02:00:00","CVP","Chinook Salmon","Unclipped","Fall","Fall",NA,NA,NA,NA,NA,NA,NA,NA,NA,NA,30,120,0.25,"Normal count",52,1,4,2.33,"C260727CVP",0.65100002,1982897,-4943
"2026-03-14 02:00:00","CVP","Chinook Salmon","Clipped","Spring",NA,"Spring","063198","SCARF","SJRRP",2026-03-09,2026-03-10,2,"San Joaquin River at Highway 140","CDFW inseason spreadsheet",4,30,120,0.25,"Normal count",80,1,4,2.33,NA,NA,1982898,-4943
"2026-03-14 02:00:00","CVP","Chinook Salmon","Clipped","Spring",NA,"Spring","063198","SCARF","Experimental",2026-03-09,2026-03-10,2,"SAN JOAQ R GRT VAL GR 140","RMIS",4,30,120,0.25,"Normal count",80,1,4,2.33,NA,NA,1982898,-4943
"2026-03-14 02:00:00","CVP","Chinook Salmon","Clipped","Spring",NA,"Spring","063198","SCARF","Experimental",2026-03-09,2026-03-10,2,"SAN JOAQ R GRT VAL GR 140","RMIS",4,30,120,0.25,"Normal count",83,1,4,2.33,NA,NA,1982899,-4943
"2026-03-14 02:00:00","CVP","Chinook Salmon","Clipped","Spring",NA,"Spring","063198","SCARF","SJRRP",2026-03-09,2026-03-10,2,"San Joaquin River at Highway 140","CDFW inseason spreadsheet",4,30,120,0.25,"Normal count",83,1,4,2.33,NA,NA,1982899,-4943
"2026-03-14 02:00:00","CVP","Chinook Salmon","Clipped","Spring",NA,"Spring","063198","SCARF","Experimental",2026-03-09,2026-03-10,2,"SAN JOAQ R GRT VAL GR 140","RMIS",4,30,120,0.25,"Normal count",83,1,4,2.33,NA,NA,1982899,-4943
"2026-03-14 02:00:00","CVP","Chinook Salmon","Clipped","Spring",NA,"Spring","063198","SCARF","SJRRP",2026-03-09,2026-03-10,2,"San Joaquin River at Highway 140","CDFW inseason spreadsheet",4,30,120,0.25,"Normal count",83,1,4,2.33,NA,NA,1982899,-4943
"2026-03-14 02:00:00","CVP","Chinook Salmon","Clipped","Spring",NA,"Spring","063198","SCARF","SJRRP",2026-03-09,2026-03-10,2,"San Joaquin River at Highway 140","CDFW inseason spreadsheet",4,30,120,0.25,"Normal count",83,1,4,2.33,NA,NA,1982899,-4943
"2026-03-14 02:00:00","CVP","Chinook Salmon","Clipped","Spring",NA,"Spring","063198","SCARF","SJRRP",2026-03-09,2026-03-10,2,"San Joaquin River at Highway 140","CDFW inseason spreadsheet",4,30,120,0.25,"Normal count",83,1,4,2.33,NA,NA,1982899,-4943
"2026-03-14 02:00:00","CVP","Chinook Salmon","Clipped","Spring",NA,"Spring","063198","SCARF","Experimental",2026-03-09,2026-03-10,2,"SAN JOAQ R GRT VAL GR 140","RMIS",4,30,120,0.25,"Normal count",83,1,4,2.33,NA,NA,1982899,-4943
"2026-03-14 02:00:00","CVP","Chinook Salmon","Clipped","Spring",NA,"Spring","063198","SCARF","Experimental",2026-03-09,2026-03-10,2,"SAN JOAQ R GRT VAL GR 140","RMIS",4,30,120,0.25,"Normal count",83,1,4,2.33,NA,NA,1982899,-4943
"2026-03-14 02:00:00","CVP","Chinook Salmon","Clipped","Spring",NA,"Spring","063198","SCARF","Experimental",2026-03-09,2026-03-10,2,"SAN JOAQ R GRT VAL GR 140","RMIS",4,30,120,0.25,"Normal count",84,1,4,2.33,NA,NA,1982900,-4943
"2026-03-14 02:00:00","CVP","Chinook Salmon","Clipped","Spring",NA,"Spring","063198","SCARF","SJRRP",2026-03-09,2026-03-10,2,"San Joaquin River at Highway 140","CDFW inseason spreadsheet",4,30,120,0.25,"Normal count",84,1,4,2.33,NA,NA,1982900,-4943
"2026-03-14 02:00:00","CVP","Chinook Salmon","Clipped","Spring",NA,"Spring","063198","SCARF","SJRRP",2026-03-09,2026-03-10,2,"San Joaquin River at Highway 140","CDFW inseason spreadsheet",4,30,120,0.25,"Normal count",85,1,4,2.33,NA,NA,1982901,-4943
"2026-03-14 02:00:00","CVP","Chinook Salmon","Clipped","Spring",NA,"Spring","063198","SCARF","Experimental",2026-03-09,2026-03-10,2,"SAN JOAQ R GRT VAL GR 140","RMIS",4,30,120,0.25,"Normal count",85,1,4,2.33,NA,NA,1982901,-4943
"2026-03-14 02:00:00","CVP","Chinook Salmon","Clipped","Spring",NA,"Spring","063198","SCARF","Experimental",2026-03-09,2026-03-10,2,"SAN JOAQ R GRT VAL GR 140","RMIS",4,30,120,0.25,"Normal count",86,1,4,2.33,NA,NA,1982902,-4943
"2026-03-14 02:00:00","CVP","Chinook Salmon","Clipped","Spring",NA,"Spring","063198","SCARF","SJRRP",2026-03-09,2026-03-10,2,"San Joaquin River at Highway 140","CDFW inseason spreadsheet",4,30,120,0.25,"Normal count",86,1,4,2.33,NA,NA,1982902,-4943
"2026-03-14 02:00:00","CVP","Chinook Salmon","Clipped","Spring",NA,"Spring","063198","SCARF","Experimental",2026-03-09,2026-03-10,2,"SAN JOAQ R GRT VAL GR 140","RMIS",4,30,120,0.25,"Normal count",89,1,4,2.33,NA,NA,1982903,-4943
"2026-03-14 02:00:00","CVP","Chinook Salmon","Clipped","Spring",NA,"Spring","063198","SCARF","SJRRP",2026-03-09,2026-03-10,2,"San Joaquin River at Highway 140","CDFW inseason spreadsheet",4,30,120,0.25,"Normal count",89,2,8,4.65,NA,NA,1982903,-4943
"2026-03-14 02:00:00","CVP","Chinook Salmon","Clipped","Spring",NA,"Spring","063198","SCARF","Experimental",2026-03-09,2026-03-10,2,"SAN JOAQ R GRT VAL GR 140","RMIS",4,30,120,0.25,"Normal count",89,2,8,4.65,NA,NA,1982903,-4943
"2026-03-14 02:00:00","CVP","Chinook Salmon","Clipped","Spring",NA,"Spring","063198","SCARF","SJRRP",2026-03-09,2026-03-10,2,"San Joaquin River at Highway 140","CDFW inseason spreadsheet",4,30,120,0.25,"Normal count",89,2,8,4.65,NA,NA,1982903,-4943
"2026-03-14 02:00:00","CVP","Chinook Salmon","Clipped","Spring",NA,"Spring","063198","SCARF","Experimental",2026-03-09,2026-03-10,2,"SAN JOAQ R GRT VAL GR 140","RMIS",4,30,120,0.25,"Normal count",89,2,8,4.65,NA,NA,1982903,-4943
"2026-03-14 02:00:00","CVP","Chinook Salmon","Clipped","Spring",NA,"Spring","063198","SCARF","SJRRP",2026-03-09,2026-03-10,2,"San Joaquin River at Highway 140","CDFW inseason spreadsheet",4,30,120,0.25,"Normal count",89,2,8,4.65,NA,NA,1982903,-4943
"2026-03-14 02:00:00","CVP","Chinook Salmon","Clipped","Spring",NA,"Spring","063198","SCARF","Experimental",2026-03-09,2026-03-10,2,"SAN JOAQ R GRT VAL GR 140","RMIS",4,30,120,0.25,"Normal count",89,2,8,4.65,NA,NA,1982903,-4943
"2026-03-14 02:00:00","CVP","Chinook Salmon","Clipped","Spring",NA,"Spring","063198","SCARF","SJRRP",2026-03-09,2026-03-10,2,"San Joaquin River at Highway 140","CDFW inseason spreadsheet",4,30,120,0.25,"Normal count",89,1,4,2.33,NA,NA,1982903,-4943
"2026-03-14 02:00:00","CVP","Chinook Salmon","Clipped","Spring",NA,"Spring","063198","SCARF","Experimental",2026-03-09,2026-03-10,2,"SAN JOAQ R GRT VAL GR 140","RMIS",4,30,120,0.25,"Normal count",89,1,4,2.33,NA,NA,1982903,-4943
"2026-03-14 02:00:00","CVP","Chinook Salmon","Clipped","Spring",NA,"Spring","063198","SCARF","SJRRP",2026-03-09,2026-03-10,2,"San Joaquin River at Highway 140","CDFW inseason spreadsheet",4,30,120,0.25,"Normal count",89,1,4,2.33,NA,NA,1982903,-4943
"2026-03-14 02:00:00","CVP","Chinook Salmon","Clipped","Spring",NA,"Spring","063198","SCARF","Experimental",2026-03-09,2026-03-10,2,"SAN JOAQ R GRT VAL GR 140","RMIS",4,30,120,0.25,"Normal count",89,1,4,2.33,NA,NA,1982903,-4943
"2026-03-14 02:00:00","CVP","Chinook Salmon","Clipped","Spring",NA,"Spring","063198","SCARF","SJRRP",2026-03-09,2026-03-10,2,"San Joaquin River at Highway 140","CDFW inseason spreadsheet",4,30,120,0.25,"Normal count",89,1,4,2.33,NA,NA,1982903,-4943
"2026-03-14 02:00:00","CVP","Chinook Salmon","Clipped","Spring",NA,"Spring","063198","SCARF","SJRRP",2026-03-09,2026-03-10,2,"San Joaquin River at Highway 140","CDFW inseason spreadsheet",4,30,120,0.25,"Normal count",90,1,4,2.33,NA,NA,1982904,-4943
"2026-03-14 02:00:00","CVP","Chinook Salmon","Clipped","Spring",NA,"Spring","063198","SCARF","Experimental",2026-03-09,2026-03-10,2,"SAN JOAQ R GRT VAL GR 140","RMIS",4,30,120,0.25,"Normal count",90,1,4,2.33,NA,NA,1982904,-4943
"2026-03-14 02:00:00","CVP","Chinook Salmon","Clipped","Spring",NA,"Spring","063198","SCARF","Experimental",2026-03-09,2026-03-10,2,"SAN JOAQ R GRT VAL GR 140","RMIS",4,30,120,0.25,"Normal count",91,1,4,2.33,NA,NA,1982905,-4943
"2026-03-14 02:00:00","CVP","Chinook Salmon","Clipped","Spring",NA,"Spring","063198","SCARF","Experimental",2026-03-09,2026-03-10,2,"SAN JOAQ R GRT VAL GR 140","RMIS",4,30,120,0.25,"Normal count",91,1,4,2.33,NA,NA,1982905,-4943
"2026-03-14 02:00:00","CVP","Chinook Salmon","Clipped","Spring",NA,"Spring","063198","SCARF","SJRRP",2026-03-09,2026-03-10,2,"San Joaquin River at Highway 140","CDFW inseason spreadsheet",4,30,120,0.25,"Normal count",91,1,4,2.33,NA,NA,1982905,-4943
"2026-03-14 02:00:00","CVP","Chinook Salmon","Clipped","Spring",NA,"Spring","063198","SCARF","Experimental",2026-03-09,2026-03-10,2,"SAN JOAQ R GRT VAL GR 140","RMIS",4,30,120,0.25,"Normal count",91,1,4,2.33,NA,NA,1982905,-4943
"2026-03-14 02:00:00","CVP","Chinook Salmon","Clipped","Spring",NA,"Spring","063198","SCARF","SJRRP",2026-03-09,2026-03-10,2,"San Joaquin River at Highway 140","CDFW inseason spreadsheet",4,30,120,0.25,"Normal count",91,1,4,2.33,NA,NA,1982905,-4943
"2026-03-14 02:00:00","CVP","Chinook Salmon","Clipped","Spring",NA,"Spring","063198","SCARF","Experimental",2026-03-09,2026-03-10,2,"SAN JOAQ R GRT VAL GR 140","RMIS",4,30,120,0.25,"Normal count",91,1,4,2.33,NA,NA,1982905,-4943
"2026-03-14 02:00:00","CVP","Chinook Salmon","Clipped","Spring",NA,"Spring","063198","SCARF","SJRRP",2026-03-09,2026-03-10,2,"San Joaquin River at Highway 140","CDFW inseason spreadsheet",4,30,120,0.25,"Normal count",91,1,4,2.33,NA,NA,1982905,-4943
"2026-03-14 02:00:00","CVP","Chinook Salmon","Clipped","Spring",NA,"Spring","063198","SCARF","SJRRP",2026-03-09,2026-03-10,2,"San Joaquin River at Highway 140","CDFW inseason spreadsheet",4,30,120,0.25,"Normal count",91,1,4,2.33,NA,NA,1982905,-4943
"2026-03-14 02:00:00","CVP","Chinook Salmon","Clipped","Spring",NA,"Spring","063198","SCARF","SJRRP",2026-03-09,2026-03-10,2,"San Joaquin River at Highway 140","CDFW inseason spreadsheet",4,30,120,0.25,"Normal count",93,1,4,2.33,NA,NA,1982906,-4943
"2026-03-14 02:00:00","CVP","Chinook Salmon","Clipped","Spring",NA,"Spring","063198","SCARF","Experimental",2026-03-09,2026-03-10,2,"SAN JOAQ R GRT VAL GR 140","RMIS",4,30,120,0.25,"Normal count",93,1,4,2.33,NA,NA,1982906,-4943
"2026-03-14 02:00:00","CVP","Chinook Salmon","Clipped","Spring",NA,"Spring","063198","SCARF","Experimental",2026-03-09,2026-03-10,2,"SAN JOAQ R GRT VAL GR 140","RMIS",4,30,120,0.25,"Normal count",95,1,4,2.33,NA,NA,1982907,-4943
"2026-03-14 02:00:00","CVP","Chinook Salmon","Clipped","Spring",NA,"Spring","063198","SCARF","SJRRP",2026-03-09,2026-03-10,2,"San Joaquin River at Highway 140","CDFW inseason spreadsheet",4,30,120,0.25,"Normal count",95,1,4,2.33,NA,NA,1982907,-4943
"2026-03-14 02:00:00","CVP","Chinook Salmon","Clipped","Spring",NA,"Spring","063198","SCARF","Experimental",2026-03-09,2026-03-10,2,"SAN JOAQ R GRT VAL GR 140","RMIS",4,30,120,0.25,"Normal count",96,1,4,2.33,NA,NA,1982908,-4943
"2026-03-14 02:00:00","CVP","Chinook Salmon","Clipped","Spring",NA,"Spring","063198","SCARF","SJRRP",2026-03-09,2026-03-10,2,"San Joaquin River at Highway 140","CDFW inseason spreadsheet",4,30,120,0.25,"Normal count",96,1,4,2.33,NA,NA,1982908,-4943
"2026-03-14 02:00:00","CVP","Chinook Salmon","Clipped","Spring",NA,"Spring","063198","SCARF","Experimental",2026-03-09,2026-03-10,2,"SAN JOAQ R GRT VAL GR 140","RMIS",4,30,120,0.25,"Normal count",98,1,4,2.33,NA,NA,1982909,-4943
"2026-03-14 02:00:00","CVP","Chinook Salmon","Clipped","Spring",NA,"Spring","063198","SCARF","SJRRP",2026-03-09,2026-03-10,2,"San Joaquin River at Highway 140","CDFW inseason spreadsheet",4,30,120,0.25,"Normal count",98,1,4,2.33,NA,NA,1982909,-4943
"2026-03-14 02:00:00","CVP","Chinook Salmon","Clipped","Spring",NA,"Spring","063198","SCARF","SJRRP",2026-03-09,2026-03-10,2,"San Joaquin River at Highway 140","CDFW inseason spreadsheet",4,30,120,0.25,"Normal count",101,1,4,2.6,NA,NA,1982910,-4943
"2026-03-14 02:00:00","CVP","Chinook Salmon","Clipped","Spring",NA,"Spring","063198","SCARF","Experimental",2026-03-09,2026-03-10,2,"SAN JOAQ R GRT VAL GR 140","RMIS",4,30,120,0.25,"Normal count",101,1,4,2.6,NA,NA,1982910,-4943
"2026-03-14 04:00:00","CVP","Chinook Salmon","Unclipped","Spring","Fall",NA,NA,NA,NA,NA,NA,NA,NA,NA,NA,30,120,0.25,"Normal count",76,1,4,2.33,"C260728CVP",0.61500001,1982849,-4943
"2026-03-14 04:00:00","CVP","Chinook Salmon","Clipped","Spring",NA,"Spring","063198","SCARF","SJRRP",2026-03-09,2026-03-10,2,"San Joaquin River at Highway 140","CDFW inseason spreadsheet",4,30,120,0.25,"Normal count",94,1,4,2.33,NA,NA,1982850,-4943
"2026-03-14 04:00:00","CVP","Chinook Salmon","Clipped","Spring",NA,"Spring","063198","SCARF","Experimental",2026-03-09,2026-03-10,2,"SAN JOAQ R GRT VAL GR 140","RMIS",4,30,120,0.25,"Normal count",94,1,4,2.33,NA,NA,1982850,-4943
"2026-03-14 04:00:00","CVP","Chinook Salmon","Clipped","Spring",NA,"Spring","063198","SCARF","Experimental",2026-03-09,2026-03-10,2,"SAN JOAQ R GRT VAL GR 140","RMIS",4,30,120,0.25,"Normal count",96,1,4,2.33,NA,NA,1982851,-4943
"2026-03-14 04:00:00","CVP","Chinook Salmon","Clipped","Spring",NA,"Spring","063198","SCARF","SJRRP",2026-03-09,2026-03-10,2,"San Joaquin River at Highway 140","CDFW inseason spreadsheet",4,30,120,0.25,"Normal count",96,1,4,2.33,NA,NA,1982851,-4943
"2026-03-14 10:00:00","CVP","Chinook Salmon","Clipped","Spring",NA,"Spring","063198","SCARF","Experimental",2026-03-09,2026-03-10,2,"SAN JOAQ R GRT VAL GR 140","RMIS",4,30,120,0.25,"Normal count",82,1,4,2.33,NA,NA,1982842,-4943
"2026-03-14 10:00:00","CVP","Chinook Salmon","Clipped","Spring",NA,"Spring","063198","SCARF","SJRRP",2026-03-09,2026-03-10,2,"San Joaquin River at Highway 140","CDFW inseason spreadsheet",4,30,120,0.25,"Normal count",82,1,4,2.33,NA,NA,1982842,-4943
"2026-03-14 10:00:00","CVP","Chinook Salmon","Clipped","Spring",NA,"Spring","063198","SCARF","SJRRP",2026-03-09,2026-03-10,2,"San Joaquin River at Highway 140","CDFW inseason spreadsheet",4,30,120,0.25,"Normal count",89,1,4,2.33,NA,NA,1982843,-4943
"2026-03-14 10:00:00","CVP","Chinook Salmon","Clipped","Spring",NA,"Spring","063198","SCARF","Experimental",2026-03-09,2026-03-10,2,"SAN JOAQ R GRT VAL GR 140","RMIS",4,30,120,0.25,"Normal count",89,1,4,2.33,NA,NA,1982843,-4943
"2026-03-14 10:00:00","CVP","Chinook Salmon","Clipped","Spring",NA,"Winter","056769","CNFH","Jumpstart",2026-02-19,2026-02-19,1,"North Fork Battle Creek; Manton; CA","CDFW inseason spreadsheet",23,30,120,0.25,"Normal count",99,1,4,2.33,NA,NA,1982844,-4943
"2026-03-14 14:00:00","CVP","Chinook Salmon","Clipped","Spring",NA,"Spring","063198","SCARF","Experimental",2026-03-09,2026-03-10,2,"SAN JOAQ R GRT VAL GR 140","RMIS",4,30,120,0.25,"Normal count",97,1,4,2.33,NA,NA,1982858,-4943
"2026-03-14 14:00:00","CVP","Chinook Salmon","Clipped","Spring",NA,"Spring","063198","SCARF","SJRRP",2026-03-09,2026-03-10,2,"San Joaquin River at Highway 140","CDFW inseason spreadsheet",4,30,120,0.25,"Normal count",97,1,4,2.33,NA,NA,1982858,-4943
"2026-03-14 15:00:00","SWP","Chinook Salmon","Unclipped","Spring","Fall",NA,NA,NA,NA,NA,NA,NA,NA,NA,NA,30,120,0.25,"Normal count",73,1,4,16.41,"C260017SWP",0.71600002,1982764,-4943
"2026-03-14 15:00:00","SWP","Chinook Salmon","Unclipped","Spring","Fall",NA,NA,NA,NA,NA,NA,NA,NA,NA,NA,30,120,0.25,"Normal count",79,1,4,16.41,"C260015SWP",0.99599999,1982765,-4943
"2026-03-14 15:00:00","SWP","Chinook Salmon","Unclipped","Spring","Fall",NA,NA,NA,NA,NA,NA,NA,NA,NA,NA,30,120,0.25,"Normal count",79,1,4,16.41,"C260016SWP",0.85900003,1982765,-4943
"2026-03-14 15:00:00","SWP","Chinook Salmon","Clipped","Spring",NA,"Spring","063198","SCARF","Experimental",2026-03-09,2026-03-10,2,"SAN JOAQ R GRT VAL GR 140","RMIS",4,30,120,0.25,"Normal count",83,1,4,16.41,NA,NA,1982772,-4943
"2026-03-14 15:00:00","SWP","Chinook Salmon","Clipped","Spring",NA,"Spring","063198","SCARF","SJRRP",2026-03-09,2026-03-10,2,"San Joaquin River at Highway 140","CDFW inseason spreadsheet",4,30,120,0.25,"Normal count",83,1,4,16.41,NA,NA,1982772,-4943
"2026-03-14 15:00:00","SWP","Chinook Salmon","Clipped","Spring",NA,"Spring","063198","SCARF","SJRRP",2026-03-09,2026-03-10,2,"San Joaquin River at Highway 140","CDFW inseason spreadsheet",4,30,120,0.25,"Normal count",84,1,4,16.41,NA,NA,1982773,-4943
"2026-03-14 15:00:00","SWP","Chinook Salmon","Clipped","Spring",NA,"Spring","063198","SCARF","Experimental",2026-03-09,2026-03-10,2,"SAN JOAQ R GRT VAL GR 140","RMIS",4,30,120,0.25,"Normal count",84,1,4,16.41,NA,NA,1982773,-4943
"2026-03-14 15:00:00","SWP","Chinook Salmon","Clipped","Spring",NA,"Spring","063198","SCARF","SJRRP",2026-03-09,2026-03-10,2,"San Joaquin River at Highway 140","CDFW inseason spreadsheet",4,30,120,0.25,"Normal count",86,1,4,16.41,NA,NA,1982775,-4943
"2026-03-14 15:00:00","SWP","Chinook Salmon","Clipped","Spring",NA,"Spring","063198","SCARF","Experimental",2026-03-09,2026-03-10,2,"SAN JOAQ R GRT VAL GR 140","RMIS",4,30,120,0.25,"Normal count",86,1,4,16.41,NA,NA,1982775,-4943
"2026-03-14 15:00:00","SWP","Chinook Salmon","Clipped","Spring",NA,"Spring","063198","SCARF","SJRRP",2026-03-09,2026-03-10,2,"San Joaquin River at Highway 140","CDFW inseason spreadsheet",4,30,120,0.25,"Normal count",88,1,4,16.41,NA,NA,1982776,-4943
"2026-03-14 15:00:00","SWP","Chinook Salmon","Clipped","Spring",NA,"Spring","063198","SCARF","Experimental",2026-03-09,2026-03-10,2,"SAN JOAQ R GRT VAL GR 140","RMIS",4,30,120,0.25,"Normal count",88,1,4,16.41,NA,NA,1982776,-4943
"2026-03-14 15:00:00","SWP","Chinook Salmon","Clipped","Spring",NA,"Spring","063198","SCARF","SJRRP",2026-03-09,2026-03-10,2,"San Joaquin River at Highway 140","CDFW inseason spreadsheet",4,30,120,0.25,"Normal count",89,1,4,16.41,NA,NA,1982778,-4943
"2026-03-14 15:00:00","SWP","Chinook Salmon","Clipped","Spring",NA,"Spring","063198","SCARF","Experimental",2026-03-09,2026-03-10,2,"SAN JOAQ R GRT VAL GR 140","RMIS",4,30,120,0.25,"Normal count",89,1,4,16.41,NA,NA,1982778,-4943
"2026-03-14 15:00:00","SWP","Chinook Salmon","Clipped","Spring",NA,"Spring","063198","SCARF","SJRRP",2026-03-09,2026-03-10,2,"San Joaquin River at Highway 140","CDFW inseason spreadsheet",4,30,120,0.25,"Normal count",90,1,4,16.41,NA,NA,1982779,-4943
"2026-03-14 15:00:00","SWP","Chinook Salmon","Clipped","Spring",NA,"Spring","063198","SCARF","Experimental",2026-03-09,2026-03-10,2,"SAN JOAQ R GRT VAL GR 140","RMIS",4,30,120,0.25,"Normal count",90,1,4,16.41,NA,NA,1982779,-4943
"2026-03-14 16:00:00","CVP","Chinook Salmon","Clipped","Spring",NA,"Spring","062873","SCARF","Experimental",2026-03-09,2026-03-10,2,"SAN JOAQ R GRT VAL GR 140","RMIS",4,30,120,0.25,"Normal count",98,1,4,2.33,NA,NA,1982868,-4943
"2026-03-14 16:00:00","CVP","Chinook Salmon","Clipped","Spring",NA,"Spring","062873","SCARF","SJRRP",2026-03-09,2026-03-10,2,"San Joaquin River at Highway 140","CDFW inseason spreadsheet",4,30,120,0.25,"Normal count",98,1,4,2.33,NA,NA,1982868,-4943
"2026-03-14 22:00:00","CVP","Chinook Salmon","Unclipped","Spring",NA,"Spring","063198","SCARF","SJRRP",2026-03-09,2026-03-10,2,"San Joaquin River at Highway 140","CDFW inseason spreadsheet",4,30,120,0.25,"Normal count",92,1,4,2.33,NA,NA,1982855,-4943
"2026-03-14 22:00:00","CVP","Chinook Salmon","Unclipped","Spring",NA,"Spring","063198","SCARF","Experimental",2026-03-09,2026-03-10,2,"SAN JOAQ R GRT VAL GR 140","RMIS",4,30,120,0.25,"Normal count",92,1,4,2.33,NA,NA,1982855,-4943
"2026-03-14 23:59:00","CVP","Chinook Salmon","Unclipped","Spring","Fall",NA,NA,NA,NA,NA,NA,NA,NA,NA,NA,30,120,0.25,"Normal count",80,1,4,2.33,"C260729CVP",0.958,1982846,-4943
"2026-03-14 23:59:00","CVP","Chinook Salmon","Clipped","Spring",NA,"Spring","063198","SCARF","Experimental",2026-03-09,2026-03-10,2,"SAN JOAQ R GRT VAL GR 140","RMIS",4,30,120,0.25,"Normal count",82,1,4,2.33,NA,NA,1982847,-4943
"2026-03-14 23:59:00","CVP","Chinook Salmon","Clipped","Spring",NA,"Spring","063198","SCARF","SJRRP",2026-03-09,2026-03-10,2,"San Joaquin River at Highway 140","CDFW inseason spreadsheet",4,30,120,0.25,"Normal count",82,1,4,2.33,NA,NA,1982847,-4943
"2026-03-14 23:59:00","CVP","Chinook Salmon","Clipped","Spring",NA,"Spring","063198","SCARF","SJRRP",2026-03-09,2026-03-10,2,"San Joaquin River at Highway 140","CDFW inseason spreadsheet",4,30,120,0.25,"Normal count",84,1,4,2.33,NA,NA,1982848,-4943
"2026-03-14 23:59:00","CVP","Chinook Salmon","Clipped","Spring",NA,"Spring","063198","SCARF","Experimental",2026-03-09,2026-03-10,2,"SAN JOAQ R GRT VAL GR 140","RMIS",4,30,120,0.25,"Normal count",84,1,4,2.33,NA,NA,1982848,-4943
"2026-03-15 02:00:00","CVP","Chinook Salmon","Clipped","Spring",NA,"Spring","063198","SCARF","Experimental",2026-03-09,2026-03-10,2,"SAN JOAQ R GRT VAL GR 140","RMIS",5,30,120,0.25,"Normal count",73,1,4,2.33,NA,NA,1982975,-4933
"2026-03-15 02:00:00","CVP","Chinook Salmon","Clipped","Spring",NA,"Spring","063198","SCARF","SJRRP",2026-03-09,2026-03-10,2,"San Joaquin River at Highway 140","CDFW inseason spreadsheet",5,30,120,0.25,"Normal count",73,1,4,2.33,NA,NA,1982975,-4933
"2026-03-15 02:00:00","CVP","Chinook Salmon","Clipped","Spring",NA,"Spring","063198","SCARF","Experimental",2026-03-09,2026-03-10,2,"SAN JOAQ R GRT VAL GR 140","RMIS",5,30,120,0.25,"Normal count",74,1,4,2.33,NA,NA,1982976,-4933
"2026-03-15 02:00:00","CVP","Chinook Salmon","Clipped","Spring",NA,"Spring","063198","SCARF","SJRRP",2026-03-09,2026-03-10,2,"San Joaquin River at Highway 140","CDFW inseason spreadsheet",5,30,120,0.25,"Normal count",74,1,4,2.33,NA,NA,1982976,-4933
"2026-03-15 02:00:00","CVP","Chinook Salmon","Clipped","Spring",NA,"Spring","063198","SCARF","Experimental",2026-03-09,2026-03-10,2,"SAN JOAQ R GRT VAL GR 140","RMIS",5,30,120,0.25,"Normal count",80,1,4,2.33,NA,NA,1982977,-4933
"2026-03-15 02:00:00","CVP","Chinook Salmon","Clipped","Spring",NA,"Spring","063198","SCARF","SJRRP",2026-03-09,2026-03-10,2,"San Joaquin River at Highway 140","CDFW inseason spreadsheet",5,30,120,0.25,"Normal count",80,1,4,2.33,NA,NA,1982977,-4933
"2026-03-15 02:00:00","CVP","Chinook Salmon","Clipped","Spring",NA,"Spring","063198","SCARF","SJRRP",2026-03-09,2026-03-10,2,"San Joaquin River at Highway 140","CDFW inseason spreadsheet",5,30,120,0.25,"Normal count",87,1,4,2.33,NA,NA,1982978,-4933
"2026-03-15 02:00:00","CVP","Chinook Salmon","Clipped","Spring",NA,"Spring","063198","SCARF","Experimental",2026-03-09,2026-03-10,2,"SAN JOAQ R GRT VAL GR 140","RMIS",5,30,120,0.25,"Normal count",87,1,4,2.33,NA,NA,1982978,-4933
"2026-03-15 02:00:00","CVP","Chinook Salmon","Clipped","Spring",NA,"Spring","063198","SCARF","Experimental",2026-03-09,2026-03-10,2,"SAN JOAQ R GRT VAL GR 140","RMIS",5,30,120,0.25,"Normal count",90,1,4,2.33,NA,NA,1982979,-4933
"2026-03-15 02:00:00","CVP","Chinook Salmon","Clipped","Spring",NA,"Spring","063198","SCARF","SJRRP",2026-03-09,2026-03-10,2,"San Joaquin River at Highway 140","CDFW inseason spreadsheet",5,30,120,0.25,"Normal count",90,1,4,2.33,NA,NA,1982979,-4933
"2026-03-15 02:00:00","CVP","Chinook Salmon","Clipped","Spring",NA,"Spring","063198","SCARF","Experimental",2026-03-09,2026-03-10,2,"SAN JOAQ R GRT VAL GR 140","RMIS",5,30,120,0.25,"Normal count",91,1,4,2.33,NA,NA,1982980,-4933
"2026-03-15 02:00:00","CVP","Chinook Salmon","Clipped","Spring",NA,"Spring","063198","SCARF","SJRRP",2026-03-09,2026-03-10,2,"San Joaquin River at Highway 140","CDFW inseason spreadsheet",5,30,120,0.25,"Normal count",91,1,4,2.33,NA,NA,1982980,-4933
"2026-03-15 02:00:00","CVP","Chinook Salmon","Clipped","Spring",NA,"Spring","063198","SCARF","Experimental",2026-03-09,2026-03-10,2,"SAN JOAQ R GRT VAL GR 140","RMIS",5,30,120,0.25,"Normal count",99,1,4,2.33,NA,NA,1982981,-4933
"2026-03-15 02:00:00","CVP","Chinook Salmon","Clipped","Spring",NA,"Spring","063198","SCARF","SJRRP",2026-03-09,2026-03-10,2,"San Joaquin River at Highway 140","CDFW inseason spreadsheet",5,30,120,0.25,"Normal count",99,1,4,2.33,NA,NA,1982981,-4933
"2026-03-15 04:00:00","CVP","Chinook Salmon","Unclipped","Spring","Fall",NA,NA,NA,NA,NA,NA,NA,NA,NA,NA,30,120,0.25,"Normal count",76,1,4,2.33,"C260730CVP",0.99800003,1982965,-4933
"2026-03-15 04:00:00","CVP","Chinook Salmon","Clipped","Spring",NA,"Spring","063198","SCARF","Experimental",2026-03-09,2026-03-10,2,"SAN JOAQ R GRT VAL GR 140","RMIS",5,30,120,0.25,"Normal count",79,1,4,2.33,NA,NA,1982966,-4933
"2026-03-15 04:00:00","CVP","Chinook Salmon","Clipped","Spring",NA,"Spring","063198","SCARF","SJRRP",2026-03-09,2026-03-10,2,"San Joaquin River at Highway 140","CDFW inseason spreadsheet",5,30,120,0.25,"Normal count",79,1,4,2.33,NA,NA,1982966,-4933
"2026-03-15 04:00:00","CVP","Chinook Salmon","Clipped","Spring",NA,"Spring","063198","SCARF","Experimental",2026-03-09,2026-03-10,2,"SAN JOAQ R GRT VAL GR 140","RMIS",5,30,120,0.25,"Normal count",81,1,4,2.33,NA,NA,1982967,-4933
"2026-03-15 04:00:00","CVP","Chinook Salmon","Clipped","Spring",NA,"Spring","063198","SCARF","SJRRP",2026-03-09,2026-03-10,2,"San Joaquin River at Highway 140","CDFW inseason spreadsheet",5,30,120,0.25,"Normal count",81,1,4,2.33,NA,NA,1982967,-4933
"2026-03-15 04:00:00","CVP","Chinook Salmon","Unclipped","Spring","Fall",NA,NA,NA,NA,NA,NA,NA,NA,NA,NA,30,120,0.25,"Normal count",84,1,4,2.33,"C260731CVP",0.991,1982968,-4933
"2026-03-15 04:00:00","CVP","Chinook Salmon","Clipped","Spring",NA,"Spring","063198","SCARF","Experimental",2026-03-09,2026-03-10,2,"SAN JOAQ R GRT VAL GR 140","RMIS",5,30,120,0.25,"Normal count",84,1,4,2.33,NA,NA,1982969,-4933
"2026-03-15 04:00:00","CVP","Chinook Salmon","Clipped","Spring",NA,"Spring","063198","SCARF","SJRRP",2026-03-09,2026-03-10,2,"San Joaquin River at Highway 140","CDFW inseason spreadsheet",5,30,120,0.25,"Normal count",84,1,4,2.33,NA,NA,1982969,-4933
"2026-03-15 04:00:00","CVP","Chinook Salmon","Clipped","Spring",NA,"Spring","062873","SCARF","Experimental",2026-03-09,2026-03-10,2,"SAN JOAQ R GRT VAL GR 140","RMIS",5,30,120,0.25,"Normal count",87,1,4,2.33,NA,NA,1982970,-4933
"2026-03-15 04:00:00","CVP","Chinook Salmon","Clipped","Spring",NA,"Spring","063198","SCARF","Experimental",2026-03-09,2026-03-10,2,"SAN JOAQ R GRT VAL GR 140","RMIS",5,30,120,0.25,"Normal count",87,1,4,2.33,NA,NA,1982970,-4933
"2026-03-15 04:00:00","CVP","Chinook Salmon","Clipped","Spring",NA,"Spring","063198","SCARF","SJRRP",2026-03-09,2026-03-10,2,"San Joaquin River at Highway 140","CDFW inseason spreadsheet",5,30,120,0.25,"Normal count",87,1,4,2.33,NA,NA,1982970,-4933
"2026-03-15 04:00:00","CVP","Chinook Salmon","Clipped","Spring",NA,"Spring","062873","SCARF","Experimental",2026-03-09,2026-03-10,2,"SAN JOAQ R GRT VAL GR 140","RMIS",5,30,120,0.25,"Normal count",87,1,4,2.33,NA,NA,1982970,-4933
"2026-03-15 04:00:00","CVP","Chinook Salmon","Clipped","Spring",NA,"Spring","062873","SCARF","SJRRP",2026-03-09,2026-03-10,2,"San Joaquin River at Highway 140","CDFW inseason spreadsheet",5,30,120,0.25,"Normal count",87,1,4,2.33,NA,NA,1982970,-4933
"2026-03-15 04:00:00","CVP","Chinook Salmon","Clipped","Spring",NA,"Spring","063198","SCARF","Experimental",2026-03-09,2026-03-10,2,"SAN JOAQ R GRT VAL GR 140","RMIS",5,30,120,0.25,"Normal count",87,1,4,2.33,NA,NA,1982970,-4933
"2026-03-15 04:00:00","CVP","Chinook Salmon","Clipped","Spring",NA,"Spring","063198","SCARF","SJRRP",2026-03-09,2026-03-10,2,"San Joaquin River at Highway 140","CDFW inseason spreadsheet",5,30,120,0.25,"Normal count",87,1,4,2.33,NA,NA,1982970,-4933
"2026-03-15 04:00:00","CVP","Chinook Salmon","Clipped","Spring",NA,"Spring","062873","SCARF","SJRRP",2026-03-09,2026-03-10,2,"San Joaquin River at Highway 140","CDFW inseason spreadsheet",5,30,120,0.25,"Normal count",87,1,4,2.33,NA,NA,1982970,-4933
"2026-03-15 04:00:00","CVP","Chinook Salmon","Clipped","Spring",NA,"Spring","063198","SCARF","SJRRP",2026-03-09,2026-03-10,2,"San Joaquin River at Highway 140","CDFW inseason spreadsheet",5,30,120,0.25,"Normal count",88,1,4,2.33,NA,NA,1982971,-4933
"2026-03-15 04:00:00","CVP","Chinook Salmon","Clipped","Spring",NA,"Spring","063198","SCARF","Experimental",2026-03-09,2026-03-10,2,"SAN JOAQ R GRT VAL GR 140","RMIS",5,30,120,0.25,"Normal count",88,1,4,2.33,NA,NA,1982971,-4933
"2026-03-15 04:00:00","CVP","Chinook Salmon","Clipped","Spring",NA,"Spring","063198","SCARF","Experimental",2026-03-09,2026-03-10,2,"SAN JOAQ R GRT VAL GR 140","RMIS",5,30,120,0.25,"Normal count",90,1,4,2.33,NA,NA,1982972,-4933
"2026-03-15 04:00:00","CVP","Chinook Salmon","Clipped","Spring",NA,"Spring","063198","SCARF","SJRRP",2026-03-09,2026-03-10,2,"San Joaquin River at Highway 140","CDFW inseason spreadsheet",5,30,120,0.25,"Normal count",90,1,4,2.33,NA,NA,1982972,-4933
"2026-03-15 04:00:00","CVP","Chinook Salmon","Clipped","Spring",NA,"Spring","062873","SCARF","Experimental",2026-03-09,2026-03-10,2,"SAN JOAQ R GRT VAL GR 140","RMIS",5,30,120,0.25,"Normal count",91,1,4,2.33,NA,NA,1982973,-4933
"2026-03-15 04:00:00","CVP","Chinook Salmon","Clipped","Spring",NA,"Spring","062873","SCARF","SJRRP",2026-03-09,2026-03-10,2,"San Joaquin River at Highway 140","CDFW inseason spreadsheet",5,30,120,0.25,"Normal count",91,1,4,2.33,NA,NA,1982973,-4933
"2026-03-15 04:00:00","CVP","Chinook Salmon","Clipped","Spring",NA,"Spring","063198","SCARF","Experimental",2026-03-09,2026-03-10,2,"SAN JOAQ R GRT VAL GR 140","RMIS",5,30,120,0.25,"Normal count",96,1,4,2.33,NA,NA,1982974,-4933
"2026-03-15 04:00:00","CVP","Chinook Salmon","Clipped","Spring",NA,"Spring","063198","SCARF","SJRRP",2026-03-09,2026-03-10,2,"San Joaquin River at Highway 140","CDFW inseason spreadsheet",5,30,120,0.25,"Normal count",96,1,4,2.33,NA,NA,1982974,-4933
"2026-03-15 06:00:00","CVP","Chinook Salmon","Clipped","Spring",NA,"Spring","062873","SCARF","Experimental",2026-03-09,2026-03-10,2,"SAN JOAQ R GRT VAL GR 140","RMIS",5,30,120,0.25,"Normal count",85,1,4,2.33,NA,NA,1982958,-4933
"2026-03-15 06:00:00","CVP","Chinook Salmon","Clipped","Spring",NA,"Spring","062873","SCARF","SJRRP",2026-03-09,2026-03-10,2,"San Joaquin River at Highway 140","CDFW inseason spreadsheet",5,30,120,0.25,"Normal count",85,1,4,2.33,NA,NA,1982958,-4933
"2026-03-15 09:00:00","SWP","Chinook Salmon","Unclipped","Winter","Fall",NA,NA,NA,NA,NA,NA,NA,NA,NA,NA,30,60,0.5,"Normal count",160,1,2,8.73,"C260018SWP",0.99599999,1982784,-4933
"2026-03-15 12:00:00","CVP","Chinook Salmon","Unclipped","Spring","Fall",NA,NA,NA,NA,NA,NA,NA,NA,NA,NA,30,120,0.25,"Normal count",75,1,4,2.33,"C260732CVP",0.69099998,1982987,-4933
"2026-03-15 12:00:00","CVP","Chinook Salmon","Clipped","Spring",NA,"Spring","063198","SCARF","Experimental",2026-03-09,2026-03-10,2,"SAN JOAQ R GRT VAL GR 140","RMIS",5,30,120,0.25,"Normal count",82,1,4,2.33,NA,NA,1982988,-4933
"2026-03-15 12:00:00","CVP","Chinook Salmon","Clipped","Spring",NA,"Spring","063198","SCARF","SJRRP",2026-03-09,2026-03-10,2,"San Joaquin River at Highway 140","CDFW inseason spreadsheet",5,30,120,0.25,"Normal count",82,1,4,2.33,NA,NA,1982988,-4933
"2026-03-15 14:00:00","CVP","Chinook Salmon","Clipped","Spring",NA,"Spring","063198","SCARF","SJRRP",2026-03-09,2026-03-10,2,"San Joaquin River at Highway 140","CDFW inseason spreadsheet",5,30,120,0.25,"Normal count",84,1,4,2.32,NA,NA,1982962,-4933
"2026-03-15 14:00:00","CVP","Chinook Salmon","Clipped","Spring",NA,"Spring","063198","SCARF","Experimental",2026-03-09,2026-03-10,2,"SAN JOAQ R GRT VAL GR 140","RMIS",5,30,120,0.25,"Normal count",84,1,4,2.32,NA,NA,1982962,-4933
"2026-03-15 14:00:00","CVP","Chinook Salmon","Clipped","Spring",NA,"Spring","063198","SCARF","Experimental",2026-03-09,2026-03-10,2,"SAN JOAQ R GRT VAL GR 140","RMIS",5,30,120,0.25,"Normal count",87,1,4,2.32,NA,NA,1982963,-4933
"2026-03-15 14:00:00","CVP","Chinook Salmon","Clipped","Spring",NA,"Spring","063198","SCARF","SJRRP",2026-03-09,2026-03-10,2,"San Joaquin River at Highway 140","CDFW inseason spreadsheet",5,30,120,0.25,"Normal count",87,1,4,2.32,NA,NA,1982963,-4933
"2026-03-15 16:00:00","CVP","Chinook Salmon","Clipped","Spring",NA,"Spring","063198","SCARF","SJRRP",2026-03-09,2026-03-10,2,"San Joaquin River at Highway 140","CDFW inseason spreadsheet",5,30,120,0.25,"Normal count",90,1,4,2.33,NA,NA,1982957,-4933
"2026-03-15 16:00:00","CVP","Chinook Salmon","Clipped","Spring",NA,"Spring","063198","SCARF","Experimental",2026-03-09,2026-03-10,2,"SAN JOAQ R GRT VAL GR 140","RMIS",5,30,120,0.25,"Normal count",90,1,4,2.33,NA,NA,1982957,-4933
"2026-03-15 18:00:00","CVP","Chinook Salmon","Clipped","Spring",NA,"Spring","063198","SCARF","SJRRP",2026-03-09,2026-03-10,2,"San Joaquin River at Highway 140","CDFW inseason spreadsheet",5,30,120,0.25,"Normal count",93,1,4,2.33,NA,NA,1982915,-4933
"2026-03-15 18:00:00","CVP","Chinook Salmon","Clipped","Spring",NA,"Spring","063198","SCARF","Experimental",2026-03-09,2026-03-10,2,"SAN JOAQ R GRT VAL GR 140","RMIS",5,30,120,0.25,"Normal count",93,1,4,2.33,NA,NA,1982915,-4933
"2026-03-15 18:00:00","CVP","Chinook Salmon","Clipped","Spring",NA,"Spring","063198","SCARF","Experimental",2026-03-09,2026-03-10,2,"SAN JOAQ R GRT VAL GR 140","RMIS",5,30,120,0.25,"Normal count",101,1,4,2.6,NA,NA,1982916,-4933
"2026-03-15 18:00:00","CVP","Chinook Salmon","Clipped","Spring",NA,"Spring","063198","SCARF","SJRRP",2026-03-09,2026-03-10,2,"San Joaquin River at Highway 140","CDFW inseason spreadsheet",5,30,120,0.25,"Normal count",101,1,4,2.6,NA,NA,1982916,-4933
"2026-03-15 20:00:00","CVP","Chinook Salmon","Unclipped","Spring","Fall",NA,NA,NA,NA,NA,NA,NA,NA,NA,NA,30,120,0.25,"Normal count",74,1,4,2.33,"C260733CVP",0.59299999,1982917,-4933
"2026-03-15 20:00:00","CVP","Chinook Salmon","Clipped","Spring",NA,"Spring","063198","SCARF","SJRRP",2026-03-09,2026-03-10,2,"San Joaquin River at Highway 140","CDFW inseason spreadsheet",5,30,120,0.25,"Normal count",81,1,4,2.33,NA,NA,1982918,-4933
"2026-03-15 20:00:00","CVP","Chinook Salmon","Clipped","Spring",NA,"Spring","063198","SCARF","Experimental",2026-03-09,2026-03-10,2,"SAN JOAQ R GRT VAL GR 140","RMIS",5,30,120,0.25,"Normal count",81,1,4,2.33,NA,NA,1982918,-4933
"2026-03-15 20:00:00","CVP","Chinook Salmon","Clipped","Spring",NA,"Spring","062873","SCARF","SJRRP",2026-03-09,2026-03-10,2,"San Joaquin River at Highway 140","CDFW inseason spreadsheet",5,30,120,0.25,"Normal count",81,1,4,2.33,NA,NA,1982918,-4933
"2026-03-15 20:00:00","CVP","Chinook Salmon","Clipped","Spring",NA,"Spring","063198","SCARF","SJRRP",2026-03-09,2026-03-10,2,"San Joaquin River at Highway 140","CDFW inseason spreadsheet",5,30,120,0.25,"Normal count",81,1,4,2.33,NA,NA,1982918,-4933
"2026-03-15 20:00:00","CVP","Chinook Salmon","Clipped","Spring",NA,"Spring","062873","SCARF","Experimental",2026-03-09,2026-03-10,2,"SAN JOAQ R GRT VAL GR 140","RMIS",5,30,120,0.25,"Normal count",81,1,4,2.33,NA,NA,1982918,-4933
"2026-03-15 20:00:00","CVP","Chinook Salmon","Clipped","Spring",NA,"Spring","062873","SCARF","SJRRP",2026-03-09,2026-03-10,2,"San Joaquin River at Highway 140","CDFW inseason spreadsheet",5,30,120,0.25,"Normal count",81,1,4,2.33,NA,NA,1982918,-4933
"2026-03-15 20:00:00","CVP","Chinook Salmon","Clipped","Spring",NA,"Spring","062873","SCARF","Experimental",2026-03-09,2026-03-10,2,"SAN JOAQ R GRT VAL GR 140","RMIS",5,30,120,0.25,"Normal count",81,1,4,2.33,NA,NA,1982918,-4933
"2026-03-15 20:00:00","CVP","Chinook Salmon","Clipped","Spring",NA,"Spring","063198","SCARF","Experimental",2026-03-09,2026-03-10,2,"SAN JOAQ R GRT VAL GR 140","RMIS",5,30,120,0.25,"Normal count",81,1,4,2.33,NA,NA,1982918,-4933
"2026-03-15 22:00:00","CVP","Chinook Salmon","Clipped","Spring",NA,"Spring","063198","SCARF","Experimental",2026-03-09,2026-03-10,2,"SAN JOAQ R GRT VAL GR 140","RMIS",5,30,120,0.25,"Normal count",87,1,4,2.33,NA,NA,1982937,-4933
"2026-03-15 22:00:00","CVP","Chinook Salmon","Clipped","Spring",NA,"Spring","063198","SCARF","SJRRP",2026-03-09,2026-03-10,2,"San Joaquin River at Highway 140","CDFW inseason spreadsheet",5,30,120,0.25,"Normal count",87,1,4,2.33,NA,NA,1982937,-4933
"2026-03-15 22:00:00","CVP","Chinook Salmon","Clipped","Spring",NA,"Spring","063198","SCARF","Experimental",2026-03-09,2026-03-10,2,"SAN JOAQ R GRT VAL GR 140","RMIS",5,30,120,0.25,"Normal count",90,1,4,2.33,NA,NA,1982938,-4933
"2026-03-15 22:00:00","CVP","Chinook Salmon","Clipped","Spring",NA,"Spring","063198","SCARF","SJRRP",2026-03-09,2026-03-10,2,"San Joaquin River at Highway 140","CDFW inseason spreadsheet",5,30,120,0.25,"Normal count",90,1,4,2.33,NA,NA,1982938,-4933
"2026-03-15 22:00:00","CVP","Chinook Salmon","Clipped","Spring",NA,"Spring","063198","SCARF","SJRRP",2026-03-09,2026-03-10,2,"San Joaquin River at Highway 140","CDFW inseason spreadsheet",5,30,120,0.25,"Normal count",100,1,4,2.33,NA,NA,1982939,-4933
"2026-03-15 22:00:00","CVP","Chinook Salmon","Clipped","Spring",NA,"Spring","063198","SCARF","Experimental",2026-03-09,2026-03-10,2,"SAN JOAQ R GRT VAL GR 140","RMIS",5,30,120,0.25,"Normal count",100,1,4,2.33,NA,NA,1982939,-4933
"2026-03-15 23:59:00","CVP","Chinook Salmon","Clipped","Spring",NA,"Spring","062873","SCARF","SJRRP",2026-03-09,2026-03-10,2,"San Joaquin River at Highway 140","CDFW inseason spreadsheet",5,30,120,0.25,"Normal count",83,1,4,2.33,NA,NA,1982983,-4933
"2026-03-15 23:59:00","CVP","Chinook Salmon","Clipped","Spring",NA,"Spring","062873","SCARF","Experimental",2026-03-09,2026-03-10,2,"SAN JOAQ R GRT VAL GR 140","RMIS",5,30,120,0.25,"Normal count",83,1,4,2.33,NA,NA,1982983,-4933
"2026-03-15 23:59:00","CVP","Chinook Salmon","Clipped","Spring",NA,"Spring","062873","SCARF","SJRRP",2026-03-09,2026-03-10,2,"San Joaquin River at Highway 140","CDFW inseason spreadsheet",5,30,120,0.25,"Normal count",87,1,4,2.33,NA,NA,1982984,-4933
"2026-03-15 23:59:00","CVP","Chinook Salmon","Clipped","Spring",NA,"Spring","062873","SCARF","Experimental",2026-03-09,2026-03-10,2,"SAN JOAQ R GRT VAL GR 140","RMIS",5,30,120,0.25,"Normal count",87,1,4,2.33,NA,NA,1982984,-4933
"2026-03-15 23:59:00","CVP","Chinook Salmon","Clipped","Spring",NA,"Spring","062873","SCARF","SJRRP",2026-03-09,2026-03-10,2,"San Joaquin River at Highway 140","CDFW inseason spreadsheet",5,30,120,0.25,"Normal count",96,1,4,2.33,NA,NA,1982985,-4933
"2026-03-15 23:59:00","CVP","Chinook Salmon","Clipped","Spring",NA,"Spring","062873","SCARF","Experimental",2026-03-09,2026-03-10,2,"SAN JOAQ R GRT VAL GR 140","RMIS",5,30,120,0.25,"Normal count",96,1,4,2.33,NA,NA,1982985,-4933
"2026-03-16 02:00:00","CVP","Chinook Salmon","Clipped","Spring",NA,"Spring","063198","SCARF","Experimental",2026-03-09,2026-03-10,2,"SAN JOAQ R GRT VAL GR 140","RMIS",6,30,120,0.25,"Normal count",81,1,4,2.33,NA,NA,1983048,-4909
"2026-03-16 02:00:00","CVP","Chinook Salmon","Clipped","Spring",NA,"Spring","063198","SCARF","SJRRP",2026-03-09,2026-03-10,2,"San Joaquin River at Highway 140","CDFW inseason spreadsheet",6,30,120,0.25,"Normal count",81,1,4,2.33,NA,NA,1983048,-4909
"2026-03-16 02:00:00","CVP","Chinook Salmon","Unclipped","Spring","Fall",NA,NA,NA,NA,NA,NA,NA,NA,NA,NA,30,120,0.25,"Normal count",90,1,4,2.33,"C260734CVP",0.847,1983049,-4909
"2026-03-16 02:00:00","CVP","Chinook Salmon","Clipped","Spring",NA,"Spring","063198","SCARF","SJRRP",2026-03-09,2026-03-10,2,"San Joaquin River at Highway 140","CDFW inseason spreadsheet",6,30,120,0.25,"Normal count",91,1,4,2.33,NA,NA,1983050,-4909
"2026-03-16 02:00:00","CVP","Chinook Salmon","Clipped","Spring",NA,"Spring","063198","SCARF","Experimental",2026-03-09,2026-03-10,2,"SAN JOAQ R GRT VAL GR 140","RMIS",6,30,120,0.25,"Normal count",91,1,4,2.33,NA,NA,1983050,-4909
"2026-03-16 02:00:00","CVP","Chinook Salmon","Clipped","Spring",NA,"Spring","063198","SCARF","SJRRP",2026-03-09,2026-03-10,2,"San Joaquin River at Highway 140","CDFW inseason spreadsheet",6,30,120,0.25,"Normal count",98,1,4,2.33,NA,NA,1983051,-4909
"2026-03-16 02:00:00","CVP","Chinook Salmon","Clipped","Spring",NA,"Spring","063198","SCARF","Experimental",2026-03-09,2026-03-10,2,"SAN JOAQ R GRT VAL GR 140","RMIS",6,30,120,0.25,"Normal count",98,1,4,2.33,NA,NA,1983051,-4909
"2026-03-16 02:00:00","CVP","Chinook Salmon","Clipped","Spring",NA,"Spring","063198","SCARF","Experimental",2026-03-09,2026-03-10,2,"SAN JOAQ R GRT VAL GR 140","RMIS",6,30,120,0.25,"Normal count",98,1,4,2.33,NA,NA,1983051,-4909
"2026-03-16 02:00:00","CVP","Chinook Salmon","Clipped","Spring",NA,"Spring","063198","SCARF","SJRRP",2026-03-09,2026-03-10,2,"San Joaquin River at Highway 140","CDFW inseason spreadsheet",6,30,120,0.25,"Normal count",98,1,4,2.33,NA,NA,1983051,-4909
"2026-03-16 02:00:00","CVP","Chinook Salmon","Clipped","Spring",NA,"Spring","063198","SCARF","Experimental",2026-03-09,2026-03-10,2,"SAN JOAQ R GRT VAL GR 140","RMIS",6,30,120,0.25,"Normal count",98,1,4,2.33,NA,NA,1983051,-4909
"2026-03-16 02:00:00","CVP","Chinook Salmon","Clipped","Spring",NA,"Spring","063198","SCARF","SJRRP",2026-03-09,2026-03-10,2,"San Joaquin River at Highway 140","CDFW inseason spreadsheet",6,30,120,0.25,"Normal count",98,1,4,2.33,NA,NA,1983051,-4909
"2026-03-16 02:00:00","CVP","Chinook Salmon","Clipped","Spring",NA,"Spring","063198","SCARF","Experimental",2026-03-09,2026-03-10,2,"SAN JOAQ R GRT VAL GR 140","RMIS",6,30,120,0.25,"Normal count",98,1,4,2.33,NA,NA,1983051,-4909
"2026-03-16 02:00:00","CVP","Chinook Salmon","Clipped","Spring",NA,"Spring","063198","SCARF","SJRRP",2026-03-09,2026-03-10,2,"San Joaquin River at Highway 140","CDFW inseason spreadsheet",6,30,120,0.25,"Normal count",98,1,4,2.33,NA,NA,1983051,-4909
"2026-03-16 04:00:00","CVP","Chinook Salmon","Clipped","Spring",NA,"Spring","063198","SCARF","Experimental",2026-03-09,2026-03-10,2,"SAN JOAQ R GRT VAL GR 140","RMIS",6,30,120,0.25,"Normal count",80,1,4,2.33,NA,NA,1983021,-4909
"2026-03-16 04:00:00","CVP","Chinook Salmon","Clipped","Spring",NA,"Spring","063198","SCARF","SJRRP",2026-03-09,2026-03-10,2,"San Joaquin River at Highway 140","CDFW inseason spreadsheet",6,30,120,0.25,"Normal count",80,1,4,2.33,NA,NA,1983021,-4909
"2026-03-16 04:00:00","CVP","Chinook Salmon","Unclipped","Spring","Spring",NA,NA,NA,NA,NA,NA,NA,NA,NA,NA,30,120,0.25,"Normal count",82,1,4,2.33,"C260735CVP",0.98699999,1983022,-4909
"2026-03-16 04:00:00","CVP","Chinook Salmon","Clipped","Spring",NA,"Spring","063198","SCARF","Experimental",2026-03-09,2026-03-10,2,"SAN JOAQ R GRT VAL GR 140","RMIS",6,30,120,0.25,"Normal count",84,1,4,2.33,NA,NA,1983023,-4909
"2026-03-16 04:00:00","CVP","Chinook Salmon","Clipped","Spring",NA,"Spring","063198","SCARF","SJRRP",2026-03-09,2026-03-10,2,"San Joaquin River at Highway 140","CDFW inseason spreadsheet",6,30,120,0.25,"Normal count",84,1,4,2.33,NA,NA,1983023,-4909
"2026-03-16 04:00:00","CVP","Chinook Salmon","Clipped","Spring",NA,"Spring","063198","SCARF","Experimental",2026-03-09,2026-03-10,2,"SAN JOAQ R GRT VAL GR 140","RMIS",6,30,120,0.25,"Normal count",85,1,4,2.33,NA,NA,1983024,-4909
"2026-03-16 04:00:00","CVP","Chinook Salmon","Clipped","Spring",NA,"Spring","063198","SCARF","SJRRP",2026-03-09,2026-03-10,2,"San Joaquin River at Highway 140","CDFW inseason spreadsheet",6,30,120,0.25,"Normal count",85,1,4,2.33,NA,NA,1983024,-4909
"2026-03-16 04:00:00","CVP","Chinook Salmon","Clipped","Spring",NA,"Spring","063198","SCARF","SJRRP",2026-03-09,2026-03-10,2,"San Joaquin River at Highway 140","CDFW inseason spreadsheet",6,30,120,0.25,"Normal count",85,1,4,2.33,NA,NA,1983024,-4909
"2026-03-16 04:00:00","CVP","Chinook Salmon","Clipped","Spring",NA,"Spring","063198","SCARF","Experimental",2026-03-09,2026-03-10,2,"SAN JOAQ R GRT VAL GR 140","RMIS",6,30,120,0.25,"Normal count",85,1,4,2.33,NA,NA,1983024,-4909
"2026-03-16 04:00:00","CVP","Chinook Salmon","Clipped","Spring",NA,"Spring","063198","SCARF","SJRRP",2026-03-09,2026-03-10,2,"San Joaquin River at Highway 140","CDFW inseason spreadsheet",6,30,120,0.25,"Normal count",85,1,4,2.33,NA,NA,1983024,-4909
"2026-03-16 04:00:00","CVP","Chinook Salmon","Clipped","Spring",NA,"Spring","063198","SCARF","Experimental",2026-03-09,2026-03-10,2,"SAN JOAQ R GRT VAL GR 140","RMIS",6,30,120,0.25,"Normal count",85,1,4,2.33,NA,NA,1983024,-4909
"2026-03-16 04:00:00","CVP","Chinook Salmon","Clipped","Spring",NA,"Spring","063198","SCARF","Experimental",2026-03-09,2026-03-10,2,"SAN JOAQ R GRT VAL GR 140","RMIS",6,30,120,0.25,"Normal count",85,1,4,2.33,NA,NA,1983024,-4909
"2026-03-16 04:00:00","CVP","Chinook Salmon","Clipped","Spring",NA,"Spring","063198","SCARF","SJRRP",2026-03-09,2026-03-10,2,"San Joaquin River at Highway 140","CDFW inseason spreadsheet",6,30,120,0.25,"Normal count",85,1,4,2.33,NA,NA,1983024,-4909
"2026-03-16 04:00:00","CVP","Chinook Salmon","Clipped","Spring",NA,"Spring","063198","SCARF","Experimental",2026-03-09,2026-03-10,2,"SAN JOAQ R GRT VAL GR 140","RMIS",6,30,120,0.25,"Normal count",87,1,4,2.33,NA,NA,1983025,-4909
"2026-03-16 04:00:00","CVP","Chinook Salmon","Clipped","Spring",NA,"Spring","063198","SCARF","SJRRP",2026-03-09,2026-03-10,2,"San Joaquin River at Highway 140","CDFW inseason spreadsheet",6,30,120,0.25,"Normal count",87,1,4,2.33,NA,NA,1983025,-4909
"2026-03-16 04:00:00","CVP","Chinook Salmon","Clipped","Spring",NA,"Spring","063198","SCARF","Experimental",2026-03-09,2026-03-10,2,"SAN JOAQ R GRT VAL GR 140","RMIS",6,30,120,0.25,"Normal count",88,1,4,2.33,NA,NA,1983026,-4909
"2026-03-16 04:00:00","CVP","Chinook Salmon","Clipped","Spring",NA,"Spring","063198","SCARF","SJRRP",2026-03-09,2026-03-10,2,"San Joaquin River at Highway 140","CDFW inseason spreadsheet",6,30,120,0.25,"Normal count",88,1,4,2.33,NA,NA,1983026,-4909
"2026-03-16 04:00:00","CVP","Chinook Salmon","Clipped","Spring",NA,"Spring","063198","SCARF","Experimental",2026-03-09,2026-03-10,2,"SAN JOAQ R GRT VAL GR 140","RMIS",6,30,120,0.25,"Normal count",90,1,4,2.33,NA,NA,1983027,-4909
"2026-03-16 04:00:00","CVP","Chinook Salmon","Clipped","Spring",NA,"Spring","063198","SCARF","SJRRP",2026-03-09,2026-03-10,2,"San Joaquin River at Highway 140","CDFW inseason spreadsheet",6,30,120,0.25,"Normal count",90,1,4,2.33,NA,NA,1983027,-4909
"2026-03-16 04:00:00","CVP","Chinook Salmon","Clipped","Spring",NA,"Spring","063198","SCARF","Experimental",2026-03-09,2026-03-10,2,"SAN JOAQ R GRT VAL GR 140","RMIS",6,30,120,0.25,"Normal count",90,1,4,2.33,NA,NA,1983027,-4909
"2026-03-16 04:00:00","CVP","Chinook Salmon","Clipped","Spring",NA,"Spring","063198","SCARF","Experimental",2026-03-09,2026-03-10,2,"SAN JOAQ R GRT VAL GR 140","RMIS",6,30,120,0.25,"Normal count",90,1,4,2.33,NA,NA,1983027,-4909
"2026-03-16 04:00:00","CVP","Chinook Salmon","Clipped","Spring",NA,"Spring","063198","SCARF","SJRRP",2026-03-09,2026-03-10,2,"San Joaquin River at Highway 140","CDFW inseason spreadsheet",6,30,120,0.25,"Normal count",90,1,4,2.33,NA,NA,1983027,-4909
"2026-03-16 04:00:00","CVP","Chinook Salmon","Clipped","Spring",NA,"Spring","063198","SCARF","Experimental",2026-03-09,2026-03-10,2,"SAN JOAQ R GRT VAL GR 140","RMIS",6,30,120,0.25,"Normal count",90,1,4,2.33,NA,NA,1983027,-4909
"2026-03-16 04:00:00","CVP","Chinook Salmon","Clipped","Spring",NA,"Spring","063198","SCARF","SJRRP",2026-03-09,2026-03-10,2,"San Joaquin River at Highway 140","CDFW inseason spreadsheet",6,30,120,0.25,"Normal count",90,1,4,2.33,NA,NA,1983027,-4909
"2026-03-16 04:00:00","CVP","Chinook Salmon","Clipped","Spring",NA,"Spring","063198","SCARF","SJRRP",2026-03-09,2026-03-10,2,"San Joaquin River at Highway 140","CDFW inseason spreadsheet",6,30,120,0.25,"Normal count",90,1,4,2.33,NA,NA,1983027,-4909
"2026-03-16 04:00:00","CVP","Chinook Salmon","Clipped","Spring",NA,"Spring","063198","SCARF","Experimental",2026-03-09,2026-03-10,2,"SAN JOAQ R GRT VAL GR 140","RMIS",6,30,120,0.25,"Normal count",94,1,4,2.33,NA,NA,1983028,-4909
"2026-03-16 04:00:00","CVP","Chinook Salmon","Clipped","Spring",NA,"Spring","063198","SCARF","SJRRP",2026-03-09,2026-03-10,2,"San Joaquin River at Highway 140","CDFW inseason spreadsheet",6,30,120,0.25,"Normal count",94,1,4,2.33,NA,NA,1983028,-4909
"2026-03-16 04:00:00","CVP","Chinook Salmon","Clipped","Spring",NA,"Spring","063198","SCARF","SJRRP",2026-03-09,2026-03-10,2,"San Joaquin River at Highway 140","CDFW inseason spreadsheet",6,30,120,0.25,"Normal count",95,1,4,2.33,NA,NA,1983029,-4909
"2026-03-16 04:00:00","CVP","Chinook Salmon","Clipped","Spring",NA,"Spring","063198","SCARF","Experimental",2026-03-09,2026-03-10,2,"SAN JOAQ R GRT VAL GR 140","RMIS",6,30,120,0.25,"Normal count",95,1,4,2.33,NA,NA,1983029,-4909
"2026-03-16 04:00:00","CVP","Chinook Salmon","Clipped","Spring",NA,"Spring","063198","SCARF","Experimental",2026-03-09,2026-03-10,2,"SAN JOAQ R GRT VAL GR 140","RMIS",6,30,120,0.25,"Normal count",96,1,4,2.33,NA,NA,1983030,-4909
"2026-03-16 04:00:00","CVP","Chinook Salmon","Clipped","Spring",NA,"Spring","062873","SCARF","SJRRP",2026-03-09,2026-03-10,2,"San Joaquin River at Highway 140","CDFW inseason spreadsheet",6,30,120,0.25,"Normal count",96,1,4,2.33,NA,NA,1983030,-4909
"2026-03-16 04:00:00","CVP","Chinook Salmon","Clipped","Spring",NA,"Spring","063198","SCARF","SJRRP",2026-03-09,2026-03-10,2,"San Joaquin River at Highway 140","CDFW inseason spreadsheet",6,30,120,0.25,"Normal count",96,1,4,2.33,NA,NA,1983030,-4909
"2026-03-16 04:00:00","CVP","Chinook Salmon","Clipped","Spring",NA,"Spring","062873","SCARF","Experimental",2026-03-09,2026-03-10,2,"SAN JOAQ R GRT VAL GR 140","RMIS",6,30,120,0.25,"Normal count",96,1,4,2.33,NA,NA,1983030,-4909
"2026-03-16 04:00:00","CVP","Chinook Salmon","Clipped","Spring",NA,"Spring","062873","SCARF","SJRRP",2026-03-09,2026-03-10,2,"San Joaquin River at Highway 140","CDFW inseason spreadsheet",6,30,120,0.25,"Normal count",96,1,4,2.33,NA,NA,1983030,-4909
"2026-03-16 04:00:00","CVP","Chinook Salmon","Clipped","Spring",NA,"Spring","063198","SCARF","Experimental",2026-03-09,2026-03-10,2,"SAN JOAQ R GRT VAL GR 140","RMIS",6,30,120,0.25,"Normal count",96,1,4,2.33,NA,NA,1983030,-4909
"2026-03-16 04:00:00","CVP","Chinook Salmon","Clipped","Spring",NA,"Spring","063198","SCARF","SJRRP",2026-03-09,2026-03-10,2,"San Joaquin River at Highway 140","CDFW inseason spreadsheet",6,30,120,0.25,"Normal count",96,1,4,2.33,NA,NA,1983030,-4909
"2026-03-16 04:00:00","CVP","Chinook Salmon","Clipped","Spring",NA,"Spring","062873","SCARF","Experimental",2026-03-09,2026-03-10,2,"SAN JOAQ R GRT VAL GR 140","RMIS",6,30,120,0.25,"Normal count",96,1,4,2.33,NA,NA,1983030,-4909
"2026-03-16 06:00:00","CVP","Chinook Salmon","Clipped","Spring",NA,"Spring","063198","SCARF","SJRRP",2026-03-09,2026-03-10,2,"San Joaquin River at Highway 140","CDFW inseason spreadsheet",6,30,120,0.25,"Normal count",80,1,4,2.33,NA,NA,1982999,-4909
"2026-03-16 06:00:00","CVP","Chinook Salmon","Clipped","Spring",NA,"Spring","063198","SCARF","Experimental",2026-03-09,2026-03-10,2,"SAN JOAQ R GRT VAL GR 140","RMIS",6,30,120,0.25,"Normal count",80,1,4,2.33,NA,NA,1982999,-4909
"2026-03-16 06:00:00","CVP","Chinook Salmon","Clipped","Spring",NA,"Spring","063198","SCARF","SJRRP",2026-03-09,2026-03-10,2,"San Joaquin River at Highway 140","CDFW inseason spreadsheet",6,30,120,0.25,"Normal count",85,1,4,2.33,NA,NA,1983000,-4909
"2026-03-16 06:00:00","CVP","Chinook Salmon","Clipped","Spring",NA,"Spring","063198","SCARF","Experimental",2026-03-09,2026-03-10,2,"SAN JOAQ R GRT VAL GR 140","RMIS",6,30,120,0.25,"Normal count",85,1,4,2.33,NA,NA,1983000,-4909
"2026-03-16 06:00:00","CVP","Chinook Salmon","Clipped","Spring",NA,"Spring","063198","SCARF","SJRRP",2026-03-09,2026-03-10,2,"San Joaquin River at Highway 140","CDFW inseason spreadsheet",6,30,120,0.25,"Normal count",85,1,4,2.33,NA,NA,1983000,-4909
"2026-03-16 06:00:00","CVP","Chinook Salmon","Clipped","Spring",NA,"Spring","063198","SCARF","Experimental",2026-03-09,2026-03-10,2,"SAN JOAQ R GRT VAL GR 140","RMIS",6,30,120,0.25,"Normal count",85,1,4,2.33,NA,NA,1983000,-4909
"2026-03-16 06:00:00","CVP","Chinook Salmon","Clipped","Spring",NA,"Spring","063198","SCARF","SJRRP",2026-03-09,2026-03-10,2,"San Joaquin River at Highway 140","CDFW inseason spreadsheet",6,30,120,0.25,"Normal count",85,1,4,2.33,NA,NA,1983000,-4909
"2026-03-16 06:00:00","CVP","Chinook Salmon","Clipped","Spring",NA,"Spring","063198","SCARF","Experimental",2026-03-09,2026-03-10,2,"SAN JOAQ R GRT VAL GR 140","RMIS",6,30,120,0.25,"Normal count",85,1,4,2.33,NA,NA,1983000,-4909
"2026-03-16 06:00:00","CVP","Chinook Salmon","Clipped","Spring",NA,"Spring","063198","SCARF","SJRRP",2026-03-09,2026-03-10,2,"San Joaquin River at Highway 140","CDFW inseason spreadsheet",6,30,120,0.25,"Normal count",85,1,4,2.33,NA,NA,1983000,-4909
"2026-03-16 06:00:00","CVP","Chinook Salmon","Clipped","Spring",NA,"Spring","063198","SCARF","Experimental",2026-03-09,2026-03-10,2,"SAN JOAQ R GRT VAL GR 140","RMIS",6,30,120,0.25,"Normal count",85,1,4,2.33,NA,NA,1983000,-4909
"2026-03-16 06:00:00","CVP","Chinook Salmon","Clipped","Spring",NA,"Spring","063198","SCARF","SJRRP",2026-03-09,2026-03-10,2,"San Joaquin River at Highway 140","CDFW inseason spreadsheet",6,30,120,0.25,"Normal count",90,1,4,2.33,NA,NA,1983001,-4909
"2026-03-16 06:00:00","CVP","Chinook Salmon","Clipped","Spring",NA,"Spring","063198","SCARF","Experimental",2026-03-09,2026-03-10,2,"SAN JOAQ R GRT VAL GR 140","RMIS",6,30,120,0.25,"Normal count",90,1,4,2.33,NA,NA,1983001,-4909
"2026-03-16 06:00:00","CVP","Chinook Salmon","Clipped","Spring",NA,"Spring","062873","SCARF","SJRRP",2026-03-09,2026-03-10,2,"San Joaquin River at Highway 140","CDFW inseason spreadsheet",6,30,120,0.25,"Normal count",91,1,4,2.33,NA,NA,1983002,-4909
"2026-03-16 06:00:00","CVP","Chinook Salmon","Clipped","Spring",NA,"Spring","062873","SCARF","Experimental",2026-03-09,2026-03-10,2,"SAN JOAQ R GRT VAL GR 140","RMIS",6,30,120,0.25,"Normal count",91,1,4,2.33,NA,NA,1983002,-4909
"2026-03-16 06:00:00","CVP","Chinook Salmon","Clipped","Spring",NA,"Spring","063198","SCARF","Experimental",2026-03-09,2026-03-10,2,"SAN JOAQ R GRT VAL GR 140","RMIS",6,30,120,0.25,"Normal count",92,1,4,2.33,NA,NA,1983003,-4909
"2026-03-16 06:00:00","CVP","Chinook Salmon","Clipped","Spring",NA,"Spring","063198","SCARF","SJRRP",2026-03-09,2026-03-10,2,"San Joaquin River at Highway 140","CDFW inseason spreadsheet",6,30,120,0.25,"Normal count",92,1,4,2.33,NA,NA,1983003,-4909
"2026-03-16 06:00:00","CVP","Chinook Salmon","Clipped","Spring",NA,"Spring","063198","SCARF","SJRRP",2026-03-09,2026-03-10,2,"San Joaquin River at Highway 140","CDFW inseason spreadsheet",6,30,120,0.25,"Normal count",96,1,4,2.33,NA,NA,1983004,-4909
"2026-03-16 06:00:00","CVP","Chinook Salmon","Clipped","Spring",NA,"Spring","063198","SCARF","Experimental",2026-03-09,2026-03-10,2,"SAN JOAQ R GRT VAL GR 140","RMIS",6,30,120,0.25,"Normal count",96,1,4,2.33,NA,NA,1983004,-4909
"2026-03-16 10:00:00","CVP","Chinook Salmon","Unclipped","Fall","LateFall",NA,NA,NA,NA,NA,NA,NA,NA,NA,NA,30,120,0.25,"Normal count",39,1,4,2.33,"C260737CVP",0.87400001,1983011,-4909
"2026-03-16 10:00:00","CVP","Chinook Salmon","Unclipped","Spring","Fall",NA,NA,NA,NA,NA,NA,NA,NA,NA,NA,30,120,0.25,"Normal count",78,1,4,2.33,"C260736CVP",0.71899998,1983012,-4909
"2026-03-16 12:00:00","CVP","Chinook Salmon","Clipped","Spring",NA,"Spring","063198","SCARF","SJRRP",2026-03-09,2026-03-10,2,"San Joaquin River at Highway 140","CDFW inseason spreadsheet",6,30,120,0.25,"Normal count",83,1,4,2.33,NA,NA,1983062,-4909
"2026-03-16 12:00:00","CVP","Chinook Salmon","Clipped","Spring",NA,"Spring","063198","SCARF","Experimental",2026-03-09,2026-03-10,2,"SAN JOAQ R GRT VAL GR 140","RMIS",6,30,120,0.25,"Normal count",83,1,4,2.33,NA,NA,1983062,-4909
"2026-03-16 12:00:00","CVP","Chinook Salmon","Clipped","Spring",NA,"Spring","063198","SCARF","Experimental",2026-03-09,2026-03-10,2,"SAN JOAQ R GRT VAL GR 140","RMIS",6,30,120,0.25,"Normal count",84,1,4,2.33,NA,NA,1983063,-4909
"2026-03-16 12:00:00","CVP","Chinook Salmon","Clipped","Spring",NA,"Spring","063198","SCARF","SJRRP",2026-03-09,2026-03-10,2,"San Joaquin River at Highway 140","CDFW inseason spreadsheet",6,30,120,0.25,"Normal count",84,1,4,2.33,NA,NA,1983063,-4909
"2026-03-16 12:00:00","CVP","Chinook Salmon","Clipped","Spring",NA,"Spring","063198","SCARF","SJRRP",2026-03-09,2026-03-10,2,"San Joaquin River at Highway 140","CDFW inseason spreadsheet",6,30,120,0.25,"Normal count",88,1,4,2.33,NA,NA,1983064,-4909
"2026-03-16 12:00:00","CVP","Chinook Salmon","Clipped","Spring",NA,"Spring","063198","SCARF","Experimental",2026-03-09,2026-03-10,2,"SAN JOAQ R GRT VAL GR 140","RMIS",6,30,120,0.25,"Normal count",88,1,4,2.33,NA,NA,1983064,-4909
"2026-03-16 12:00:00","CVP","Chinook Salmon","Clipped","Spring",NA,"Spring","063198","SCARF","Experimental",2026-03-09,2026-03-10,2,"SAN JOAQ R GRT VAL GR 140","RMIS",6,30,120,0.25,"Normal count",96,1,4,2.33,NA,NA,1983065,-4909
"2026-03-16 12:00:00","CVP","Chinook Salmon","Clipped","Spring",NA,"Spring","063198","SCARF","SJRRP",2026-03-09,2026-03-10,2,"San Joaquin River at Highway 140","CDFW inseason spreadsheet",6,30,120,0.25,"Normal count",96,1,4,2.33,NA,NA,1983065,-4909
"2026-03-16 14:00:00","CVP","Chinook Salmon","Clipped","Spring",NA,"Spring","063198","SCARF","SJRRP",2026-03-09,2026-03-10,2,"San Joaquin River at Highway 140","CDFW inseason spreadsheet",6,30,120,0.25,"Normal count",86,1,4,2.33,NA,NA,1983015,-4909
"2026-03-16 14:00:00","CVP","Chinook Salmon","Clipped","Spring",NA,"Spring","063198","SCARF","Experimental",2026-03-09,2026-03-10,2,"SAN JOAQ R GRT VAL GR 140","RMIS",6,30,120,0.25,"Normal count",86,1,4,2.33,NA,NA,1983015,-4909
"2026-03-16 14:00:00","CVP","Chinook Salmon","Clipped","Spring",NA,"Spring","063198","SCARF","SJRRP",2026-03-09,2026-03-10,2,"San Joaquin River at Highway 140","CDFW inseason spreadsheet",6,30,120,0.25,"Normal count",93,1,4,2.33,NA,NA,1983016,-4909
"2026-03-16 14:00:00","CVP","Chinook Salmon","Clipped","Spring",NA,"Spring","063198","SCARF","Experimental",2026-03-09,2026-03-10,2,"SAN JOAQ R GRT VAL GR 140","RMIS",6,30,120,0.25,"Normal count",93,1,4,2.33,NA,NA,1983016,-4909
"2026-03-16 16:00:00","CVP","Chinook Salmon","Clipped","Spring",NA,"Spring","063198","SCARF","SJRRP",2026-03-09,2026-03-10,2,"San Joaquin River at Highway 140","CDFW inseason spreadsheet",6,30,120,0.25,"Normal count",84,1,4,2.33,NA,NA,1982996,-4909
"2026-03-16 16:00:00","CVP","Chinook Salmon","Clipped","Spring",NA,"Spring","063198","SCARF","Experimental",2026-03-09,2026-03-10,2,"SAN JOAQ R GRT VAL GR 140","RMIS",6,30,120,0.25,"Normal count",84,1,4,2.33,NA,NA,1982996,-4909
"2026-03-16 16:00:00","CVP","Chinook Salmon","Clipped","Spring",NA,"Spring","063198","SCARF","SJRRP",2026-03-09,2026-03-10,2,"San Joaquin River at Highway 140","CDFW inseason spreadsheet",6,30,120,0.25,"Normal count",89,1,4,2.33,NA,NA,1982997,-4909
"2026-03-16 16:00:00","CVP","Chinook Salmon","Clipped","Spring",NA,"Spring","063198","SCARF","Experimental",2026-03-09,2026-03-10,2,"SAN JOAQ R GRT VAL GR 140","RMIS",6,30,120,0.25,"Normal count",89,1,4,2.33,NA,NA,1982997,-4909
"2026-03-16 16:00:00","CVP","Chinook Salmon","Clipped","Spring",NA,"Spring","063198","SCARF","Experimental",2026-03-09,2026-03-10,2,"SAN JOAQ R GRT VAL GR 140","RMIS",6,30,120,0.25,"Normal count",90,1,4,2.33,NA,NA,1982998,-4909
"2026-03-16 16:00:00","CVP","Chinook Salmon","Clipped","Spring",NA,"Spring","063198","SCARF","SJRRP",2026-03-09,2026-03-10,2,"San Joaquin River at Highway 140","CDFW inseason spreadsheet",6,30,120,0.25,"Normal count",90,1,4,2.33,NA,NA,1982998,-4909
"2026-03-16 22:00:00","CVP","Chinook Salmon","Clipped","Spring",NA,"Spring","063198","SCARF","SJRRP",2026-03-09,2026-03-10,2,"San Joaquin River at Highway 140","CDFW inseason spreadsheet",6,30,120,0.25,"Normal count",86,1,4,2.33,NA,NA,1983043,-4909
"2026-03-16 22:00:00","CVP","Chinook Salmon","Clipped","Spring",NA,"Spring","063198","SCARF","Experimental",2026-03-09,2026-03-10,2,"SAN JOAQ R GRT VAL GR 140","RMIS",6,30,120,0.25,"Normal count",86,1,4,2.33,NA,NA,1983043,-4909
"2026-03-16 22:00:00","CVP","Chinook Salmon","Clipped","Spring",NA,"Spring","063198","SCARF","SJRRP",2026-03-09,2026-03-10,2,"San Joaquin River at Highway 140","CDFW inseason spreadsheet",6,30,120,0.25,"Normal count",88,1,4,2.33,NA,NA,1983044,-4909
"2026-03-16 22:00:00","CVP","Chinook Salmon","Clipped","Spring",NA,"Spring","063198","SCARF","Experimental",2026-03-09,2026-03-10,2,"SAN JOAQ R GRT VAL GR 140","RMIS",6,30,120,0.25,"Normal count",88,1,4,2.33,NA,NA,1983044,-4909
"2026-03-16 22:00:00","CVP","Chinook Salmon","Clipped","Spring",NA,"Spring","063198","SCARF","Experimental",2026-03-09,2026-03-10,2,"SAN JOAQ R GRT VAL GR 140","RMIS",6,30,120,0.25,"Normal count",99,1,4,2.33,NA,NA,1983045,-4909
"2026-03-16 22:00:00","CVP","Chinook Salmon","Clipped","Spring",NA,"Spring","063198","SCARF","SJRRP",2026-03-09,2026-03-10,2,"San Joaquin River at Highway 140","CDFW inseason spreadsheet",6,30,120,0.25,"Normal count",99,1,4,2.33,NA,NA,1983045,-4909
"2026-03-16 23:59:00","CVP","Chinook Salmon","Clipped","Spring",NA,"Spring","063198","SCARF","SJRRP",2026-03-09,2026-03-10,2,"San Joaquin River at Highway 140","CDFW inseason spreadsheet",6,30,120,0.25,"Normal count",82,1,4,2.33,NA,NA,1983068,-4909
"2026-03-16 23:59:00","CVP","Chinook Salmon","Clipped","Spring",NA,"Spring","063198","SCARF","Experimental",2026-03-09,2026-03-10,2,"SAN JOAQ R GRT VAL GR 140","RMIS",6,30,120,0.25,"Normal count",82,1,4,2.33,NA,NA,1983068,-4909
"2026-03-16 23:59:00","CVP","Chinook Salmon","Clipped","Spring",NA,"Spring","062873","SCARF","SJRRP",2026-03-09,2026-03-10,2,"San Joaquin River at Highway 140","CDFW inseason spreadsheet",6,30,120,0.25,"Normal count",83,1,4,2.33,NA,NA,1983069,-4909
"2026-03-16 23:59:00","CVP","Chinook Salmon","Clipped","Spring",NA,"Spring","062873","SCARF","Experimental",2026-03-09,2026-03-10,2,"SAN JOAQ R GRT VAL GR 140","RMIS",6,30,120,0.25,"Normal count",83,1,4,2.33,NA,NA,1983069,-4909
"2026-03-16 23:59:00","CVP","Chinook Salmon","Clipped","Spring",NA,"Spring","063198","SCARF","SJRRP",2026-03-09,2026-03-10,2,"San Joaquin River at Highway 140","CDFW inseason spreadsheet",6,30,120,0.25,"Normal count",90,1,4,2.33,NA,NA,1983070,-4909
"2026-03-16 23:59:00","CVP","Chinook Salmon","Clipped","Spring",NA,"Spring","063198","SCARF","Experimental",2026-03-09,2026-03-10,2,"SAN JOAQ R GRT VAL GR 140","RMIS",6,30,120,0.25,"Normal count",90,1,4,2.33,NA,NA,1983070,-4909
"2026-03-16 23:59:00","CVP","Chinook Salmon","Clipped","Spring",NA,"Spring","063198","SCARF","SJRRP",2026-03-09,2026-03-10,2,"San Joaquin River at Highway 140","CDFW inseason spreadsheet",6,30,120,0.25,"Normal count",101,1,4,2.6,NA,NA,1983071,-4909
"2026-03-16 23:59:00","CVP","Chinook Salmon","Clipped","Spring",NA,"Spring","063198","SCARF","Experimental",2026-03-09,2026-03-10,2,"SAN JOAQ R GRT VAL GR 140","RMIS",6,30,120,0.25,"Normal count",101,1,4,2.6,NA,NA,1983071,-4909
"2026-03-17 02:00:00","CVP","Chinook Salmon","Clipped","Spring",NA,"Spring","063198","SCARF","SJRRP",2026-03-09,2026-03-10,2,"San Joaquin River at Highway 140","CDFW inseason spreadsheet",7,30,120,0.25,"Normal count",91,1,4,2.33,NA,NA,1983143,-4907
"2026-03-17 02:00:00","CVP","Chinook Salmon","Clipped","Spring",NA,"Spring","063198","SCARF","SJRRP",2026-03-09,2026-03-10,2,"San Joaquin River at Highway 140","CDFW inseason spreadsheet",7,30,120,0.25,"Normal count",91,1,4,2.33,NA,NA,1983143,-4907
"2026-03-17 02:00:00","CVP","Chinook Salmon","Clipped","Spring",NA,"Spring","063198","SCARF","Experimental",2026-03-09,2026-03-10,2,"SAN JOAQ R GRT VAL GR 140","RMIS",7,30,120,0.25,"Normal count",91,1,4,2.33,NA,NA,1983143,-4907
"2026-03-17 02:00:00","CVP","Chinook Salmon","Clipped","Spring",NA,"Spring","063198","SCARF","SJRRP",2026-03-09,2026-03-10,2,"San Joaquin River at Highway 140","CDFW inseason spreadsheet",7,30,120,0.25,"Normal count",91,1,4,2.33,NA,NA,1983143,-4907
"2026-03-17 02:00:00","CVP","Chinook Salmon","Clipped","Spring",NA,"Spring","063198","SCARF","Experimental",2026-03-09,2026-03-10,2,"SAN JOAQ R GRT VAL GR 140","RMIS",7,30,120,0.25,"Normal count",91,1,4,2.33,NA,NA,1983143,-4907
"2026-03-17 02:00:00","CVP","Chinook Salmon","Clipped","Spring",NA,"Spring","063198","SCARF","Experimental",2026-03-09,2026-03-10,2,"SAN JOAQ R GRT VAL GR 140","RMIS",7,30,120,0.25,"Normal count",91,1,4,2.33,NA,NA,1983143,-4907
"2026-03-17 02:00:00","CVP","Chinook Salmon","Clipped","Spring",NA,"Spring","063198","SCARF","SJRRP",2026-03-09,2026-03-10,2,"San Joaquin River at Highway 140","CDFW inseason spreadsheet",7,30,120,0.25,"Normal count",91,1,4,2.33,NA,NA,1983143,-4907
"2026-03-17 02:00:00","CVP","Chinook Salmon","Clipped","Spring",NA,"Spring","063198","SCARF","Experimental",2026-03-09,2026-03-10,2,"SAN JOAQ R GRT VAL GR 140","RMIS",7,30,120,0.25,"Normal count",91,1,4,2.33,NA,NA,1983143,-4907
"2026-03-17 04:00:00","CVP","Chinook Salmon","Clipped","Spring",NA,"Spring","063198","SCARF","SJRRP",2026-03-09,2026-03-10,2,"San Joaquin River at Highway 140","CDFW inseason spreadsheet",7,30,120,0.25,"Normal count",73,1,4,2.33,NA,NA,1983096,-4907
"2026-03-17 04:00:00","CVP","Chinook Salmon","Clipped","Spring",NA,"Spring","063198","SCARF","Experimental",2026-03-09,2026-03-10,2,"SAN JOAQ R GRT VAL GR 140","RMIS",7,30,120,0.25,"Normal count",73,1,4,2.33,NA,NA,1983096,-4907
"2026-03-17 04:00:00","CVP","Chinook Salmon","Clipped","Spring",NA,"Spring","063198","SCARF","SJRRP",2026-03-09,2026-03-10,2,"San Joaquin River at Highway 140","CDFW inseason spreadsheet",7,30,120,0.25,"Normal count",78,1,4,2.33,NA,NA,1983097,-4907
"2026-03-17 04:00:00","CVP","Chinook Salmon","Clipped","Spring",NA,"Spring","063198","SCARF","Experimental",2026-03-09,2026-03-10,2,"SAN JOAQ R GRT VAL GR 140","RMIS",7,30,120,0.25,"Normal count",78,1,4,2.33,NA,NA,1983097,-4907
"2026-03-17 04:00:00","CVP","Chinook Salmon","Unclipped","Spring","Fall",NA,NA,NA,NA,NA,NA,NA,NA,NA,NA,30,120,0.25,"Normal count",80,1,4,2.33,"C260738CVP",0.58600003,1983098,-4907
"2026-03-17 04:00:00","CVP","Chinook Salmon","Unclipped","Spring","Fall",NA,NA,NA,NA,NA,NA,NA,NA,NA,NA,30,120,0.25,"Normal count",82,1,4,2.33,"C260739CVP",0.43099999,1983099,-4907
"2026-03-17 04:00:00","CVP","Chinook Salmon","Clipped","Spring",NA,"Spring","063198","SCARF","SJRRP",2026-03-09,2026-03-10,2,"San Joaquin River at Highway 140","CDFW inseason spreadsheet",7,30,120,0.25,"Normal count",86,1,4,2.33,NA,NA,1983100,-4907
"2026-03-17 04:00:00","CVP","Chinook Salmon","Clipped","Spring",NA,"Spring","063198","SCARF","Experimental",2026-03-09,2026-03-10,2,"SAN JOAQ R GRT VAL GR 140","RMIS",7,30,120,0.25,"Normal count",86,1,4,2.33,NA,NA,1983100,-4907
"2026-03-17 04:00:00","CVP","Chinook Salmon","Clipped","Spring",NA,"Spring","063198","SCARF","SJRRP",2026-03-09,2026-03-10,2,"San Joaquin River at Highway 140","CDFW inseason spreadsheet",7,30,120,0.25,"Normal count",86,1,4,2.33,NA,NA,1983100,-4907
"2026-03-17 04:00:00","CVP","Chinook Salmon","Clipped","Spring",NA,"Spring","063198","SCARF","Experimental",2026-03-09,2026-03-10,2,"SAN JOAQ R GRT VAL GR 140","RMIS",7,30,120,0.25,"Normal count",86,1,4,2.33,NA,NA,1983100,-4907
"2026-03-17 04:00:00","CVP","Chinook Salmon","Clipped","Spring",NA,"Spring","063198","SCARF","SJRRP",2026-03-09,2026-03-10,2,"San Joaquin River at Highway 140","CDFW inseason spreadsheet",7,30,120,0.25,"Normal count",86,1,4,2.33,NA,NA,1983100,-4907
"2026-03-17 04:00:00","CVP","Chinook Salmon","Clipped","Spring",NA,"Spring","063198","SCARF","Experimental",2026-03-09,2026-03-10,2,"SAN JOAQ R GRT VAL GR 140","RMIS",7,30,120,0.25,"Normal count",86,1,4,2.33,NA,NA,1983100,-4907
"2026-03-17 04:00:00","CVP","Chinook Salmon","Clipped","Spring",NA,"Spring","063198","SCARF","SJRRP",2026-03-09,2026-03-10,2,"San Joaquin River at Highway 140","CDFW inseason spreadsheet",7,30,120,0.25,"Normal count",86,1,4,2.33,NA,NA,1983100,-4907
"2026-03-17 04:00:00","CVP","Chinook Salmon","Clipped","Spring",NA,"Spring","063198","SCARF","Experimental",2026-03-09,2026-03-10,2,"SAN JOAQ R GRT VAL GR 140","RMIS",7,30,120,0.25,"Normal count",86,1,4,2.33,NA,NA,1983100,-4907
"2026-03-17 04:00:00","CVP","Chinook Salmon","Clipped","Spring",NA,"Spring","063198","SCARF","Experimental",2026-03-09,2026-03-10,2,"SAN JOAQ R GRT VAL GR 140","RMIS",7,30,120,0.25,"Normal count",88,1,4,2.33,NA,NA,1983101,-4907
"2026-03-17 04:00:00","CVP","Chinook Salmon","Clipped","Spring",NA,"Spring","063198","SCARF","SJRRP",2026-03-09,2026-03-10,2,"San Joaquin River at Highway 140","CDFW inseason spreadsheet",7,30,120,0.25,"Normal count",88,1,4,2.33,NA,NA,1983101,-4907
"2026-03-17 04:00:00","CVP","Chinook Salmon","Clipped","Spring",NA,"Spring","063198","SCARF","SJRRP",2026-03-09,2026-03-10,2,"San Joaquin River at Highway 140","CDFW inseason spreadsheet",7,30,120,0.25,"Normal count",89,1,4,2.33,NA,NA,1983102,-4907
"2026-03-17 04:00:00","CVP","Chinook Salmon","Clipped","Spring",NA,"Spring","063198","SCARF","Experimental",2026-03-09,2026-03-10,2,"SAN JOAQ R GRT VAL GR 140","RMIS",7,30,120,0.25,"Normal count",89,1,4,2.33,NA,NA,1983102,-4907
"2026-03-17 04:00:00","CVP","Chinook Salmon","Clipped","Spring",NA,"Spring","063198","SCARF","SJRRP",2026-03-09,2026-03-10,2,"San Joaquin River at Highway 140","CDFW inseason spreadsheet",7,30,120,0.25,"Normal count",91,1,4,2.33,NA,NA,1983103,-4907
"2026-03-17 04:00:00","CVP","Chinook Salmon","Clipped","Spring",NA,"Spring","063198","SCARF","Experimental",2026-03-09,2026-03-10,2,"SAN JOAQ R GRT VAL GR 140","RMIS",7,30,120,0.25,"Normal count",91,1,4,2.33,NA,NA,1983103,-4907
"2026-03-17 04:00:00","CVP","Chinook Salmon","Clipped","Spring",NA,"Spring","063198","SCARF","SJRRP",2026-03-09,2026-03-10,2,"San Joaquin River at Highway 140","CDFW inseason spreadsheet",7,30,120,0.25,"Normal count",92,1,4,2.33,NA,NA,1983104,-4907
"2026-03-17 04:00:00","CVP","Chinook Salmon","Clipped","Spring",NA,"Spring","063198","SCARF","Experimental",2026-03-09,2026-03-10,2,"SAN JOAQ R GRT VAL GR 140","RMIS",7,30,120,0.25,"Normal count",92,1,4,2.33,NA,NA,1983104,-4907
"2026-03-17 04:00:00","CVP","Chinook Salmon","Clipped","Spring",NA,"Spring","062873","SCARF","SJRRP",2026-03-09,2026-03-10,2,"San Joaquin River at Highway 140","CDFW inseason spreadsheet",7,30,120,0.25,"Normal count",94,1,4,2.33,NA,NA,1983105,-4907
"2026-03-17 04:00:00","CVP","Chinook Salmon","Clipped","Spring",NA,"Spring","062873","SCARF","Experimental",2026-03-09,2026-03-10,2,"SAN JOAQ R GRT VAL GR 140","RMIS",7,30,120,0.25,"Normal count",94,1,4,2.33,NA,NA,1983105,-4907
"2026-03-17 04:00:00","CVP","Chinook Salmon","Clipped","Spring",NA,"Spring","063198","SCARF","SJRRP",2026-03-09,2026-03-10,2,"San Joaquin River at Highway 140","CDFW inseason spreadsheet",7,30,120,0.25,"Normal count",95,1,4,2.33,NA,NA,1983106,-4907
"2026-03-17 04:00:00","CVP","Chinook Salmon","Clipped","Spring",NA,"Spring","063198","SCARF","Experimental",2026-03-09,2026-03-10,2,"SAN JOAQ R GRT VAL GR 140","RMIS",7,30,120,0.25,"Normal count",95,1,4,2.33,NA,NA,1983106,-4907
"2026-03-17 04:00:00","CVP","Chinook Salmon","Clipped","Spring",NA,"Spring","063198","SCARF","SJRRP",2026-03-09,2026-03-10,2,"San Joaquin River at Highway 140","CDFW inseason spreadsheet",7,30,120,0.25,"Normal count",96,1,4,2.33,NA,NA,1983107,-4907
"2026-03-17 04:00:00","CVP","Chinook Salmon","Clipped","Spring",NA,"Spring","063198","SCARF","Experimental",2026-03-09,2026-03-10,2,"SAN JOAQ R GRT VAL GR 140","RMIS",7,30,120,0.25,"Normal count",96,1,4,2.33,NA,NA,1983107,-4907
"2026-03-17 04:00:00","CVP","Chinook Salmon","Clipped","Spring",NA,"Spring","063198","SCARF","SJRRP",2026-03-09,2026-03-10,2,"San Joaquin River at Highway 140","CDFW inseason spreadsheet",7,30,120,0.25,"Normal count",99,1,4,2.33,NA,NA,1983108,-4907
"2026-03-17 04:00:00","CVP","Chinook Salmon","Clipped","Spring",NA,"Spring","063198","SCARF","Experimental",2026-03-09,2026-03-10,2,"SAN JOAQ R GRT VAL GR 140","RMIS",7,30,120,0.25,"Normal count",99,1,4,2.33,NA,NA,1983108,-4907
"2026-03-17 06:00:00","CVP","Chinook Salmon","Clipped","Spring",NA,"Spring","063198","SCARF","SJRRP",2026-03-09,2026-03-10,2,"San Joaquin River at Highway 140","CDFW inseason spreadsheet",7,30,120,0.25,"Normal count",74,1,4,2.33,NA,NA,1983114,-4907
"2026-03-17 06:00:00","CVP","Chinook Salmon","Clipped","Spring",NA,"Spring","063198","SCARF","Experimental",2026-03-09,2026-03-10,2,"SAN JOAQ R GRT VAL GR 140","RMIS",7,30,120,0.25,"Normal count",74,1,4,2.33,NA,NA,1983114,-4907
"2026-03-17 06:00:00","CVP","Chinook Salmon","Clipped","Spring",NA,"Spring","063198","SCARF","SJRRP",2026-03-09,2026-03-10,2,"San Joaquin River at Highway 140","CDFW inseason spreadsheet",7,30,120,0.25,"Normal count",81,1,4,2.33,NA,NA,1983115,-4907
"2026-03-17 06:00:00","CVP","Chinook Salmon","Clipped","Spring",NA,"Spring","063198","SCARF","Experimental",2026-03-09,2026-03-10,2,"SAN JOAQ R GRT VAL GR 140","RMIS",7,30,120,0.25,"Normal count",81,1,4,2.33,NA,NA,1983115,-4907
"2026-03-17 06:00:00","CVP","Chinook Salmon","Clipped","Spring",NA,"Spring","063198","SCARF","SJRRP",2026-03-09,2026-03-10,2,"San Joaquin River at Highway 140","CDFW inseason spreadsheet",7,30,120,0.25,"Normal count",82,1,4,2.33,NA,NA,1983116,-4907
"2026-03-17 06:00:00","CVP","Chinook Salmon","Clipped","Spring",NA,"Spring","063198","SCARF","Experimental",2026-03-09,2026-03-10,2,"SAN JOAQ R GRT VAL GR 140","RMIS",7,30,120,0.25,"Normal count",82,1,4,2.33,NA,NA,1983116,-4907
"2026-03-17 06:00:00","CVP","Chinook Salmon","Clipped","Spring",NA,"Spring","063198","SCARF","Experimental",2026-03-09,2026-03-10,2,"SAN JOAQ R GRT VAL GR 140","RMIS",7,30,120,0.25,"Normal count",83,1,4,2.33,NA,NA,1983117,-4907
"2026-03-17 06:00:00","CVP","Chinook Salmon","Clipped","Spring",NA,"Spring","063198","SCARF","Experimental",2026-03-09,2026-03-10,2,"SAN JOAQ R GRT VAL GR 140","RMIS",7,30,120,0.25,"Normal count",83,1,4,2.33,NA,NA,1983117,-4907
"2026-03-17 06:00:00","CVP","Chinook Salmon","Clipped","Spring",NA,"Spring","063198","SCARF","SJRRP",2026-03-09,2026-03-10,2,"San Joaquin River at Highway 140","CDFW inseason spreadsheet",7,30,120,0.25,"Normal count",83,1,4,2.33,NA,NA,1983117,-4907
"2026-03-17 06:00:00","CVP","Chinook Salmon","Clipped","Spring",NA,"Spring","063198","SCARF","Experimental",2026-03-09,2026-03-10,2,"SAN JOAQ R GRT VAL GR 140","RMIS",7,30,120,0.25,"Normal count",83,1,4,2.33,NA,NA,1983117,-4907
"2026-03-17 06:00:00","CVP","Chinook Salmon","Clipped","Spring",NA,"Spring","063198","SCARF","SJRRP",2026-03-09,2026-03-10,2,"San Joaquin River at Highway 140","CDFW inseason spreadsheet",7,30,120,0.25,"Normal count",83,1,4,2.33,NA,NA,1983117,-4907
"2026-03-17 06:00:00","CVP","Chinook Salmon","Clipped","Spring",NA,"Spring","063198","SCARF","Experimental",2026-03-09,2026-03-10,2,"SAN JOAQ R GRT VAL GR 140","RMIS",7,30,120,0.25,"Normal count",83,3,12,6.98,NA,NA,1983117,-4907
"2026-03-17 06:00:00","CVP","Chinook Salmon","Clipped","Spring",NA,"Spring","063198","SCARF","SJRRP",2026-03-09,2026-03-10,2,"San Joaquin River at Highway 140","CDFW inseason spreadsheet",7,30,120,0.25,"Normal count",83,3,12,6.98,NA,NA,1983117,-4907
"2026-03-17 06:00:00","CVP","Chinook Salmon","Clipped","Spring",NA,"Spring","063198","SCARF","Experimental",2026-03-09,2026-03-10,2,"SAN JOAQ R GRT VAL GR 140","RMIS",7,30,120,0.25,"Normal count",83,3,12,6.98,NA,NA,1983117,-4907
"2026-03-17 06:00:00","CVP","Chinook Salmon","Clipped","Spring",NA,"Spring","063198","SCARF","SJRRP",2026-03-09,2026-03-10,2,"San Joaquin River at Highway 140","CDFW inseason spreadsheet",7,30,120,0.25,"Normal count",83,3,12,6.98,NA,NA,1983117,-4907
"2026-03-17 06:00:00","CVP","Chinook Salmon","Clipped","Spring",NA,"Spring","063198","SCARF","Experimental",2026-03-09,2026-03-10,2,"SAN JOAQ R GRT VAL GR 140","RMIS",7,30,120,0.25,"Normal count",83,3,12,6.98,NA,NA,1983117,-4907
"2026-03-17 06:00:00","CVP","Chinook Salmon","Clipped","Spring",NA,"Spring","063198","SCARF","SJRRP",2026-03-09,2026-03-10,2,"San Joaquin River at Highway 140","CDFW inseason spreadsheet",7,30,120,0.25,"Normal count",83,3,12,6.98,NA,NA,1983117,-4907
"2026-03-17 06:00:00","CVP","Chinook Salmon","Clipped","Spring",NA,"Spring","063198","SCARF","Experimental",2026-03-09,2026-03-10,2,"SAN JOAQ R GRT VAL GR 140","RMIS",7,30,120,0.25,"Normal count",83,3,12,6.98,NA,NA,1983117,-4907
"2026-03-17 06:00:00","CVP","Chinook Salmon","Clipped","Spring",NA,"Spring","063198","SCARF","SJRRP",2026-03-09,2026-03-10,2,"San Joaquin River at Highway 140","CDFW inseason spreadsheet",7,30,120,0.25,"Normal count",83,3,12,6.98,NA,NA,1983117,-4907
"2026-03-17 06:00:00","CVP","Chinook Salmon","Clipped","Spring",NA,"Spring","063198","SCARF","Experimental",2026-03-09,2026-03-10,2,"SAN JOAQ R GRT VAL GR 140","RMIS",7,30,120,0.25,"Normal count",83,1,4,2.33,NA,NA,1983117,-4907
"2026-03-17 06:00:00","CVP","Chinook Salmon","Clipped","Spring",NA,"Spring","063198","SCARF","SJRRP",2026-03-09,2026-03-10,2,"San Joaquin River at Highway 140","CDFW inseason spreadsheet",7,30,120,0.25,"Normal count",83,1,4,2.33,NA,NA,1983117,-4907
"2026-03-17 06:00:00","CVP","Chinook Salmon","Clipped","Spring",NA,"Spring","063198","SCARF","SJRRP",2026-03-09,2026-03-10,2,"San Joaquin River at Highway 140","CDFW inseason spreadsheet",7,30,120,0.25,"Normal count",83,1,4,2.33,NA,NA,1983117,-4907
"2026-03-17 06:00:00","CVP","Chinook Salmon","Clipped","Spring",NA,"Spring","063198","SCARF","Experimental",2026-03-09,2026-03-10,2,"SAN JOAQ R GRT VAL GR 140","RMIS",7,30,120,0.25,"Normal count",84,1,4,2.33,NA,NA,1983118,-4907
"2026-03-17 06:00:00","CVP","Chinook Salmon","Clipped","Spring",NA,"Spring","063198","SCARF","SJRRP",2026-03-09,2026-03-10,2,"San Joaquin River at Highway 140","CDFW inseason spreadsheet",7,30,120,0.25,"Normal count",84,1,4,2.33,NA,NA,1983118,-4907
"2026-03-17 06:00:00","CVP","Chinook Salmon","Clipped","Spring",NA,"Spring","063198","SCARF","SJRRP",2026-03-09,2026-03-10,2,"San Joaquin River at Highway 140","CDFW inseason spreadsheet",7,30,120,0.25,"Normal count",85,1,4,2.33,NA,NA,1983119,-4907
"2026-03-17 06:00:00","CVP","Chinook Salmon","Clipped","Spring",NA,"Spring","063198","SCARF","Experimental",2026-03-09,2026-03-10,2,"SAN JOAQ R GRT VAL GR 140","RMIS",7,30,120,0.25,"Normal count",85,1,4,2.33,NA,NA,1983119,-4907
"2026-03-17 06:00:00","CVP","Chinook Salmon","Clipped","Spring",NA,"Spring","063198","SCARF","SJRRP",2026-03-09,2026-03-10,2,"San Joaquin River at Highway 140","CDFW inseason spreadsheet",7,30,120,0.25,"Normal count",88,1,4,2.33,NA,NA,1983120,-4907
"2026-03-17 06:00:00","CVP","Chinook Salmon","Clipped","Spring",NA,"Spring","063198","SCARF","Experimental",2026-03-09,2026-03-10,2,"SAN JOAQ R GRT VAL GR 140","RMIS",7,30,120,0.25,"Normal count",88,1,4,2.33,NA,NA,1983120,-4907
"2026-03-17 06:00:00","CVP","Chinook Salmon","Clipped","Spring",NA,"Spring","063198","SCARF","SJRRP",2026-03-09,2026-03-10,2,"San Joaquin River at Highway 140","CDFW inseason spreadsheet",7,30,120,0.25,"Normal count",90,1,4,2.33,NA,NA,1983121,-4907
"2026-03-17 06:00:00","CVP","Chinook Salmon","Clipped","Spring",NA,"Spring","063198","SCARF","Experimental",2026-03-09,2026-03-10,2,"SAN JOAQ R GRT VAL GR 140","RMIS",7,30,120,0.25,"Normal count",90,1,4,2.33,NA,NA,1983121,-4907
"2026-03-17 06:00:00","CVP","Chinook Salmon","Clipped","Spring",NA,"Spring","063198","SCARF","SJRRP",2026-03-09,2026-03-10,2,"San Joaquin River at Highway 140","CDFW inseason spreadsheet",7,30,120,0.25,"Normal count",92,1,4,2.33,NA,NA,1983122,-4907
"2026-03-17 06:00:00","CVP","Chinook Salmon","Clipped","Spring",NA,"Spring","063198","SCARF","Experimental",2026-03-09,2026-03-10,2,"SAN JOAQ R GRT VAL GR 140","RMIS",7,30,120,0.25,"Normal count",92,1,4,2.33,NA,NA,1983122,-4907
"2026-03-17 06:00:00","CVP","Chinook Salmon","Clipped","Spring",NA,"Spring","063198","SCARF","SJRRP",2026-03-09,2026-03-10,2,"San Joaquin River at Highway 140","CDFW inseason spreadsheet",7,30,120,0.25,"Normal count",96,1,4,2.33,NA,NA,1983123,-4907
"2026-03-17 06:00:00","CVP","Chinook Salmon","Clipped","Spring",NA,"Spring","063198","SCARF","Experimental",2026-03-09,2026-03-10,2,"SAN JOAQ R GRT VAL GR 140","RMIS",7,30,120,0.25,"Normal count",96,1,4,2.33,NA,NA,1983123,-4907
"2026-03-17 06:00:00","CVP","Chinook Salmon","Clipped","Spring",NA,"Spring","063198","SCARF","Experimental",2026-03-09,2026-03-10,2,"SAN JOAQ R GRT VAL GR 140","RMIS",7,30,120,0.25,"Normal count",97,1,4,2.33,NA,NA,1983124,-4907
"2026-03-17 06:00:00","CVP","Chinook Salmon","Clipped","Spring",NA,"Spring","063198","SCARF","SJRRP",2026-03-09,2026-03-10,2,"San Joaquin River at Highway 140","CDFW inseason spreadsheet",7,30,120,0.25,"Normal count",97,1,4,2.33,NA,NA,1983124,-4907
"2026-03-17 06:00:00","CVP","Chinook Salmon","Clipped","Spring",NA,"Spring","063198","SCARF","SJRRP",2026-03-09,2026-03-10,2,"San Joaquin River at Highway 140","CDFW inseason spreadsheet",7,30,120,0.25,"Normal count",98,1,4,2.33,NA,NA,1983125,-4907
"2026-03-17 06:00:00","CVP","Chinook Salmon","Clipped","Spring",NA,"Spring","063198","SCARF","Experimental",2026-03-09,2026-03-10,2,"SAN JOAQ R GRT VAL GR 140","RMIS",7,30,120,0.25,"Normal count",98,1,4,2.33,NA,NA,1983125,-4907
"2026-03-17 12:00:00","CVP","Chinook Salmon","Clipped","Spring",NA,"Spring","063198","SCARF","Experimental",2026-03-09,2026-03-10,2,"SAN JOAQ R GRT VAL GR 140","RMIS",7,30,120,0.25,"Normal count",91,1,4,2.33,NA,NA,1983094,-4907
"2026-03-17 12:00:00","CVP","Chinook Salmon","Clipped","Spring",NA,"Spring","063198","SCARF","SJRRP",2026-03-09,2026-03-10,2,"San Joaquin River at Highway 140","CDFW inseason spreadsheet",7,30,120,0.25,"Normal count",91,1,4,2.33,NA,NA,1983094,-4907
"2026-03-17 12:00:00","CVP","Chinook Salmon","Clipped","Spring",NA,"Spring","063198","SCARF","SJRRP",2026-03-09,2026-03-10,2,"San Joaquin River at Highway 140","CDFW inseason spreadsheet",7,30,120,0.25,"Normal count",95,1,4,2.33,NA,NA,1983095,-4907
"2026-03-17 12:00:00","CVP","Chinook Salmon","Clipped","Spring",NA,"Spring","063198","SCARF","Experimental",2026-03-09,2026-03-10,2,"SAN JOAQ R GRT VAL GR 140","RMIS",7,30,120,0.25,"Normal count",95,1,4,2.33,NA,NA,1983095,-4907
"2026-03-17 13:00:00","SWP","Chinook Salmon","Clipped","Spring",NA,"Spring","063198","SCARF","Experimental",2026-03-09,2026-03-10,2,"SAN JOAQ R GRT VAL GR 140","RMIS",7,30,120,0.25,"Normal count",81,1,4,16.48,NA,NA,1983078,-4907
"2026-03-17 13:00:00","SWP","Chinook Salmon","Clipped","Spring",NA,"Spring","063198","SCARF","SJRRP",2026-03-09,2026-03-10,2,"San Joaquin River at Highway 140","CDFW inseason spreadsheet",7,30,120,0.25,"Normal count",81,1,4,16.48,NA,NA,1983078,-4907
"2026-03-17 13:00:00","SWP","Chinook Salmon","Clipped","Spring",NA,"Spring","063198","SCARF","SJRRP",2026-03-09,2026-03-10,2,"San Joaquin River at Highway 140","CDFW inseason spreadsheet",7,30,120,0.25,"Normal count",92,1,4,16.48,NA,NA,1983079,-4907
"2026-03-17 13:00:00","SWP","Chinook Salmon","Clipped","Spring",NA,"Spring","063198","SCARF","Experimental",2026-03-09,2026-03-10,2,"SAN JOAQ R GRT VAL GR 140","RMIS",7,30,120,0.25,"Normal count",92,1,4,16.48,NA,NA,1983079,-4907
"2026-03-17 14:00:00","CVP","Chinook Salmon","Clipped","Spring",NA,"Spring","063198","SCARF","SJRRP",2026-03-09,2026-03-10,2,"San Joaquin River at Highway 140","CDFW inseason spreadsheet",7,30,120,0.25,"Normal count",79,1,4,2.33,NA,NA,1983138,-4907
"2026-03-17 14:00:00","CVP","Chinook Salmon","Clipped","Spring",NA,"Spring","063198","SCARF","Experimental",2026-03-09,2026-03-10,2,"SAN JOAQ R GRT VAL GR 140","RMIS",7,30,120,0.25,"Normal count",79,1,4,2.33,NA,NA,1983138,-4907
"2026-03-17 14:00:00","CVP","Chinook Salmon","Clipped","Spring",NA,"Spring","063198","SCARF","Experimental",2026-03-09,2026-03-10,2,"SAN JOAQ R GRT VAL GR 140","RMIS",7,30,120,0.25,"Normal count",88,1,4,2.33,NA,NA,1983139,-4907
"2026-03-17 14:00:00","CVP","Chinook Salmon","Clipped","Spring",NA,"Spring","063198","SCARF","SJRRP",2026-03-09,2026-03-10,2,"San Joaquin River at Highway 140","CDFW inseason spreadsheet",7,30,120,0.25,"Normal count",88,1,4,2.33,NA,NA,1983139,-4907
"2026-03-17 14:00:00","CVP","Chinook Salmon","Clipped","Spring",NA,"Spring","063198","SCARF","SJRRP",2026-03-09,2026-03-10,2,"San Joaquin River at Highway 140","CDFW inseason spreadsheet",7,30,120,0.25,"Normal count",89,1,4,2.33,NA,NA,1983140,-4907
"2026-03-17 14:00:00","CVP","Chinook Salmon","Clipped","Spring",NA,"Spring","063198","SCARF","Experimental",2026-03-09,2026-03-10,2,"SAN JOAQ R GRT VAL GR 140","RMIS",7,30,120,0.25,"Normal count",89,1,4,2.33,NA,NA,1983140,-4907
"2026-03-17 14:00:00","CVP","Chinook Salmon","Clipped","Spring",NA,"Spring","063198","SCARF","SJRRP",2026-03-09,2026-03-10,2,"San Joaquin River at Highway 140","CDFW inseason spreadsheet",7,30,120,0.25,"Normal count",91,1,4,2.33,NA,NA,1983141,-4907
"2026-03-17 14:00:00","CVP","Chinook Salmon","Clipped","Spring",NA,"Spring","063198","SCARF","Experimental",2026-03-09,2026-03-10,2,"SAN JOAQ R GRT VAL GR 140","RMIS",7,30,120,0.25,"Normal count",91,1,4,2.33,NA,NA,1983141,-4907
"2026-03-17 14:00:00","CVP","Chinook Salmon","Clipped","Spring",NA,"Spring","063198","SCARF","Experimental",2026-03-09,2026-03-10,2,"SAN JOAQ R GRT VAL GR 140","RMIS",7,30,120,0.25,"Normal count",97,1,4,2.33,NA,NA,1983142,-4907
"2026-03-17 14:00:00","CVP","Chinook Salmon","Clipped","Spring",NA,"Spring","063198","SCARF","SJRRP",2026-03-09,2026-03-10,2,"San Joaquin River at Highway 140","CDFW inseason spreadsheet",7,30,120,0.25,"Normal count",97,1,4,2.33,NA,NA,1983142,-4907
"2026-03-17 20:00:00","CVP","Chinook Salmon","Clipped","Spring",NA,"Spring","063198","SCARF","SJRRP",2026-03-09,2026-03-10,2,"San Joaquin River at Highway 140","CDFW inseason spreadsheet",7,30,120,0.25,"Normal count",87,1,4,2.33,NA,NA,1983146,-4907
"2026-03-17 20:00:00","CVP","Chinook Salmon","Clipped","Spring",NA,"Spring","063198","SCARF","Experimental",2026-03-09,2026-03-10,2,"SAN JOAQ R GRT VAL GR 140","RMIS",7,30,120,0.25,"Normal count",87,1,4,2.33,NA,NA,1983146,-4907
"2026-03-17 20:00:00","CVP","Chinook Salmon","Clipped","Spring",NA,"Spring","063198","SCARF","Experimental",2026-03-09,2026-03-10,2,"SAN JOAQ R GRT VAL GR 140","RMIS",7,30,120,0.25,"Normal count",95,1,4,2.33,NA,NA,1983147,-4907
"2026-03-17 20:00:00","CVP","Chinook Salmon","Clipped","Spring",NA,"Spring","063198","SCARF","SJRRP",2026-03-09,2026-03-10,2,"San Joaquin River at Highway 140","CDFW inseason spreadsheet",7,30,120,0.25,"Normal count",95,1,4,2.33,NA,NA,1983147,-4907
"2026-03-17 22:00:00","CVP","Chinook Salmon","Clipped","Spring",NA,"Spring","063198","SCARF","SJRRP",2026-03-09,2026-03-10,2,"San Joaquin River at Highway 140","CDFW inseason spreadsheet",7,30,120,0.25,"Normal count",81,1,4,2.33,NA,NA,1983083,-4907
"2026-03-17 22:00:00","CVP","Chinook Salmon","Clipped","Spring",NA,"Spring","063198","SCARF","Experimental",2026-03-09,2026-03-10,2,"SAN JOAQ R GRT VAL GR 140","RMIS",7,30,120,0.25,"Normal count",81,1,4,2.33,NA,NA,1983083,-4907
"2026-03-17 22:00:00","CVP","Chinook Salmon","Clipped","Spring","Spring",NA,NA,NA,NA,NA,NA,NA,NA,NA,NA,30,120,0.25,"Normal count",84,1,4,2.33,"C260740CVP",0.96799999,1983084,-4907
"2026-03-17 22:00:00","CVP","Chinook Salmon","Clipped","Spring",NA,"Spring","063198","SCARF","Experimental",2026-03-09,2026-03-10,2,"SAN JOAQ R GRT VAL GR 140","RMIS",7,30,120,0.25,"Normal count",85,1,4,2.33,NA,NA,1983085,-4907
"2026-03-17 22:00:00","CVP","Chinook Salmon","Clipped","Spring",NA,"Spring","063198","SCARF","SJRRP",2026-03-09,2026-03-10,2,"San Joaquin River at Highway 140","CDFW inseason spreadsheet",7,30,120,0.25,"Normal count",85,1,4,2.33,NA,NA,1983085,-4907
"2026-03-17 22:00:00","CVP","Chinook Salmon","Clipped","Spring",NA,"Spring","063198","SCARF","SJRRP",2026-03-09,2026-03-10,2,"San Joaquin River at Highway 140","CDFW inseason spreadsheet",7,30,120,0.25,"Normal count",86,1,4,2.33,NA,NA,1983086,-4907
"2026-03-17 22:00:00","CVP","Chinook Salmon","Clipped","Spring",NA,"Spring","063198","SCARF","Experimental",2026-03-09,2026-03-10,2,"SAN JOAQ R GRT VAL GR 140","RMIS",7,30,120,0.25,"Normal count",86,1,4,2.33,NA,NA,1983086,-4907
"2026-03-17 22:00:00","CVP","Chinook Salmon","Clipped","Spring",NA,"Spring","063198","SCARF","SJRRP",2026-03-09,2026-03-10,2,"San Joaquin River at Highway 140","CDFW inseason spreadsheet",7,30,120,0.25,"Normal count",87,1,4,2.33,NA,NA,1983087,-4907
"2026-03-17 22:00:00","CVP","Chinook Salmon","Clipped","Spring",NA,"Spring","063198","SCARF","Experimental",2026-03-09,2026-03-10,2,"SAN JOAQ R GRT VAL GR 140","RMIS",7,30,120,0.25,"Normal count",87,1,4,2.33,NA,NA,1983087,-4907
"2026-03-17 22:00:00","CVP","Chinook Salmon","Clipped","Spring",NA,"Spring","063198","SCARF","SJRRP",2026-03-09,2026-03-10,2,"San Joaquin River at Highway 140","CDFW inseason spreadsheet",7,30,120,0.25,"Normal count",95,1,4,2.33,NA,NA,1983088,-4907
"2026-03-17 22:00:00","CVP","Chinook Salmon","Clipped","Spring",NA,"Spring","063198","SCARF","Experimental",2026-03-09,2026-03-10,2,"SAN JOAQ R GRT VAL GR 140","RMIS",7,30,120,0.25,"Normal count",95,1,4,2.33,NA,NA,1983088,-4907
"2026-03-17 23:59:00","CVP","Chinook Salmon","Clipped","Spring",NA,"Spring","063198","SCARF","Experimental",2026-03-09,2026-03-10,2,"SAN JOAQ R GRT VAL GR 140","RMIS",7,30,120,0.25,"Normal count",85,1,4,2.33,NA,NA,1983136,-4907
"2026-03-17 23:59:00","CVP","Chinook Salmon","Clipped","Spring",NA,"Spring","063198","SCARF","SJRRP",2026-03-09,2026-03-10,2,"San Joaquin River at Highway 140","CDFW inseason spreadsheet",7,30,120,0.25,"Normal count",85,1,4,2.33,NA,NA,1983136,-4907
"2026-03-17 23:59:00","CVP","Chinook Salmon","Clipped","Spring",NA,"Spring","062873","SCARF","Experimental",2026-03-09,2026-03-10,2,"SAN JOAQ R GRT VAL GR 140","RMIS",7,30,120,0.25,"Normal count",87,1,4,2.33,NA,NA,1983137,-4907
"2026-03-17 23:59:00","CVP","Chinook Salmon","Clipped","Spring",NA,"Spring","062873","SCARF","SJRRP",2026-03-09,2026-03-10,2,"San Joaquin River at Highway 140","CDFW inseason spreadsheet",7,30,120,0.25,"Normal count",87,1,4,2.33,NA,NA,1983137,-4907
"2026-03-18 02:00:00","CVP","Chinook Salmon","Clipped","Spring",NA,"Spring","063198","SCARF","SJRRP",2026-03-09,2026-03-10,2,"San Joaquin River at Highway 140","CDFW inseason spreadsheet",8,30,120,0.25,"Normal count",88,1,4,2.33,NA,NA,1983183,-4904
"2026-03-18 02:00:00","CVP","Chinook Salmon","Clipped","Spring",NA,"Spring","063198","SCARF","Experimental",2026-03-09,2026-03-10,2,"SAN JOAQ R GRT VAL GR 140","RMIS",8,30,120,0.25,"Normal count",88,1,4,2.33,NA,NA,1983183,-4904
"2026-03-18 04:00:00","CVP","Chinook Salmon","Clipped","Spring",NA,"Spring","063198","SCARF","SJRRP",2026-03-09,2026-03-10,2,"San Joaquin River at Highway 140","CDFW inseason spreadsheet",8,30,120,0.25,"Normal count",78,1,4,2.33,NA,NA,1983190,-4904
"2026-03-18 04:00:00","CVP","Chinook Salmon","Clipped","Spring",NA,"Spring","063198","SCARF","Experimental",2026-03-09,2026-03-10,2,"SAN JOAQ R GRT VAL GR 140","RMIS",8,30,120,0.25,"Normal count",78,1,4,2.33,NA,NA,1983190,-4904
"2026-03-18 04:00:00","CVP","Chinook Salmon","Clipped","Spring",NA,"Spring","063198","SCARF","Experimental",2026-03-09,2026-03-10,2,"SAN JOAQ R GRT VAL GR 140","RMIS",8,30,120,0.25,"Normal count",81,1,4,2.33,NA,NA,1983191,-4904
"2026-03-18 04:00:00","CVP","Chinook Salmon","Clipped","Spring",NA,"Spring","063198","SCARF","SJRRP",2026-03-09,2026-03-10,2,"San Joaquin River at Highway 140","CDFW inseason spreadsheet",8,30,120,0.25,"Normal count",81,1,4,2.33,NA,NA,1983191,-4904
"2026-03-18 04:00:00","CVP","Chinook Salmon","Clipped","Spring",NA,"Spring","063198","SCARF","Experimental",2026-03-09,2026-03-10,2,"SAN JOAQ R GRT VAL GR 140","RMIS",8,30,120,0.25,"Normal count",82,1,4,2.33,NA,NA,1983192,-4904
"2026-03-18 04:00:00","CVP","Chinook Salmon","Clipped","Spring",NA,"Spring","063198","SCARF","Experimental",2026-03-09,2026-03-10,2,"SAN JOAQ R GRT VAL GR 140","RMIS",8,30,120,0.25,"Normal count",82,1,4,2.33,NA,NA,1983192,-4904
"2026-03-18 04:00:00","CVP","Chinook Salmon","Clipped","Spring",NA,"Spring","063198","SCARF","SJRRP",2026-03-09,2026-03-10,2,"San Joaquin River at Highway 140","CDFW inseason spreadsheet",8,30,120,0.25,"Normal count",82,1,4,2.33,NA,NA,1983192,-4904
"2026-03-18 04:00:00","CVP","Chinook Salmon","Clipped","Spring",NA,"Spring","063198","SCARF","SJRRP",2026-03-09,2026-03-10,2,"San Joaquin River at Highway 140","CDFW inseason spreadsheet",8,30,120,0.25,"Normal count",82,1,4,2.33,NA,NA,1983192,-4904
"2026-03-18 04:00:00","CVP","Chinook Salmon","Clipped","Spring",NA,"Spring","063198","SCARF","Experimental",2026-03-09,2026-03-10,2,"SAN JOAQ R GRT VAL GR 140","RMIS",8,30,120,0.25,"Normal count",82,1,4,2.33,NA,NA,1983192,-4904
"2026-03-18 04:00:00","CVP","Chinook Salmon","Clipped","Spring",NA,"Spring","063198","SCARF","SJRRP",2026-03-09,2026-03-10,2,"San Joaquin River at Highway 140","CDFW inseason spreadsheet",8,30,120,0.25,"Normal count",82,1,4,2.33,NA,NA,1983192,-4904
"2026-03-18 04:00:00","CVP","Chinook Salmon","Clipped","Spring",NA,"Spring","063198","SCARF","Experimental",2026-03-09,2026-03-10,2,"SAN JOAQ R GRT VAL GR 140","RMIS",8,30,120,0.25,"Normal count",82,1,4,2.33,NA,NA,1983192,-4904
"2026-03-18 04:00:00","CVP","Chinook Salmon","Clipped","Spring",NA,"Spring","063198","SCARF","SJRRP",2026-03-09,2026-03-10,2,"San Joaquin River at Highway 140","CDFW inseason spreadsheet",8,30,120,0.25,"Normal count",82,1,4,2.33,NA,NA,1983192,-4904
"2026-03-18 04:00:00","CVP","Chinook Salmon","Clipped","Spring",NA,"Spring","063198","SCARF","Experimental",2026-03-09,2026-03-10,2,"SAN JOAQ R GRT VAL GR 140","RMIS",8,30,120,0.25,"Normal count",84,1,4,2.33,NA,NA,1983193,-4904
"2026-03-18 04:00:00","CVP","Chinook Salmon","Clipped","Spring",NA,"Spring","063198","SCARF","SJRRP",2026-03-09,2026-03-10,2,"San Joaquin River at Highway 140","CDFW inseason spreadsheet",8,30,120,0.25,"Normal count",84,1,4,2.33,NA,NA,1983193,-4904
"2026-03-18 04:00:00","CVP","Chinook Salmon","Clipped","Spring",NA,"Spring","062873","SCARF","SJRRP",2026-03-09,2026-03-10,2,"San Joaquin River at Highway 140","CDFW inseason spreadsheet",8,30,120,0.25,"Normal count",85,1,4,2.33,NA,NA,1983195,-4904
"2026-03-18 04:00:00","CVP","Chinook Salmon","Clipped","Spring",NA,"Spring","062873","SCARF","Experimental",2026-03-09,2026-03-10,2,"SAN JOAQ R GRT VAL GR 140","RMIS",8,30,120,0.25,"Normal count",85,1,4,2.33,NA,NA,1983195,-4904
"2026-03-18 04:00:00","CVP","Chinook Salmon","Unclipped","Spring","Fall",NA,NA,NA,NA,NA,NA,NA,NA,NA,NA,30,120,0.25,"Normal count",85,1,4,2.33,"C260742CVP",0.903,1983194,-4904
"2026-03-18 04:00:00","CVP","Chinook Salmon","Clipped","Spring",NA,"Spring","063198","SCARF","Experimental",2026-03-09,2026-03-10,2,"SAN JOAQ R GRT VAL GR 140","RMIS",8,30,120,0.25,"Normal count",87,1,4,2.33,NA,NA,1983196,-4904
"2026-03-18 04:00:00","CVP","Chinook Salmon","Clipped","Spring",NA,"Spring","063198","SCARF","SJRRP",2026-03-09,2026-03-10,2,"San Joaquin River at Highway 140","CDFW inseason spreadsheet",8,30,120,0.25,"Normal count",87,1,4,2.33,NA,NA,1983196,-4904
"2026-03-18 04:00:00","CVP","Chinook Salmon","Clipped","Spring",NA,"Spring","063198","SCARF","Experimental",2026-03-09,2026-03-10,2,"SAN JOAQ R GRT VAL GR 140","RMIS",8,30,120,0.25,"Normal count",87,1,4,2.33,NA,NA,1983196,-4904
"2026-03-18 04:00:00","CVP","Chinook Salmon","Clipped","Spring",NA,"Spring","063198","SCARF","Experimental",2026-03-09,2026-03-10,2,"SAN JOAQ R GRT VAL GR 140","RMIS",8,30,120,0.25,"Normal count",87,1,4,2.33,NA,NA,1983196,-4904
"2026-03-18 04:00:00","CVP","Chinook Salmon","Clipped","Spring",NA,"Spring","063198","SCARF","SJRRP",2026-03-09,2026-03-10,2,"San Joaquin River at Highway 140","CDFW inseason spreadsheet",8,30,120,0.25,"Normal count",87,1,4,2.33,NA,NA,1983196,-4904
"2026-03-18 04:00:00","CVP","Chinook Salmon","Clipped","Spring",NA,"Spring","063198","SCARF","Experimental",2026-03-09,2026-03-10,2,"SAN JOAQ R GRT VAL GR 140","RMIS",8,30,120,0.25,"Normal count",87,1,4,2.33,NA,NA,1983196,-4904
"2026-03-18 04:00:00","CVP","Chinook Salmon","Clipped","Spring",NA,"Spring","063198","SCARF","SJRRP",2026-03-09,2026-03-10,2,"San Joaquin River at Highway 140","CDFW inseason spreadsheet",8,30,120,0.25,"Normal count",87,1,4,2.33,NA,NA,1983196,-4904
"2026-03-18 04:00:00","CVP","Chinook Salmon","Clipped","Spring",NA,"Spring","063198","SCARF","SJRRP",2026-03-09,2026-03-10,2,"San Joaquin River at Highway 140","CDFW inseason spreadsheet",8,30,120,0.25,"Normal count",87,1,4,2.33,NA,NA,1983196,-4904
"2026-03-18 04:00:00","CVP","Chinook Salmon","Clipped","Spring",NA,"Spring","063198","SCARF","Experimental",2026-03-09,2026-03-10,2,"SAN JOAQ R GRT VAL GR 140","RMIS",8,30,120,0.25,"Normal count",88,1,4,2.33,NA,NA,1983197,-4904
"2026-03-18 04:00:00","CVP","Chinook Salmon","Clipped","Spring",NA,"Spring","063198","SCARF","SJRRP",2026-03-09,2026-03-10,2,"San Joaquin River at Highway 140","CDFW inseason spreadsheet",8,30,120,0.25,"Normal count",88,1,4,2.33,NA,NA,1983197,-4904
"2026-03-18 04:00:00","CVP","Chinook Salmon","Clipped","Spring",NA,"Spring","062873","SCARF","SJRRP",2026-03-09,2026-03-10,2,"San Joaquin River at Highway 140","CDFW inseason spreadsheet",8,30,120,0.25,"Normal count",91,1,4,2.33,NA,NA,1983198,-4904
"2026-03-18 04:00:00","CVP","Chinook Salmon","Clipped","Spring",NA,"Spring","062873","SCARF","Experimental",2026-03-09,2026-03-10,2,"SAN JOAQ R GRT VAL GR 140","RMIS",8,30,120,0.25,"Normal count",91,1,4,2.33,NA,NA,1983198,-4904
"2026-03-18 04:00:00","CVP","Chinook Salmon","Unclipped","Spring","Fall",NA,NA,NA,NA,NA,NA,NA,NA,NA,NA,30,120,0.25,"Normal count",94,1,4,2.33,"C260741CVP",0.67799997,1983199,-4904
"2026-03-18 04:00:00","CVP","Chinook Salmon","Clipped","Spring",NA,"Spring","063198","SCARF","SJRRP",2026-03-09,2026-03-10,2,"San Joaquin River at Highway 140","CDFW inseason spreadsheet",8,30,120,0.25,"Normal count",96,1,4,2.33,NA,NA,1983200,-4904
"2026-03-18 04:00:00","CVP","Chinook Salmon","Clipped","Spring",NA,"Spring","063198","SCARF","Experimental",2026-03-09,2026-03-10,2,"SAN JOAQ R GRT VAL GR 140","RMIS",8,30,120,0.25,"Normal count",96,1,4,2.33,NA,NA,1983200,-4904
"2026-03-18 04:00:00","CVP","Chinook Salmon","Clipped","Spring",NA,"Spring","063198","SCARF","SJRRP",2026-03-09,2026-03-10,2,"San Joaquin River at Highway 140","CDFW inseason spreadsheet",8,30,120,0.25,"Normal count",99,1,4,2.33,NA,NA,1983201,-4904
"2026-03-18 04:00:00","CVP","Chinook Salmon","Clipped","Spring",NA,"Spring","063198","SCARF","Experimental",2026-03-09,2026-03-10,2,"SAN JOAQ R GRT VAL GR 140","RMIS",8,30,120,0.25,"Normal count",99,1,4,2.33,NA,NA,1983201,-4904
"2026-03-18 06:00:00","CVP","Chinook Salmon","Clipped","Spring",NA,"Spring","063198","SCARF","SJRRP",2026-03-09,2026-03-10,2,"San Joaquin River at Highway 140","CDFW inseason spreadsheet",8,30,120,0.25,"Normal count",80,1,4,2.33,NA,NA,1983176,-4904
"2026-03-18 06:00:00","CVP","Chinook Salmon","Clipped","Spring",NA,"Spring","063198","SCARF","Experimental",2026-03-09,2026-03-10,2,"SAN JOAQ R GRT VAL GR 140","RMIS",8,30,120,0.25,"Normal count",80,1,4,2.33,NA,NA,1983176,-4904
"2026-03-18 06:00:00","CVP","Chinook Salmon","Unclipped","Spring","Fall",NA,NA,NA,NA,NA,NA,NA,NA,NA,NA,30,120,0.25,"Normal count",82,1,4,2.33,"C260743CVP",0.95300001,1983177,-4904
"2026-03-18 06:00:00","CVP","Chinook Salmon","Unclipped","Spring","Spring",NA,NA,NA,NA,NA,NA,NA,NA,NA,NA,30,120,0.25,"Normal count",86,1,4,2.33,"C260744CVP",0.98900002,1983178,-4904
"2026-03-18 06:00:00","CVP","Chinook Salmon","Clipped","Spring",NA,"Spring","063198","SCARF","SJRRP",2026-03-09,2026-03-10,2,"San Joaquin River at Highway 140","CDFW inseason spreadsheet",8,30,120,0.25,"Normal count",86,1,4,2.33,NA,NA,1983179,-4904
"2026-03-18 06:00:00","CVP","Chinook Salmon","Clipped","Spring",NA,"Spring","063198","SCARF","Experimental",2026-03-09,2026-03-10,2,"SAN JOAQ R GRT VAL GR 140","RMIS",8,30,120,0.25,"Normal count",86,1,4,2.33,NA,NA,1983179,-4904
"2026-03-18 06:00:00","CVP","Chinook Salmon","Clipped","Spring",NA,"Spring","063198","SCARF","SJRRP",2026-03-09,2026-03-10,2,"San Joaquin River at Highway 140","CDFW inseason spreadsheet",8,30,120,0.25,"Normal count",97,1,4,2.33,NA,NA,1983180,-4904
"2026-03-18 06:00:00","CVP","Chinook Salmon","Clipped","Spring",NA,"Spring","063198","SCARF","Experimental",2026-03-09,2026-03-10,2,"SAN JOAQ R GRT VAL GR 140","RMIS",8,30,120,0.25,"Normal count",97,1,4,2.33,NA,NA,1983180,-4904
"2026-03-18 12:00:00","CVP","Chinook Salmon","Clipped","Spring",NA,"Spring","062873","SCARF","SJRRP",2026-03-09,2026-03-10,2,"San Joaquin River at Highway 140","CDFW inseason spreadsheet",8,30,120,0.25,"Normal count",78,1,4,2.33,NA,NA,1983157,-4904
"2026-03-18 12:00:00","CVP","Chinook Salmon","Clipped","Spring",NA,"Spring","062873","SCARF","Experimental",2026-03-09,2026-03-10,2,"SAN JOAQ R GRT VAL GR 140","RMIS",8,30,120,0.25,"Normal count",78,1,4,2.33,NA,NA,1983157,-4904
"2026-03-18 12:00:00","CVP","Chinook Salmon","Clipped","Spring",NA,"Spring","063198","SCARF","Experimental",2026-03-09,2026-03-10,2,"SAN JOAQ R GRT VAL GR 140","RMIS",8,30,120,0.25,"Normal count",90,1,4,2.33,NA,NA,1983158,-4904
"2026-03-18 12:00:00","CVP","Chinook Salmon","Clipped","Spring",NA,"Spring","063198","SCARF","SJRRP",2026-03-09,2026-03-10,2,"San Joaquin River at Highway 140","CDFW inseason spreadsheet",8,30,120,0.25,"Normal count",90,1,4,2.33,NA,NA,1983158,-4904
"2026-03-18 12:00:00","SWP","Chinook Salmon","Unclipped","Spring","Fall",NA,NA,NA,NA,NA,NA,NA,NA,NA,NA,30,60,0.5,"Normal count",94,1,2,8.21,"C260019SWP",0.94800001,1983152,-4904
"2026-03-18 14:00:00","CVP","Chinook Salmon","Clipped","Spring",NA,"Spring","063198","SCARF","SJRRP",2026-03-09,2026-03-10,2,"San Joaquin River at Highway 140","CDFW inseason spreadsheet",8,30,120,0.25,"Normal count",92,1,4,2.33,NA,NA,1983173,-4904
"2026-03-18 14:00:00","CVP","Chinook Salmon","Clipped","Spring",NA,"Spring","063198","SCARF","Experimental",2026-03-09,2026-03-10,2,"SAN JOAQ R GRT VAL GR 140","RMIS",8,30,120,0.25,"Normal count",92,1,4,2.33,NA,NA,1983173,-4904
"2026-03-18 16:00:00","CVP","Chinook Salmon","Clipped","Spring",NA,"Spring","063198","SCARF","Experimental",2026-03-09,2026-03-10,2,"SAN JOAQ R GRT VAL GR 140","RMIS",8,30,120,0.25,"Normal count",85,1,4,2.33,NA,NA,1983169,-4904
"2026-03-18 16:00:00","CVP","Chinook Salmon","Clipped","Spring",NA,"Spring","063198","SCARF","SJRRP",2026-03-09,2026-03-10,2,"San Joaquin River at Highway 140","CDFW inseason spreadsheet",8,30,120,0.25,"Normal count",85,1,4,2.33,NA,NA,1983169,-4904
"2026-03-18 16:00:00","CVP","Chinook Salmon","Unclipped","Spring","Spring",NA,NA,NA,NA,NA,NA,NA,NA,NA,NA,30,120,0.25,"Normal count",93,1,4,2.33,"C260745CVP",0.95599997,1983170,-4904
"2026-03-18 22:00:00","CVP","Chinook Salmon","Clipped","Spring",NA,"Spring","063198","SCARF","SJRRP",2026-03-09,2026-03-10,2,"San Joaquin River at Highway 140","CDFW inseason spreadsheet",8,30,120,0.25,"Normal count",84,1,4,2.33,NA,NA,1983165,-4904
"2026-03-18 22:00:00","CVP","Chinook Salmon","Clipped","Spring",NA,"Spring","063198","SCARF","Experimental",2026-03-09,2026-03-10,2,"SAN JOAQ R GRT VAL GR 140","RMIS",8,30,120,0.25,"Normal count",84,1,4,2.33,NA,NA,1983165,-4904
"2026-03-18 22:00:00","CVP","Chinook Salmon","Clipped","Spring",NA,"Spring","063198","SCARF","SJRRP",2026-03-09,2026-03-10,2,"San Joaquin River at Highway 140","CDFW inseason spreadsheet",8,30,120,0.25,"Normal count",89,1,4,2.33,NA,NA,1983166,-4904
"2026-03-18 22:00:00","CVP","Chinook Salmon","Clipped","Spring",NA,"Spring","063198","SCARF","Experimental",2026-03-09,2026-03-10,2,"SAN JOAQ R GRT VAL GR 140","RMIS",8,30,120,0.25,"Normal count",89,1,4,2.33,NA,NA,1983166,-4904
"2026-03-18 23:59:00","CVP","Chinook Salmon","Clipped","Spring",NA,"Spring","063198","SCARF","SJRRP",2026-03-09,2026-03-10,2,"San Joaquin River at Highway 140","CDFW inseason spreadsheet",8,30,120,0.25,"Normal count",85,1,4,2.33,NA,NA,1983159,-4904
"2026-03-18 23:59:00","CVP","Chinook Salmon","Clipped","Spring",NA,"Spring","063198","SCARF","Experimental",2026-03-09,2026-03-10,2,"SAN JOAQ R GRT VAL GR 140","RMIS",8,30,120,0.25,"Normal count",85,1,4,2.33,NA,NA,1983159,-4904
"2026-03-19 20:00:00","CVP","Chinook Salmon","Clipped","Spring",NA,"Spring","063198","SCARF","SJRRP",2026-03-09,2026-03-10,2,"San Joaquin River at Highway 140","CDFW inseason spreadsheet",9,30,120,0.25,"Normal count",92,1,4,3.27,NA,NA,1983208,-4454
"2026-03-19 20:00:00","CVP","Chinook Salmon","Clipped","Spring",NA,"Spring","063198","SCARF","Experimental",2026-03-09,2026-03-10,2,"SAN JOAQ R GRT VAL GR 140","RMIS",9,30,120,0.25,"Normal count",92,1,4,3.27,NA,NA,1983208,-4454
"2026-03-20 02:00:00","CVP","Chinook Salmon","Unclipped","Fall","Fall",NA,NA,NA,NA,NA,NA,NA,NA,NA,NA,30,120,0.25,"Normal count",43,1,4,2.33,"C260747CVP",0.40599999,1983340,-4454
"2026-03-20 02:00:00","CVP","Chinook Salmon","Unclipped","Fall","Fall",NA,NA,NA,NA,NA,NA,NA,NA,NA,NA,30,120,0.25,"Normal count",56,1,4,2.33,"C260748CVP",0.72100002,1983341,-4454
"2026-03-20 02:00:00","CVP","Chinook Salmon","Clipped","Spring",NA,"Spring","063198","SCARF","Experimental",2026-03-09,2026-03-10,2,"SAN JOAQ R GRT VAL GR 140","RMIS",10,30,120,0.25,"Normal count",82,1,4,2.33,NA,NA,1983342,-4454
"2026-03-20 02:00:00","CVP","Chinook Salmon","Clipped","Spring",NA,"Spring","063198","SCARF","SJRRP",2026-03-09,2026-03-10,2,"San Joaquin River at Highway 140","CDFW inseason spreadsheet",10,30,120,0.25,"Normal count",82,1,4,2.33,NA,NA,1983342,-4454
"2026-03-20 02:00:00","CVP","Chinook Salmon","Clipped","Spring",NA,"Spring","063198","SCARF","Experimental",2026-03-09,2026-03-10,2,"SAN JOAQ R GRT VAL GR 140","RMIS",10,30,120,0.25,"Normal count",90,1,4,2.33,NA,NA,1983343,-4454
"2026-03-20 02:00:00","CVP","Chinook Salmon","Clipped","Spring",NA,"Spring","063198","SCARF","SJRRP",2026-03-09,2026-03-10,2,"San Joaquin River at Highway 140","CDFW inseason spreadsheet",10,30,120,0.25,"Normal count",90,1,4,2.33,NA,NA,1983343,-4454
"2026-03-20 02:00:00","CVP","Chinook Salmon","Clipped","Spring",NA,"Spring","063198","SCARF","Experimental",2026-03-09,2026-03-10,2,"SAN JOAQ R GRT VAL GR 140","RMIS",10,30,120,0.25,"Normal count",92,1,4,2.33,NA,NA,1983344,-4454
"2026-03-20 02:00:00","CVP","Chinook Salmon","Clipped","Spring",NA,"Spring","063198","SCARF","SJRRP",2026-03-09,2026-03-10,2,"San Joaquin River at Highway 140","CDFW inseason spreadsheet",10,30,120,0.25,"Normal count",92,1,4,2.33,NA,NA,1983344,-4454
"2026-03-20 02:00:00","CVP","Chinook Salmon","Clipped","Spring",NA,"Spring","063198","SCARF","Experimental",2026-03-09,2026-03-10,2,"SAN JOAQ R GRT VAL GR 140","RMIS",10,30,120,0.25,"Normal count",92,1,4,2.33,NA,NA,1983344,-4454
"2026-03-20 02:00:00","CVP","Chinook Salmon","Clipped","Spring",NA,"Spring","063198","SCARF","SJRRP",2026-03-09,2026-03-10,2,"San Joaquin River at Highway 140","CDFW inseason spreadsheet",10,30,120,0.25,"Normal count",92,1,4,2.33,NA,NA,1983344,-4454
"2026-03-20 02:00:00","CVP","Chinook Salmon","Clipped","Spring",NA,"Spring","063198","SCARF","Experimental",2026-03-09,2026-03-10,2,"SAN JOAQ R GRT VAL GR 140","RMIS",10,30,120,0.25,"Normal count",92,1,4,2.33,NA,NA,1983344,-4454
"2026-03-20 02:00:00","CVP","Chinook Salmon","Clipped","Spring",NA,"Spring","063198","SCARF","SJRRP",2026-03-09,2026-03-10,2,"San Joaquin River at Highway 140","CDFW inseason spreadsheet",10,30,120,0.25,"Normal count",92,1,4,2.33,NA,NA,1983344,-4454
"2026-03-20 02:00:00","CVP","Chinook Salmon","Clipped","Spring",NA,"Spring","063198","SCARF","Experimental",2026-03-09,2026-03-10,2,"SAN JOAQ R GRT VAL GR 140","RMIS",10,30,120,0.25,"Normal count",92,1,4,2.33,NA,NA,1983344,-4454
"2026-03-20 02:00:00","CVP","Chinook Salmon","Clipped","Spring",NA,"Spring","063198","SCARF","SJRRP",2026-03-09,2026-03-10,2,"San Joaquin River at Highway 140","CDFW inseason spreadsheet",10,30,120,0.25,"Normal count",92,1,4,2.33,NA,NA,1983344,-4454
"2026-03-20 02:00:00","CVP","Chinook Salmon","Clipped","Spring",NA,"Spring","063198","SCARF","SJRRP",2026-03-09,2026-03-10,2,"San Joaquin River at Highway 140","CDFW inseason spreadsheet",10,30,120,0.25,"Normal count",93,1,4,2.33,NA,NA,1983345,-4454
"2026-03-20 02:00:00","CVP","Chinook Salmon","Clipped","Spring",NA,"Spring","063198","SCARF","Experimental",2026-03-09,2026-03-10,2,"SAN JOAQ R GRT VAL GR 140","RMIS",10,30,120,0.25,"Normal count",93,1,4,2.33,NA,NA,1983345,-4454
"2026-03-20 02:00:00","CVP","Chinook Salmon","Unclipped","Spring","Spring",NA,NA,NA,NA,NA,NA,NA,NA,NA,NA,30,120,0.25,"Normal count",99,1,4,2.33,"C260746CVP",0.417,1983346,-4454
"2026-03-20 04:00:00","CVP","Chinook Salmon","Clipped","Spring",NA,"Spring","063198","SCARF","SJRRP",2026-03-09,2026-03-10,2,"San Joaquin River at Highway 140","CDFW inseason spreadsheet",10,30,120,0.25,"Normal count",80,1,4,2.33,NA,NA,1983347,-4454
"2026-03-20 04:00:00","CVP","Chinook Salmon","Clipped","Spring",NA,"Spring","063198","SCARF","Experimental",2026-03-09,2026-03-10,2,"SAN JOAQ R GRT VAL GR 140","RMIS",10,30,120,0.25,"Normal count",80,1,4,2.33,NA,NA,1983347,-4454
"2026-03-20 04:00:00","CVP","Chinook Salmon","Clipped","Spring",NA,"Spring","063198","SCARF","SJRRP",2026-03-09,2026-03-10,2,"San Joaquin River at Highway 140","CDFW inseason spreadsheet",10,30,120,0.25,"Normal count",81,1,4,2.33,NA,NA,1983348,-4454
"2026-03-20 04:00:00","CVP","Chinook Salmon","Clipped","Spring",NA,"Spring","063198","SCARF","Experimental",2026-03-09,2026-03-10,2,"SAN JOAQ R GRT VAL GR 140","RMIS",10,30,120,0.25,"Normal count",81,1,4,2.33,NA,NA,1983348,-4454
"2026-03-20 04:00:00","CVP","Chinook Salmon","Clipped","Spring",NA,"Spring","062873","SCARF","Experimental",2026-03-09,2026-03-10,2,"SAN JOAQ R GRT VAL GR 140","RMIS",10,30,120,0.25,"Normal count",84,1,4,2.33,NA,NA,1983349,-4454
"2026-03-20 04:00:00","CVP","Chinook Salmon","Clipped","Spring",NA,"Spring","062873","SCARF","SJRRP",2026-03-09,2026-03-10,2,"San Joaquin River at Highway 140","CDFW inseason spreadsheet",10,30,120,0.25,"Normal count",84,1,4,2.33,NA,NA,1983349,-4454
"2026-03-20 04:00:00","CVP","Chinook Salmon","Unclipped","Spring","Fall",NA,NA,NA,NA,NA,NA,NA,NA,NA,NA,30,120,0.25,"Normal count",85,1,4,2.33,"C260749CVP",0.69199997,1983350,-4454
"2026-03-20 04:00:00","CVP","Chinook Salmon","Unclipped","Spring","Spring",NA,NA,NA,NA,NA,NA,NA,NA,NA,NA,30,120,0.25,"Normal count",91,1,4,2.33,"C260750CVP",0.99800003,1983351,-4454
"2026-03-20 04:00:00","CVP","Chinook Salmon","Clipped","Spring",NA,"Spring","063198","SCARF","SJRRP",2026-03-09,2026-03-10,2,"San Joaquin River at Highway 140","CDFW inseason spreadsheet",10,30,120,0.25,"Normal count",94,1,4,2.33,NA,NA,1983352,-4454
"2026-03-20 04:00:00","CVP","Chinook Salmon","Clipped","Spring",NA,"Spring","063198","SCARF","Experimental",2026-03-09,2026-03-10,2,"SAN JOAQ R GRT VAL GR 140","RMIS",10,30,120,0.25,"Normal count",94,1,4,2.33,NA,NA,1983352,-4454
"2026-03-20 04:00:00","CVP","Chinook Salmon","Clipped","Spring",NA,"Spring","063198","SCARF","SJRRP",2026-03-09,2026-03-10,2,"San Joaquin River at Highway 140","CDFW inseason spreadsheet",10,30,120,0.25,"Normal count",95,1,4,2.33,NA,NA,1983353,-4454
"2026-03-20 04:00:00","CVP","Chinook Salmon","Clipped","Spring",NA,"Spring","063198","SCARF","Experimental",2026-03-09,2026-03-10,2,"SAN JOAQ R GRT VAL GR 140","RMIS",10,30,120,0.25,"Normal count",95,1,4,2.33,NA,NA,1983353,-4454
"2026-03-20 04:00:00","CVP","Chinook Salmon","Clipped","Spring",NA,"Spring","063198","SCARF","SJRRP",2026-03-09,2026-03-10,2,"San Joaquin River at Highway 140","CDFW inseason spreadsheet",10,30,120,0.25,"Normal count",100,1,4,2.33,NA,NA,1983354,-4454
"2026-03-20 04:00:00","CVP","Chinook Salmon","Clipped","Spring",NA,"Spring","063198","SCARF","Experimental",2026-03-09,2026-03-10,2,"SAN JOAQ R GRT VAL GR 140","RMIS",10,30,120,0.25,"Normal count",100,1,4,2.33,NA,NA,1983354,-4454
"2026-03-20 06:00:00","CVP","Chinook Salmon","Clipped","Spring",NA,"Spring","063198","SCARF","SJRRP",2026-03-09,2026-03-10,2,"San Joaquin River at Highway 140","CDFW inseason spreadsheet",10,30,120,0.25,"Normal count",77,1,4,2.33,NA,NA,1983241,-4454
"2026-03-20 06:00:00","CVP","Chinook Salmon","Clipped","Spring",NA,"Spring","063198","SCARF","Experimental",2026-03-09,2026-03-10,2,"SAN JOAQ R GRT VAL GR 140","RMIS",10,30,120,0.25,"Normal count",77,1,4,2.33,NA,NA,1983241,-4454
"2026-03-20 06:00:00","CVP","Chinook Salmon","Clipped","Spring",NA,"Spring","063198","SCARF","SJRRP",2026-03-09,2026-03-10,2,"San Joaquin River at Highway 140","CDFW inseason spreadsheet",10,30,120,0.25,"Normal count",83,1,4,2.33,NA,NA,1983242,-4454
"2026-03-20 06:00:00","CVP","Chinook Salmon","Clipped","Spring",NA,"Spring","063198","SCARF","Experimental",2026-03-09,2026-03-10,2,"SAN JOAQ R GRT VAL GR 140","RMIS",10,30,120,0.25,"Normal count",83,1,4,2.33,NA,NA,1983242,-4454
"2026-03-20 06:00:00","CVP","Chinook Salmon","Clipped","Spring",NA,"Spring","063198","SCARF","SJRRP",2026-03-09,2026-03-10,2,"San Joaquin River at Highway 140","CDFW inseason spreadsheet",10,30,120,0.25,"Normal count",85,1,4,2.33,NA,NA,1983243,-4454
"2026-03-20 06:00:00","CVP","Chinook Salmon","Clipped","Spring",NA,"Spring","063198","SCARF","Experimental",2026-03-09,2026-03-10,2,"SAN JOAQ R GRT VAL GR 140","RMIS",10,30,120,0.25,"Normal count",85,1,4,2.33,NA,NA,1983243,-4454
"2026-03-20 06:00:00","CVP","Chinook Salmon","Clipped","Spring",NA,"Spring","063198","SCARF","Experimental",2026-03-09,2026-03-10,2,"SAN JOAQ R GRT VAL GR 140","RMIS",10,30,120,0.25,"Normal count",89,1,4,2.33,NA,NA,1983244,-4454
"2026-03-20 06:00:00","CVP","Chinook Salmon","Clipped","Spring",NA,"Spring","063198","SCARF","SJRRP",2026-03-09,2026-03-10,2,"San Joaquin River at Highway 140","CDFW inseason spreadsheet",10,30,120,0.25,"Normal count",89,1,4,2.33,NA,NA,1983244,-4454
"2026-03-20 06:00:00","CVP","Chinook Salmon","Clipped","Spring",NA,"Spring","063198","SCARF","Experimental",2026-03-09,2026-03-10,2,"SAN JOAQ R GRT VAL GR 140","RMIS",10,30,120,0.25,"Normal count",90,1,4,2.33,NA,NA,1983245,-4454
"2026-03-20 06:00:00","CVP","Chinook Salmon","Clipped","Spring",NA,"Spring","063198","SCARF","SJRRP",2026-03-09,2026-03-10,2,"San Joaquin River at Highway 140","CDFW inseason spreadsheet",10,30,120,0.25,"Normal count",90,1,4,2.33,NA,NA,1983245,-4454
"2026-03-20 08:00:00","CVP","Chinook Salmon","Clipped","Spring",NA,"Spring","063198","SCARF","SJRRP",2026-03-09,2026-03-10,2,"San Joaquin River at Highway 140","CDFW inseason spreadsheet",10,30,120,0.25,"Normal count",89,1,4,2.33,NA,NA,1983310,-4454
"2026-03-20 08:00:00","CVP","Chinook Salmon","Clipped","Spring",NA,"Spring","063198","SCARF","Experimental",2026-03-09,2026-03-10,2,"SAN JOAQ R GRT VAL GR 140","RMIS",10,30,120,0.25,"Normal count",89,1,4,2.33,NA,NA,1983310,-4454
"2026-03-20 08:00:00","CVP","Chinook Salmon","Clipped","Spring",NA,"Spring","063198","SCARF","SJRRP",2026-03-09,2026-03-10,2,"San Joaquin River at Highway 140","CDFW inseason spreadsheet",10,30,120,0.25,"Normal count",91,1,4,2.33,NA,NA,1983311,-4454
"2026-03-20 08:00:00","CVP","Chinook Salmon","Clipped","Spring",NA,"Spring","063198","SCARF","Experimental",2026-03-09,2026-03-10,2,"SAN JOAQ R GRT VAL GR 140","RMIS",10,30,120,0.25,"Normal count",91,1,4,2.33,NA,NA,1983311,-4454
"2026-03-20 11:00:00","SWP","Chinook Salmon","Clipped","Spring",NA,"Spring","063198","SCARF","SJRRP",2026-03-09,2026-03-10,2,"San Joaquin River at Highway 140","CDFW inseason spreadsheet",10,30,120,0.25,"Normal count",79,1,4,16.46,NA,NA,1983220,-4454
"2026-03-20 11:00:00","SWP","Chinook Salmon","Clipped","Spring",NA,"Spring","063198","SCARF","Experimental",2026-03-09,2026-03-10,2,"SAN JOAQ R GRT VAL GR 140","RMIS",10,30,120,0.25,"Normal count",79,1,4,16.46,NA,NA,1983220,-4454
"2026-03-20 15:00:00","SWP","Chinook Salmon","Clipped","Spring",NA,NA,NA,NA,NA,NA,NA,NA,NA,NA,NA,30,120,0.25,"Normal count",85,1,4,16.5,NA,NA,1983223,-4454
"2026-03-20 15:00:00","SWP","Chinook Salmon","Clipped","Spring",NA,NA,NA,NA,NA,NA,NA,NA,NA,NA,NA,30,120,0.25,"Normal count",92,1,4,16.5,NA,NA,1983227,-4454
"2026-03-20 16:00:00","CVP","Chinook Salmon","Clipped","Spring",NA,"Spring","063198","SCARF","SJRRP",2026-03-09,2026-03-10,2,"San Joaquin River at Highway 140","CDFW inseason spreadsheet",10,30,120,0.25,"Normal count",89,1,4,2.33,NA,NA,1983355,-4454
"2026-03-20 16:00:00","CVP","Chinook Salmon","Clipped","Spring",NA,"Spring","063198","SCARF","Experimental",2026-03-09,2026-03-10,2,"SAN JOAQ R GRT VAL GR 140","RMIS",10,30,120,0.25,"Normal count",89,1,4,2.33,NA,NA,1983355,-4454
"2026-03-20 16:00:00","CVP","Chinook Salmon","Unclipped","Winter","Winter",NA,NA,NA,NA,NA,NA,NA,NA,NA,NA,30,120,0.25,"Normal count",120,1,4,2.6,"C260751CVP",1,1983356,-4454
"2026-03-20 18:00:00","CVP","Chinook Salmon","Clipped","Spring",NA,"Spring","063198","SCARF","Experimental",2026-03-09,2026-03-10,2,"SAN JOAQ R GRT VAL GR 140","RMIS",10,30,120,0.25,"Normal count",84,1,4,2.33,NA,NA,1983300,-4454
"2026-03-20 18:00:00","CVP","Chinook Salmon","Clipped","Spring",NA,"Spring","063198","SCARF","SJRRP",2026-03-09,2026-03-10,2,"San Joaquin River at Highway 140","CDFW inseason spreadsheet",10,30,120,0.25,"Normal count",84,1,4,2.33,NA,NA,1983300,-4454
"2026-03-20 18:00:00","CVP","Chinook Salmon","Clipped","Spring",NA,"Spring","063198","SCARF","Experimental",2026-03-09,2026-03-10,2,"SAN JOAQ R GRT VAL GR 140","RMIS",10,30,120,0.25,"Normal count",84,1,4,2.33,NA,NA,1983300,-4454
"2026-03-20 18:00:00","CVP","Chinook Salmon","Clipped","Spring",NA,"Spring","063198","SCARF","SJRRP",2026-03-09,2026-03-10,2,"San Joaquin River at Highway 140","CDFW inseason spreadsheet",10,30,120,0.25,"Normal count",84,1,4,2.33,NA,NA,1983300,-4454
"2026-03-20 18:00:00","CVP","Chinook Salmon","Clipped","Spring",NA,"Spring","063198","SCARF","Experimental",2026-03-09,2026-03-10,2,"SAN JOAQ R GRT VAL GR 140","RMIS",10,30,120,0.25,"Normal count",84,1,4,2.33,NA,NA,1983300,-4454
"2026-03-20 18:00:00","CVP","Chinook Salmon","Clipped","Spring",NA,"Spring","063198","SCARF","SJRRP",2026-03-09,2026-03-10,2,"San Joaquin River at Highway 140","CDFW inseason spreadsheet",10,30,120,0.25,"Normal count",84,1,4,2.33,NA,NA,1983300,-4454
"2026-03-20 18:00:00","CVP","Chinook Salmon","Clipped","Spring",NA,"Spring","063198","SCARF","Experimental",2026-03-09,2026-03-10,2,"SAN JOAQ R GRT VAL GR 140","RMIS",10,30,120,0.25,"Normal count",84,1,4,2.33,NA,NA,1983300,-4454
"2026-03-20 18:00:00","CVP","Chinook Salmon","Clipped","Spring",NA,"Spring","063198","SCARF","SJRRP",2026-03-09,2026-03-10,2,"San Joaquin River at Highway 140","CDFW inseason spreadsheet",10,30,120,0.25,"Normal count",84,1,4,2.33,NA,NA,1983300,-4454
"2026-03-20 18:00:00","CVP","Chinook Salmon","Clipped","Spring",NA,"Spring","063198","SCARF","SJRRP",2026-03-09,2026-03-10,2,"San Joaquin River at Highway 140","CDFW inseason spreadsheet",10,30,120,0.25,"Normal count",85,1,4,2.33,NA,NA,1983301,-4454
"2026-03-20 18:00:00","CVP","Chinook Salmon","Clipped","Spring",NA,"Spring","063198","SCARF","Experimental",2026-03-09,2026-03-10,2,"SAN JOAQ R GRT VAL GR 140","RMIS",10,30,120,0.25,"Normal count",85,1,4,2.33,NA,NA,1983301,-4454
"2026-03-20 18:00:00","CVP","Chinook Salmon","Clipped","Spring",NA,"Spring","063198","SCARF","SJRRP",2026-03-09,2026-03-10,2,"San Joaquin River at Highway 140","CDFW inseason spreadsheet",10,30,120,0.25,"Normal count",90,1,4,2.33,NA,NA,1983302,-4454
"2026-03-20 18:00:00","CVP","Chinook Salmon","Clipped","Spring",NA,"Spring","063198","SCARF","Experimental",2026-03-09,2026-03-10,2,"SAN JOAQ R GRT VAL GR 140","RMIS",10,30,120,0.25,"Normal count",90,1,4,2.33,NA,NA,1983302,-4454
"2026-03-20 18:00:00","CVP","Chinook Salmon","Unclipped","Winter","Spring",NA,NA,NA,NA,NA,NA,NA,NA,NA,NA,30,120,0.25,"Normal count",116,1,4,2.6,"C260752CVP",0.98799998,1983303,-4454
"2026-03-21 04:00:00","CVP","Chinook Salmon","Clipped","Spring",NA,"Spring","062873","SCARF","SJRRP",2026-03-09,2026-03-10,2,"San Joaquin River at Highway 140","CDFW inseason spreadsheet",11,30,120,0.25,"Normal count",83,1,4,2.33,NA,NA,1983376,-4491
"2026-03-21 04:00:00","CVP","Chinook Salmon","Clipped","Spring",NA,"Spring","062873","SCARF","Experimental",2026-03-09,2026-03-10,2,"SAN JOAQ R GRT VAL GR 140","RMIS",11,30,120,0.25,"Normal count",83,1,4,2.33,NA,NA,1983376,-4491
"2026-03-21 04:00:00","CVP","Chinook Salmon","Clipped","Spring",NA,"Spring","063198","SCARF","Experimental",2026-03-09,2026-03-10,2,"SAN JOAQ R GRT VAL GR 140","RMIS",11,30,120,0.25,"Normal count",84,1,4,2.33,NA,NA,1983377,-4491
"2026-03-21 04:00:00","CVP","Chinook Salmon","Clipped","Spring",NA,"Spring","063198","SCARF","SJRRP",2026-03-09,2026-03-10,2,"San Joaquin River at Highway 140","CDFW inseason spreadsheet",11,30,120,0.25,"Normal count",84,1,4,2.33,NA,NA,1983377,-4491
"2026-03-21 04:00:00","CVP","Chinook Salmon","Clipped","Spring",NA,"Spring","063198","SCARF","Experimental",2026-03-09,2026-03-10,2,"SAN JOAQ R GRT VAL GR 140","RMIS",11,30,120,0.25,"Normal count",85,1,4,2.33,NA,NA,1983378,-4491
"2026-03-21 04:00:00","CVP","Chinook Salmon","Clipped","Spring",NA,"Spring","063198","SCARF","SJRRP",2026-03-09,2026-03-10,2,"San Joaquin River at Highway 140","CDFW inseason spreadsheet",11,30,120,0.25,"Normal count",85,1,4,2.33,NA,NA,1983378,-4491
"2026-03-21 04:00:00","CVP","Chinook Salmon","Clipped","Spring",NA,"Spring","063198","SCARF","Experimental",2026-03-09,2026-03-10,2,"SAN JOAQ R GRT VAL GR 140","RMIS",11,30,120,0.25,"Normal count",97,1,4,2.33,NA,NA,1983379,-4491
"2026-03-21 04:00:00","CVP","Chinook Salmon","Clipped","Spring",NA,"Spring","063198","SCARF","SJRRP",2026-03-09,2026-03-10,2,"San Joaquin River at Highway 140","CDFW inseason spreadsheet",11,30,120,0.25,"Normal count",97,1,4,2.33,NA,NA,1983379,-4491
"2026-03-21 06:00:00","CVP","Chinook Salmon","Clipped","Spring",NA,"Spring","063198","SCARF","Experimental",2026-03-09,2026-03-10,2,"SAN JOAQ R GRT VAL GR 140","RMIS",11,30,120,0.25,"Normal count",70,1,4,2.33,NA,NA,1983396,-4491
"2026-03-21 06:00:00","CVP","Chinook Salmon","Clipped","Spring",NA,"Spring","063198","SCARF","SJRRP",2026-03-09,2026-03-10,2,"San Joaquin River at Highway 140","CDFW inseason spreadsheet",11,30,120,0.25,"Normal count",70,1,4,2.33,NA,NA,1983396,-4491
"2026-03-21 06:00:00","CVP","Chinook Salmon","Clipped","Spring",NA,"Spring","061398",NA,NA,NA,NA,NA,NA,NA,NA,30,120,0.25,"Normal count",80,1,4,2.33,NA,NA,1983397,-4491
"2026-03-21 06:00:00","CVP","Chinook Salmon","Clipped","Spring",NA,"Spring","063198","SCARF","SJRRP",2026-03-09,2026-03-10,2,"San Joaquin River at Highway 140","CDFW inseason spreadsheet",11,30,120,0.25,"Normal count",82,1,4,2.33,NA,NA,1983398,-4491
"2026-03-21 06:00:00","CVP","Chinook Salmon","Clipped","Spring",NA,"Spring","063198","SCARF","Experimental",2026-03-09,2026-03-10,2,"SAN JOAQ R GRT VAL GR 140","RMIS",11,30,120,0.25,"Normal count",82,1,4,2.33,NA,NA,1983398,-4491
"2026-03-21 06:00:00","CVP","Chinook Salmon","Clipped","Spring",NA,"Spring","063198","SCARF","Experimental",2026-03-09,2026-03-10,2,"SAN JOAQ R GRT VAL GR 140","RMIS",11,30,120,0.25,"Normal count",99,1,4,2.33,NA,NA,1983399,-4491
"2026-03-21 06:00:00","CVP","Chinook Salmon","Clipped","Spring",NA,"Spring","063198","SCARF","SJRRP",2026-03-09,2026-03-10,2,"San Joaquin River at Highway 140","CDFW inseason spreadsheet",11,30,120,0.25,"Normal count",99,1,4,2.33,NA,NA,1983399,-4491
"2026-03-21 06:00:00","CVP","Chinook Salmon","Clipped","Spring",NA,"Spring","063198","SCARF","SJRRP",2026-03-09,2026-03-10,2,"San Joaquin River at Highway 140","CDFW inseason spreadsheet",11,30,120,0.25,"Normal count",103,1,4,2.6,NA,NA,1983400,-4491
"2026-03-21 06:00:00","CVP","Chinook Salmon","Clipped","Spring",NA,"Spring","063198","SCARF","Experimental",2026-03-09,2026-03-10,2,"SAN JOAQ R GRT VAL GR 140","RMIS",11,30,120,0.25,"Normal count",103,1,4,2.6,NA,NA,1983400,-4491
"2026-03-21 14:00:00","CVP","Chinook Salmon","Clipped","Spring",NA,"Spring","063198","SCARF","Experimental",2026-03-09,2026-03-10,2,"SAN JOAQ R GRT VAL GR 140","RMIS",11,30,120,0.25,"Normal count",90,1,4,2.33,NA,NA,1983358,-4491
"2026-03-21 14:00:00","CVP","Chinook Salmon","Clipped","Spring",NA,"Spring","063198","SCARF","SJRRP",2026-03-09,2026-03-10,2,"San Joaquin River at Highway 140","CDFW inseason spreadsheet",11,30,120,0.25,"Normal count",90,1,4,2.33,NA,NA,1983358,-4491
"2026-03-21 14:00:00","SWP","Chinook Salmon","Clipped","Spring",NA,"Spring","063198","SCARF","SJRRP",2026-03-09,2026-03-10,2,"San Joaquin River at Highway 140","CDFW inseason spreadsheet",11,30,60,0.5,"Normal count",84,1,2,8.26,NA,NA,1983222,-4491
"2026-03-21 14:00:00","SWP","Chinook Salmon","Clipped","Spring",NA,"Spring","063198","SCARF","Experimental",2026-03-09,2026-03-10,2,"SAN JOAQ R GRT VAL GR 140","RMIS",11,30,60,0.5,"Normal count",84,1,2,8.26,NA,NA,1983222,-4491
"2026-03-21 14:00:00","SWP","Chinook Salmon","Clipped","Spring",NA,"Spring","063198","SCARF","SJRRP",2026-03-09,2026-03-10,2,"San Joaquin River at Highway 140","CDFW inseason spreadsheet",11,30,60,0.5,"Normal count",91,1,2,8.26,NA,NA,1983225,-4491
"2026-03-21 14:00:00","SWP","Chinook Salmon","Clipped","Spring",NA,"Spring","063198","SCARF","Experimental",2026-03-09,2026-03-10,2,"SAN JOAQ R GRT VAL GR 140","RMIS",11,30,60,0.5,"Normal count",91,1,2,8.26,NA,NA,1983225,-4491
"2026-03-21 14:00:00","SWP","Chinook Salmon","Clipped","Spring",NA,"Spring","063198","SCARF","SJRRP",2026-03-09,2026-03-10,2,"San Joaquin River at Highway 140","CDFW inseason spreadsheet",11,30,60,0.5,"Normal count",95,1,2,8.26,NA,NA,1983228,-4491
"2026-03-21 14:00:00","SWP","Chinook Salmon","Clipped","Spring",NA,"Spring","063198","SCARF","Experimental",2026-03-09,2026-03-10,2,"SAN JOAQ R GRT VAL GR 140","RMIS",11,30,60,0.5,"Normal count",95,1,2,8.26,NA,NA,1983228,-4491
"2026-03-21 16:00:00","CVP","Chinook Salmon","Clipped","Spring",NA,"Spring","063198","SCARF","Experimental",2026-03-09,2026-03-10,2,"SAN JOAQ R GRT VAL GR 140","RMIS",11,30,120,0.25,"Normal count",86,1,4,2.33,NA,NA,1983408,-4491
"2026-03-21 16:00:00","CVP","Chinook Salmon","Clipped","Spring",NA,"Spring","063198","SCARF","SJRRP",2026-03-09,2026-03-10,2,"San Joaquin River at Highway 140","CDFW inseason spreadsheet",11,30,120,0.25,"Normal count",86,1,4,2.33,NA,NA,1983408,-4491
"2026-03-21 17:00:00","SWP","Chinook Salmon","Clipped","Spring",NA,"Spring","062873","SCARF","SJRRP",2026-03-09,2026-03-10,2,"San Joaquin River at Highway 140","CDFW inseason spreadsheet",11,30,120,0.25,"Normal count",91,1,4,16.67,NA,NA,1983226,-4491
"2026-03-21 17:00:00","SWP","Chinook Salmon","Clipped","Spring",NA,"Spring","062873","SCARF","Experimental",2026-03-09,2026-03-10,2,"SAN JOAQ R GRT VAL GR 140","RMIS",11,30,120,0.25,"Normal count",91,1,4,16.67,NA,NA,1983226,-4491
"2026-03-21 18:00:00","CVP","Chinook Salmon","Unclipped","Fall","Fall",NA,NA,NA,NA,NA,NA,NA,NA,NA,NA,30,120,0.25,"Normal count",49,1,4,2.33,"C260753CVP",0.52999997,1983392,-4491
"2026-03-21 20:00:00","CVP","Chinook Salmon","Clipped","Spring",NA,"Spring","063198","SCARF","SJRRP",2026-03-09,2026-03-10,2,"San Joaquin River at Highway 140","CDFW inseason spreadsheet",11,30,120,0.25,"Normal count",81,1,4,2.33,NA,NA,1983362,-4491
"2026-03-21 20:00:00","CVP","Chinook Salmon","Clipped","Spring",NA,"Spring","063198","SCARF","Experimental",2026-03-09,2026-03-10,2,"SAN JOAQ R GRT VAL GR 140","RMIS",11,30,120,0.25,"Normal count",81,1,4,2.33,NA,NA,1983362,-4491
"2026-03-21 20:00:00","CVP","Chinook Salmon","Clipped","Spring",NA,"Spring","063198","SCARF","SJRRP",2026-03-09,2026-03-10,2,"San Joaquin River at Highway 140","CDFW inseason spreadsheet",11,30,120,0.25,"Normal count",88,1,4,2.33,NA,NA,1983363,-4491
"2026-03-21 20:00:00","CVP","Chinook Salmon","Clipped","Spring",NA,"Spring","063198","SCARF","Experimental",2026-03-09,2026-03-10,2,"SAN JOAQ R GRT VAL GR 140","RMIS",11,30,120,0.25,"Normal count",88,1,4,2.33,NA,NA,1983363,-4491
"2026-03-21 20:00:00","CVP","Chinook Salmon","Clipped","Spring",NA,"Spring","063198","SCARF","Experimental",2026-03-09,2026-03-10,2,"SAN JOAQ R GRT VAL GR 140","RMIS",11,30,120,0.25,"Normal count",91,1,4,2.33,NA,NA,1983364,-4491
"2026-03-21 20:00:00","CVP","Chinook Salmon","Clipped","Spring",NA,"Spring","063198","SCARF","SJRRP",2026-03-09,2026-03-10,2,"San Joaquin River at Highway 140","CDFW inseason spreadsheet",11,30,120,0.25,"Normal count",91,1,4,2.33,NA,NA,1983364,-4491
"2026-03-21 20:00:00","CVP","Chinook Salmon","Clipped","Spring",NA,"Spring","063198","SCARF","SJRRP",2026-03-09,2026-03-10,2,"San Joaquin River at Highway 140","CDFW inseason spreadsheet",11,30,120,0.25,"Normal count",96,1,4,2.33,NA,NA,1983365,-4491
"2026-03-21 20:00:00","CVP","Chinook Salmon","Clipped","Spring",NA,"Spring","063198","SCARF","Experimental",2026-03-09,2026-03-10,2,"SAN JOAQ R GRT VAL GR 140","RMIS",11,30,120,0.25,"Normal count",96,1,4,2.33,NA,NA,1983365,-4491
"2026-03-22 02:00:00","CVP","Chinook Salmon","Clipped","Spring",NA,"Spring","062873","SCARF","Experimental",2026-03-09,2026-03-10,2,"SAN JOAQ R GRT VAL GR 140","RMIS",12,30,120,0.25,"Normal count",86,1,4,2.33,NA,NA,1983449,-4492
"2026-03-22 02:00:00","CVP","Chinook Salmon","Clipped","Spring",NA,"Spring","062873","SCARF","SJRRP",2026-03-09,2026-03-10,2,"San Joaquin River at Highway 140","CDFW inseason spreadsheet",12,30,120,0.25,"Normal count",86,1,4,2.33,NA,NA,1983449,-4492
"2026-03-22 02:00:00","CVP","Chinook Salmon","Clipped","Spring",NA,"Spring","063198","SCARF","SJRRP",2026-03-09,2026-03-10,2,"San Joaquin River at Highway 140","CDFW inseason spreadsheet",12,30,120,0.25,"Normal count",87,1,4,2.33,NA,NA,1983450,-4492
"2026-03-22 02:00:00","CVP","Chinook Salmon","Clipped","Spring",NA,"Spring","063198","SCARF","Experimental",2026-03-09,2026-03-10,2,"SAN JOAQ R GRT VAL GR 140","RMIS",12,30,120,0.25,"Normal count",87,1,4,2.33,NA,NA,1983450,-4492
"2026-03-22 02:00:00","CVP","Chinook Salmon","Unclipped","Spring","Spring",NA,NA,NA,NA,NA,NA,NA,NA,NA,NA,30,120,0.25,"Normal count",105,1,4,2.6,"C260754CVP",0.759,1983451,-4492
"2026-03-22 05:00:00","SWP","Chinook Salmon","Unclipped","Spring","Fall",NA,NA,NA,NA,NA,NA,NA,NA,NA,NA,30,120,0.25,"Normal count",95,1,4,16.58,"C260248SWP",0.722,1983218,-4492
"2026-03-22 06:00:00","CVP","Chinook Salmon","Unclipped","Fall","Fall",NA,NA,NA,NA,NA,NA,NA,NA,NA,NA,30,120,0.25,"Normal count",54,1,4,2.33,"C260755CVP",0.85399997,1983444,-4492
"2026-03-22 06:00:00","CVP","Chinook Salmon","Clipped","Spring",NA,"Spring","063198","SCARF","SJRRP",2026-03-09,2026-03-10,2,"San Joaquin River at Highway 140","CDFW inseason spreadsheet",12,30,120,0.25,"Normal count",81,1,4,2.33,NA,NA,1983445,-4492
"2026-03-22 06:00:00","CVP","Chinook Salmon","Clipped","Spring",NA,"Spring","063198","SCARF","Experimental",2026-03-09,2026-03-10,2,"SAN JOAQ R GRT VAL GR 140","RMIS",12,30,120,0.25,"Normal count",81,1,4,2.33,NA,NA,1983445,-4492
"2026-03-22 06:00:00","CVP","Chinook Salmon","Clipped","Spring",NA,"Spring","063198","SCARF","Experimental",2026-03-09,2026-03-10,2,"SAN JOAQ R GRT VAL GR 140","RMIS",12,30,120,0.25,"Normal count",87,1,4,2.33,NA,NA,1983446,-4492
"2026-03-22 06:00:00","CVP","Chinook Salmon","Clipped","Spring",NA,"Spring","063198","SCARF","SJRRP",2026-03-09,2026-03-10,2,"San Joaquin River at Highway 140","CDFW inseason spreadsheet",12,30,120,0.25,"Normal count",87,1,4,2.33,NA,NA,1983446,-4492
"2026-03-22 06:00:00","CVP","Chinook Salmon","Clipped","Spring",NA,"Spring","063198","SCARF","Experimental",2026-03-09,2026-03-10,2,"SAN JOAQ R GRT VAL GR 140","RMIS",12,30,120,0.25,"Normal count",89,1,4,2.33,NA,NA,1983447,-4492
"2026-03-22 06:00:00","CVP","Chinook Salmon","Clipped","Spring",NA,"Spring","063198","SCARF","SJRRP",2026-03-09,2026-03-10,2,"San Joaquin River at Highway 140","CDFW inseason spreadsheet",12,30,120,0.25,"Normal count",89,1,4,2.33,NA,NA,1983447,-4492
"2026-03-22 06:00:00","CVP","Chinook Salmon","Clipped","Spring",NA,"Spring","063198","SCARF","SJRRP",2026-03-09,2026-03-10,2,"San Joaquin River at Highway 140","CDFW inseason spreadsheet",12,30,120,0.25,"Normal count",90,1,4,2.33,NA,NA,1983448,-4492
"2026-03-22 06:00:00","CVP","Chinook Salmon","Clipped","Spring",NA,"Spring","063198","SCARF","Experimental",2026-03-09,2026-03-10,2,"SAN JOAQ R GRT VAL GR 140","RMIS",12,30,120,0.25,"Normal count",90,2,8,4.65,NA,NA,1983448,-4492
"2026-03-22 06:00:00","CVP","Chinook Salmon","Clipped","Spring",NA,"Spring","063198","SCARF","SJRRP",2026-03-09,2026-03-10,2,"San Joaquin River at Highway 140","CDFW inseason spreadsheet",12,30,120,0.25,"Normal count",90,2,8,4.65,NA,NA,1983448,-4492
"2026-03-22 06:00:00","CVP","Chinook Salmon","Clipped","Spring",NA,"Spring","063198","SCARF","Experimental",2026-03-09,2026-03-10,2,"SAN JOAQ R GRT VAL GR 140","RMIS",12,30,120,0.25,"Normal count",90,2,8,4.65,NA,NA,1983448,-4492
"2026-03-22 06:00:00","CVP","Chinook Salmon","Clipped","Spring",NA,"Spring","063198","SCARF","SJRRP",2026-03-09,2026-03-10,2,"San Joaquin River at Highway 140","CDFW inseason spreadsheet",12,30,120,0.25,"Normal count",90,2,8,4.65,NA,NA,1983448,-4492
"2026-03-22 06:00:00","CVP","Chinook Salmon","Clipped","Spring",NA,"Spring","063198","SCARF","Experimental",2026-03-09,2026-03-10,2,"SAN JOAQ R GRT VAL GR 140","RMIS",12,30,120,0.25,"Normal count",90,2,8,4.65,NA,NA,1983448,-4492
"2026-03-22 06:00:00","CVP","Chinook Salmon","Clipped","Spring",NA,"Spring","063198","SCARF","SJRRP",2026-03-09,2026-03-10,2,"San Joaquin River at Highway 140","CDFW inseason spreadsheet",12,30,120,0.25,"Normal count",90,2,8,4.65,NA,NA,1983448,-4492
"2026-03-22 06:00:00","CVP","Chinook Salmon","Clipped","Spring",NA,"Spring","063198","SCARF","Experimental",2026-03-09,2026-03-10,2,"SAN JOAQ R GRT VAL GR 140","RMIS",12,30,120,0.25,"Normal count",90,1,4,2.33,NA,NA,1983448,-4492
"2026-03-22 06:00:00","CVP","Chinook Salmon","Clipped","Spring",NA,"Spring","063198","SCARF","SJRRP",2026-03-09,2026-03-10,2,"San Joaquin River at Highway 140","CDFW inseason spreadsheet",12,30,120,0.25,"Normal count",90,1,4,2.33,NA,NA,1983448,-4492
"2026-03-22 06:00:00","CVP","Chinook Salmon","Clipped","Spring",NA,"Spring","063198","SCARF","Experimental",2026-03-09,2026-03-10,2,"SAN JOAQ R GRT VAL GR 140","RMIS",12,30,120,0.25,"Normal count",90,1,4,2.33,NA,NA,1983448,-4492
"2026-03-22 06:00:00","CVP","Chinook Salmon","Clipped","Spring",NA,"Spring","063198","SCARF","SJRRP",2026-03-09,2026-03-10,2,"San Joaquin River at Highway 140","CDFW inseason spreadsheet",12,30,120,0.25,"Normal count",90,1,4,2.33,NA,NA,1983448,-4492
"2026-03-22 06:00:00","CVP","Chinook Salmon","Clipped","Spring",NA,"Spring","063198","SCARF","Experimental",2026-03-09,2026-03-10,2,"SAN JOAQ R GRT VAL GR 140","RMIS",12,30,120,0.25,"Normal count",90,1,4,2.33,NA,NA,1983448,-4492
"2026-03-22 11:00:00","SWP","Chinook Salmon","Clipped","Spring",NA,"Spring","063198","SCARF","SJRRP",2026-03-09,2026-03-10,2,"San Joaquin River at Highway 140","CDFW inseason spreadsheet",12,30,120,0.25,"Normal count",85,1,4,16.62,NA,NA,1983224,-4492
"2026-03-22 11:00:00","SWP","Chinook Salmon","Clipped","Spring",NA,"Spring","063198","SCARF","Experimental",2026-03-09,2026-03-10,2,"SAN JOAQ R GRT VAL GR 140","RMIS",12,30,120,0.25,"Normal count",85,1,4,16.62,NA,NA,1983224,-4492
"2026-03-22 17:00:00","SWP","Chinook Salmon","Clipped","Spring",NA,"Spring","063198","SCARF","SJRRP",2026-03-09,2026-03-10,2,"San Joaquin River at Highway 140","CDFW inseason spreadsheet",12,30,120,0.25,"Normal count",80,1,4,16.67,NA,NA,1983221,-4492
"2026-03-22 17:00:00","SWP","Chinook Salmon","Clipped","Spring",NA,"Spring","063198","SCARF","Experimental",2026-03-09,2026-03-10,2,"SAN JOAQ R GRT VAL GR 140","RMIS",12,30,120,0.25,"Normal count",80,1,4,16.67,NA,NA,1983221,-4492
"2026-03-22 20:00:00","CVP","Chinook Salmon","Clipped","Spring",NA,"Spring","063198","SCARF","SJRRP",2026-03-09,2026-03-10,2,"San Joaquin River at Highway 140","CDFW inseason spreadsheet",12,30,120,0.25,"Normal count",81,1,4,2.33,NA,NA,1983440,-4492
"2026-03-22 20:00:00","CVP","Chinook Salmon","Clipped","Spring",NA,"Spring","063198","SCARF","Experimental",2026-03-09,2026-03-10,2,"SAN JOAQ R GRT VAL GR 140","RMIS",12,30,120,0.25,"Normal count",81,1,4,2.33,NA,NA,1983440,-4492
"2026-03-22 20:00:00","CVP","Chinook Salmon","Clipped","Spring",NA,"Spring","063198","SCARF","Experimental",2026-03-09,2026-03-10,2,"SAN JOAQ R GRT VAL GR 140","RMIS",12,30,120,0.25,"Normal count",88,1,4,2.33,NA,NA,1983441,-4492
"2026-03-22 20:00:00","CVP","Chinook Salmon","Clipped","Spring",NA,"Spring","063198","SCARF","SJRRP",2026-03-09,2026-03-10,2,"San Joaquin River at Highway 140","CDFW inseason spreadsheet",12,30,120,0.25,"Normal count",88,1,4,2.33,NA,NA,1983441,-4492
"2026-03-22 20:00:00","CVP","Chinook Salmon","Clipped","Spring",NA,"Spring","063198","SCARF","Experimental",2026-03-09,2026-03-10,2,"SAN JOAQ R GRT VAL GR 140","RMIS",12,30,120,0.25,"Normal count",88,1,4,2.33,NA,NA,1983441,-4492
"2026-03-22 20:00:00","CVP","Chinook Salmon","Clipped","Spring",NA,"Spring","063198","SCARF","SJRRP",2026-03-09,2026-03-10,2,"San Joaquin River at Highway 140","CDFW inseason spreadsheet",12,30,120,0.25,"Normal count",88,1,4,2.33,NA,NA,1983441,-4492
"2026-03-22 20:00:00","CVP","Chinook Salmon","Clipped","Spring",NA,"Spring","063198","SCARF","SJRRP",2026-03-09,2026-03-10,2,"San Joaquin River at Highway 140","CDFW inseason spreadsheet",12,30,120,0.25,"Normal count",88,1,4,2.33,NA,NA,1983441,-4492
"2026-03-22 20:00:00","CVP","Chinook Salmon","Clipped","Spring",NA,"Spring","063198","SCARF","Experimental",2026-03-09,2026-03-10,2,"SAN JOAQ R GRT VAL GR 140","RMIS",12,30,120,0.25,"Normal count",88,1,4,2.33,NA,NA,1983441,-4492
"2026-03-22 20:00:00","CVP","Chinook Salmon","Clipped","Spring",NA,"Spring","063198","SCARF","SJRRP",2026-03-09,2026-03-10,2,"San Joaquin River at Highway 140","CDFW inseason spreadsheet",12,30,120,0.25,"Normal count",88,1,4,2.33,NA,NA,1983441,-4492
"2026-03-22 20:00:00","CVP","Chinook Salmon","Clipped","Spring",NA,"Spring","063198","SCARF","Experimental",2026-03-09,2026-03-10,2,"SAN JOAQ R GRT VAL GR 140","RMIS",12,30,120,0.25,"Normal count",88,1,4,2.33,NA,NA,1983441,-4492
"2026-03-22 22:00:00","CVP","Chinook Salmon","Clipped","Spring",NA,"Spring","063198","SCARF","Experimental",2026-03-09,2026-03-10,2,"SAN JOAQ R GRT VAL GR 140","RMIS",12,30,120,0.25,"Normal count",87,1,4,2.33,NA,NA,1983493,-4492
"2026-03-22 22:00:00","CVP","Chinook Salmon","Clipped","Spring",NA,"Spring","063198","SCARF","SJRRP",2026-03-09,2026-03-10,2,"San Joaquin River at Highway 140","CDFW inseason spreadsheet",12,30,120,0.25,"Normal count",87,1,4,2.33,NA,NA,1983493,-4492
"2026-03-23 04:00:00","SWP","Chinook Salmon","Unclipped","Spring","Spring",NA,NA,NA,NA,NA,NA,NA,NA,NA,NA,30,60,0.5,"Normal count",82,1,2,8.32,"C260249SWP",0.77899998,1983505,-4493
"2026-03-23 04:00:00","SWP","Chinook Salmon","Clipped","Spring",NA,"Spring","063198","SCARF","Experimental",2026-03-09,2026-03-10,2,"SAN JOAQ R GRT VAL GR 140","RMIS",13,30,60,0.5,"Normal count",85,1,2,8.32,NA,NA,1983514,-4493
"2026-03-23 04:00:00","SWP","Chinook Salmon","Clipped","Spring",NA,"Spring","063198","SCARF","SJRRP",2026-03-09,2026-03-10,2,"San Joaquin River at Highway 140","CDFW inseason spreadsheet",13,30,60,0.5,"Normal count",85,1,2,8.32,NA,NA,1983514,-4493
"2026-03-23 05:00:00","SWP","Chinook Salmon","Clipped","Spring",NA,"Spring","062873","SCARF","Experimental",2026-03-09,2026-03-10,2,"SAN JOAQ R GRT VAL GR 140","RMIS",13,30,60,0.5,"Normal count",80,1,2,8.21,NA,NA,1983511,-4493
"2026-03-23 05:00:00","SWP","Chinook Salmon","Clipped","Spring",NA,"Spring","062873","SCARF","SJRRP",2026-03-09,2026-03-10,2,"San Joaquin River at Highway 140","CDFW inseason spreadsheet",13,30,60,0.5,"Normal count",80,1,2,8.21,NA,NA,1983511,-4493
"2026-03-23 05:00:00","SWP","Chinook Salmon","Clipped","Spring",NA,"Spring","063198","SCARF","Experimental",2026-03-09,2026-03-10,2,"SAN JOAQ R GRT VAL GR 140","RMIS",13,30,60,0.5,"Normal count",88,1,2,8.21,NA,NA,1983516,-4493
"2026-03-23 05:00:00","SWP","Chinook Salmon","Clipped","Spring",NA,"Spring","063198","SCARF","SJRRP",2026-03-09,2026-03-10,2,"San Joaquin River at Highway 140","CDFW inseason spreadsheet",13,30,60,0.5,"Normal count",88,1,2,8.21,NA,NA,1983516,-4493
"2026-03-23 05:00:00","SWP","Chinook Salmon","Clipped","Spring",NA,"Spring","063198","SCARF","Experimental",2026-03-09,2026-03-10,2,"SAN JOAQ R GRT VAL GR 140","RMIS",13,30,60,0.5,"Normal count",92,1,2,8.21,NA,NA,1983521,-4493
"2026-03-23 05:00:00","SWP","Chinook Salmon","Clipped","Spring",NA,"Spring","063198","SCARF","SJRRP",2026-03-09,2026-03-10,2,"San Joaquin River at Highway 140","CDFW inseason spreadsheet",13,30,60,0.5,"Normal count",92,1,2,8.21,NA,NA,1983521,-4493
"2026-03-23 05:00:00","SWP","Chinook Salmon","Clipped","Spring",NA,"Spring","063198","SCARF","Experimental",2026-03-09,2026-03-10,2,"SAN JOAQ R GRT VAL GR 140","RMIS",13,30,60,0.5,"Normal count",95,1,2,8.21,NA,NA,1983524,-4493
"2026-03-23 05:00:00","SWP","Chinook Salmon","Clipped","Spring",NA,"Spring","063198","SCARF","SJRRP",2026-03-09,2026-03-10,2,"San Joaquin River at Highway 140","CDFW inseason spreadsheet",13,30,60,0.5,"Normal count",95,1,2,8.21,NA,NA,1983524,-4493
"2026-03-23 06:00:00","CVP","Chinook Salmon","Clipped","Spring",NA,"Spring","063198","SCARF","SJRRP",2026-03-09,2026-03-10,2,"San Joaquin River at Highway 140","CDFW inseason spreadsheet",13,30,120,0.25,"Normal count",82,1,4,2.33,NA,NA,1983601,-4493
"2026-03-23 06:00:00","CVP","Chinook Salmon","Clipped","Spring",NA,"Spring","063198","SCARF","Experimental",2026-03-09,2026-03-10,2,"SAN JOAQ R GRT VAL GR 140","RMIS",13,30,120,0.25,"Normal count",82,1,4,2.33,NA,NA,1983601,-4493
"2026-03-23 06:00:00","CVP","Chinook Salmon","Clipped","Spring",NA,"Spring","063198","SCARF","SJRRP",2026-03-09,2026-03-10,2,"San Joaquin River at Highway 140","CDFW inseason spreadsheet",13,30,120,0.25,"Normal count",97,1,4,2.33,NA,NA,1983602,-4493
"2026-03-23 06:00:00","CVP","Chinook Salmon","Clipped","Spring",NA,"Spring","063198","SCARF","Experimental",2026-03-09,2026-03-10,2,"SAN JOAQ R GRT VAL GR 140","RMIS",13,30,120,0.25,"Normal count",97,1,4,2.33,NA,NA,1983602,-4493
"2026-03-23 12:00:00","CVP","Chinook Salmon","Unclipped","Spring","Spring",NA,NA,NA,NA,NA,NA,NA,NA,NA,NA,30,120,0.25,"Normal count",96,1,4,2.33,"C260756CVP",1,1983583,-4493
"2026-03-23 12:00:00","CVP","Chinook Salmon","Unclipped","Spring","Spring",NA,NA,NA,NA,NA,NA,NA,NA,NA,NA,30,120,0.25,"Normal count",110,1,4,2.6,"C260757CVP",0.648,1983584,-4493
"2026-03-23 13:00:00","SWP","Chinook Salmon","Clipped","Spring",NA,"Spring","063198","SCARF","Experimental",2026-03-09,2026-03-10,2,"SAN JOAQ R GRT VAL GR 140","RMIS",13,30,120,0.25,"Normal count",90,1,4,16.38,NA,NA,1983519,-4493
"2026-03-23 13:00:00","SWP","Chinook Salmon","Clipped","Spring",NA,"Spring","063198","SCARF","SJRRP",2026-03-09,2026-03-10,2,"San Joaquin River at Highway 140","CDFW inseason spreadsheet",13,30,120,0.25,"Normal count",90,1,4,16.38,NA,NA,1983519,-4493
"2026-03-23 13:00:00","SWP","Chinook Salmon","Clipped","Spring",NA,"Spring","063198","SCARF","SJRRP",2026-03-09,2026-03-10,2,"San Joaquin River at Highway 140","CDFW inseason spreadsheet",13,30,120,0.25,"Normal count",91,1,4,16.38,NA,NA,1983520,-4493
"2026-03-23 13:00:00","SWP","Chinook Salmon","Clipped","Spring",NA,"Spring","063198","SCARF","Experimental",2026-03-09,2026-03-10,2,"SAN JOAQ R GRT VAL GR 140","RMIS",13,30,120,0.25,"Normal count",91,1,4,16.38,NA,NA,1983520,-4493
"2026-03-23 13:00:00","SWP","Chinook Salmon","Clipped","Spring",NA,"Spring","063198","SCARF","Experimental",2026-03-09,2026-03-10,2,"SAN JOAQ R GRT VAL GR 140","RMIS",13,30,120,0.25,"Normal count",92,1,4,16.38,NA,NA,1983522,-4493
"2026-03-23 13:00:00","SWP","Chinook Salmon","Clipped","Spring",NA,"Spring","063198","SCARF","SJRRP",2026-03-09,2026-03-10,2,"San Joaquin River at Highway 140","CDFW inseason spreadsheet",13,30,120,0.25,"Normal count",92,1,4,16.38,NA,NA,1983522,-4493
"2026-03-23 13:00:00","SWP","Chinook Salmon","Clipped","Winter",NA,"LateFall","056814","CNFH","Production",2025-12-17,2025-12-17,1,"Battle Creek at CNFH","CDFW inseason spreadsheet",96,30,120,0.25,"Normal count",204,1,4,17.24,NA,NA,1983512,-4493
"2026-03-23 14:00:00","SWP","Chinook Salmon","Clipped","Spring",NA,"Spring","063198","SCARF","Experimental",2026-03-09,2026-03-10,2,"SAN JOAQ R GRT VAL GR 140","RMIS",13,30,60,0.5,"Normal count",99,1,2,8.19,NA,NA,1983525,-4493
"2026-03-23 14:00:00","SWP","Chinook Salmon","Clipped","Spring",NA,"Spring","063198","SCARF","SJRRP",2026-03-09,2026-03-10,2,"San Joaquin River at Highway 140","CDFW inseason spreadsheet",13,30,60,0.5,"Normal count",99,1,2,8.19,NA,NA,1983525,-4493
"2026-03-23 16:30:00","SWP","Chinook Salmon","Clipped","Spring",NA,"Spring","063198","SCARF","Experimental",2026-03-09,2026-03-10,2,"SAN JOAQ R GRT VAL GR 140","RMIS",13,NA,NA,NA,"Second flush",84,1,1,4.33,NA,NA,1983513,-4493
"2026-03-23 16:30:00","SWP","Chinook Salmon","Clipped","Spring",NA,"Spring","063198","SCARF","SJRRP",2026-03-09,2026-03-10,2,"San Joaquin River at Highway 140","CDFW inseason spreadsheet",13,NA,NA,NA,"Second flush",84,1,1,4.33,NA,NA,1983513,-4493
"2026-03-23 16:30:00","SWP","Chinook Salmon","Clipped","Spring",NA,"Spring","063198","SCARF","SJRRP",2026-03-09,2026-03-10,2,"San Joaquin River at Highway 140","CDFW inseason spreadsheet",13,NA,NA,NA,"Second flush",85,1,1,4.33,NA,NA,1983515,-4493
"2026-03-23 16:30:00","SWP","Chinook Salmon","Clipped","Spring",NA,"Spring","063198","SCARF","Experimental",2026-03-09,2026-03-10,2,"SAN JOAQ R GRT VAL GR 140","RMIS",13,NA,NA,NA,"Second flush",85,1,1,4.33,NA,NA,1983515,-4493
"2026-03-23 16:30:00","SWP","Chinook Salmon","Clipped","Spring",NA,"Spring","063198","SCARF","Experimental",2026-03-09,2026-03-10,2,"SAN JOAQ R GRT VAL GR 140","RMIS",13,NA,NA,NA,"Second flush",88,1,1,4.33,NA,NA,1983517,-4493
"2026-03-23 16:30:00","SWP","Chinook Salmon","Clipped","Spring",NA,"Spring","063198","SCARF","SJRRP",2026-03-09,2026-03-10,2,"San Joaquin River at Highway 140","CDFW inseason spreadsheet",13,NA,NA,NA,"Second flush",88,1,1,4.33,NA,NA,1983517,-4493
"2026-03-23 16:30:00","SWP","Chinook Salmon","Clipped","Spring",NA,"Spring","063198","SCARF","SJRRP",2026-03-09,2026-03-10,2,"San Joaquin River at Highway 140","CDFW inseason spreadsheet",13,NA,NA,NA,"Second flush",89,1,1,4.33,NA,NA,1983518,-4493
"2026-03-23 16:30:00","SWP","Chinook Salmon","Clipped","Spring",NA,"Spring","063198","SCARF","Experimental",2026-03-09,2026-03-10,2,"SAN JOAQ R GRT VAL GR 140","RMIS",13,NA,NA,NA,"Second flush",89,1,1,4.33,NA,NA,1983518,-4493
"2026-03-23 16:30:00","SWP","Chinook Salmon","Clipped","Spring",NA,"Spring","063198","SCARF","SJRRP",2026-03-09,2026-03-10,2,"San Joaquin River at Highway 140","CDFW inseason spreadsheet",13,NA,NA,NA,"Second flush",93,1,1,4.33,NA,NA,1983523,-4493
"2026-03-23 16:30:00","SWP","Chinook Salmon","Clipped","Spring",NA,"Spring","063198","SCARF","SJRRP",2026-03-09,2026-03-10,2,"San Joaquin River at Highway 140","CDFW inseason spreadsheet",13,NA,NA,NA,"Second flush",93,1,1,4.33,NA,NA,1983523,-4493
"2026-03-23 16:30:00","SWP","Chinook Salmon","Clipped","Spring",NA,"Spring","063198","SCARF","Experimental",2026-03-09,2026-03-10,2,"SAN JOAQ R GRT VAL GR 140","RMIS",13,NA,NA,NA,"Second flush",93,1,1,4.33,NA,NA,1983523,-4493
"2026-03-23 16:30:00","SWP","Chinook Salmon","Clipped","Spring",NA,"Spring","063198","SCARF","SJRRP",2026-03-09,2026-03-10,2,"San Joaquin River at Highway 140","CDFW inseason spreadsheet",13,NA,NA,NA,"Second flush",93,1,1,4.33,NA,NA,1983523,-4493
"2026-03-23 16:30:00","SWP","Chinook Salmon","Clipped","Spring",NA,"Spring","063198","SCARF","Experimental",2026-03-09,2026-03-10,2,"SAN JOAQ R GRT VAL GR 140","RMIS",13,NA,NA,NA,"Second flush",93,1,1,4.33,NA,NA,1983523,-4493
"2026-03-23 16:30:00","SWP","Chinook Salmon","Clipped","Spring",NA,"Spring","063198","SCARF","SJRRP",2026-03-09,2026-03-10,2,"San Joaquin River at Highway 140","CDFW inseason spreadsheet",13,NA,NA,NA,"Second flush",93,1,1,4.33,NA,NA,1983523,-4493
"2026-03-23 16:30:00","SWP","Chinook Salmon","Clipped","Spring",NA,"Spring","063198","SCARF","Experimental",2026-03-09,2026-03-10,2,"SAN JOAQ R GRT VAL GR 140","RMIS",13,NA,NA,NA,"Second flush",93,1,1,4.33,NA,NA,1983523,-4493
"2026-03-23 16:30:00","SWP","Chinook Salmon","Clipped","Spring",NA,"Spring","063198","SCARF","Experimental",2026-03-09,2026-03-10,2,"SAN JOAQ R GRT VAL GR 140","RMIS",13,NA,NA,NA,"Second flush",93,1,1,4.33,NA,NA,1983523,-4493
"2026-03-23 16:30:00","SWP","Chinook Salmon","Unclipped","Spring","Spring",NA,NA,NA,NA,NA,NA,NA,NA,NA,NA,NA,NA,NA,"Second flush",104,1,1,4.33,"C260250SWP",0.51599997,1983509,-4493
"2026-03-23 16:30:00","SWP","Chinook Salmon","Unclipped","Spring","Spring",NA,NA,NA,NA,NA,NA,NA,NA,NA,NA,NA,NA,NA,"Second flush",106,1,1,4.33,"C260251SWP",0.69800001,1983510,-4493
"2026-03-23 20:00:00","CVP","Chinook Salmon","Unclipped","Spring","Fall",NA,NA,NA,NA,NA,NA,NA,NA,NA,NA,30,120,0.25,"Normal count",78,1,4,2.33,"C260758CVP",0.59399998,1983621,-4493
"2026-03-23 20:00:00","CVP","Chinook Salmon","Clipped","Spring",NA,"Spring","063198","SCARF","Experimental",2026-03-09,2026-03-10,2,"SAN JOAQ R GRT VAL GR 140","RMIS",13,30,120,0.25,"Normal count",86,1,4,2.33,NA,NA,1983622,-4493
"2026-03-23 20:00:00","CVP","Chinook Salmon","Clipped","Spring",NA,"Spring","063198","SCARF","SJRRP",2026-03-09,2026-03-10,2,"San Joaquin River at Highway 140","CDFW inseason spreadsheet",13,30,120,0.25,"Normal count",86,1,4,2.33,NA,NA,1983622,-4493
"2026-03-23 22:00:00","CVP","Chinook Salmon","Unclipped","Fall","Fall",NA,NA,NA,NA,NA,NA,NA,NA,NA,NA,30,120,0.25,"Normal count",56,1,4,2.33,"C260759CVP",0.616,1983627,-4493
"2026-03-23 22:00:00","CVP","Chinook Salmon","Clipped","Spring",NA,"Spring","063198","SCARF","SJRRP",2026-03-09,2026-03-10,2,"San Joaquin River at Highway 140","CDFW inseason spreadsheet",13,30,120,0.25,"Normal count",76,1,4,2.33,NA,NA,1983628,-4493
"2026-03-23 22:00:00","CVP","Chinook Salmon","Clipped","Spring",NA,"Spring","063198","SCARF","Experimental",2026-03-09,2026-03-10,2,"SAN JOAQ R GRT VAL GR 140","RMIS",13,30,120,0.25,"Normal count",76,1,4,2.33,NA,NA,1983628,-4493
"2026-03-23 22:00:00","CVP","Chinook Salmon","Clipped","Spring",NA,"Spring","063198","SCARF","Experimental",2026-03-09,2026-03-10,2,"SAN JOAQ R GRT VAL GR 140","RMIS",13,30,120,0.25,"Normal count",87,1,4,2.33,NA,NA,1983629,-4493
"2026-03-23 22:00:00","CVP","Chinook Salmon","Clipped","Spring",NA,"Spring","063198","SCARF","SJRRP",2026-03-09,2026-03-10,2,"San Joaquin River at Highway 140","CDFW inseason spreadsheet",13,30,120,0.25,"Normal count",87,1,4,2.33,NA,NA,1983629,-4493
"2026-03-23 22:00:00","CVP","Chinook Salmon","Clipped","Spring",NA,"Spring","063198","SCARF","Experimental",2026-03-09,2026-03-10,2,"SAN JOAQ R GRT VAL GR 140","RMIS",13,30,120,0.25,"Normal count",88,1,4,2.33,NA,NA,1983630,-4493
"2026-03-23 22:00:00","CVP","Chinook Salmon","Clipped","Spring",NA,"Spring","063198","SCARF","SJRRP",2026-03-09,2026-03-10,2,"San Joaquin River at Highway 140","CDFW inseason spreadsheet",13,30,120,0.25,"Normal count",88,1,4,2.33,NA,NA,1983630,-4493
"2026-03-23 22:00:00","CVP","Chinook Salmon","Clipped","Spring",NA,"Spring","063198","SCARF","Experimental",2026-03-09,2026-03-10,2,"SAN JOAQ R GRT VAL GR 140","RMIS",13,30,120,0.25,"Normal count",91,1,4,2.33,NA,NA,1983631,-4493
"2026-03-23 22:00:00","CVP","Chinook Salmon","Clipped","Spring",NA,"Spring","063198","SCARF","SJRRP",2026-03-09,2026-03-10,2,"San Joaquin River at Highway 140","CDFW inseason spreadsheet",13,30,120,0.25,"Normal count",91,1,4,2.33,NA,NA,1983631,-4493
"2026-03-23 22:00:00","CVP","Chinook Salmon","Clipped","Spring",NA,"Spring","063198","SCARF","SJRRP",2026-03-09,2026-03-10,2,"San Joaquin River at Highway 140","CDFW inseason spreadsheet",13,30,120,0.25,"Normal count",99,1,4,2.33,NA,NA,1983632,-4493
"2026-03-23 22:00:00","CVP","Chinook Salmon","Clipped","Spring",NA,"Spring","063198","SCARF","Experimental",2026-03-09,2026-03-10,2,"SAN JOAQ R GRT VAL GR 140","RMIS",13,30,120,0.25,"Normal count",99,1,4,2.33,NA,NA,1983632,-4493
"2026-03-23 22:00:00","CVP","Chinook Salmon","Clipped","Spring",NA,"Spring","063198","SCARF","SJRRP",2026-03-09,2026-03-10,2,"San Joaquin River at Highway 140","CDFW inseason spreadsheet",13,30,120,0.25,"Normal count",104,1,4,2.6,NA,NA,1983633,-4493
"2026-03-23 22:00:00","CVP","Chinook Salmon","Clipped","Spring",NA,"Spring","063198","SCARF","Experimental",2026-03-09,2026-03-10,2,"SAN JOAQ R GRT VAL GR 140","RMIS",13,30,120,0.25,"Normal count",104,1,4,2.6,NA,NA,1983633,-4493
"2026-03-23 23:59:00","CVP","Chinook Salmon","Unclipped","Spring","Fall",NA,NA,NA,NA,NA,NA,NA,NA,NA,NA,30,120,0.25,"Normal count",76,1,4,2.33,"C260760CVP",0.70499998,1983623,-4493
"2026-03-24 06:00:00","CVP","Chinook Salmon","Clipped","Spring",NA,"Spring","063198","SCARF","SJRRP",2026-03-09,2026-03-10,2,"San Joaquin River at Highway 140","CDFW inseason spreadsheet",14,30,120,0.25,"Normal count",75,1,4,2.54,NA,NA,1983641,-4494
"2026-03-24 06:00:00","CVP","Chinook Salmon","Clipped","Spring",NA,"Spring","063198","SCARF","Experimental",2026-03-09,2026-03-10,2,"SAN JOAQ R GRT VAL GR 140","RMIS",14,30,120,0.25,"Normal count",75,1,4,2.54,NA,NA,1983641,-4494
"2026-03-24 12:00:00","CVP","Chinook Salmon","Unclipped","Spring","Fall",NA,NA,NA,NA,NA,NA,NA,NA,NA,NA,30,120,0.25,"Normal count",89,1,4,2.54,"C260761CVP",0.722,1983657,-4494
"2026-03-24 20:00:00","CVP","Chinook Salmon","Clipped","Spring",NA,"Spring","063198","SCARF","SJRRP",2026-03-09,2026-03-10,2,"San Joaquin River at Highway 140","CDFW inseason spreadsheet",14,30,120,0.25,"Normal count",84,1,4,2.54,NA,NA,1983650,-4494
"2026-03-24 20:00:00","CVP","Chinook Salmon","Clipped","Spring",NA,"Spring","063198","SCARF","Experimental",2026-03-09,2026-03-10,2,"SAN JOAQ R GRT VAL GR 140","RMIS",14,30,120,0.25,"Normal count",84,1,4,2.54,NA,NA,1983650,-4494
"2026-03-24 22:00:00","CVP","Chinook Salmon","Clipped","Spring",NA,"Spring","063198","SCARF","SJRRP",2026-03-09,2026-03-10,2,"San Joaquin River at Highway 140","CDFW inseason spreadsheet",14,30,120,0.25,"Normal count",77,1,4,2.54,NA,NA,1983645,-4494
"2026-03-24 22:00:00","CVP","Chinook Salmon","Clipped","Spring",NA,"Spring","063198","SCARF","Experimental",2026-03-09,2026-03-10,2,"SAN JOAQ R GRT VAL GR 140","RMIS",14,30,120,0.25,"Normal count",77,1,4,2.54,NA,NA,1983645,-4494
"2026-03-24 22:00:00","CVP","Chinook Salmon","Clipped","Spring",NA,"Spring","063198","SCARF","Experimental",2026-03-09,2026-03-10,2,"SAN JOAQ R GRT VAL GR 140","RMIS",14,30,120,0.25,"Normal count",85,1,4,2.54,NA,NA,1983646,-4494
"2026-03-24 22:00:00","CVP","Chinook Salmon","Clipped","Spring",NA,"Spring","063198","SCARF","SJRRP",2026-03-09,2026-03-10,2,"San Joaquin River at Highway 140","CDFW inseason spreadsheet",14,30,120,0.25,"Normal count",85,1,4,2.54,NA,NA,1983646,-4494
"2026-03-24 22:00:00","CVP","Chinook Salmon","Clipped","Spring",NA,"Spring","063198","SCARF","SJRRP",2026-03-09,2026-03-10,2,"San Joaquin River at Highway 140","CDFW inseason spreadsheet",14,30,120,0.25,"Normal count",92,1,4,2.54,NA,NA,1983647,-4494
"2026-03-24 22:00:00","CVP","Chinook Salmon","Clipped","Spring",NA,"Spring","063198","SCARF","Experimental",2026-03-09,2026-03-10,2,"SAN JOAQ R GRT VAL GR 140","RMIS",14,30,120,0.25,"Normal count",92,1,4,2.54,NA,NA,1983647,-4494
"2026-03-24 22:00:00","CVP","Chinook Salmon","Unclipped","Spring","Spring",NA,NA,NA,NA,NA,NA,NA,NA,NA,NA,30,120,0.25,"Normal count",109,1,4,2.88,"C260762CVP",0.56699997,1983648,-4494
"2026-03-24 23:59:00","CVP","Chinook Salmon","Clipped","Spring",NA,"Spring","063198","SCARF","Experimental",2026-03-09,2026-03-10,2,"SAN JOAQ R GRT VAL GR 140","RMIS",14,30,120,0.25,"Normal count",85,1,4,2.54,NA,NA,1983643,-4494
"2026-03-24 23:59:00","CVP","Chinook Salmon","Clipped","Spring",NA,"Spring","063198","SCARF","SJRRP",2026-03-09,2026-03-10,2,"San Joaquin River at Highway 140","CDFW inseason spreadsheet",14,30,120,0.25,"Normal count",85,1,4,2.54,NA,NA,1983643,-4494
"2026-03-24 23:59:00","CVP","Chinook Salmon","Unclipped","Spring","Spring",NA,NA,NA,NA,NA,NA,NA,NA,NA,NA,30,120,0.25,"Normal count",94,1,4,2.54,"C260763CVP",0.93099999,1983644,-4494
"2026-03-25 06:00:00","CVP","Chinook Salmon","Clipped","Spring",NA,"Spring","062873","SCARF","SJRRP",2026-03-09,2026-03-10,2,"San Joaquin River at Highway 140","CDFW inseason spreadsheet",15,30,120,0.25,"Normal count",80,1,4,2.54,NA,NA,1983695,-4497
"2026-03-25 06:00:00","CVP","Chinook Salmon","Clipped","Spring",NA,"Spring","062873","SCARF","Experimental",2026-03-09,2026-03-10,2,"SAN JOAQ R GRT VAL GR 140","RMIS",15,30,120,0.25,"Normal count",80,1,4,2.54,NA,NA,1983695,-4497
"2026-03-25 06:00:00","CVP","Chinook Salmon","Unclipped","Spring","Spring",NA,NA,NA,NA,NA,NA,NA,NA,NA,NA,30,120,0.25,"Normal count",84,1,4,2.54,"C260764CVP",0.71100003,1983696,-4497
"2026-03-25 06:00:00","CVP","Chinook Salmon","Unclipped","Spring","Fall",NA,NA,NA,NA,NA,NA,NA,NA,NA,NA,30,120,0.25,"Normal count",88,1,4,2.54,"C260765CVP",0.95300001,1983697,-4497
"2026-03-25 22:00:00","CVP","Chinook Salmon","Unclipped","Fall","Fall",NA,NA,NA,NA,NA,NA,NA,NA,NA,NA,30,120,0.25,"Normal count",64,1,4,2.54,"C260766CVP",0.583,1983720,-4497
"2026-03-25 23:59:00","CVP","Chinook Salmon","Unclipped","Fall","Fall",NA,NA,NA,NA,NA,NA,NA,NA,NA,NA,30,120,0.25,"Normal count",67,1,4,2.54,"C260767CVP",0.88200003,1983681,-4497
"2026-03-25 23:59:00","CVP","Chinook Salmon","Unclipped","Spring","Fall",NA,NA,NA,NA,NA,NA,NA,NA,NA,NA,30,120,0.25,"Normal count",80,1,4,2.54,"C260768CVP",0.384,1983682,-4497
"2026-03-25 23:59:00","CVP","Chinook Salmon","Clipped","Spring",NA,"Spring","062873","SCARF","Experimental",2026-03-09,2026-03-10,2,"SAN JOAQ R GRT VAL GR 140","RMIS",15,30,120,0.25,"Normal count",82,1,4,2.54,NA,NA,1983683,-4497
"2026-03-25 23:59:00","CVP","Chinook Salmon","Clipped","Spring",NA,"Spring","062873","SCARF","SJRRP",2026-03-09,2026-03-10,2,"San Joaquin River at Highway 140","CDFW inseason spreadsheet",15,30,120,0.25,"Normal count",82,1,4,2.54,NA,NA,1983683,-4497
"2026-03-25 23:59:00","CVP","Chinook Salmon","Clipped","Spring",NA,"Spring","063198","SCARF","Experimental",2026-03-09,2026-03-10,2,"SAN JOAQ R GRT VAL GR 140","RMIS",15,30,120,0.25,"Normal count",85,1,4,2.54,NA,NA,1983684,-4497
"2026-03-25 23:59:00","CVP","Chinook Salmon","Clipped","Spring",NA,"Spring","063198","SCARF","SJRRP",2026-03-09,2026-03-10,2,"San Joaquin River at Highway 140","CDFW inseason spreadsheet",15,30,120,0.25,"Normal count",85,1,4,2.54,NA,NA,1983684,-4497
"2026-03-25 23:59:00","CVP","Chinook Salmon","Clipped","Spring",NA,"Spring","063198","SCARF","Experimental",2026-03-09,2026-03-10,2,"SAN JOAQ R GRT VAL GR 140","RMIS",15,30,120,0.25,"Normal count",87,1,4,2.54,NA,NA,1983685,-4497
"2026-03-25 23:59:00","CVP","Chinook Salmon","Clipped","Spring",NA,"Spring","063198","SCARF","SJRRP",2026-03-09,2026-03-10,2,"San Joaquin River at Highway 140","CDFW inseason spreadsheet",15,30,120,0.25,"Normal count",87,1,4,2.54,NA,NA,1983685,-4497
"2026-03-25 23:59:00","CVP","Chinook Salmon","Clipped","Spring",NA,"Spring","063198","SCARF","Experimental",2026-03-09,2026-03-10,2,"SAN JOAQ R GRT VAL GR 140","RMIS",15,30,120,0.25,"Normal count",92,1,4,2.54,NA,NA,1983686,-4497
"2026-03-25 23:59:00","CVP","Chinook Salmon","Clipped","Spring",NA,"Spring","063198","SCARF","SJRRP",2026-03-09,2026-03-10,2,"San Joaquin River at Highway 140","CDFW inseason spreadsheet",15,30,120,0.25,"Normal count",92,1,4,2.54,NA,NA,1983686,-4497
"2026-03-25 23:59:00","CVP","Chinook Salmon","Unclipped","Spring","Spring",NA,NA,NA,NA,NA,NA,NA,NA,NA,NA,30,120,0.25,"Normal count",93,1,4,2.54,"C260769CVP",0.898,1983687,-4497
"2026-03-26 02:00:00","CVP","Chinook Salmon","Clipped","Spring",NA,"Spring","063198","SCARF","SJRRP",2026-03-09,2026-03-10,2,"San Joaquin River at Highway 140","CDFW inseason spreadsheet",16,30,120,0.25,"Normal count",94,1,4,2.54,NA,NA,1983755,-4501
"2026-03-26 02:00:00","CVP","Chinook Salmon","Clipped","Spring",NA,"Spring","063198","SCARF","Experimental",2026-03-09,2026-03-10,2,"SAN JOAQ R GRT VAL GR 140","RMIS",16,30,120,0.25,"Normal count",94,1,4,2.54,NA,NA,1983755,-4501
"2026-03-26 07:30:00","SWP","Chinook Salmon","Unclipped","Winter","LateFall",NA,NA,NA,NA,NA,NA,NA,NA,NA,NA,NA,NA,NA,"Second flush",176,1,1,4.33,"C260020SWP",1,1983725,-4501
"2026-03-26 07:30:00","SWP","Chinook Salmon","Clipped","Winter",NA,"Spring","062610","SCARF","Experimental",2026-01-20,2026-01-20,1,"SAN JOAQ R GRT VAL GR 140","RMIS",65,NA,NA,NA,"Second flush",210,1,1,4.33,NA,NA,1983734,-4501
"2026-03-26 07:30:00","SWP","Chinook Salmon","Clipped","Winter",NA,"Spring","062610","SCARF","SJRRP",2026-01-20,2026-01-20,1,"San Joaquin River at Highway 140","CDFW inseason spreadsheet",65,NA,NA,NA,"Second flush",210,1,1,4.33,NA,NA,1983734,-4501
"2026-03-26 07:30:00","SWP","Chinook Salmon","Clipped","Winter",NA,NA,"968000",NA,NA,NA,NA,NA,NA,NA,NA,NA,NA,NA,"Second flush",245,1,1,4.33,NA,NA,1983722,-4501
"2026-03-26 23:59:00","CVP","Chinook Salmon","Clipped","Spring",NA,"Spring","062873","SCARF","Experimental",2026-03-09,2026-03-10,2,"SAN JOAQ R GRT VAL GR 140","RMIS",16,30,120,0.25,"Normal count",87,1,4,2.54,NA,NA,1983766,-4501
"2026-03-26 23:59:00","CVP","Chinook Salmon","Clipped","Spring",NA,"Spring","062873","SCARF","SJRRP",2026-03-09,2026-03-10,2,"San Joaquin River at Highway 140","CDFW inseason spreadsheet",16,30,120,0.25,"Normal count",87,1,4,2.54,NA,NA,1983766,-4501
"2026-03-26 23:59:00","CVP","Chinook Salmon","Clipped","Spring",NA,"Spring","063198","SCARF","Experimental",2026-03-09,2026-03-10,2,"SAN JOAQ R GRT VAL GR 140","RMIS",16,30,120,0.25,"Normal count",94,1,4,2.54,NA,NA,1983767,-4501
"2026-03-26 23:59:00","CVP","Chinook Salmon","Clipped","Spring",NA,"Spring","063198","SCARF","SJRRP",2026-03-09,2026-03-10,2,"San Joaquin River at Highway 140","CDFW inseason spreadsheet",16,30,120,0.25,"Normal count",94,1,4,2.54,NA,NA,1983767,-4501
"2026-03-26 23:59:00","CVP","Chinook Salmon","Unclipped","Spring","Spring",NA,NA,NA,NA,NA,NA,NA,NA,NA,NA,30,120,0.25,"Normal count",100,1,4,2.54,"C260770CVP",1,1983768,-4501
"2026-03-27 02:00:00","CVP","Chinook Salmon","Clipped","Spring",NA,"Spring","063198","SCARF","Experimental",2026-03-09,2026-03-10,2,"SAN JOAQ R GRT VAL GR 140","RMIS",17,30,120,0.25,"Normal count",90,1,4,2.54,NA,NA,1983803,-4499
"2026-03-27 02:00:00","CVP","Chinook Salmon","Clipped","Spring",NA,"Spring","063198","SCARF","SJRRP",2026-03-09,2026-03-10,2,"San Joaquin River at Highway 140","CDFW inseason spreadsheet",17,30,120,0.25,"Normal count",90,1,4,2.54,NA,NA,1983803,-4499
"2026-03-27 02:00:00","CVP","Chinook Salmon","Unclipped","Spring","Spring",NA,NA,NA,NA,NA,NA,NA,NA,NA,NA,30,120,0.25,"Normal count",111,1,4,2.88,"C260771CVP",1,1983804,-4499
"2026-03-27 04:00:00","CVP","Chinook Salmon","Clipped","Spring",NA,"Spring","063198","SCARF","SJRRP",2026-03-09,2026-03-10,2,"San Joaquin River at Highway 140","CDFW inseason spreadsheet",17,30,120,0.25,"Normal count",72,1,4,2.54,NA,NA,1983835,-4499
"2026-03-27 04:00:00","CVP","Chinook Salmon","Clipped","Spring",NA,"Spring","063198","SCARF","Experimental",2026-03-09,2026-03-10,2,"SAN JOAQ R GRT VAL GR 140","RMIS",17,30,120,0.25,"Normal count",72,1,4,2.54,NA,NA,1983835,-4499
"2026-03-27 04:00:00","CVP","Chinook Salmon","Clipped","Spring",NA,"Spring","063198","SCARF","SJRRP",2026-03-09,2026-03-10,2,"San Joaquin River at Highway 140","CDFW inseason spreadsheet",17,30,120,0.25,"Normal count",92,1,4,2.54,NA,NA,1983836,-4499
"2026-03-27 04:00:00","CVP","Chinook Salmon","Clipped","Spring",NA,"Spring","063198","SCARF","Experimental",2026-03-09,2026-03-10,2,"SAN JOAQ R GRT VAL GR 140","RMIS",17,30,120,0.25,"Normal count",92,1,4,2.54,NA,NA,1983836,-4499
"2026-03-27 14:00:00","CVP","Chinook Salmon","Unclipped","Fall","Fall",NA,NA,NA,NA,NA,NA,NA,NA,NA,NA,30,120,0.25,"Normal count",70,1,4,2.54,"C260772CVP",0.428,1983807,-4499
"2026-03-27 14:00:00","CVP","Chinook Salmon","Clipped","Spring",NA,"Spring","063198","SCARF","SJRRP",2026-03-09,2026-03-10,2,"San Joaquin River at Highway 140","CDFW inseason spreadsheet",17,30,120,0.25,"Normal count",93,1,4,2.54,NA,NA,1983808,-4499
"2026-03-27 14:00:00","CVP","Chinook Salmon","Clipped","Spring",NA,"Spring","063198","SCARF","Experimental",2026-03-09,2026-03-10,2,"SAN JOAQ R GRT VAL GR 140","RMIS",17,30,120,0.25,"Normal count",93,1,4,2.54,NA,NA,1983808,-4499
"2026-03-27 23:59:00","CVP","Chinook Salmon","Clipped","Spring",NA,"Spring","063198","SCARF","SJRRP",2026-03-09,2026-03-10,2,"San Joaquin River at Highway 140","CDFW inseason spreadsheet",17,30,120,0.25,"Normal count",91,1,4,2.54,NA,NA,1983815,-4499
"2026-03-27 23:59:00","CVP","Chinook Salmon","Clipped","Spring",NA,"Spring","063198","SCARF","Experimental",2026-03-09,2026-03-10,2,"SAN JOAQ R GRT VAL GR 140","RMIS",17,30,120,0.25,"Normal count",91,1,4,2.54,NA,NA,1983815,-4499
"2026-03-28 02:00:00","CVP","Chinook Salmon","Unclipped","Fall","Fall",NA,NA,NA,NA,NA,NA,NA,NA,NA,NA,30,120,0.25,"Normal count",62,1,4,2.54,"C260773CVP",0.83600003,1983875,-4500
"2026-03-28 02:00:00","CVP","Chinook Salmon","Clipped","Spring",NA,"Spring","063223","SCARF","SJRRP",2026-03-23,2026-03-25,3,"San Joaquin River at Highway 140","CDFW inseason spreadsheet",3,30,120,0.25,"Normal count",80,1,4,2.54,NA,NA,1983876,-4500
"2026-03-28 02:00:00","CVP","Chinook Salmon","Clipped","Spring",NA,"Spring","063223","FRH","Experimental",2026-03-23,2026-03-25,3,"SAN JOAQ R GRT VAL GR 140","RMIS",3,30,120,0.25,"Normal count",80,1,4,2.54,NA,NA,1983876,-4500
"2026-03-28 02:00:00","CVP","Chinook Salmon","Clipped","Spring",NA,"Spring","063223","SCARF","SJRRP",2026-03-23,2026-03-25,3,"San Joaquin River at Highway 140","CDFW inseason spreadsheet",3,30,120,0.25,"Normal count",85,1,4,2.54,NA,NA,1983877,-4500
"2026-03-28 02:00:00","CVP","Chinook Salmon","Clipped","Spring",NA,"Spring","063223","FRH","Experimental",2026-03-23,2026-03-25,3,"SAN JOAQ R GRT VAL GR 140","RMIS",3,30,120,0.25,"Normal count",85,1,4,2.54,NA,NA,1983877,-4500
"2026-03-28 02:00:00","CVP","Chinook Salmon","Clipped","Spring",NA,"Spring","063223","FRH","Experimental",2026-03-23,2026-03-25,3,"SAN JOAQ R GRT VAL GR 140","RMIS",3,30,120,0.25,"Normal count",87,1,4,2.54,NA,NA,1983878,-4500
"2026-03-28 02:00:00","CVP","Chinook Salmon","Clipped","Spring",NA,"Spring","063223","SCARF","SJRRP",2026-03-23,2026-03-25,3,"San Joaquin River at Highway 140","CDFW inseason spreadsheet",3,30,120,0.25,"Normal count",87,1,4,2.54,NA,NA,1983878,-4500
"2026-03-28 02:00:00","CVP","Chinook Salmon","Clipped","Spring",NA,"Spring","063223","FRH","Experimental",2026-03-23,2026-03-25,3,"SAN JOAQ R GRT VAL GR 140","RMIS",3,30,120,0.25,"Normal count",96,1,4,2.54,NA,NA,1983879,-4500
"2026-03-28 02:00:00","CVP","Chinook Salmon","Clipped","Spring",NA,"Spring","063223","SCARF","SJRRP",2026-03-23,2026-03-25,3,"San Joaquin River at Highway 140","CDFW inseason spreadsheet",3,30,120,0.25,"Normal count",96,1,4,2.54,NA,NA,1983879,-4500
"2026-03-28 02:00:00","CVP","Chinook Salmon","Unclipped","Spring","Spring",NA,NA,NA,NA,NA,NA,NA,NA,NA,NA,30,120,0.25,"Normal count",99,1,4,2.54,"C260774CVP",0.972,1983880,-4500
"2026-03-28 04:00:00","CVP","Chinook Salmon","Unclipped","Fall","Fall",NA,NA,NA,NA,NA,NA,NA,NA,NA,NA,30,120,0.25,"Normal count",61,1,4,2.54,"C260775CVP",0.76899999,1983898,-4500
"2026-03-28 04:00:00","CVP","Chinook Salmon","Clipped","Spring",NA,"Spring","063198","SCARF","SJRRP",2026-03-09,2026-03-10,2,"San Joaquin River at Highway 140","CDFW inseason spreadsheet",18,30,120,0.25,"Normal count",82,1,4,2.54,NA,NA,1983899,-4500
"2026-03-28 04:00:00","CVP","Chinook Salmon","Clipped","Spring",NA,"Spring","063198","SCARF","Experimental",2026-03-09,2026-03-10,2,"SAN JOAQ R GRT VAL GR 140","RMIS",18,30,120,0.25,"Normal count",82,1,4,2.54,NA,NA,1983899,-4500
"2026-03-28 12:00:00","CVP","Chinook Salmon","Unclipped","Spring","Spring",NA,NA,NA,NA,NA,NA,NA,NA,NA,NA,30,120,0.25,"Normal count",113,1,4,2.88,"C260776CVP",0.52100003,1983897,-4500
"2026-03-28 14:00:00","CVP","Chinook Salmon","Clipped","Spring",NA,"Spring","063198","SCARF","SJRRP",2026-03-09,2026-03-10,2,"San Joaquin River at Highway 140","CDFW inseason spreadsheet",18,30,120,0.25,"Normal count",81,1,4,2.54,NA,NA,1983871,-4500
"2026-03-28 14:00:00","CVP","Chinook Salmon","Clipped","Spring",NA,"Spring","063198","SCARF","Experimental",2026-03-09,2026-03-10,2,"SAN JOAQ R GRT VAL GR 140","RMIS",18,30,120,0.25,"Normal count",81,1,4,2.54,NA,NA,1983871,-4500
"2026-03-28 14:00:00","CVP","Chinook Salmon","Clipped","Spring",NA,"Spring","063198","SCARF","SJRRP",2026-03-09,2026-03-10,2,"San Joaquin River at Highway 140","CDFW inseason spreadsheet",18,30,120,0.25,"Normal count",81,1,4,2.54,NA,NA,1983871,-4500
"2026-03-28 14:00:00","CVP","Chinook Salmon","Clipped","Spring",NA,"Spring","063198","SCARF","Experimental",2026-03-09,2026-03-10,2,"SAN JOAQ R GRT VAL GR 140","RMIS",18,30,120,0.25,"Normal count",81,1,4,2.54,NA,NA,1983871,-4500
"2026-03-28 14:00:00","CVP","Chinook Salmon","Clipped","Spring",NA,"Spring","063198","SCARF","SJRRP",2026-03-09,2026-03-10,2,"San Joaquin River at Highway 140","CDFW inseason spreadsheet",18,30,120,0.25,"Normal count",81,1,4,2.54,NA,NA,1983871,-4500
"2026-03-28 14:00:00","CVP","Chinook Salmon","Clipped","Spring",NA,"Spring","063198","SCARF","Experimental",2026-03-09,2026-03-10,2,"SAN JOAQ R GRT VAL GR 140","RMIS",18,30,120,0.25,"Normal count",81,1,4,2.54,NA,NA,1983871,-4500
"2026-03-28 14:00:00","CVP","Chinook Salmon","Clipped","Spring",NA,"Spring","063198","SCARF","SJRRP",2026-03-09,2026-03-10,2,"San Joaquin River at Highway 140","CDFW inseason spreadsheet",18,30,120,0.25,"Normal count",81,1,4,2.54,NA,NA,1983871,-4500
"2026-03-28 14:00:00","CVP","Chinook Salmon","Clipped","Spring",NA,"Spring","063198","SCARF","Experimental",2026-03-09,2026-03-10,2,"SAN JOAQ R GRT VAL GR 140","RMIS",18,30,120,0.25,"Normal count",81,1,4,2.54,NA,NA,1983871,-4500
"2026-03-28 16:00:00","CVP","Chinook Salmon","Clipped","Spring",NA,"Spring","063223","SCARF","SJRRP",2026-03-23,2026-03-25,3,"San Joaquin River at Highway 140","CDFW inseason spreadsheet",3,30,120,0.25,"Normal count",92,1,4,2.54,NA,NA,1983887,-4500
"2026-03-28 16:00:00","CVP","Chinook Salmon","Clipped","Spring",NA,"Spring","063223","FRH","Experimental",2026-03-23,2026-03-25,3,"SAN JOAQ R GRT VAL GR 140","RMIS",3,30,120,0.25,"Normal count",92,1,4,2.54,NA,NA,1983887,-4500
"2026-03-28 22:00:00","CVP","Chinook Salmon","Unclipped","Fall","Fall",NA,NA,NA,NA,NA,NA,NA,NA,NA,NA,30,120,0.25,"Normal count",62,1,4,2.54,"C260779CVP",0.097999997,1983872,-4500
"2026-03-28 22:00:00","CVP","Chinook Salmon","Unclipped","Spring","Fall",NA,NA,NA,NA,NA,NA,NA,NA,NA,NA,30,120,0.25,"Normal count",85,1,4,2.54,"C260778CVP",0.77499998,1983873,-4500
"2026-03-28 22:00:00","CVP","Chinook Salmon","Unclipped","Spring","Spring",NA,NA,NA,NA,NA,NA,NA,NA,NA,NA,30,120,0.25,"Normal count",100,1,4,2.54,"C260777CVP",0.667,1983874,-4500
"2026-03-28 23:59:00","CVP","Chinook Salmon","Clipped","Spring",NA,"Spring","063223","FRH","Experimental",2026-03-23,2026-03-25,3,"SAN JOAQ R GRT VAL GR 140","RMIS",3,30,120,0.25,"Normal count",89,1,4,2.54,NA,NA,1983842,-4500
"2026-03-28 23:59:00","CVP","Chinook Salmon","Clipped","Spring",NA,"Spring","063223","SCARF","SJRRP",2026-03-23,2026-03-25,3,"San Joaquin River at Highway 140","CDFW inseason spreadsheet",3,30,120,0.25,"Normal count",89,1,4,2.54,NA,NA,1983842,-4500
"2026-03-28 23:59:00","CVP","Chinook Salmon","Clipped","Spring",NA,"Spring","063223","SCARF","SJRRP",2026-03-23,2026-03-25,3,"San Joaquin River at Highway 140","CDFW inseason spreadsheet",3,30,120,0.25,"Normal count",90,1,4,2.54,NA,NA,1983843,-4500
"2026-03-28 23:59:00","CVP","Chinook Salmon","Clipped","Spring",NA,"Spring","063223","FRH","Experimental",2026-03-23,2026-03-25,3,"SAN JOAQ R GRT VAL GR 140","RMIS",3,30,120,0.25,"Normal count",90,1,4,2.54,NA,NA,1983843,-4500
"2026-03-28 23:59:00","CVP","Chinook Salmon","Clipped","Spring",NA,"Spring","063198","SCARF","Experimental",2026-03-09,2026-03-10,2,"SAN JOAQ R GRT VAL GR 140","RMIS",18,30,120,0.25,"Normal count",91,1,4,2.54,NA,NA,1983845,-4500
"2026-03-28 23:59:00","CVP","Chinook Salmon","Clipped","Spring",NA,"Spring","063198","SCARF","SJRRP",2026-03-09,2026-03-10,2,"San Joaquin River at Highway 140","CDFW inseason spreadsheet",18,30,120,0.25,"Normal count",91,1,4,2.54,NA,NA,1983845,-4500
"2026-03-28 23:59:00","CVP","Chinook Salmon","Unclipped","Spring","Fall",NA,NA,NA,NA,NA,NA,NA,NA,NA,NA,30,120,0.25,"Normal count",91,1,4,2.54,"C260780CVP",0.82200003,1983844,-4500
"2026-03-28 23:59:00","CVP","Chinook Salmon","Clipped","Spring",NA,"Spring","063223","SCARF","SJRRP",2026-03-23,2026-03-25,3,"San Joaquin River at Highway 140","CDFW inseason spreadsheet",3,30,120,0.25,"Normal count",93,1,4,2.54,NA,NA,1983846,-4500
"2026-03-28 23:59:00","CVP","Chinook Salmon","Clipped","Spring",NA,"Spring","063223","FRH","Experimental",2026-03-23,2026-03-25,3,"SAN JOAQ R GRT VAL GR 140","RMIS",3,30,120,0.25,"Normal count",93,1,4,2.54,NA,NA,1983846,-4500
"2026-03-28 23:59:00","CVP","Chinook Salmon","Clipped","Spring",NA,"Spring","063223","SCARF","SJRRP",2026-03-23,2026-03-25,3,"San Joaquin River at Highway 140","CDFW inseason spreadsheet",3,30,120,0.25,"Normal count",95,1,4,2.54,NA,NA,1983847,-4500
"2026-03-28 23:59:00","CVP","Chinook Salmon","Clipped","Spring",NA,"Spring","063223","FRH","Experimental",2026-03-23,2026-03-25,3,"SAN JOAQ R GRT VAL GR 140","RMIS",3,30,120,0.25,"Normal count",95,1,4,2.54,NA,NA,1983847,-4500
"2026-03-28 23:59:00","CVP","Chinook Salmon","Clipped","Spring",NA,"Spring","063223","FRH","Experimental",2026-03-23,2026-03-25,3,"SAN JOAQ R GRT VAL GR 140","RMIS",3,30,120,0.25,"Normal count",101,1,4,2.88,NA,NA,1983848,-4500
"2026-03-28 23:59:00","CVP","Chinook Salmon","Clipped","Spring",NA,"Spring","063223","SCARF","SJRRP",2026-03-23,2026-03-25,3,"San Joaquin River at Highway 140","CDFW inseason spreadsheet",3,30,120,0.25,"Normal count",101,1,4,2.88,NA,NA,1983848,-4500
"2026-03-29 02:00:00","CVP","Chinook Salmon","Clipped","Spring",NA,"Spring","063223","FRH","Experimental",2026-03-23,2026-03-25,3,"SAN JOAQ R GRT VAL GR 140","RMIS",4,30,120,0.25,"Normal count",74,1,4,2.54,NA,NA,1983939,-4499
"2026-03-29 02:00:00","CVP","Chinook Salmon","Clipped","Spring",NA,"Spring","063223","SCARF","SJRRP",2026-03-23,2026-03-25,3,"San Joaquin River at Highway 140","CDFW inseason spreadsheet",4,30,120,0.25,"Normal count",74,1,4,2.54,NA,NA,1983939,-4499
"2026-03-29 02:00:00","CVP","Chinook Salmon","Unclipped","Spring","Spring",NA,NA,NA,NA,NA,NA,NA,NA,NA,NA,30,120,0.25,"Normal count",81,1,4,2.54,"C260781CVP",0.93400002,1983940,-4499
"2026-03-29 02:00:00","CVP","Chinook Salmon","Clipped","Spring",NA,"Spring","063223","SCARF","SJRRP",2026-03-23,2026-03-25,3,"San Joaquin River at Highway 140","CDFW inseason spreadsheet",4,30,120,0.25,"Normal count",84,1,4,2.54,NA,NA,1983941,-4499
"2026-03-29 02:00:00","CVP","Chinook Salmon","Clipped","Spring",NA,"Spring","063223","FRH","Experimental",2026-03-23,2026-03-25,3,"SAN JOAQ R GRT VAL GR 140","RMIS",4,30,120,0.25,"Normal count",84,1,4,2.54,NA,NA,1983941,-4499
"2026-03-29 02:00:00","CVP","Chinook Salmon","Clipped","Spring",NA,"Spring","063223","FRH","Experimental",2026-03-23,2026-03-25,3,"SAN JOAQ R GRT VAL GR 140","RMIS",4,30,120,0.25,"Normal count",85,3,12,7.61,NA,NA,1983942,-4499
"2026-03-29 02:00:00","CVP","Chinook Salmon","Clipped","Spring",NA,"Spring","063223","SCARF","SJRRP",2026-03-23,2026-03-25,3,"San Joaquin River at Highway 140","CDFW inseason spreadsheet",4,30,120,0.25,"Normal count",85,3,12,7.61,NA,NA,1983942,-4499
"2026-03-29 02:00:00","CVP","Chinook Salmon","Clipped","Spring",NA,"Spring","063223","FRH","Experimental",2026-03-23,2026-03-25,3,"SAN JOAQ R GRT VAL GR 140","RMIS",4,30,120,0.25,"Normal count",85,3,12,7.61,NA,NA,1983942,-4499
"2026-03-29 02:00:00","CVP","Chinook Salmon","Clipped","Spring",NA,"Spring","063223","SCARF","SJRRP",2026-03-23,2026-03-25,3,"San Joaquin River at Highway 140","CDFW inseason spreadsheet",4,30,120,0.25,"Normal count",85,3,12,7.61,NA,NA,1983942,-4499
"2026-03-29 02:00:00","CVP","Chinook Salmon","Clipped","Spring",NA,"Spring","063223","FRH","Experimental",2026-03-23,2026-03-25,3,"SAN JOAQ R GRT VAL GR 140","RMIS",4,30,120,0.25,"Normal count",85,1,4,2.54,NA,NA,1983942,-4499
"2026-03-29 02:00:00","CVP","Chinook Salmon","Clipped","Spring",NA,"Spring","063223","FRH","Experimental",2026-03-23,2026-03-25,3,"SAN JOAQ R GRT VAL GR 140","RMIS",4,30,120,0.25,"Normal count",85,3,12,7.61,NA,NA,1983942,-4499
"2026-03-29 02:00:00","CVP","Chinook Salmon","Clipped","Spring",NA,"Spring","063223","SCARF","SJRRP",2026-03-23,2026-03-25,3,"San Joaquin River at Highway 140","CDFW inseason spreadsheet",4,30,120,0.25,"Normal count",85,3,12,7.61,NA,NA,1983942,-4499
"2026-03-29 02:00:00","CVP","Chinook Salmon","Clipped","Spring",NA,"Spring","063223","FRH","Experimental",2026-03-23,2026-03-25,3,"SAN JOAQ R GRT VAL GR 140","RMIS",4,30,120,0.25,"Normal count",85,3,12,7.61,NA,NA,1983942,-4499
"2026-03-29 02:00:00","CVP","Chinook Salmon","Clipped","Spring",NA,"Spring","063223","SCARF","SJRRP",2026-03-23,2026-03-25,3,"San Joaquin River at Highway 140","CDFW inseason spreadsheet",4,30,120,0.25,"Normal count",85,3,12,7.61,NA,NA,1983942,-4499
"2026-03-29 02:00:00","CVP","Chinook Salmon","Clipped","Spring",NA,"Spring","063223","SCARF","SJRRP",2026-03-23,2026-03-25,3,"San Joaquin River at Highway 140","CDFW inseason spreadsheet",4,30,120,0.25,"Normal count",85,1,4,2.54,NA,NA,1983942,-4499
"2026-03-29 02:00:00","CVP","Chinook Salmon","Clipped","Spring",NA,"Spring","063223","SCARF","SJRRP",2026-03-23,2026-03-25,3,"San Joaquin River at Highway 140","CDFW inseason spreadsheet",4,30,120,0.25,"Normal count",85,1,4,2.54,NA,NA,1983942,-4499
"2026-03-29 02:00:00","CVP","Chinook Salmon","Clipped","Spring",NA,"Spring","063223","FRH","Experimental",2026-03-23,2026-03-25,3,"SAN JOAQ R GRT VAL GR 140","RMIS",4,30,120,0.25,"Normal count",85,1,4,2.54,NA,NA,1983942,-4499
"2026-03-29 02:00:00","CVP","Chinook Salmon","Clipped","Spring",NA,"Spring","063223","SCARF","SJRRP",2026-03-23,2026-03-25,3,"San Joaquin River at Highway 140","CDFW inseason spreadsheet",4,30,120,0.25,"Normal count",85,1,4,2.54,NA,NA,1983942,-4499
"2026-03-29 02:00:00","CVP","Chinook Salmon","Clipped","Spring",NA,"Spring","063223","FRH","Experimental",2026-03-23,2026-03-25,3,"SAN JOAQ R GRT VAL GR 140","RMIS",4,30,120,0.25,"Normal count",85,1,4,2.54,NA,NA,1983942,-4499
"2026-03-29 02:00:00","CVP","Chinook Salmon","Clipped","Spring",NA,"Spring","063223","SCARF","SJRRP",2026-03-23,2026-03-25,3,"San Joaquin River at Highway 140","CDFW inseason spreadsheet",4,30,120,0.25,"Normal count",85,1,4,2.54,NA,NA,1983942,-4499
"2026-03-29 02:00:00","CVP","Chinook Salmon","Clipped","Spring",NA,"Spring","063223","FRH","Experimental",2026-03-23,2026-03-25,3,"SAN JOAQ R GRT VAL GR 140","RMIS",4,30,120,0.25,"Normal count",85,1,4,2.54,NA,NA,1983942,-4499
"2026-03-29 02:00:00","CVP","Chinook Salmon","Clipped","Spring",NA,"Spring","063223","SCARF","SJRRP",2026-03-23,2026-03-25,3,"San Joaquin River at Highway 140","CDFW inseason spreadsheet",4,30,120,0.25,"Normal count",86,1,4,2.54,NA,NA,1983943,-4499
"2026-03-29 02:00:00","CVP","Chinook Salmon","Clipped","Spring",NA,"Spring","063223","FRH","Experimental",2026-03-23,2026-03-25,3,"SAN JOAQ R GRT VAL GR 140","RMIS",4,30,120,0.25,"Normal count",86,1,4,2.54,NA,NA,1983943,-4499
"2026-03-29 02:00:00","CVP","Chinook Salmon","Clipped","Spring",NA,"Spring","063223","FRH","Experimental",2026-03-23,2026-03-25,3,"SAN JOAQ R GRT VAL GR 140","RMIS",4,30,120,0.25,"Normal count",87,1,4,2.54,NA,NA,1983944,-4499
"2026-03-29 02:00:00","CVP","Chinook Salmon","Clipped","Spring",NA,"Spring","063223","SCARF","SJRRP",2026-03-23,2026-03-25,3,"San Joaquin River at Highway 140","CDFW inseason spreadsheet",4,30,120,0.25,"Normal count",87,4,16,10.15,NA,NA,1983944,-4499
"2026-03-29 02:00:00","CVP","Chinook Salmon","Clipped","Spring",NA,"Spring","063223","FRH","Experimental",2026-03-23,2026-03-25,3,"SAN JOAQ R GRT VAL GR 140","RMIS",4,30,120,0.25,"Normal count",87,4,16,10.15,NA,NA,1983944,-4499
"2026-03-29 02:00:00","CVP","Chinook Salmon","Clipped","Spring",NA,"Spring","063223","SCARF","SJRRP",2026-03-23,2026-03-25,3,"San Joaquin River at Highway 140","CDFW inseason spreadsheet",4,30,120,0.25,"Normal count",87,4,16,10.15,NA,NA,1983944,-4499
"2026-03-29 02:00:00","CVP","Chinook Salmon","Clipped","Spring",NA,"Spring","063223","FRH","Experimental",2026-03-23,2026-03-25,3,"SAN JOAQ R GRT VAL GR 140","RMIS",4,30,120,0.25,"Normal count",87,4,16,10.15,NA,NA,1983944,-4499
"2026-03-29 02:00:00","CVP","Chinook Salmon","Clipped","Spring",NA,"Spring","063223","SCARF","SJRRP",2026-03-23,2026-03-25,3,"San Joaquin River at Highway 140","CDFW inseason spreadsheet",4,30,120,0.25,"Normal count",87,4,16,10.15,NA,NA,1983944,-4499
"2026-03-29 02:00:00","CVP","Chinook Salmon","Clipped","Spring",NA,"Spring","063223","FRH","Experimental",2026-03-23,2026-03-25,3,"SAN JOAQ R GRT VAL GR 140","RMIS",4,30,120,0.25,"Normal count",87,4,16,10.15,NA,NA,1983944,-4499
"2026-03-29 02:00:00","CVP","Chinook Salmon","Clipped","Spring",NA,"Spring","063223","SCARF","SJRRP",2026-03-23,2026-03-25,3,"San Joaquin River at Highway 140","CDFW inseason spreadsheet",4,30,120,0.25,"Normal count",87,4,16,10.15,NA,NA,1983944,-4499
"2026-03-29 02:00:00","CVP","Chinook Salmon","Clipped","Spring",NA,"Spring","063223","FRH","Experimental",2026-03-23,2026-03-25,3,"SAN JOAQ R GRT VAL GR 140","RMIS",4,30,120,0.25,"Normal count",87,4,16,10.15,NA,NA,1983944,-4499
"2026-03-29 02:00:00","CVP","Chinook Salmon","Clipped","Spring",NA,"Spring","063223","SCARF","SJRRP",2026-03-23,2026-03-25,3,"San Joaquin River at Highway 140","CDFW inseason spreadsheet",4,30,120,0.25,"Normal count",87,4,16,10.15,NA,NA,1983944,-4499
"2026-03-29 02:00:00","CVP","Chinook Salmon","Clipped","Spring",NA,"Spring","063223","FRH","Experimental",2026-03-23,2026-03-25,3,"SAN JOAQ R GRT VAL GR 140","RMIS",4,30,120,0.25,"Normal count",87,4,16,10.15,NA,NA,1983944,-4499
"2026-03-29 02:00:00","CVP","Chinook Salmon","Clipped","Spring",NA,"Spring","063223","FRH","Experimental",2026-03-23,2026-03-25,3,"SAN JOAQ R GRT VAL GR 140","RMIS",4,30,120,0.25,"Normal count",87,1,4,2.54,NA,NA,1983944,-4499
"2026-03-29 02:00:00","CVP","Chinook Salmon","Clipped","Spring",NA,"Spring","063223","SCARF","SJRRP",2026-03-23,2026-03-25,3,"San Joaquin River at Highway 140","CDFW inseason spreadsheet",4,30,120,0.25,"Normal count",87,1,4,2.54,NA,NA,1983944,-4499
"2026-03-29 02:00:00","CVP","Chinook Salmon","Clipped","Spring",NA,"Spring","063223","FRH","Experimental",2026-03-23,2026-03-25,3,"SAN JOAQ R GRT VAL GR 140","RMIS",4,30,120,0.25,"Normal count",87,1,4,2.54,NA,NA,1983944,-4499
"2026-03-29 02:00:00","CVP","Chinook Salmon","Clipped","Spring",NA,"Spring","063223","SCARF","SJRRP",2026-03-23,2026-03-25,3,"San Joaquin River at Highway 140","CDFW inseason spreadsheet",4,30,120,0.25,"Normal count",87,1,4,2.54,NA,NA,1983944,-4499
"2026-03-29 02:00:00","CVP","Chinook Salmon","Clipped","Spring",NA,"Spring","063223","FRH","Experimental",2026-03-23,2026-03-25,3,"SAN JOAQ R GRT VAL GR 140","RMIS",4,30,120,0.25,"Normal count",87,1,4,2.54,NA,NA,1983944,-4499
"2026-03-29 02:00:00","CVP","Chinook Salmon","Clipped","Spring",NA,"Spring","063223","SCARF","SJRRP",2026-03-23,2026-03-25,3,"San Joaquin River at Highway 140","CDFW inseason spreadsheet",4,30,120,0.25,"Normal count",87,1,4,2.54,NA,NA,1983944,-4499
"2026-03-29 02:00:00","CVP","Chinook Salmon","Clipped","Spring",NA,"Spring","063223","FRH","Experimental",2026-03-23,2026-03-25,3,"SAN JOAQ R GRT VAL GR 140","RMIS",4,30,120,0.25,"Normal count",87,1,4,2.54,NA,NA,1983944,-4499
"2026-03-29 02:00:00","CVP","Chinook Salmon","Clipped","Spring",NA,"Spring","063223","SCARF","SJRRP",2026-03-23,2026-03-25,3,"San Joaquin River at Highway 140","CDFW inseason spreadsheet",4,30,120,0.25,"Normal count",87,1,4,2.54,NA,NA,1983944,-4499
"2026-03-29 02:00:00","CVP","Chinook Salmon","Clipped","Spring",NA,"Spring","063223","SCARF","SJRRP",2026-03-23,2026-03-25,3,"San Joaquin River at Highway 140","CDFW inseason spreadsheet",4,30,120,0.25,"Normal count",87,1,4,2.54,NA,NA,1983944,-4499
"2026-03-29 02:00:00","CVP","Chinook Salmon","Clipped","Spring",NA,"Spring","063198","SCARF","Experimental",2026-03-09,2026-03-10,2,"SAN JOAQ R GRT VAL GR 140","RMIS",19,30,120,0.25,"Normal count",89,1,4,2.54,NA,NA,1983945,-4499
"2026-03-29 02:00:00","CVP","Chinook Salmon","Clipped","Spring",NA,"Spring","063198","SCARF","Experimental",2026-03-09,2026-03-10,2,"SAN JOAQ R GRT VAL GR 140","RMIS",19,30,120,0.25,"Normal count",89,1,4,2.54,NA,NA,1983945,-4499
"2026-03-29 02:00:00","CVP","Chinook Salmon","Clipped","Spring",NA,"Spring","063198","SCARF","SJRRP",2026-03-09,2026-03-10,2,"San Joaquin River at Highway 140","CDFW inseason spreadsheet",19,30,120,0.25,"Normal count",89,1,4,2.54,NA,NA,1983945,-4499
"2026-03-29 02:00:00","CVP","Chinook Salmon","Clipped","Spring",NA,"Spring","063223","FRH","Experimental",2026-03-23,2026-03-25,3,"SAN JOAQ R GRT VAL GR 140","RMIS",4,30,120,0.25,"Normal count",89,1,4,2.54,NA,NA,1983945,-4499
"2026-03-29 02:00:00","CVP","Chinook Salmon","Clipped","Spring",NA,"Spring","063223","SCARF","SJRRP",2026-03-23,2026-03-25,3,"San Joaquin River at Highway 140","CDFW inseason spreadsheet",4,30,120,0.25,"Normal count",89,1,4,2.54,NA,NA,1983945,-4499
"2026-03-29 02:00:00","CVP","Chinook Salmon","Clipped","Spring",NA,"Spring","063223","FRH","Experimental",2026-03-23,2026-03-25,3,"SAN JOAQ R GRT VAL GR 140","RMIS",4,30,120,0.25,"Normal count",89,1,4,2.54,NA,NA,1983945,-4499
"2026-03-29 02:00:00","CVP","Chinook Salmon","Clipped","Spring",NA,"Spring","063223","SCARF","SJRRP",2026-03-23,2026-03-25,3,"San Joaquin River at Highway 140","CDFW inseason spreadsheet",4,30,120,0.25,"Normal count",89,1,4,2.54,NA,NA,1983945,-4499
"2026-03-29 02:00:00","CVP","Chinook Salmon","Clipped","Spring",NA,"Spring","063198","SCARF","SJRRP",2026-03-09,2026-03-10,2,"San Joaquin River at Highway 140","CDFW inseason spreadsheet",19,30,120,0.25,"Normal count",89,1,4,2.54,NA,NA,1983945,-4499
"2026-03-29 02:00:00","CVP","Chinook Salmon","Clipped","Spring",NA,"Spring","063223","FRH","Experimental",2026-03-23,2026-03-25,3,"SAN JOAQ R GRT VAL GR 140","RMIS",4,30,120,0.25,"Normal count",89,1,4,2.54,NA,NA,1983945,-4499
"2026-03-29 02:00:00","CVP","Chinook Salmon","Clipped","Spring",NA,"Spring","063223","SCARF","SJRRP",2026-03-23,2026-03-25,3,"San Joaquin River at Highway 140","CDFW inseason spreadsheet",4,30,120,0.25,"Normal count",89,1,4,2.54,NA,NA,1983945,-4499
"2026-03-29 02:00:00","CVP","Chinook Salmon","Clipped","Spring",NA,"Spring","063223","FRH","Experimental",2026-03-23,2026-03-25,3,"SAN JOAQ R GRT VAL GR 140","RMIS",4,30,120,0.25,"Normal count",89,1,4,2.54,NA,NA,1983945,-4499
"2026-03-29 02:00:00","CVP","Chinook Salmon","Clipped","Spring",NA,"Spring","063223","SCARF","SJRRP",2026-03-23,2026-03-25,3,"San Joaquin River at Highway 140","CDFW inseason spreadsheet",4,30,120,0.25,"Normal count",89,1,4,2.54,NA,NA,1983945,-4499
"2026-03-29 02:00:00","CVP","Chinook Salmon","Clipped","Spring",NA,"Spring","063198","SCARF","Experimental",2026-03-09,2026-03-10,2,"SAN JOAQ R GRT VAL GR 140","RMIS",19,30,120,0.25,"Normal count",89,1,4,2.54,NA,NA,1983945,-4499
"2026-03-29 02:00:00","CVP","Chinook Salmon","Clipped","Spring",NA,"Spring","063198","SCARF","SJRRP",2026-03-09,2026-03-10,2,"San Joaquin River at Highway 140","CDFW inseason spreadsheet",19,30,120,0.25,"Normal count",89,1,4,2.54,NA,NA,1983945,-4499
"2026-03-29 02:00:00","CVP","Chinook Salmon","Clipped","Spring",NA,"Spring","063223","FRH","Experimental",2026-03-23,2026-03-25,3,"SAN JOAQ R GRT VAL GR 140","RMIS",4,30,120,0.25,"Normal count",89,1,4,2.54,NA,NA,1983945,-4499
"2026-03-29 02:00:00","CVP","Chinook Salmon","Clipped","Spring",NA,"Spring","063223","SCARF","SJRRP",2026-03-23,2026-03-25,3,"San Joaquin River at Highway 140","CDFW inseason spreadsheet",4,30,120,0.25,"Normal count",89,1,4,2.54,NA,NA,1983945,-4499
"2026-03-29 02:00:00","CVP","Chinook Salmon","Clipped","Spring",NA,"Spring","063223","FRH","Experimental",2026-03-23,2026-03-25,3,"SAN JOAQ R GRT VAL GR 140","RMIS",4,30,120,0.25,"Normal count",89,1,4,2.54,NA,NA,1983945,-4499
"2026-03-29 02:00:00","CVP","Chinook Salmon","Clipped","Spring",NA,"Spring","063223","SCARF","SJRRP",2026-03-23,2026-03-25,3,"San Joaquin River at Highway 140","CDFW inseason spreadsheet",4,30,120,0.25,"Normal count",89,1,4,2.54,NA,NA,1983945,-4499
"2026-03-29 02:00:00","CVP","Chinook Salmon","Clipped","Spring",NA,"Spring","063223","SCARF","SJRRP",2026-03-23,2026-03-25,3,"San Joaquin River at Highway 140","CDFW inseason spreadsheet",4,30,120,0.25,"Normal count",90,1,4,2.54,NA,NA,1983946,-4499
"2026-03-29 02:00:00","CVP","Chinook Salmon","Clipped","Spring",NA,"Spring","063223","FRH","Experimental",2026-03-23,2026-03-25,3,"SAN JOAQ R GRT VAL GR 140","RMIS",4,30,120,0.25,"Normal count",90,1,4,2.54,NA,NA,1983946,-4499
"2026-03-29 02:00:00","CVP","Chinook Salmon","Clipped","Spring",NA,"Spring","063223","SCARF","SJRRP",2026-03-23,2026-03-25,3,"San Joaquin River at Highway 140","CDFW inseason spreadsheet",4,30,120,0.25,"Normal count",90,1,4,2.54,NA,NA,1983946,-4499
"2026-03-29 02:00:00","CVP","Chinook Salmon","Clipped","Spring",NA,"Spring","063223","FRH","Experimental",2026-03-23,2026-03-25,3,"SAN JOAQ R GRT VAL GR 140","RMIS",4,30,120,0.25,"Normal count",90,1,4,2.54,NA,NA,1983946,-4499
"2026-03-29 02:00:00","CVP","Chinook Salmon","Clipped","Spring",NA,"Spring","063223","FRH","Experimental",2026-03-23,2026-03-25,3,"SAN JOAQ R GRT VAL GR 140","RMIS",4,30,120,0.25,"Normal count",90,1,4,2.54,NA,NA,1983946,-4499
"2026-03-29 02:00:00","CVP","Chinook Salmon","Clipped","Spring",NA,"Spring","063223","SCARF","SJRRP",2026-03-23,2026-03-25,3,"San Joaquin River at Highway 140","CDFW inseason spreadsheet",4,30,120,0.25,"Normal count",90,1,4,2.54,NA,NA,1983946,-4499
"2026-03-29 02:00:00","CVP","Chinook Salmon","Clipped","Spring",NA,"Spring","063223","FRH","Experimental",2026-03-23,2026-03-25,3,"SAN JOAQ R GRT VAL GR 140","RMIS",4,30,120,0.25,"Normal count",90,1,4,2.54,NA,NA,1983946,-4499
"2026-03-29 02:00:00","CVP","Chinook Salmon","Clipped","Spring",NA,"Spring","063223","SCARF","SJRRP",2026-03-23,2026-03-25,3,"San Joaquin River at Highway 140","CDFW inseason spreadsheet",4,30,120,0.25,"Normal count",90,1,4,2.54,NA,NA,1983946,-4499
"2026-03-29 02:00:00","CVP","Chinook Salmon","Clipped","Spring",NA,"Spring","063223","FRH","Experimental",2026-03-23,2026-03-25,3,"SAN JOAQ R GRT VAL GR 140","RMIS",4,30,120,0.25,"Normal count",92,1,4,2.54,NA,NA,1983947,-4499
"2026-03-29 02:00:00","CVP","Chinook Salmon","Clipped","Spring",NA,"Spring","063223","SCARF","SJRRP",2026-03-23,2026-03-25,3,"San Joaquin River at Highway 140","CDFW inseason spreadsheet",4,30,120,0.25,"Normal count",92,1,4,2.54,NA,NA,1983947,-4499
"2026-03-29 02:00:00","CVP","Chinook Salmon","Clipped","Spring",NA,"Spring","063223","SCARF","SJRRP",2026-03-23,2026-03-25,3,"San Joaquin River at Highway 140","CDFW inseason spreadsheet",4,30,120,0.25,"Normal count",93,1,4,2.54,NA,NA,1983948,-4499
"2026-03-29 02:00:00","CVP","Chinook Salmon","Clipped","Spring",NA,"Spring","063223","FRH","Experimental",2026-03-23,2026-03-25,3,"SAN JOAQ R GRT VAL GR 140","RMIS",4,30,120,0.25,"Normal count",93,1,4,2.54,NA,NA,1983948,-4499
"2026-03-29 02:00:00","CVP","Chinook Salmon","Clipped","Spring",NA,"Spring","063223","SCARF","SJRRP",2026-03-23,2026-03-25,3,"San Joaquin River at Highway 140","CDFW inseason spreadsheet",4,30,120,0.25,"Normal count",95,1,4,2.54,NA,NA,1983949,-4499
"2026-03-29 02:00:00","CVP","Chinook Salmon","Clipped","Spring",NA,"Spring","063223","FRH","Experimental",2026-03-23,2026-03-25,3,"SAN JOAQ R GRT VAL GR 140","RMIS",4,30,120,0.25,"Normal count",95,1,4,2.54,NA,NA,1983949,-4499
"2026-03-29 02:00:00","CVP","Chinook Salmon","Clipped","Spring",NA,"Spring","063223","FRH","Experimental",2026-03-23,2026-03-25,3,"SAN JOAQ R GRT VAL GR 140","RMIS",4,30,120,0.25,"Normal count",97,1,4,2.54,NA,NA,1983950,-4499
"2026-03-29 02:00:00","CVP","Chinook Salmon","Clipped","Spring",NA,"Spring","063223","SCARF","SJRRP",2026-03-23,2026-03-25,3,"San Joaquin River at Highway 140","CDFW inseason spreadsheet",4,30,120,0.25,"Normal count",97,1,4,2.54,NA,NA,1983950,-4499
"2026-03-29 04:00:00","CVP","Chinook Salmon","Clipped","Spring",NA,"Spring","063223","FRH","Experimental",2026-03-23,2026-03-25,3,"SAN JOAQ R GRT VAL GR 140","RMIS",4,30,120,0.25,"Normal count",77,1,4,2.54,NA,NA,1983951,-4499
"2026-03-29 04:00:00","CVP","Chinook Salmon","Clipped","Spring",NA,"Spring","063223","SCARF","SJRRP",2026-03-23,2026-03-25,3,"San Joaquin River at Highway 140","CDFW inseason spreadsheet",4,30,120,0.25,"Normal count",77,1,4,2.54,NA,NA,1983951,-4499
"2026-03-29 04:00:00","CVP","Chinook Salmon","Clipped","Spring",NA,"Spring","063223","SCARF","SJRRP",2026-03-23,2026-03-25,3,"San Joaquin River at Highway 140","CDFW inseason spreadsheet",4,30,120,0.25,"Normal count",81,1,4,2.54,NA,NA,1983952,-4499
"2026-03-29 04:00:00","CVP","Chinook Salmon","Clipped","Spring",NA,"Spring","063223","FRH","Experimental",2026-03-23,2026-03-25,3,"SAN JOAQ R GRT VAL GR 140","RMIS",4,30,120,0.25,"Normal count",81,1,4,2.54,NA,NA,1983952,-4499
"2026-03-29 04:00:00","CVP","Chinook Salmon","Clipped","Spring",NA,"Spring","063223","FRH","Experimental",2026-03-23,2026-03-25,3,"SAN JOAQ R GRT VAL GR 140","RMIS",4,30,120,0.25,"Normal count",83,1,4,2.54,NA,NA,1983953,-4499
"2026-03-29 04:00:00","CVP","Chinook Salmon","Clipped","Spring",NA,"Spring","063223","SCARF","SJRRP",2026-03-23,2026-03-25,3,"San Joaquin River at Highway 140","CDFW inseason spreadsheet",4,30,120,0.25,"Normal count",83,1,4,2.54,NA,NA,1983953,-4499
"2026-03-29 04:00:00","CVP","Chinook Salmon","Clipped","Spring",NA,"Spring","063223","SCARF","SJRRP",2026-03-23,2026-03-25,3,"San Joaquin River at Highway 140","CDFW inseason spreadsheet",4,30,120,0.25,"Normal count",84,1,4,2.54,NA,NA,1983954,-4499
"2026-03-29 04:00:00","CVP","Chinook Salmon","Clipped","Spring",NA,"Spring","063223","FRH","Experimental",2026-03-23,2026-03-25,3,"SAN JOAQ R GRT VAL GR 140","RMIS",4,30,120,0.25,"Normal count",84,1,4,2.54,NA,NA,1983954,-4499
"2026-03-29 04:00:00","CVP","Chinook Salmon","Clipped","Spring",NA,"Spring","063223","SCARF","SJRRP",2026-03-23,2026-03-25,3,"San Joaquin River at Highway 140","CDFW inseason spreadsheet",4,30,120,0.25,"Normal count",84,1,4,2.54,NA,NA,1983954,-4499
"2026-03-29 04:00:00","CVP","Chinook Salmon","Clipped","Spring",NA,"Spring","063223","FRH","Experimental",2026-03-23,2026-03-25,3,"SAN JOAQ R GRT VAL GR 140","RMIS",4,30,120,0.25,"Normal count",84,1,4,2.54,NA,NA,1983954,-4499
"2026-03-29 04:00:00","CVP","Chinook Salmon","Clipped","Spring",NA,"Spring","063223","SCARF","SJRRP",2026-03-23,2026-03-25,3,"San Joaquin River at Highway 140","CDFW inseason spreadsheet",4,30,120,0.25,"Normal count",84,1,4,2.54,NA,NA,1983954,-4499
"2026-03-29 04:00:00","CVP","Chinook Salmon","Clipped","Spring",NA,"Spring","063223","FRH","Experimental",2026-03-23,2026-03-25,3,"SAN JOAQ R GRT VAL GR 140","RMIS",4,30,120,0.25,"Normal count",84,1,4,2.54,NA,NA,1983954,-4499
"2026-03-29 04:00:00","CVP","Chinook Salmon","Clipped","Spring",NA,"Spring","063223","SCARF","SJRRP",2026-03-23,2026-03-25,3,"San Joaquin River at Highway 140","CDFW inseason spreadsheet",4,30,120,0.25,"Normal count",84,1,4,2.54,NA,NA,1983954,-4499
"2026-03-29 04:00:00","CVP","Chinook Salmon","Clipped","Spring",NA,"Spring","063223","FRH","Experimental",2026-03-23,2026-03-25,3,"SAN JOAQ R GRT VAL GR 140","RMIS",4,30,120,0.25,"Normal count",84,1,4,2.54,NA,NA,1983954,-4499
"2026-03-29 04:00:00","CVP","Chinook Salmon","Clipped","Spring",NA,"Spring","063223","SCARF","SJRRP",2026-03-23,2026-03-25,3,"San Joaquin River at Highway 140","CDFW inseason spreadsheet",4,30,120,0.25,"Normal count",85,1,4,2.54,NA,NA,1983955,-4499
"2026-03-29 04:00:00","CVP","Chinook Salmon","Clipped","Spring",NA,"Spring","063223","FRH","Experimental",2026-03-23,2026-03-25,3,"SAN JOAQ R GRT VAL GR 140","RMIS",4,30,120,0.25,"Normal count",85,1,4,2.54,NA,NA,1983955,-4499
"2026-03-29 04:00:00","CVP","Chinook Salmon","Clipped","Spring",NA,"Spring","063223","FRH","Experimental",2026-03-23,2026-03-25,3,"SAN JOAQ R GRT VAL GR 140","RMIS",4,30,120,0.25,"Normal count",85,1,4,2.54,NA,NA,1983955,-4499
"2026-03-29 04:00:00","CVP","Chinook Salmon","Clipped","Spring",NA,"Spring","063223","SCARF","SJRRP",2026-03-23,2026-03-25,3,"San Joaquin River at Highway 140","CDFW inseason spreadsheet",4,30,120,0.25,"Normal count",85,1,4,2.54,NA,NA,1983955,-4499
"2026-03-29 04:00:00","CVP","Chinook Salmon","Clipped","Spring",NA,"Spring","063223","FRH","Experimental",2026-03-23,2026-03-25,3,"SAN JOAQ R GRT VAL GR 140","RMIS",4,30,120,0.25,"Normal count",85,1,4,2.54,NA,NA,1983955,-4499
"2026-03-29 04:00:00","CVP","Chinook Salmon","Clipped","Spring",NA,"Spring","063223","SCARF","SJRRP",2026-03-23,2026-03-25,3,"San Joaquin River at Highway 140","CDFW inseason spreadsheet",4,30,120,0.25,"Normal count",85,1,4,2.54,NA,NA,1983955,-4499
"2026-03-29 04:00:00","CVP","Chinook Salmon","Clipped","Spring",NA,"Spring","063223","FRH","Experimental",2026-03-23,2026-03-25,3,"SAN JOAQ R GRT VAL GR 140","RMIS",4,30,120,0.25,"Normal count",85,1,4,2.54,NA,NA,1983955,-4499
"2026-03-29 04:00:00","CVP","Chinook Salmon","Clipped","Spring",NA,"Spring","063223","SCARF","SJRRP",2026-03-23,2026-03-25,3,"San Joaquin River at Highway 140","CDFW inseason spreadsheet",4,30,120,0.25,"Normal count",85,1,4,2.54,NA,NA,1983955,-4499
"2026-03-29 04:00:00","CVP","Chinook Salmon","Clipped","Spring",NA,"Spring","063223","FRH","Experimental",2026-03-23,2026-03-25,3,"SAN JOAQ R GRT VAL GR 140","RMIS",4,30,120,0.25,"Normal count",86,1,4,2.54,NA,NA,1983956,-4499
"2026-03-29 04:00:00","CVP","Chinook Salmon","Clipped","Spring",NA,"Spring","063223","SCARF","SJRRP",2026-03-23,2026-03-25,3,"San Joaquin River at Highway 140","CDFW inseason spreadsheet",4,30,120,0.25,"Normal count",86,1,4,2.54,NA,NA,1983956,-4499
"2026-03-29 04:00:00","CVP","Chinook Salmon","Clipped","Spring",NA,"Spring","063223","SCARF","SJRRP",2026-03-23,2026-03-25,3,"San Joaquin River at Highway 140","CDFW inseason spreadsheet",4,30,120,0.25,"Normal count",87,1,4,2.54,NA,NA,1983957,-4499
"2026-03-29 04:00:00","CVP","Chinook Salmon","Clipped","Spring",NA,"Spring","063223","FRH","Experimental",2026-03-23,2026-03-25,3,"SAN JOAQ R GRT VAL GR 140","RMIS",4,30,120,0.25,"Normal count",87,1,4,2.54,NA,NA,1983957,-4499
"2026-03-29 04:00:00","CVP","Chinook Salmon","Clipped","Spring",NA,"Spring","063223","SCARF","SJRRP",2026-03-23,2026-03-25,3,"San Joaquin River at Highway 140","CDFW inseason spreadsheet",4,30,120,0.25,"Normal count",87,1,4,2.54,NA,NA,1983957,-4499
"2026-03-29 04:00:00","CVP","Chinook Salmon","Clipped","Spring",NA,"Spring","063223","FRH","Experimental",2026-03-23,2026-03-25,3,"SAN JOAQ R GRT VAL GR 140","RMIS",4,30,120,0.25,"Normal count",87,1,4,2.54,NA,NA,1983957,-4499
"2026-03-29 04:00:00","CVP","Chinook Salmon","Clipped","Spring",NA,"Spring","063223","SCARF","SJRRP",2026-03-23,2026-03-25,3,"San Joaquin River at Highway 140","CDFW inseason spreadsheet",4,30,120,0.25,"Normal count",87,1,4,2.54,NA,NA,1983957,-4499
"2026-03-29 04:00:00","CVP","Chinook Salmon","Clipped","Spring",NA,"Spring","063223","FRH","Experimental",2026-03-23,2026-03-25,3,"SAN JOAQ R GRT VAL GR 140","RMIS",4,30,120,0.25,"Normal count",87,1,4,2.54,NA,NA,1983957,-4499
"2026-03-29 04:00:00","CVP","Chinook Salmon","Clipped","Spring",NA,"Spring","063223","SCARF","SJRRP",2026-03-23,2026-03-25,3,"San Joaquin River at Highway 140","CDFW inseason spreadsheet",4,30,120,0.25,"Normal count",87,1,4,2.54,NA,NA,1983957,-4499
"2026-03-29 04:00:00","CVP","Chinook Salmon","Clipped","Spring",NA,"Spring","063223","FRH","Experimental",2026-03-23,2026-03-25,3,"SAN JOAQ R GRT VAL GR 140","RMIS",4,30,120,0.25,"Normal count",87,1,4,2.54,NA,NA,1983957,-4499
"2026-03-29 04:00:00","CVP","Chinook Salmon","Clipped","Spring",NA,"Spring","063223","FRH","Experimental",2026-03-23,2026-03-25,3,"SAN JOAQ R GRT VAL GR 140","RMIS",4,30,120,0.25,"Normal count",87,1,4,2.54,NA,NA,1983957,-4499
"2026-03-29 04:00:00","CVP","Chinook Salmon","Clipped","Spring",NA,"Spring","063223","SCARF","SJRRP",2026-03-23,2026-03-25,3,"San Joaquin River at Highway 140","CDFW inseason spreadsheet",4,30,120,0.25,"Normal count",87,1,4,2.54,NA,NA,1983957,-4499
"2026-03-29 04:00:00","CVP","Chinook Salmon","Clipped","Spring",NA,"Spring","063223","FRH","Experimental",2026-03-23,2026-03-25,3,"SAN JOAQ R GRT VAL GR 140","RMIS",4,30,120,0.25,"Normal count",87,4,16,10.15,NA,NA,1983957,-4499
"2026-03-29 04:00:00","CVP","Chinook Salmon","Clipped","Spring",NA,"Spring","063223","SCARF","SJRRP",2026-03-23,2026-03-25,3,"San Joaquin River at Highway 140","CDFW inseason spreadsheet",4,30,120,0.25,"Normal count",87,4,16,10.15,NA,NA,1983957,-4499
"2026-03-29 04:00:00","CVP","Chinook Salmon","Clipped","Spring",NA,"Spring","063223","FRH","Experimental",2026-03-23,2026-03-25,3,"SAN JOAQ R GRT VAL GR 140","RMIS",4,30,120,0.25,"Normal count",87,4,16,10.15,NA,NA,1983957,-4499
"2026-03-29 04:00:00","CVP","Chinook Salmon","Clipped","Spring",NA,"Spring","063223","SCARF","SJRRP",2026-03-23,2026-03-25,3,"San Joaquin River at Highway 140","CDFW inseason spreadsheet",4,30,120,0.25,"Normal count",87,4,16,10.15,NA,NA,1983957,-4499
"2026-03-29 04:00:00","CVP","Chinook Salmon","Clipped","Spring",NA,"Spring","063223","FRH","Experimental",2026-03-23,2026-03-25,3,"SAN JOAQ R GRT VAL GR 140","RMIS",4,30,120,0.25,"Normal count",87,4,16,10.15,NA,NA,1983957,-4499
"2026-03-29 04:00:00","CVP","Chinook Salmon","Clipped","Spring",NA,"Spring","063223","SCARF","SJRRP",2026-03-23,2026-03-25,3,"San Joaquin River at Highway 140","CDFW inseason spreadsheet",4,30,120,0.25,"Normal count",87,4,16,10.15,NA,NA,1983957,-4499
"2026-03-29 04:00:00","CVP","Chinook Salmon","Clipped","Spring",NA,"Spring","063223","FRH","Experimental",2026-03-23,2026-03-25,3,"SAN JOAQ R GRT VAL GR 140","RMIS",4,30,120,0.25,"Normal count",87,4,16,10.15,NA,NA,1983957,-4499
"2026-03-29 04:00:00","CVP","Chinook Salmon","Clipped","Spring",NA,"Spring","063223","SCARF","SJRRP",2026-03-23,2026-03-25,3,"San Joaquin River at Highway 140","CDFW inseason spreadsheet",4,30,120,0.25,"Normal count",87,4,16,10.15,NA,NA,1983957,-4499
"2026-03-29 04:00:00","CVP","Chinook Salmon","Clipped","Spring",NA,"Spring","063223","FRH","Experimental",2026-03-23,2026-03-25,3,"SAN JOAQ R GRT VAL GR 140","RMIS",4,30,120,0.25,"Normal count",87,4,16,10.15,NA,NA,1983957,-4499
"2026-03-29 04:00:00","CVP","Chinook Salmon","Clipped","Spring",NA,"Spring","063223","SCARF","SJRRP",2026-03-23,2026-03-25,3,"San Joaquin River at Highway 140","CDFW inseason spreadsheet",4,30,120,0.25,"Normal count",87,4,16,10.15,NA,NA,1983957,-4499
"2026-03-29 04:00:00","CVP","Chinook Salmon","Clipped","Spring",NA,"Spring","063223","FRH","Experimental",2026-03-23,2026-03-25,3,"SAN JOAQ R GRT VAL GR 140","RMIS",4,30,120,0.25,"Normal count",89,1,4,2.54,NA,NA,1983958,-4499
"2026-03-29 04:00:00","CVP","Chinook Salmon","Clipped","Spring",NA,"Spring","063223","SCARF","SJRRP",2026-03-23,2026-03-25,3,"San Joaquin River at Highway 140","CDFW inseason spreadsheet",4,30,120,0.25,"Normal count",89,1,4,2.54,NA,NA,1983958,-4499
"2026-03-29 04:00:00","CVP","Chinook Salmon","Clipped","Spring",NA,"Spring","063223","SCARF","SJRRP",2026-03-23,2026-03-25,3,"San Joaquin River at Highway 140","CDFW inseason spreadsheet",4,30,120,0.25,"Normal count",90,7,28,17.76,NA,NA,1983960,-4499
"2026-03-29 04:00:00","CVP","Chinook Salmon","Clipped","Spring",NA,"Spring","063223","FRH","Experimental",2026-03-23,2026-03-25,3,"SAN JOAQ R GRT VAL GR 140","RMIS",4,30,120,0.25,"Normal count",90,7,28,17.76,NA,NA,1983960,-4499
"2026-03-29 04:00:00","CVP","Chinook Salmon","Clipped","Spring",NA,"Spring","063223","SCARF","SJRRP",2026-03-23,2026-03-25,3,"San Joaquin River at Highway 140","CDFW inseason spreadsheet",4,30,120,0.25,"Normal count",90,7,28,17.76,NA,NA,1983960,-4499
"2026-03-29 04:00:00","CVP","Chinook Salmon","Clipped","Spring",NA,"Spring","063223","FRH","Experimental",2026-03-23,2026-03-25,3,"SAN JOAQ R GRT VAL GR 140","RMIS",4,30,120,0.25,"Normal count",90,7,28,17.76,NA,NA,1983960,-4499
"2026-03-29 04:00:00","CVP","Chinook Salmon","Clipped","Spring",NA,"Spring","063223","SCARF","SJRRP",2026-03-23,2026-03-25,3,"San Joaquin River at Highway 140","CDFW inseason spreadsheet",4,30,120,0.25,"Normal count",90,7,28,17.76,NA,NA,1983960,-4499
"2026-03-29 04:00:00","CVP","Chinook Salmon","Clipped","Spring",NA,"Spring","063223","FRH","Experimental",2026-03-23,2026-03-25,3,"SAN JOAQ R GRT VAL GR 140","RMIS",4,30,120,0.25,"Normal count",90,7,28,17.76,NA,NA,1983960,-4499
"2026-03-29 04:00:00","CVP","Chinook Salmon","Clipped","Spring",NA,"Spring","063223","SCARF","SJRRP",2026-03-23,2026-03-25,3,"San Joaquin River at Highway 140","CDFW inseason spreadsheet",4,30,120,0.25,"Normal count",90,7,28,17.76,NA,NA,1983960,-4499
"2026-03-29 04:00:00","CVP","Chinook Salmon","Clipped","Spring",NA,"Spring","063223","FRH","Experimental",2026-03-23,2026-03-25,3,"SAN JOAQ R GRT VAL GR 140","RMIS",4,30,120,0.25,"Normal count",90,7,28,17.76,NA,NA,1983960,-4499
"2026-03-29 04:00:00","CVP","Chinook Salmon","Clipped","Spring",NA,"Spring","063223","FRH","Experimental",2026-03-23,2026-03-25,3,"SAN JOAQ R GRT VAL GR 140","RMIS",4,30,120,0.25,"Normal count",90,7,28,17.76,NA,NA,1983960,-4499
"2026-03-29 04:00:00","CVP","Chinook Salmon","Clipped","Spring",NA,"Spring","063223","SCARF","SJRRP",2026-03-23,2026-03-25,3,"San Joaquin River at Highway 140","CDFW inseason spreadsheet",4,30,120,0.25,"Normal count",90,7,28,17.76,NA,NA,1983960,-4499
"2026-03-29 04:00:00","CVP","Chinook Salmon","Clipped","Spring",NA,"Spring","063223","SCARF","SJRRP",2026-03-23,2026-03-25,3,"San Joaquin River at Highway 140","CDFW inseason spreadsheet",4,30,120,0.25,"Normal count",90,7,28,17.76,NA,NA,1983960,-4499
"2026-03-29 04:00:00","CVP","Chinook Salmon","Unclipped","Spring","Spring",NA,NA,NA,NA,NA,NA,NA,NA,NA,NA,30,120,0.25,"Normal count",90,1,4,2.54,"C260783CVP",0.99800003,1983959,-4499
"2026-03-29 04:00:00","CVP","Chinook Salmon","Clipped","Spring",NA,"Spring","063223","FRH","Experimental",2026-03-23,2026-03-25,3,"SAN JOAQ R GRT VAL GR 140","RMIS",4,30,120,0.25,"Normal count",90,1,4,2.54,NA,NA,1983960,-4499
"2026-03-29 04:00:00","CVP","Chinook Salmon","Clipped","Spring",NA,"Spring","063223","SCARF","SJRRP",2026-03-23,2026-03-25,3,"San Joaquin River at Highway 140","CDFW inseason spreadsheet",4,30,120,0.25,"Normal count",90,1,4,2.54,NA,NA,1983960,-4499
"2026-03-29 04:00:00","CVP","Chinook Salmon","Clipped","Spring",NA,"Spring","063223","FRH","Experimental",2026-03-23,2026-03-25,3,"SAN JOAQ R GRT VAL GR 140","RMIS",4,30,120,0.25,"Normal count",90,1,4,2.54,NA,NA,1983960,-4499
"2026-03-29 04:00:00","CVP","Chinook Salmon","Clipped","Spring",NA,"Spring","063223","SCARF","SJRRP",2026-03-23,2026-03-25,3,"San Joaquin River at Highway 140","CDFW inseason spreadsheet",4,30,120,0.25,"Normal count",90,1,4,2.54,NA,NA,1983960,-4499
"2026-03-29 04:00:00","CVP","Chinook Salmon","Clipped","Spring",NA,"Spring","063223","FRH","Experimental",2026-03-23,2026-03-25,3,"SAN JOAQ R GRT VAL GR 140","RMIS",4,30,120,0.25,"Normal count",90,1,4,2.54,NA,NA,1983960,-4499
"2026-03-29 04:00:00","CVP","Chinook Salmon","Clipped","Spring",NA,"Spring","063223","SCARF","SJRRP",2026-03-23,2026-03-25,3,"San Joaquin River at Highway 140","CDFW inseason spreadsheet",4,30,120,0.25,"Normal count",90,1,4,2.54,NA,NA,1983960,-4499
"2026-03-29 04:00:00","CVP","Chinook Salmon","Clipped","Spring",NA,"Spring","063223","FRH","Experimental",2026-03-23,2026-03-25,3,"SAN JOAQ R GRT VAL GR 140","RMIS",4,30,120,0.25,"Normal count",90,1,4,2.54,NA,NA,1983960,-4499
"2026-03-29 04:00:00","CVP","Chinook Salmon","Clipped","Spring",NA,"Spring","063223","SCARF","SJRRP",2026-03-23,2026-03-25,3,"San Joaquin River at Highway 140","CDFW inseason spreadsheet",4,30,120,0.25,"Normal count",90,1,4,2.54,NA,NA,1983960,-4499
"2026-03-29 04:00:00","CVP","Chinook Salmon","Clipped","Spring",NA,"Spring","063223","FRH","Experimental",2026-03-23,2026-03-25,3,"SAN JOAQ R GRT VAL GR 140","RMIS",4,30,120,0.25,"Normal count",90,1,4,2.54,NA,NA,1983960,-4499
"2026-03-29 04:00:00","CVP","Chinook Salmon","Clipped","Spring",NA,"Spring","063223","SCARF","SJRRP",2026-03-23,2026-03-25,3,"San Joaquin River at Highway 140","CDFW inseason spreadsheet",4,30,120,0.25,"Normal count",90,1,4,2.54,NA,NA,1983960,-4499
"2026-03-29 04:00:00","CVP","Chinook Salmon","Clipped","Spring",NA,"Spring","063223","FRH","Experimental",2026-03-23,2026-03-25,3,"SAN JOAQ R GRT VAL GR 140","RMIS",4,30,120,0.25,"Normal count",90,1,4,2.54,NA,NA,1983960,-4499
"2026-03-29 04:00:00","CVP","Chinook Salmon","Clipped","Spring",NA,"Spring","063223","SCARF","SJRRP",2026-03-23,2026-03-25,3,"San Joaquin River at Highway 140","CDFW inseason spreadsheet",4,30,120,0.25,"Normal count",90,1,4,2.54,NA,NA,1983960,-4499
"2026-03-29 04:00:00","CVP","Chinook Salmon","Clipped","Spring",NA,"Spring","063223","FRH","Experimental",2026-03-23,2026-03-25,3,"SAN JOAQ R GRT VAL GR 140","RMIS",4,30,120,0.25,"Normal count",90,1,4,2.54,NA,NA,1983960,-4499
"2026-03-29 04:00:00","CVP","Chinook Salmon","Clipped","Spring",NA,"Spring","063223","SCARF","SJRRP",2026-03-23,2026-03-25,3,"San Joaquin River at Highway 140","CDFW inseason spreadsheet",4,30,120,0.25,"Normal count",90,1,4,2.54,NA,NA,1983960,-4499
"2026-03-29 04:00:00","CVP","Chinook Salmon","Clipped","Spring",NA,"Spring","063223","FRH","Experimental",2026-03-23,2026-03-25,3,"SAN JOAQ R GRT VAL GR 140","RMIS",4,30,120,0.25,"Normal count",90,1,4,2.54,NA,NA,1983960,-4499
"2026-03-29 04:00:00","CVP","Chinook Salmon","Clipped","Spring",NA,"Spring","063223","SCARF","SJRRP",2026-03-23,2026-03-25,3,"San Joaquin River at Highway 140","CDFW inseason spreadsheet",4,30,120,0.25,"Normal count",90,1,4,2.54,NA,NA,1983960,-4499
"2026-03-29 04:00:00","CVP","Chinook Salmon","Clipped","Spring",NA,"Spring","063223","FRH","Experimental",2026-03-23,2026-03-25,3,"SAN JOAQ R GRT VAL GR 140","RMIS",4,30,120,0.25,"Normal count",90,7,28,17.76,NA,NA,1983960,-4499
"2026-03-29 04:00:00","CVP","Chinook Salmon","Clipped","Spring",NA,"Spring","063223","SCARF","SJRRP",2026-03-23,2026-03-25,3,"San Joaquin River at Highway 140","CDFW inseason spreadsheet",4,30,120,0.25,"Normal count",90,7,28,17.76,NA,NA,1983960,-4499
"2026-03-29 04:00:00","CVP","Chinook Salmon","Clipped","Spring",NA,"Spring","063223","FRH","Experimental",2026-03-23,2026-03-25,3,"SAN JOAQ R GRT VAL GR 140","RMIS",4,30,120,0.25,"Normal count",90,7,28,17.76,NA,NA,1983960,-4499
"2026-03-29 04:00:00","CVP","Chinook Salmon","Clipped","Spring",NA,"Spring","063223","SCARF","SJRRP",2026-03-23,2026-03-25,3,"San Joaquin River at Highway 140","CDFW inseason spreadsheet",4,30,120,0.25,"Normal count",90,7,28,17.76,NA,NA,1983960,-4499
"2026-03-29 04:00:00","CVP","Chinook Salmon","Clipped","Spring",NA,"Spring","063223","FRH","Experimental",2026-03-23,2026-03-25,3,"SAN JOAQ R GRT VAL GR 140","RMIS",4,30,120,0.25,"Normal count",90,7,28,17.76,NA,NA,1983960,-4499
"2026-03-29 04:00:00","CVP","Chinook Salmon","Clipped","Spring",NA,"Spring","063223","FRH","Experimental",2026-03-23,2026-03-25,3,"SAN JOAQ R GRT VAL GR 140","RMIS",4,30,120,0.25,"Normal count",91,1,4,2.54,NA,NA,1983961,-4499
"2026-03-29 04:00:00","CVP","Chinook Salmon","Clipped","Spring",NA,"Spring","063223","SCARF","SJRRP",2026-03-23,2026-03-25,3,"San Joaquin River at Highway 140","CDFW inseason spreadsheet",4,30,120,0.25,"Normal count",91,1,4,2.54,NA,NA,1983961,-4499
"2026-03-29 04:00:00","CVP","Chinook Salmon","Clipped","Spring",NA,"Spring","063223","SCARF","SJRRP",2026-03-23,2026-03-25,3,"San Joaquin River at Highway 140","CDFW inseason spreadsheet",4,30,120,0.25,"Normal count",92,1,4,2.54,NA,NA,1983962,-4499
"2026-03-29 04:00:00","CVP","Chinook Salmon","Clipped","Spring",NA,"Spring","063223","SCARF","SJRRP",2026-03-23,2026-03-25,3,"San Joaquin River at Highway 140","CDFW inseason spreadsheet",4,30,120,0.25,"Normal count",92,1,4,2.54,NA,NA,1983962,-4499
"2026-03-29 04:00:00","CVP","Chinook Salmon","Clipped","Spring",NA,"Spring","063223","FRH","Experimental",2026-03-23,2026-03-25,3,"SAN JOAQ R GRT VAL GR 140","RMIS",4,30,120,0.25,"Normal count",92,1,4,2.54,NA,NA,1983962,-4499
"2026-03-29 04:00:00","CVP","Chinook Salmon","Clipped","Spring",NA,"Spring","063223","SCARF","SJRRP",2026-03-23,2026-03-25,3,"San Joaquin River at Highway 140","CDFW inseason spreadsheet",4,30,120,0.25,"Normal count",92,1,4,2.54,NA,NA,1983962,-4499
"2026-03-29 04:00:00","CVP","Chinook Salmon","Clipped","Spring",NA,"Spring","063223","FRH","Experimental",2026-03-23,2026-03-25,3,"SAN JOAQ R GRT VAL GR 140","RMIS",4,30,120,0.25,"Normal count",92,1,4,2.54,NA,NA,1983962,-4499
"2026-03-29 04:00:00","CVP","Chinook Salmon","Clipped","Spring",NA,"Spring","063223","SCARF","SJRRP",2026-03-23,2026-03-25,3,"San Joaquin River at Highway 140","CDFW inseason spreadsheet",4,30,120,0.25,"Normal count",92,1,4,2.54,NA,NA,1983962,-4499
"2026-03-29 04:00:00","CVP","Chinook Salmon","Clipped","Spring",NA,"Spring","063223","FRH","Experimental",2026-03-23,2026-03-25,3,"SAN JOAQ R GRT VAL GR 140","RMIS",4,30,120,0.25,"Normal count",92,1,4,2.54,NA,NA,1983962,-4499
"2026-03-29 04:00:00","CVP","Chinook Salmon","Clipped","Spring",NA,"Spring","063223","FRH","Experimental",2026-03-23,2026-03-25,3,"SAN JOAQ R GRT VAL GR 140","RMIS",4,30,120,0.25,"Normal count",92,1,4,2.54,NA,NA,1983962,-4499
"2026-03-29 04:00:00","CVP","Chinook Salmon","Clipped","Spring",NA,"Spring","063223","FRH","Experimental",2026-03-23,2026-03-25,3,"SAN JOAQ R GRT VAL GR 140","RMIS",4,30,120,0.25,"Normal count",93,1,4,2.54,NA,NA,1983963,-4499
"2026-03-29 04:00:00","CVP","Chinook Salmon","Clipped","Spring",NA,"Spring","063223","SCARF","SJRRP",2026-03-23,2026-03-25,3,"San Joaquin River at Highway 140","CDFW inseason spreadsheet",4,30,120,0.25,"Normal count",93,1,4,2.54,NA,NA,1983963,-4499
"2026-03-29 04:00:00","CVP","Chinook Salmon","Clipped","Spring",NA,"Spring","063223","FRH","Experimental",2026-03-23,2026-03-25,3,"SAN JOAQ R GRT VAL GR 140","RMIS",4,30,120,0.25,"Normal count",93,1,4,2.54,NA,NA,1983963,-4499
"2026-03-29 04:00:00","CVP","Chinook Salmon","Clipped","Spring",NA,"Spring","063223","SCARF","SJRRP",2026-03-23,2026-03-25,3,"San Joaquin River at Highway 140","CDFW inseason spreadsheet",4,30,120,0.25,"Normal count",93,1,4,2.54,NA,NA,1983963,-4499
"2026-03-29 04:00:00","CVP","Chinook Salmon","Clipped","Spring",NA,"Spring","063223","FRH","Experimental",2026-03-23,2026-03-25,3,"SAN JOAQ R GRT VAL GR 140","RMIS",4,30,120,0.25,"Normal count",93,1,4,2.54,NA,NA,1983963,-4499
"2026-03-29 04:00:00","CVP","Chinook Salmon","Clipped","Spring",NA,"Spring","063223","SCARF","SJRRP",2026-03-23,2026-03-25,3,"San Joaquin River at Highway 140","CDFW inseason spreadsheet",4,30,120,0.25,"Normal count",93,1,4,2.54,NA,NA,1983963,-4499
"2026-03-29 04:00:00","CVP","Chinook Salmon","Clipped","Spring",NA,"Spring","063223","FRH","Experimental",2026-03-23,2026-03-25,3,"SAN JOAQ R GRT VAL GR 140","RMIS",4,30,120,0.25,"Normal count",93,1,4,2.54,NA,NA,1983963,-4499
"2026-03-29 04:00:00","CVP","Chinook Salmon","Clipped","Spring",NA,"Spring","063223","SCARF","SJRRP",2026-03-23,2026-03-25,3,"San Joaquin River at Highway 140","CDFW inseason spreadsheet",4,30,120,0.25,"Normal count",93,1,4,2.54,NA,NA,1983963,-4499
"2026-03-29 04:00:00","CVP","Chinook Salmon","Clipped","Spring",NA,"Spring","063223","SCARF","SJRRP",2026-03-23,2026-03-25,3,"San Joaquin River at Highway 140","CDFW inseason spreadsheet",4,30,120,0.25,"Normal count",94,1,4,2.54,NA,NA,1983964,-4499
"2026-03-29 04:00:00","CVP","Chinook Salmon","Clipped","Spring",NA,"Spring","063223","SCARF","SJRRP",2026-03-23,2026-03-25,3,"San Joaquin River at Highway 140","CDFW inseason spreadsheet",4,30,120,0.25,"Normal count",94,1,4,2.54,NA,NA,1983964,-4499
"2026-03-29 04:00:00","CVP","Chinook Salmon","Clipped","Spring",NA,"Spring","063223","FRH","Experimental",2026-03-23,2026-03-25,3,"SAN JOAQ R GRT VAL GR 140","RMIS",4,30,120,0.25,"Normal count",94,1,4,2.54,NA,NA,1983964,-4499
"2026-03-29 04:00:00","CVP","Chinook Salmon","Clipped","Spring",NA,"Spring","063223","SCARF","SJRRP",2026-03-23,2026-03-25,3,"San Joaquin River at Highway 140","CDFW inseason spreadsheet",4,30,120,0.25,"Normal count",94,1,4,2.54,NA,NA,1983964,-4499
"2026-03-29 04:00:00","CVP","Chinook Salmon","Clipped","Spring",NA,"Spring","063223","FRH","Experimental",2026-03-23,2026-03-25,3,"SAN JOAQ R GRT VAL GR 140","RMIS",4,30,120,0.25,"Normal count",94,1,4,2.54,NA,NA,1983964,-4499
"2026-03-29 04:00:00","CVP","Chinook Salmon","Clipped","Spring",NA,"Spring","063223","SCARF","SJRRP",2026-03-23,2026-03-25,3,"San Joaquin River at Highway 140","CDFW inseason spreadsheet",4,30,120,0.25,"Normal count",94,1,4,2.54,NA,NA,1983964,-4499
"2026-03-29 04:00:00","CVP","Chinook Salmon","Clipped","Spring",NA,"Spring","063223","FRH","Experimental",2026-03-23,2026-03-25,3,"SAN JOAQ R GRT VAL GR 140","RMIS",4,30,120,0.25,"Normal count",94,1,4,2.54,NA,NA,1983964,-4499
"2026-03-29 04:00:00","CVP","Chinook Salmon","Clipped","Spring",NA,"Spring","063223","FRH","Experimental",2026-03-23,2026-03-25,3,"SAN JOAQ R GRT VAL GR 140","RMIS",4,30,120,0.25,"Normal count",94,1,4,2.54,NA,NA,1983964,-4499
"2026-03-29 04:00:00","CVP","Chinook Salmon","Clipped","Spring",NA,"Spring","063223","FRH","Experimental",2026-03-23,2026-03-25,3,"SAN JOAQ R GRT VAL GR 140","RMIS",4,30,120,0.25,"Normal count",95,1,4,2.54,NA,NA,1983965,-4499
"2026-03-29 04:00:00","CVP","Chinook Salmon","Clipped","Spring",NA,"Spring","063223","SCARF","SJRRP",2026-03-23,2026-03-25,3,"San Joaquin River at Highway 140","CDFW inseason spreadsheet",4,30,120,0.25,"Normal count",95,1,4,2.54,NA,NA,1983965,-4499
"2026-03-29 04:00:00","CVP","Chinook Salmon","Clipped","Spring",NA,"Spring","063223","FRH","Experimental",2026-03-23,2026-03-25,3,"SAN JOAQ R GRT VAL GR 140","RMIS",4,30,120,0.25,"Normal count",95,1,4,2.54,NA,NA,1983965,-4499
"2026-03-29 04:00:00","CVP","Chinook Salmon","Clipped","Spring",NA,"Spring","063223","SCARF","SJRRP",2026-03-23,2026-03-25,3,"San Joaquin River at Highway 140","CDFW inseason spreadsheet",4,30,120,0.25,"Normal count",95,1,4,2.54,NA,NA,1983965,-4499
"2026-03-29 04:00:00","CVP","Chinook Salmon","Clipped","Spring",NA,"Spring","063223","FRH","Experimental",2026-03-23,2026-03-25,3,"SAN JOAQ R GRT VAL GR 140","RMIS",4,30,120,0.25,"Normal count",95,1,4,2.54,NA,NA,1983965,-4499
"2026-03-29 04:00:00","CVP","Chinook Salmon","Clipped","Spring",NA,"Spring","063223","SCARF","SJRRP",2026-03-23,2026-03-25,3,"San Joaquin River at Highway 140","CDFW inseason spreadsheet",4,30,120,0.25,"Normal count",95,1,4,2.54,NA,NA,1983965,-4499
"2026-03-29 04:00:00","CVP","Chinook Salmon","Clipped","Spring",NA,"Spring","063223","FRH","Experimental",2026-03-23,2026-03-25,3,"SAN JOAQ R GRT VAL GR 140","RMIS",4,30,120,0.25,"Normal count",95,1,4,2.54,NA,NA,1983965,-4499
"2026-03-29 04:00:00","CVP","Chinook Salmon","Clipped","Spring",NA,"Spring","063223","SCARF","SJRRP",2026-03-23,2026-03-25,3,"San Joaquin River at Highway 140","CDFW inseason spreadsheet",4,30,120,0.25,"Normal count",95,1,4,2.54,NA,NA,1983965,-4499
"2026-03-29 04:00:00","CVP","Chinook Salmon","Clipped","Spring",NA,"Spring","063223","FRH","Experimental",2026-03-23,2026-03-25,3,"SAN JOAQ R GRT VAL GR 140","RMIS",4,30,120,0.25,"Normal count",96,1,4,2.54,NA,NA,1983966,-4499
"2026-03-29 04:00:00","CVP","Chinook Salmon","Clipped","Spring",NA,"Spring","063223","SCARF","SJRRP",2026-03-23,2026-03-25,3,"San Joaquin River at Highway 140","CDFW inseason spreadsheet",4,30,120,0.25,"Normal count",96,1,4,2.54,NA,NA,1983966,-4499
"2026-03-29 04:00:00","CVP","Chinook Salmon","Unclipped","Spring","Spring",NA,NA,NA,NA,NA,NA,NA,NA,NA,NA,30,120,0.25,"Normal count",97,1,4,2.54,"C260784CVP",1,1983967,-4499
"2026-03-29 04:00:00","CVP","Chinook Salmon","Unclipped","Spring","Fall",NA,NA,NA,NA,NA,NA,NA,NA,NA,NA,30,120,0.25,"Normal count",100,1,4,2.54,"C260785CVP",0.75700003,1983968,-4499
"2026-03-29 04:00:00","CVP","Chinook Salmon","Clipped","Spring",NA,"Spring","063223","SCARF","SJRRP",2026-03-23,2026-03-25,3,"San Joaquin River at Highway 140","CDFW inseason spreadsheet",4,30,120,0.25,"Normal count",103,1,4,2.88,NA,NA,1983969,-4499
"2026-03-29 04:00:00","CVP","Chinook Salmon","Clipped","Spring",NA,"Spring","063223","FRH","Experimental",2026-03-23,2026-03-25,3,"SAN JOAQ R GRT VAL GR 140","RMIS",4,30,120,0.25,"Normal count",103,1,4,2.88,NA,NA,1983969,-4499
"2026-03-29 04:00:00","CVP","Chinook Salmon","Unclipped","Spring","Spring",NA,NA,NA,NA,NA,NA,NA,NA,NA,NA,30,120,0.25,"Normal count",105,1,4,2.88,"C260782CVP",0.99900001,1983970,-4499
"2026-03-29 04:00:00","CVP","Chinook Salmon","Clipped","Spring",NA,"Spring","063198","SCARF","SJRRP",2026-03-09,2026-03-10,2,"San Joaquin River at Highway 140","CDFW inseason spreadsheet",19,30,120,0.25,"Normal count",106,1,4,2.88,NA,NA,1983971,-4499
"2026-03-29 04:00:00","CVP","Chinook Salmon","Clipped","Spring",NA,"Spring","063198","SCARF","Experimental",2026-03-09,2026-03-10,2,"SAN JOAQ R GRT VAL GR 140","RMIS",19,30,120,0.25,"Normal count",106,1,4,2.88,NA,NA,1983971,-4499
"2026-03-29 06:00:00","CVP","Chinook Salmon","Clipped","Spring",NA,"Spring","063223","FRH","Experimental",2026-03-23,2026-03-25,3,"SAN JOAQ R GRT VAL GR 140","RMIS",4,30,120,0.25,"Normal count",91,1,4,2.54,NA,NA,1983906,-4499
"2026-03-29 06:00:00","CVP","Chinook Salmon","Clipped","Spring",NA,"Spring","063223","SCARF","SJRRP",2026-03-23,2026-03-25,3,"San Joaquin River at Highway 140","CDFW inseason spreadsheet",4,30,120,0.25,"Normal count",91,1,4,2.54,NA,NA,1983906,-4499
"2026-03-29 10:00:00","CVP","Chinook Salmon","Clipped","Spring",NA,"Spring","063223","SCARF","SJRRP",2026-03-23,2026-03-25,3,"San Joaquin River at Highway 140","CDFW inseason spreadsheet",4,30,120,0.25,"Normal count",85,1,4,2.54,NA,NA,1983912,-4499
"2026-03-29 10:00:00","CVP","Chinook Salmon","Clipped","Spring",NA,"Spring","063223","FRH","Experimental",2026-03-23,2026-03-25,3,"SAN JOAQ R GRT VAL GR 140","RMIS",4,30,120,0.25,"Normal count",85,1,4,2.54,NA,NA,1983912,-4499
"2026-03-29 10:00:00","CVP","Chinook Salmon","Clipped","Spring",NA,"Spring","063223","FRH","Experimental",2026-03-23,2026-03-25,3,"SAN JOAQ R GRT VAL GR 140","RMIS",4,30,120,0.25,"Normal count",86,1,4,2.54,NA,NA,1983913,-4499
"2026-03-29 10:00:00","CVP","Chinook Salmon","Clipped","Spring",NA,"Spring","063223","SCARF","SJRRP",2026-03-23,2026-03-25,3,"San Joaquin River at Highway 140","CDFW inseason spreadsheet",4,30,120,0.25,"Normal count",86,1,4,2.54,NA,NA,1983913,-4499
"2026-03-29 10:00:00","CVP","Chinook Salmon","Clipped","Spring",NA,"Spring","063223","SCARF","SJRRP",2026-03-23,2026-03-25,3,"San Joaquin River at Highway 140","CDFW inseason spreadsheet",4,30,120,0.25,"Normal count",95,1,4,2.54,NA,NA,1983914,-4499
"2026-03-29 10:00:00","CVP","Chinook Salmon","Clipped","Spring",NA,"Spring","063223","FRH","Experimental",2026-03-23,2026-03-25,3,"SAN JOAQ R GRT VAL GR 140","RMIS",4,30,120,0.25,"Normal count",95,1,4,2.54,NA,NA,1983914,-4499
"2026-03-29 14:00:00","CVP","Chinook Salmon","Clipped","Spring",NA,"Spring","063223","FRH","Experimental",2026-03-23,2026-03-25,3,"SAN JOAQ R GRT VAL GR 140","RMIS",4,30,120,0.25,"Normal count",90,1,4,2.54,NA,NA,1983922,-4499
"2026-03-29 14:00:00","CVP","Chinook Salmon","Clipped","Spring",NA,"Spring","063223","SCARF","SJRRP",2026-03-23,2026-03-25,3,"San Joaquin River at Highway 140","CDFW inseason spreadsheet",4,30,120,0.25,"Normal count",90,1,4,2.54,NA,NA,1983922,-4499
"2026-03-29 14:00:00","CVP","Chinook Salmon","Clipped","Spring",NA,"Spring","063223","FRH","Experimental",2026-03-23,2026-03-25,3,"SAN JOAQ R GRT VAL GR 140","RMIS",4,30,120,0.25,"Normal count",94,1,4,2.54,NA,NA,1983923,-4499
"2026-03-29 14:00:00","CVP","Chinook Salmon","Clipped","Spring",NA,"Spring","063223","SCARF","SJRRP",2026-03-23,2026-03-25,3,"San Joaquin River at Highway 140","CDFW inseason spreadsheet",4,30,120,0.25,"Normal count",94,1,4,2.54,NA,NA,1983923,-4499
"2026-03-29 18:00:00","CVP","Chinook Salmon","Unclipped","Spring","Spring",NA,NA,NA,NA,NA,NA,NA,NA,NA,NA,30,120,0.25,"Normal count",87,1,4,2.54,"C260786CVP",0.70700002,1983936,-4499
"2026-03-29 18:00:00","CVP","Chinook Salmon","Clipped","Spring",NA,"Spring","063223","FRH","Experimental",2026-03-23,2026-03-25,3,"SAN JOAQ R GRT VAL GR 140","RMIS",4,30,120,0.25,"Normal count",89,1,4,2.54,NA,NA,1983937,-4499
"2026-03-29 18:00:00","CVP","Chinook Salmon","Clipped","Spring",NA,"Spring","063223","SCARF","SJRRP",2026-03-23,2026-03-25,3,"San Joaquin River at Highway 140","CDFW inseason spreadsheet",4,30,120,0.25,"Normal count",89,1,4,2.54,NA,NA,1983937,-4499
"2026-03-29 18:00:00","CVP","Chinook Salmon","Clipped","Spring",NA,"Spring","063223","FRH","Experimental",2026-03-23,2026-03-25,3,"SAN JOAQ R GRT VAL GR 140","RMIS",4,30,120,0.25,"Normal count",91,1,4,2.54,NA,NA,1983938,-4499
"2026-03-29 18:00:00","CVP","Chinook Salmon","Clipped","Spring",NA,"Spring","063223","SCARF","SJRRP",2026-03-23,2026-03-25,3,"San Joaquin River at Highway 140","CDFW inseason spreadsheet",4,30,120,0.25,"Normal count",91,1,4,2.54,NA,NA,1983938,-4499
"2026-03-29 20:00:00","CVP","Chinook Salmon","Clipped","Spring",NA,"Spring","063223","FRH","Experimental",2026-03-23,2026-03-25,3,"SAN JOAQ R GRT VAL GR 140","RMIS",4,30,120,0.25,"Normal count",105,1,4,2.88,NA,NA,1983909,-4499
"2026-03-29 20:00:00","CVP","Chinook Salmon","Clipped","Spring",NA,"Spring","063223","SCARF","SJRRP",2026-03-23,2026-03-25,3,"San Joaquin River at Highway 140","CDFW inseason spreadsheet",4,30,120,0.25,"Normal count",105,1,4,2.88,NA,NA,1983909,-4499
"2026-03-29 22:00:00","CVP","Chinook Salmon","Clipped","Spring",NA,"Spring","063223","SCARF","SJRRP",2026-03-23,2026-03-25,3,"San Joaquin River at Highway 140","CDFW inseason spreadsheet",4,30,120,0.25,"Normal count",81,1,4,2.54,NA,NA,1983973,-4499
"2026-03-29 22:00:00","CVP","Chinook Salmon","Clipped","Spring",NA,"Spring","063223","FRH","Experimental",2026-03-23,2026-03-25,3,"SAN JOAQ R GRT VAL GR 140","RMIS",4,30,120,0.25,"Normal count",81,1,4,2.54,NA,NA,1983973,-4499
"2026-03-29 22:00:00","CVP","Chinook Salmon","Clipped","Spring",NA,"Spring","063223","SCARF","SJRRP",2026-03-23,2026-03-25,3,"San Joaquin River at Highway 140","CDFW inseason spreadsheet",4,30,120,0.25,"Normal count",86,1,4,2.54,NA,NA,1983974,-4499
"2026-03-29 22:00:00","CVP","Chinook Salmon","Clipped","Spring",NA,"Spring","063223","FRH","Experimental",2026-03-23,2026-03-25,3,"SAN JOAQ R GRT VAL GR 140","RMIS",4,30,120,0.25,"Normal count",86,1,4,2.54,NA,NA,1983974,-4499
"2026-03-29 23:59:00","CVP","Chinook Salmon","Clipped","Spring",NA,"Spring","063223","SCARF","SJRRP",2026-03-23,2026-03-25,3,"San Joaquin River at Highway 140","CDFW inseason spreadsheet",4,30,120,0.25,"Normal count",82,1,4,2.54,NA,NA,1983929,-4499
"2026-03-29 23:59:00","CVP","Chinook Salmon","Clipped","Spring",NA,"Spring","063223","FRH","Experimental",2026-03-23,2026-03-25,3,"SAN JOAQ R GRT VAL GR 140","RMIS",4,30,120,0.25,"Normal count",82,1,4,2.54,NA,NA,1983929,-4499
"2026-03-29 23:59:00","CVP","Chinook Salmon","Clipped","Spring",NA,"Spring","063223","FRH","Experimental",2026-03-23,2026-03-25,3,"SAN JOAQ R GRT VAL GR 140","RMIS",4,30,120,0.25,"Normal count",83,1,4,2.54,NA,NA,1983930,-4499
"2026-03-29 23:59:00","CVP","Chinook Salmon","Clipped","Spring",NA,"Spring","063223","SCARF","SJRRP",2026-03-23,2026-03-25,3,"San Joaquin River at Highway 140","CDFW inseason spreadsheet",4,30,120,0.25,"Normal count",83,1,4,2.54,NA,NA,1983930,-4499
"2026-03-29 23:59:00","CVP","Chinook Salmon","Clipped","Spring",NA,"Spring","063223","SCARF","SJRRP",2026-03-23,2026-03-25,3,"San Joaquin River at Highway 140","CDFW inseason spreadsheet",4,30,120,0.25,"Normal count",86,1,4,2.54,NA,NA,1983931,-4499
"2026-03-29 23:59:00","CVP","Chinook Salmon","Clipped","Spring",NA,"Spring","063223","FRH","Experimental",2026-03-23,2026-03-25,3,"SAN JOAQ R GRT VAL GR 140","RMIS",4,30,120,0.25,"Normal count",86,1,4,2.54,NA,NA,1983931,-4499
"2026-03-30 02:00:00","CVP","Chinook Salmon","Clipped","Spring",NA,"Spring","063223","FRH","Experimental",2026-03-23,2026-03-25,3,"SAN JOAQ R GRT VAL GR 140","RMIS",5,30,120,0.25,"Normal count",76,1,4,2.54,NA,NA,1984089,-4518
"2026-03-30 02:00:00","CVP","Chinook Salmon","Clipped","Spring",NA,"Spring","063223","SCARF","SJRRP",2026-03-23,2026-03-25,3,"San Joaquin River at Highway 140","CDFW inseason spreadsheet",5,30,120,0.25,"Normal count",76,1,4,2.54,NA,NA,1984089,-4518
"2026-03-30 02:00:00","CVP","Chinook Salmon","Clipped","Spring",NA,"Spring","063223","FRH","Experimental",2026-03-23,2026-03-25,3,"SAN JOAQ R GRT VAL GR 140","RMIS",5,30,120,0.25,"Normal count",78,1,4,2.54,NA,NA,1984090,-4518
"2026-03-30 02:00:00","CVP","Chinook Salmon","Clipped","Spring",NA,"Spring","063223","SCARF","SJRRP",2026-03-23,2026-03-25,3,"San Joaquin River at Highway 140","CDFW inseason spreadsheet",5,30,120,0.25,"Normal count",78,1,4,2.54,NA,NA,1984090,-4518
"2026-03-30 02:00:00","CVP","Chinook Salmon","Clipped","Spring",NA,"Spring","063223","FRH","Experimental",2026-03-23,2026-03-25,3,"SAN JOAQ R GRT VAL GR 140","RMIS",5,30,120,0.25,"Normal count",79,1,4,2.54,NA,NA,1984091,-4518
"2026-03-30 02:00:00","CVP","Chinook Salmon","Clipped","Spring",NA,"Spring","063223","FRH","Experimental",2026-03-23,2026-03-25,3,"SAN JOAQ R GRT VAL GR 140","RMIS",5,30,120,0.25,"Normal count",79,1,4,2.54,NA,NA,1984091,-4518
"2026-03-30 02:00:00","CVP","Chinook Salmon","Clipped","Spring",NA,"Spring","063223","SCARF","SJRRP",2026-03-23,2026-03-25,3,"San Joaquin River at Highway 140","CDFW inseason spreadsheet",5,30,120,0.25,"Normal count",79,1,4,2.54,NA,NA,1984091,-4518
"2026-03-30 02:00:00","CVP","Chinook Salmon","Clipped","Spring",NA,"Spring","063223","SCARF","SJRRP",2026-03-23,2026-03-25,3,"San Joaquin River at Highway 140","CDFW inseason spreadsheet",5,30,120,0.25,"Normal count",79,1,4,2.54,NA,NA,1984091,-4518
"2026-03-30 02:00:00","CVP","Chinook Salmon","Clipped","Spring",NA,"Spring","063223","FRH","Experimental",2026-03-23,2026-03-25,3,"SAN JOAQ R GRT VAL GR 140","RMIS",5,30,120,0.25,"Normal count",79,1,4,2.54,NA,NA,1984091,-4518
"2026-03-30 02:00:00","CVP","Chinook Salmon","Clipped","Spring",NA,"Spring","063223","SCARF","SJRRP",2026-03-23,2026-03-25,3,"San Joaquin River at Highway 140","CDFW inseason spreadsheet",5,30,120,0.25,"Normal count",79,1,4,2.54,NA,NA,1984091,-4518
"2026-03-30 02:00:00","CVP","Chinook Salmon","Clipped","Spring",NA,"Spring","063223","FRH","Experimental",2026-03-23,2026-03-25,3,"SAN JOAQ R GRT VAL GR 140","RMIS",5,30,120,0.25,"Normal count",79,1,4,2.54,NA,NA,1984091,-4518
"2026-03-30 02:00:00","CVP","Chinook Salmon","Clipped","Spring",NA,"Spring","063223","SCARF","SJRRP",2026-03-23,2026-03-25,3,"San Joaquin River at Highway 140","CDFW inseason spreadsheet",5,30,120,0.25,"Normal count",79,1,4,2.54,NA,NA,1984091,-4518
"2026-03-30 02:00:00","CVP","Chinook Salmon","Clipped","Spring",NA,"Spring","063223","FRH","Experimental",2026-03-23,2026-03-25,3,"SAN JOAQ R GRT VAL GR 140","RMIS",5,30,120,0.25,"Normal count",80,1,4,2.54,NA,NA,1984092,-4518
"2026-03-30 02:00:00","CVP","Chinook Salmon","Clipped","Spring",NA,"Spring","063223","SCARF","SJRRP",2026-03-23,2026-03-25,3,"San Joaquin River at Highway 140","CDFW inseason spreadsheet",5,30,120,0.25,"Normal count",80,1,4,2.54,NA,NA,1984092,-4518
"2026-03-30 02:00:00","CVP","Chinook Salmon","Clipped","Spring",NA,"Spring","063198","SCARF","Experimental",2026-03-09,2026-03-10,2,"SAN JOAQ R GRT VAL GR 140","RMIS",20,30,120,0.25,"Normal count",81,1,4,2.54,NA,NA,1984093,-4518
"2026-03-30 02:00:00","CVP","Chinook Salmon","Clipped","Spring",NA,"Spring","063198","SCARF","SJRRP",2026-03-09,2026-03-10,2,"San Joaquin River at Highway 140","CDFW inseason spreadsheet",20,30,120,0.25,"Normal count",81,1,4,2.54,NA,NA,1984093,-4518
"2026-03-30 02:00:00","CVP","Chinook Salmon","Clipped","Spring",NA,"Spring","063198","SCARF","Experimental",2026-03-09,2026-03-10,2,"SAN JOAQ R GRT VAL GR 140","RMIS",20,30,120,0.25,"Normal count",81,1,4,2.54,NA,NA,1984093,-4518
"2026-03-30 02:00:00","CVP","Chinook Salmon","Clipped","Spring",NA,"Spring","063198","SCARF","SJRRP",2026-03-09,2026-03-10,2,"San Joaquin River at Highway 140","CDFW inseason spreadsheet",20,30,120,0.25,"Normal count",81,1,4,2.54,NA,NA,1984093,-4518
"2026-03-30 02:00:00","CVP","Chinook Salmon","Clipped","Spring",NA,"Spring","063198","SCARF","Experimental",2026-03-09,2026-03-10,2,"SAN JOAQ R GRT VAL GR 140","RMIS",20,30,120,0.25,"Normal count",81,1,4,2.54,NA,NA,1984093,-4518
"2026-03-30 02:00:00","CVP","Chinook Salmon","Clipped","Spring",NA,"Spring","063198","SCARF","Experimental",2026-03-09,2026-03-10,2,"SAN JOAQ R GRT VAL GR 140","RMIS",20,30,120,0.25,"Normal count",81,1,4,2.54,NA,NA,1984093,-4518
"2026-03-30 02:00:00","CVP","Chinook Salmon","Clipped","Spring",NA,"Spring","063198","SCARF","SJRRP",2026-03-09,2026-03-10,2,"San Joaquin River at Highway 140","CDFW inseason spreadsheet",20,30,120,0.25,"Normal count",81,1,4,2.54,NA,NA,1984093,-4518
"2026-03-30 02:00:00","CVP","Chinook Salmon","Clipped","Spring",NA,"Spring","063198","SCARF","SJRRP",2026-03-09,2026-03-10,2,"San Joaquin River at Highway 140","CDFW inseason spreadsheet",20,30,120,0.25,"Normal count",81,1,4,2.54,NA,NA,1984093,-4518
"2026-03-30 02:00:00","CVP","Chinook Salmon","Clipped","Spring",NA,"Spring","063223","SCARF","SJRRP",2026-03-23,2026-03-25,3,"San Joaquin River at Highway 140","CDFW inseason spreadsheet",5,30,120,0.25,"Normal count",82,3,12,7.61,NA,NA,1984094,-4518
"2026-03-30 02:00:00","CVP","Chinook Salmon","Clipped","Spring",NA,"Spring","063223","FRH","Experimental",2026-03-23,2026-03-25,3,"SAN JOAQ R GRT VAL GR 140","RMIS",5,30,120,0.25,"Normal count",82,3,12,7.61,NA,NA,1984094,-4518
"2026-03-30 02:00:00","CVP","Chinook Salmon","Clipped","Spring",NA,"Spring","063223","FRH","Experimental",2026-03-23,2026-03-25,3,"SAN JOAQ R GRT VAL GR 140","RMIS",5,30,120,0.25,"Normal count",82,1,4,2.54,NA,NA,1984094,-4518
"2026-03-30 02:00:00","CVP","Chinook Salmon","Clipped","Spring",NA,"Spring","063223","SCARF","SJRRP",2026-03-23,2026-03-25,3,"San Joaquin River at Highway 140","CDFW inseason spreadsheet",5,30,120,0.25,"Normal count",82,3,12,7.61,NA,NA,1984094,-4518
"2026-03-30 02:00:00","CVP","Chinook Salmon","Clipped","Spring",NA,"Spring","063223","FRH","Experimental",2026-03-23,2026-03-25,3,"SAN JOAQ R GRT VAL GR 140","RMIS",5,30,120,0.25,"Normal count",82,3,12,7.61,NA,NA,1984094,-4518
"2026-03-30 02:00:00","CVP","Chinook Salmon","Clipped","Spring",NA,"Spring","063223","FRH","Experimental",2026-03-23,2026-03-25,3,"SAN JOAQ R GRT VAL GR 140","RMIS",5,30,120,0.25,"Normal count",82,3,12,7.61,NA,NA,1984094,-4518
"2026-03-30 02:00:00","CVP","Chinook Salmon","Clipped","Spring",NA,"Spring","063223","SCARF","SJRRP",2026-03-23,2026-03-25,3,"San Joaquin River at Highway 140","CDFW inseason spreadsheet",5,30,120,0.25,"Normal count",82,3,12,7.61,NA,NA,1984094,-4518
"2026-03-30 02:00:00","CVP","Chinook Salmon","Clipped","Spring",NA,"Spring","063223","SCARF","SJRRP",2026-03-23,2026-03-25,3,"San Joaquin River at Highway 140","CDFW inseason spreadsheet",5,30,120,0.25,"Normal count",82,1,4,2.54,NA,NA,1984094,-4518
"2026-03-30 02:00:00","CVP","Chinook Salmon","Clipped","Spring",NA,"Spring","063223","FRH","Experimental",2026-03-23,2026-03-25,3,"SAN JOAQ R GRT VAL GR 140","RMIS",5,30,120,0.25,"Normal count",82,1,4,2.54,NA,NA,1984094,-4518
"2026-03-30 02:00:00","CVP","Chinook Salmon","Clipped","Spring",NA,"Spring","063223","SCARF","SJRRP",2026-03-23,2026-03-25,3,"San Joaquin River at Highway 140","CDFW inseason spreadsheet",5,30,120,0.25,"Normal count",82,1,4,2.54,NA,NA,1984094,-4518
"2026-03-30 02:00:00","CVP","Chinook Salmon","Clipped","Spring",NA,"Spring","063223","FRH","Experimental",2026-03-23,2026-03-25,3,"SAN JOAQ R GRT VAL GR 140","RMIS",5,30,120,0.25,"Normal count",82,1,4,2.54,NA,NA,1984094,-4518
"2026-03-30 02:00:00","CVP","Chinook Salmon","Clipped","Spring",NA,"Spring","063223","SCARF","SJRRP",2026-03-23,2026-03-25,3,"San Joaquin River at Highway 140","CDFW inseason spreadsheet",5,30,120,0.25,"Normal count",82,1,4,2.54,NA,NA,1984094,-4518
"2026-03-30 02:00:00","CVP","Chinook Salmon","Clipped","Spring",NA,"Spring","063223","FRH","Experimental",2026-03-23,2026-03-25,3,"SAN JOAQ R GRT VAL GR 140","RMIS",5,30,120,0.25,"Normal count",82,1,4,2.54,NA,NA,1984094,-4518
"2026-03-30 02:00:00","CVP","Chinook Salmon","Clipped","Spring",NA,"Spring","063223","SCARF","SJRRP",2026-03-23,2026-03-25,3,"San Joaquin River at Highway 140","CDFW inseason spreadsheet",5,30,120,0.25,"Normal count",82,1,4,2.54,NA,NA,1984094,-4518
"2026-03-30 02:00:00","CVP","Chinook Salmon","Clipped","Spring",NA,"Spring","063223","SCARF","SJRRP",2026-03-23,2026-03-25,3,"San Joaquin River at Highway 140","CDFW inseason spreadsheet",5,30,120,0.25,"Normal count",82,3,12,7.61,NA,NA,1984094,-4518
"2026-03-30 02:00:00","CVP","Chinook Salmon","Clipped","Spring",NA,"Spring","063223","FRH","Experimental",2026-03-23,2026-03-25,3,"SAN JOAQ R GRT VAL GR 140","RMIS",5,30,120,0.25,"Normal count",82,3,12,7.61,NA,NA,1984094,-4518
"2026-03-30 02:00:00","CVP","Chinook Salmon","Clipped","Spring",NA,"Spring","063223","FRH","Experimental",2026-03-23,2026-03-25,3,"SAN JOAQ R GRT VAL GR 140","RMIS",5,30,120,0.25,"Normal count",83,1,4,2.54,NA,NA,1984095,-4518
"2026-03-30 02:00:00","CVP","Chinook Salmon","Clipped","Spring",NA,"Spring","063223","SCARF","SJRRP",2026-03-23,2026-03-25,3,"San Joaquin River at Highway 140","CDFW inseason spreadsheet",5,30,120,0.25,"Normal count",83,2,8,5.07,NA,NA,1984095,-4518
"2026-03-30 02:00:00","CVP","Chinook Salmon","Clipped","Spring",NA,"Spring","063223","FRH","Experimental",2026-03-23,2026-03-25,3,"SAN JOAQ R GRT VAL GR 140","RMIS",5,30,120,0.25,"Normal count",83,2,8,5.07,NA,NA,1984095,-4518
"2026-03-30 02:00:00","CVP","Chinook Salmon","Clipped","Spring",NA,"Spring","063223","SCARF","SJRRP",2026-03-23,2026-03-25,3,"San Joaquin River at Highway 140","CDFW inseason spreadsheet",5,30,120,0.25,"Normal count",83,2,8,5.07,NA,NA,1984095,-4518
"2026-03-30 02:00:00","CVP","Chinook Salmon","Clipped","Spring",NA,"Spring","063223","FRH","Experimental",2026-03-23,2026-03-25,3,"SAN JOAQ R GRT VAL GR 140","RMIS",5,30,120,0.25,"Normal count",83,2,8,5.07,NA,NA,1984095,-4518
"2026-03-30 02:00:00","CVP","Chinook Salmon","Clipped","Spring",NA,"Spring","063223","SCARF","SJRRP",2026-03-23,2026-03-25,3,"San Joaquin River at Highway 140","CDFW inseason spreadsheet",5,30,120,0.25,"Normal count",83,2,8,5.07,NA,NA,1984095,-4518
"2026-03-30 02:00:00","CVP","Chinook Salmon","Clipped","Spring",NA,"Spring","063223","FRH","Experimental",2026-03-23,2026-03-25,3,"SAN JOAQ R GRT VAL GR 140","RMIS",5,30,120,0.25,"Normal count",83,2,8,5.07,NA,NA,1984095,-4518
"2026-03-30 02:00:00","CVP","Chinook Salmon","Clipped","Spring",NA,"Spring","063223","SCARF","SJRRP",2026-03-23,2026-03-25,3,"San Joaquin River at Highway 140","CDFW inseason spreadsheet",5,30,120,0.25,"Normal count",83,1,4,2.54,NA,NA,1984095,-4518
"2026-03-30 02:00:00","CVP","Chinook Salmon","Clipped","Spring",NA,"Spring","063223","FRH","Experimental",2026-03-23,2026-03-25,3,"SAN JOAQ R GRT VAL GR 140","RMIS",5,30,120,0.25,"Normal count",83,1,4,2.54,NA,NA,1984095,-4518
"2026-03-30 02:00:00","CVP","Chinook Salmon","Clipped","Spring",NA,"Spring","063223","SCARF","SJRRP",2026-03-23,2026-03-25,3,"San Joaquin River at Highway 140","CDFW inseason spreadsheet",5,30,120,0.25,"Normal count",83,1,4,2.54,NA,NA,1984095,-4518
"2026-03-30 02:00:00","CVP","Chinook Salmon","Clipped","Spring",NA,"Spring","063223","FRH","Experimental",2026-03-23,2026-03-25,3,"SAN JOAQ R GRT VAL GR 140","RMIS",5,30,120,0.25,"Normal count",83,1,4,2.54,NA,NA,1984095,-4518
"2026-03-30 02:00:00","CVP","Chinook Salmon","Clipped","Spring",NA,"Spring","063223","SCARF","SJRRP",2026-03-23,2026-03-25,3,"San Joaquin River at Highway 140","CDFW inseason spreadsheet",5,30,120,0.25,"Normal count",83,1,4,2.54,NA,NA,1984095,-4518
"2026-03-30 02:00:00","CVP","Chinook Salmon","Clipped","Spring",NA,"Spring","063223","FRH","Experimental",2026-03-23,2026-03-25,3,"SAN JOAQ R GRT VAL GR 140","RMIS",5,30,120,0.25,"Normal count",84,1,4,2.54,NA,NA,1984096,-4518
"2026-03-30 02:00:00","CVP","Chinook Salmon","Clipped","Spring",NA,"Spring","063223","SCARF","SJRRP",2026-03-23,2026-03-25,3,"San Joaquin River at Highway 140","CDFW inseason spreadsheet",5,30,120,0.25,"Normal count",84,1,4,2.54,NA,NA,1984096,-4518
"2026-03-30 02:00:00","CVP","Chinook Salmon","Clipped","Spring",NA,"Spring","063223","FRH","Experimental",2026-03-23,2026-03-25,3,"SAN JOAQ R GRT VAL GR 140","RMIS",5,30,120,0.25,"Normal count",85,1,4,2.54,NA,NA,1984097,-4518
"2026-03-30 02:00:00","CVP","Chinook Salmon","Clipped","Spring",NA,"Spring","063223","SCARF","SJRRP",2026-03-23,2026-03-25,3,"San Joaquin River at Highway 140","CDFW inseason spreadsheet",5,30,120,0.25,"Normal count",85,1,4,2.54,NA,NA,1984097,-4518
"2026-03-30 02:00:00","CVP","Chinook Salmon","Clipped","Spring",NA,"Spring","063223","FRH","Experimental",2026-03-23,2026-03-25,3,"SAN JOAQ R GRT VAL GR 140","RMIS",5,30,120,0.25,"Normal count",86,1,4,2.54,NA,NA,1984098,-4518
"2026-03-30 02:00:00","CVP","Chinook Salmon","Clipped","Spring",NA,"Spring","063223","FRH","Experimental",2026-03-23,2026-03-25,3,"SAN JOAQ R GRT VAL GR 140","RMIS",5,30,120,0.25,"Normal count",86,4,16,10.15,NA,NA,1984098,-4518
"2026-03-30 02:00:00","CVP","Chinook Salmon","Clipped","Spring",NA,"Spring","063223","SCARF","SJRRP",2026-03-23,2026-03-25,3,"San Joaquin River at Highway 140","CDFW inseason spreadsheet",5,30,120,0.25,"Normal count",86,4,16,10.15,NA,NA,1984098,-4518
"2026-03-30 02:00:00","CVP","Chinook Salmon","Clipped","Spring",NA,"Spring","063223","SCARF","SJRRP",2026-03-23,2026-03-25,3,"San Joaquin River at Highway 140","CDFW inseason spreadsheet",5,30,120,0.25,"Normal count",86,1,4,2.54,NA,NA,1984098,-4518
"2026-03-30 02:00:00","CVP","Chinook Salmon","Clipped","Spring",NA,"Spring","063223","FRH","Experimental",2026-03-23,2026-03-25,3,"SAN JOAQ R GRT VAL GR 140","RMIS",5,30,120,0.25,"Normal count",86,1,4,2.54,NA,NA,1984098,-4518
"2026-03-30 02:00:00","CVP","Chinook Salmon","Clipped","Spring",NA,"Spring","063223","SCARF","SJRRP",2026-03-23,2026-03-25,3,"San Joaquin River at Highway 140","CDFW inseason spreadsheet",5,30,120,0.25,"Normal count",86,1,4,2.54,NA,NA,1984098,-4518
"2026-03-30 02:00:00","CVP","Chinook Salmon","Clipped","Spring",NA,"Spring","063223","FRH","Experimental",2026-03-23,2026-03-25,3,"SAN JOAQ R GRT VAL GR 140","RMIS",5,30,120,0.25,"Normal count",86,1,4,2.54,NA,NA,1984098,-4518
"2026-03-30 02:00:00","CVP","Chinook Salmon","Clipped","Spring",NA,"Spring","063223","SCARF","SJRRP",2026-03-23,2026-03-25,3,"San Joaquin River at Highway 140","CDFW inseason spreadsheet",5,30,120,0.25,"Normal count",86,1,4,2.54,NA,NA,1984098,-4518
"2026-03-30 02:00:00","CVP","Chinook Salmon","Clipped","Spring",NA,"Spring","063223","FRH","Experimental",2026-03-23,2026-03-25,3,"SAN JOAQ R GRT VAL GR 140","RMIS",5,30,120,0.25,"Normal count",86,1,4,2.54,NA,NA,1984098,-4518
"2026-03-30 02:00:00","CVP","Chinook Salmon","Clipped","Spring",NA,"Spring","063223","SCARF","SJRRP",2026-03-23,2026-03-25,3,"San Joaquin River at Highway 140","CDFW inseason spreadsheet",5,30,120,0.25,"Normal count",86,1,4,2.54,NA,NA,1984098,-4518
"2026-03-30 02:00:00","CVP","Chinook Salmon","Clipped","Spring",NA,"Spring","063223","FRH","Experimental",2026-03-23,2026-03-25,3,"SAN JOAQ R GRT VAL GR 140","RMIS",5,30,120,0.25,"Normal count",86,1,4,2.54,NA,NA,1984098,-4518
"2026-03-30 02:00:00","CVP","Chinook Salmon","Clipped","Spring",NA,"Spring","063223","SCARF","SJRRP",2026-03-23,2026-03-25,3,"San Joaquin River at Highway 140","CDFW inseason spreadsheet",5,30,120,0.25,"Normal count",86,1,4,2.54,NA,NA,1984098,-4518
"2026-03-30 02:00:00","CVP","Chinook Salmon","Clipped","Spring",NA,"Spring","063223","FRH","Experimental",2026-03-23,2026-03-25,3,"SAN JOAQ R GRT VAL GR 140","RMIS",5,30,120,0.25,"Normal count",86,4,16,10.15,NA,NA,1984098,-4518
"2026-03-30 02:00:00","CVP","Chinook Salmon","Clipped","Spring",NA,"Spring","063223","SCARF","SJRRP",2026-03-23,2026-03-25,3,"San Joaquin River at Highway 140","CDFW inseason spreadsheet",5,30,120,0.25,"Normal count",86,4,16,10.15,NA,NA,1984098,-4518
"2026-03-30 02:00:00","CVP","Chinook Salmon","Clipped","Spring",NA,"Spring","063223","FRH","Experimental",2026-03-23,2026-03-25,3,"SAN JOAQ R GRT VAL GR 140","RMIS",5,30,120,0.25,"Normal count",86,4,16,10.15,NA,NA,1984098,-4518
"2026-03-30 02:00:00","CVP","Chinook Salmon","Clipped","Spring",NA,"Spring","063223","SCARF","SJRRP",2026-03-23,2026-03-25,3,"San Joaquin River at Highway 140","CDFW inseason spreadsheet",5,30,120,0.25,"Normal count",86,4,16,10.15,NA,NA,1984098,-4518
"2026-03-30 02:00:00","CVP","Chinook Salmon","Clipped","Spring",NA,"Spring","063223","FRH","Experimental",2026-03-23,2026-03-25,3,"SAN JOAQ R GRT VAL GR 140","RMIS",5,30,120,0.25,"Normal count",86,4,16,10.15,NA,NA,1984098,-4518
"2026-03-30 02:00:00","CVP","Chinook Salmon","Clipped","Spring",NA,"Spring","063223","SCARF","SJRRP",2026-03-23,2026-03-25,3,"San Joaquin River at Highway 140","CDFW inseason spreadsheet",5,30,120,0.25,"Normal count",86,4,16,10.15,NA,NA,1984098,-4518
"2026-03-30 02:00:00","CVP","Chinook Salmon","Clipped","Spring",NA,"Spring","063223","FRH","Experimental",2026-03-23,2026-03-25,3,"SAN JOAQ R GRT VAL GR 140","RMIS",5,30,120,0.25,"Normal count",86,4,16,10.15,NA,NA,1984098,-4518
"2026-03-30 02:00:00","CVP","Chinook Salmon","Clipped","Spring",NA,"Spring","063223","SCARF","SJRRP",2026-03-23,2026-03-25,3,"San Joaquin River at Highway 140","CDFW inseason spreadsheet",5,30,120,0.25,"Normal count",86,4,16,10.15,NA,NA,1984098,-4518
"2026-03-30 02:00:00","CVP","Chinook Salmon","Clipped","Spring",NA,"Spring","063223","FRH","Experimental",2026-03-23,2026-03-25,3,"SAN JOAQ R GRT VAL GR 140","RMIS",5,30,120,0.25,"Normal count",87,1,4,2.54,NA,NA,1984099,-4518
"2026-03-30 02:00:00","CVP","Chinook Salmon","Clipped","Spring",NA,"Spring","063223","SCARF","SJRRP",2026-03-23,2026-03-25,3,"San Joaquin River at Highway 140","CDFW inseason spreadsheet",5,30,120,0.25,"Normal count",87,1,4,2.54,NA,NA,1984099,-4518
"2026-03-30 02:00:00","CVP","Chinook Salmon","Clipped","Spring",NA,"Spring","063223","FRH","Experimental",2026-03-23,2026-03-25,3,"SAN JOAQ R GRT VAL GR 140","RMIS",5,30,120,0.25,"Normal count",87,1,4,2.54,NA,NA,1984099,-4518
"2026-03-30 02:00:00","CVP","Chinook Salmon","Clipped","Spring",NA,"Spring","063223","SCARF","SJRRP",2026-03-23,2026-03-25,3,"San Joaquin River at Highway 140","CDFW inseason spreadsheet",5,30,120,0.25,"Normal count",87,1,4,2.54,NA,NA,1984099,-4518
"2026-03-30 02:00:00","CVP","Chinook Salmon","Clipped","Spring",NA,"Spring","063223","FRH","Experimental",2026-03-23,2026-03-25,3,"SAN JOAQ R GRT VAL GR 140","RMIS",5,30,120,0.25,"Normal count",87,1,4,2.54,NA,NA,1984099,-4518
"2026-03-30 02:00:00","CVP","Chinook Salmon","Clipped","Spring",NA,"Spring","063223","SCARF","SJRRP",2026-03-23,2026-03-25,3,"San Joaquin River at Highway 140","CDFW inseason spreadsheet",5,30,120,0.25,"Normal count",87,1,4,2.54,NA,NA,1984099,-4518
"2026-03-30 02:00:00","CVP","Chinook Salmon","Clipped","Spring",NA,"Spring","063223","FRH","Experimental",2026-03-23,2026-03-25,3,"SAN JOAQ R GRT VAL GR 140","RMIS",5,30,120,0.25,"Normal count",87,1,4,2.54,NA,NA,1984099,-4518
"2026-03-30 02:00:00","CVP","Chinook Salmon","Clipped","Spring",NA,"Spring","063223","SCARF","SJRRP",2026-03-23,2026-03-25,3,"San Joaquin River at Highway 140","CDFW inseason spreadsheet",5,30,120,0.25,"Normal count",87,1,4,2.54,NA,NA,1984099,-4518
"2026-03-30 02:00:00","CVP","Chinook Salmon","Clipped","Spring",NA,"Spring","063223","SCARF","SJRRP",2026-03-23,2026-03-25,3,"San Joaquin River at Highway 140","CDFW inseason spreadsheet",5,30,120,0.25,"Normal count",89,1,4,2.54,NA,NA,1984100,-4518
"2026-03-30 02:00:00","CVP","Chinook Salmon","Clipped","Spring",NA,"Spring","063223","FRH","Experimental",2026-03-23,2026-03-25,3,"SAN JOAQ R GRT VAL GR 140","RMIS",5,30,120,0.25,"Normal count",89,1,4,2.54,NA,NA,1984100,-4518
"2026-03-30 02:00:00","CVP","Chinook Salmon","Clipped","Spring",NA,"Spring","063223","SCARF","SJRRP",2026-03-23,2026-03-25,3,"San Joaquin River at Highway 140","CDFW inseason spreadsheet",5,30,120,0.25,"Normal count",89,1,4,2.54,NA,NA,1984100,-4518
"2026-03-30 02:00:00","CVP","Chinook Salmon","Clipped","Spring",NA,"Spring","063223","SCARF","SJRRP",2026-03-23,2026-03-25,3,"San Joaquin River at Highway 140","CDFW inseason spreadsheet",5,30,120,0.25,"Normal count",89,1,4,2.54,NA,NA,1984100,-4518
"2026-03-30 02:00:00","CVP","Chinook Salmon","Clipped","Spring",NA,"Spring","063223","FRH","Experimental",2026-03-23,2026-03-25,3,"SAN JOAQ R GRT VAL GR 140","RMIS",5,30,120,0.25,"Normal count",89,1,4,2.54,NA,NA,1984100,-4518
"2026-03-30 02:00:00","CVP","Chinook Salmon","Clipped","Spring",NA,"Spring","063223","SCARF","SJRRP",2026-03-23,2026-03-25,3,"San Joaquin River at Highway 140","CDFW inseason spreadsheet",5,30,120,0.25,"Normal count",89,1,4,2.54,NA,NA,1984100,-4518
"2026-03-30 02:00:00","CVP","Chinook Salmon","Clipped","Spring",NA,"Spring","063223","FRH","Experimental",2026-03-23,2026-03-25,3,"SAN JOAQ R GRT VAL GR 140","RMIS",5,30,120,0.25,"Normal count",89,1,4,2.54,NA,NA,1984100,-4518
"2026-03-30 02:00:00","CVP","Chinook Salmon","Clipped","Spring",NA,"Spring","063223","FRH","Experimental",2026-03-23,2026-03-25,3,"SAN JOAQ R GRT VAL GR 140","RMIS",5,30,120,0.25,"Normal count",89,1,4,2.54,NA,NA,1984100,-4518
"2026-03-30 02:00:00","CVP","Chinook Salmon","Clipped","Spring",NA,"Spring","063223","FRH","Experimental",2026-03-23,2026-03-25,3,"SAN JOAQ R GRT VAL GR 140","RMIS",5,30,120,0.25,"Normal count",91,1,4,2.54,NA,NA,1984101,-4518
"2026-03-30 02:00:00","CVP","Chinook Salmon","Clipped","Spring",NA,"Spring","063223","SCARF","SJRRP",2026-03-23,2026-03-25,3,"San Joaquin River at Highway 140","CDFW inseason spreadsheet",5,30,120,0.25,"Normal count",91,1,4,2.54,NA,NA,1984101,-4518
"2026-03-30 02:00:00","CVP","Chinook Salmon","Clipped","Spring",NA,"Spring","063198","SCARF","SJRRP",2026-03-09,2026-03-10,2,"San Joaquin River at Highway 140","CDFW inseason spreadsheet",20,30,120,0.25,"Normal count",94,1,4,2.54,NA,NA,1984102,-4518
"2026-03-30 02:00:00","CVP","Chinook Salmon","Clipped","Spring",NA,"Spring","063198","SCARF","Experimental",2026-03-09,2026-03-10,2,"SAN JOAQ R GRT VAL GR 140","RMIS",20,30,120,0.25,"Normal count",94,1,4,2.54,NA,NA,1984102,-4518
"2026-03-30 04:00:00","CVP","Chinook Salmon","Clipped","Spring",NA,"Spring","063223","SCARF","SJRRP",2026-03-23,2026-03-25,3,"San Joaquin River at Highway 140","CDFW inseason spreadsheet",5,30,120,0.25,"Normal count",80,1,4,2.54,NA,NA,1984043,-4518
"2026-03-30 04:00:00","CVP","Chinook Salmon","Clipped","Spring",NA,"Spring","063223","FRH","Experimental",2026-03-23,2026-03-25,3,"SAN JOAQ R GRT VAL GR 140","RMIS",5,30,120,0.25,"Normal count",80,1,4,2.54,NA,NA,1984043,-4518
"2026-03-30 04:00:00","CVP","Chinook Salmon","Clipped","Spring",NA,"Spring","063223","FRH","Experimental",2026-03-23,2026-03-25,3,"SAN JOAQ R GRT VAL GR 140","RMIS",5,30,120,0.25,"Normal count",81,1,4,2.54,NA,NA,1984044,-4518
"2026-03-30 04:00:00","CVP","Chinook Salmon","Clipped","Spring",NA,"Spring","063223","SCARF","SJRRP",2026-03-23,2026-03-25,3,"San Joaquin River at Highway 140","CDFW inseason spreadsheet",5,30,120,0.25,"Normal count",81,1,4,2.54,NA,NA,1984044,-4518
"2026-03-30 04:00:00","CVP","Chinook Salmon","Clipped","Spring",NA,"Spring","063223","SCARF","SJRRP",2026-03-23,2026-03-25,3,"San Joaquin River at Highway 140","CDFW inseason spreadsheet",5,30,120,0.25,"Normal count",82,1,4,2.54,NA,NA,1984045,-4518
"2026-03-30 04:00:00","CVP","Chinook Salmon","Clipped","Spring",NA,"Spring","063223","FRH","Experimental",2026-03-23,2026-03-25,3,"SAN JOAQ R GRT VAL GR 140","RMIS",5,30,120,0.25,"Normal count",82,1,4,2.54,NA,NA,1984045,-4518
"2026-03-30 04:00:00","CVP","Chinook Salmon","Clipped","Spring",NA,"Spring","063223","FRH","Experimental",2026-03-23,2026-03-25,3,"SAN JOAQ R GRT VAL GR 140","RMIS",5,30,120,0.25,"Normal count",88,1,4,2.54,NA,NA,1984046,-4518
"2026-03-30 04:00:00","CVP","Chinook Salmon","Clipped","Spring",NA,"Spring","063223","SCARF","SJRRP",2026-03-23,2026-03-25,3,"San Joaquin River at Highway 140","CDFW inseason spreadsheet",5,30,120,0.25,"Normal count",88,1,4,2.54,NA,NA,1984046,-4518
"2026-03-30 04:00:00","CVP","Chinook Salmon","Clipped","Spring",NA,"Spring","063223","FRH","Experimental",2026-03-23,2026-03-25,3,"SAN JOAQ R GRT VAL GR 140","RMIS",5,30,120,0.25,"Normal count",90,1,4,2.54,NA,NA,1984047,-4518
"2026-03-30 04:00:00","CVP","Chinook Salmon","Clipped","Spring",NA,"Spring","063223","SCARF","SJRRP",2026-03-23,2026-03-25,3,"San Joaquin River at Highway 140","CDFW inseason spreadsheet",5,30,120,0.25,"Normal count",90,1,4,2.54,NA,NA,1984047,-4518
"2026-03-30 04:00:00","CVP","Chinook Salmon","Clipped","Spring",NA,"Spring","063198","SCARF","Experimental",2026-03-09,2026-03-10,2,"SAN JOAQ R GRT VAL GR 140","RMIS",20,30,120,0.25,"Normal count",91,1,4,2.54,NA,NA,1984048,-4518
"2026-03-30 04:00:00","CVP","Chinook Salmon","Clipped","Spring",NA,"Spring","063198","SCARF","SJRRP",2026-03-09,2026-03-10,2,"San Joaquin River at Highway 140","CDFW inseason spreadsheet",20,30,120,0.25,"Normal count",91,1,4,2.54,NA,NA,1984048,-4518
"2026-03-30 04:00:00","CVP","Chinook Salmon","Clipped","Spring",NA,"Spring","063223","SCARF","SJRRP",2026-03-23,2026-03-25,3,"San Joaquin River at Highway 140","CDFW inseason spreadsheet",5,30,120,0.25,"Normal count",93,1,4,2.54,NA,NA,1984049,-4518
"2026-03-30 04:00:00","CVP","Chinook Salmon","Clipped","Spring",NA,"Spring","063223","FRH","Experimental",2026-03-23,2026-03-25,3,"SAN JOAQ R GRT VAL GR 140","RMIS",5,30,120,0.25,"Normal count",93,1,4,2.54,NA,NA,1984049,-4518
"2026-03-30 04:00:00","CVP","Chinook Salmon","Clipped","Spring",NA,"Spring","063198","SCARF","Experimental",2026-03-09,2026-03-10,2,"SAN JOAQ R GRT VAL GR 140","RMIS",20,30,120,0.25,"Normal count",99,1,4,2.54,NA,NA,1984050,-4518
"2026-03-30 04:00:00","CVP","Chinook Salmon","Clipped","Spring",NA,"Spring","063223","FRH","Experimental",2026-03-23,2026-03-25,3,"SAN JOAQ R GRT VAL GR 140","RMIS",5,30,120,0.25,"Normal count",99,1,4,2.54,NA,NA,1984050,-4518
"2026-03-30 04:00:00","CVP","Chinook Salmon","Clipped","Spring",NA,"Spring","063223","SCARF","SJRRP",2026-03-23,2026-03-25,3,"San Joaquin River at Highway 140","CDFW inseason spreadsheet",5,30,120,0.25,"Normal count",99,1,4,2.54,NA,NA,1984050,-4518
"2026-03-30 04:00:00","CVP","Chinook Salmon","Clipped","Spring",NA,"Spring","063198","SCARF","Experimental",2026-03-09,2026-03-10,2,"SAN JOAQ R GRT VAL GR 140","RMIS",20,30,120,0.25,"Normal count",99,1,4,2.54,NA,NA,1984050,-4518
"2026-03-30 04:00:00","CVP","Chinook Salmon","Clipped","Spring",NA,"Spring","063198","SCARF","SJRRP",2026-03-09,2026-03-10,2,"San Joaquin River at Highway 140","CDFW inseason spreadsheet",20,30,120,0.25,"Normal count",99,1,4,2.54,NA,NA,1984050,-4518
"2026-03-30 04:00:00","CVP","Chinook Salmon","Clipped","Spring",NA,"Spring","063223","FRH","Experimental",2026-03-23,2026-03-25,3,"SAN JOAQ R GRT VAL GR 140","RMIS",5,30,120,0.25,"Normal count",99,1,4,2.54,NA,NA,1984050,-4518
"2026-03-30 04:00:00","CVP","Chinook Salmon","Clipped","Spring",NA,"Spring","063223","SCARF","SJRRP",2026-03-23,2026-03-25,3,"San Joaquin River at Highway 140","CDFW inseason spreadsheet",5,30,120,0.25,"Normal count",99,1,4,2.54,NA,NA,1984050,-4518
"2026-03-30 04:00:00","CVP","Chinook Salmon","Clipped","Spring",NA,"Spring","063198","SCARF","SJRRP",2026-03-09,2026-03-10,2,"San Joaquin River at Highway 140","CDFW inseason spreadsheet",20,30,120,0.25,"Normal count",99,1,4,2.54,NA,NA,1984050,-4518
"2026-03-30 06:00:00","CVP","Chinook Salmon","Clipped","Spring",NA,"Spring","063223","SCARF","SJRRP",2026-03-23,2026-03-25,3,"San Joaquin River at Highway 140","CDFW inseason spreadsheet",5,30,120,0.25,"Normal count",80,1,4,2.54,NA,NA,1984068,-4518
"2026-03-30 06:00:00","CVP","Chinook Salmon","Clipped","Spring",NA,"Spring","063223","FRH","Experimental",2026-03-23,2026-03-25,3,"SAN JOAQ R GRT VAL GR 140","RMIS",5,30,120,0.25,"Normal count",80,1,4,2.54,NA,NA,1984068,-4518
"2026-03-30 06:00:00","CVP","Chinook Salmon","Clipped","Spring",NA,"Spring","063223","FRH","Experimental",2026-03-23,2026-03-25,3,"SAN JOAQ R GRT VAL GR 140","RMIS",5,30,120,0.25,"Normal count",94,1,4,2.54,NA,NA,1984069,-4518
"2026-03-30 06:00:00","CVP","Chinook Salmon","Clipped","Spring",NA,"Spring","063223","SCARF","SJRRP",2026-03-23,2026-03-25,3,"San Joaquin River at Highway 140","CDFW inseason spreadsheet",5,30,120,0.25,"Normal count",94,1,4,2.54,NA,NA,1984069,-4518
"2026-03-30 12:00:00","CVP","Chinook Salmon","Clipped","Spring",NA,"Spring","063223","SCARF","SJRRP",2026-03-23,2026-03-25,3,"San Joaquin River at Highway 140","CDFW inseason spreadsheet",5,30,120,0.25,"Normal count",84,1,4,2.54,NA,NA,1984028,-4518
"2026-03-30 12:00:00","CVP","Chinook Salmon","Clipped","Spring",NA,"Spring","063223","FRH","Experimental",2026-03-23,2026-03-25,3,"SAN JOAQ R GRT VAL GR 140","RMIS",5,30,120,0.25,"Normal count",84,1,4,2.54,NA,NA,1984028,-4518
"2026-03-30 14:00:00","CVP","Chinook Salmon","Unclipped","Spring","Spring",NA,NA,NA,NA,NA,NA,NA,NA,NA,NA,30,120,0.25,"Normal count",100,1,4,2.54,"C260787CVP",0.74900001,1984066,-4518
"2026-03-30 22:00:00","CVP","Chinook Salmon","Clipped","Spring",NA,"Spring","063223","SCARF","SJRRP",2026-03-23,2026-03-25,3,"San Joaquin River at Highway 140","CDFW inseason spreadsheet",5,30,120,0.25,"Normal count",81,1,4,2.54,NA,NA,1984026,-4518
"2026-03-30 22:00:00","CVP","Chinook Salmon","Clipped","Spring",NA,"Spring","063223","FRH","Experimental",2026-03-23,2026-03-25,3,"SAN JOAQ R GRT VAL GR 140","RMIS",5,30,120,0.25,"Normal count",81,1,4,2.54,NA,NA,1984026,-4518
"2026-03-30 22:00:00","CVP","Chinook Salmon","Clipped","Spring",NA,"Spring","063223","FRH","Experimental",2026-03-23,2026-03-25,3,"SAN JOAQ R GRT VAL GR 140","RMIS",5,30,120,0.25,"Normal count",81,1,4,2.54,NA,NA,1984026,-4518
"2026-03-30 22:00:00","CVP","Chinook Salmon","Clipped","Spring",NA,"Spring","063223","SCARF","SJRRP",2026-03-23,2026-03-25,3,"San Joaquin River at Highway 140","CDFW inseason spreadsheet",5,30,120,0.25,"Normal count",81,1,4,2.54,NA,NA,1984026,-4518
"2026-03-30 22:00:00","CVP","Chinook Salmon","Clipped","Spring",NA,"Spring","063223","FRH","Experimental",2026-03-23,2026-03-25,3,"SAN JOAQ R GRT VAL GR 140","RMIS",5,30,120,0.25,"Normal count",81,1,4,2.54,NA,NA,1984026,-4518
"2026-03-30 22:00:00","CVP","Chinook Salmon","Clipped","Spring",NA,"Spring","063223","SCARF","SJRRP",2026-03-23,2026-03-25,3,"San Joaquin River at Highway 140","CDFW inseason spreadsheet",5,30,120,0.25,"Normal count",81,1,4,2.54,NA,NA,1984026,-4518
"2026-03-30 22:00:00","CVP","Chinook Salmon","Clipped","Spring",NA,"Spring","063223","SCARF","SJRRP",2026-03-23,2026-03-25,3,"San Joaquin River at Highway 140","CDFW inseason spreadsheet",5,30,120,0.25,"Normal count",81,1,4,2.54,NA,NA,1984026,-4518
"2026-03-30 22:00:00","CVP","Chinook Salmon","Clipped","Spring",NA,"Spring","063223","FRH","Experimental",2026-03-23,2026-03-25,3,"SAN JOAQ R GRT VAL GR 140","RMIS",5,30,120,0.25,"Normal count",81,1,4,2.54,NA,NA,1984026,-4518
"2026-03-30 23:59:00","CVP","Chinook Salmon","Clipped","Spring",NA,"Spring","063223","FRH","Experimental",2026-03-23,2026-03-25,3,"SAN JOAQ R GRT VAL GR 140","RMIS",5,30,120,0.25,"Normal count",79,1,4,2.54,NA,NA,1984029,-4518
"2026-03-30 23:59:00","CVP","Chinook Salmon","Clipped","Spring",NA,"Spring","063223","SCARF","SJRRP",2026-03-23,2026-03-25,3,"San Joaquin River at Highway 140","CDFW inseason spreadsheet",5,30,120,0.25,"Normal count",79,1,4,2.54,NA,NA,1984029,-4518
"2026-03-30 23:59:00","CVP","Chinook Salmon","Clipped","Spring",NA,"Spring","063223","FRH","Experimental",2026-03-23,2026-03-25,3,"SAN JOAQ R GRT VAL GR 140","RMIS",5,30,120,0.25,"Normal count",83,1,4,2.54,NA,NA,1984030,-4518
"2026-03-30 23:59:00","CVP","Chinook Salmon","Clipped","Spring",NA,"Spring","063223","SCARF","SJRRP",2026-03-23,2026-03-25,3,"San Joaquin River at Highway 140","CDFW inseason spreadsheet",5,30,120,0.25,"Normal count",83,1,4,2.54,NA,NA,1984030,-4518
"2026-03-30 23:59:00","CVP","Chinook Salmon","Clipped","Spring",NA,"Spring","063223","FRH","Experimental",2026-03-23,2026-03-25,3,"SAN JOAQ R GRT VAL GR 140","RMIS",5,30,120,0.25,"Normal count",85,1,4,2.54,NA,NA,1984031,-4518
"2026-03-30 23:59:00","CVP","Chinook Salmon","Clipped","Spring",NA,"Spring","063223","SCARF","SJRRP",2026-03-23,2026-03-25,3,"San Joaquin River at Highway 140","CDFW inseason spreadsheet",5,30,120,0.25,"Normal count",85,1,4,2.54,NA,NA,1984031,-4518
"2026-03-31 02:00:00","CVP","Chinook Salmon","Clipped","Spring",NA,"Spring","063223","SCARF","SJRRP",2026-03-23,2026-03-25,3,"San Joaquin River at Highway 140","CDFW inseason spreadsheet",6,30,120,0.25,"Normal count",78,1,4,2.54,NA,NA,1984132,-4516
"2026-03-31 02:00:00","CVP","Chinook Salmon","Clipped","Spring",NA,"Spring","063223","FRH","Experimental",2026-03-23,2026-03-25,3,"SAN JOAQ R GRT VAL GR 140","RMIS",6,30,120,0.25,"Normal count",78,1,4,2.54,NA,NA,1984132,-4516
"2026-03-31 02:00:00","CVP","Chinook Salmon","Clipped","Spring",NA,"Spring","063223","SCARF","SJRRP",2026-03-23,2026-03-25,3,"San Joaquin River at Highway 140","CDFW inseason spreadsheet",6,30,120,0.25,"Normal count",85,1,4,2.54,NA,NA,1984133,-4516
"2026-03-31 02:00:00","CVP","Chinook Salmon","Clipped","Spring",NA,"Spring","063223","FRH","Experimental",2026-03-23,2026-03-25,3,"SAN JOAQ R GRT VAL GR 140","RMIS",6,30,120,0.25,"Normal count",85,1,4,2.54,NA,NA,1984133,-4516
"2026-03-31 04:00:00","CVP","Chinook Salmon","Clipped","Spring",NA,"Spring","063223","SCARF","SJRRP",2026-03-23,2026-03-25,3,"San Joaquin River at Highway 140","CDFW inseason spreadsheet",6,30,120,0.25,"Normal count",73,1,4,2.54,NA,NA,1984137,-4516
"2026-03-31 04:00:00","CVP","Chinook Salmon","Clipped","Spring",NA,"Spring","063223","FRH","Experimental",2026-03-23,2026-03-25,3,"SAN JOAQ R GRT VAL GR 140","RMIS",6,30,120,0.25,"Normal count",73,1,4,2.54,NA,NA,1984137,-4516
"2026-03-31 04:00:00","CVP","Chinook Salmon","Clipped","Spring",NA,"Spring","063223","SCARF","SJRRP",2026-03-23,2026-03-25,3,"San Joaquin River at Highway 140","CDFW inseason spreadsheet",6,30,120,0.25,"Normal count",74,1,4,2.54,NA,NA,1984138,-4516
"2026-03-31 04:00:00","CVP","Chinook Salmon","Clipped","Spring",NA,"Spring","063223","FRH","Experimental",2026-03-23,2026-03-25,3,"SAN JOAQ R GRT VAL GR 140","RMIS",6,30,120,0.25,"Normal count",74,1,4,2.54,NA,NA,1984138,-4516
"2026-03-31 04:00:00","CVP","Chinook Salmon","Clipped","Spring",NA,"Spring","063223","SCARF","SJRRP",2026-03-23,2026-03-25,3,"San Joaquin River at Highway 140","CDFW inseason spreadsheet",6,30,120,0.25,"Normal count",76,1,4,2.54,NA,NA,1984139,-4516
"2026-03-31 04:00:00","CVP","Chinook Salmon","Clipped","Spring",NA,"Spring","063223","SCARF","SJRRP",2026-03-23,2026-03-25,3,"San Joaquin River at Highway 140","CDFW inseason spreadsheet",6,30,120,0.25,"Normal count",76,1,4,2.54,NA,NA,1984139,-4516
"2026-03-31 04:00:00","CVP","Chinook Salmon","Clipped","Spring",NA,"Spring","063223","FRH","Experimental",2026-03-23,2026-03-25,3,"SAN JOAQ R GRT VAL GR 140","RMIS",6,30,120,0.25,"Normal count",76,1,4,2.54,NA,NA,1984139,-4516
"2026-03-31 04:00:00","CVP","Chinook Salmon","Clipped","Spring",NA,"Spring","063223","FRH","Experimental",2026-03-23,2026-03-25,3,"SAN JOAQ R GRT VAL GR 140","RMIS",6,30,120,0.25,"Normal count",76,1,4,2.54,NA,NA,1984139,-4516
"2026-03-31 04:00:00","CVP","Chinook Salmon","Clipped","Spring",NA,"Spring","063223","FRH","Experimental",2026-03-23,2026-03-25,3,"SAN JOAQ R GRT VAL GR 140","RMIS",6,30,120,0.25,"Normal count",76,1,4,2.54,NA,NA,1984139,-4516
"2026-03-31 04:00:00","CVP","Chinook Salmon","Clipped","Spring",NA,"Spring","063223","SCARF","SJRRP",2026-03-23,2026-03-25,3,"San Joaquin River at Highway 140","CDFW inseason spreadsheet",6,30,120,0.25,"Normal count",76,1,4,2.54,NA,NA,1984139,-4516
"2026-03-31 04:00:00","CVP","Chinook Salmon","Clipped","Spring",NA,"Spring","063223","FRH","Experimental",2026-03-23,2026-03-25,3,"SAN JOAQ R GRT VAL GR 140","RMIS",6,30,120,0.25,"Normal count",76,1,4,2.54,NA,NA,1984139,-4516
"2026-03-31 04:00:00","CVP","Chinook Salmon","Clipped","Spring",NA,"Spring","063223","SCARF","SJRRP",2026-03-23,2026-03-25,3,"San Joaquin River at Highway 140","CDFW inseason spreadsheet",6,30,120,0.25,"Normal count",76,1,4,2.54,NA,NA,1984139,-4516
"2026-03-31 04:00:00","CVP","Chinook Salmon","Clipped","Spring",NA,"Spring","063223","FRH","Experimental",2026-03-23,2026-03-25,3,"SAN JOAQ R GRT VAL GR 140","RMIS",6,30,120,0.25,"Normal count",77,1,4,2.54,NA,NA,1984140,-4516
"2026-03-31 04:00:00","CVP","Chinook Salmon","Clipped","Spring",NA,"Spring","063223","SCARF","SJRRP",2026-03-23,2026-03-25,3,"San Joaquin River at Highway 140","CDFW inseason spreadsheet",6,30,120,0.25,"Normal count",77,1,4,2.54,NA,NA,1984140,-4516
"2026-03-31 04:00:00","CVP","Chinook Salmon","Clipped","Spring",NA,"Spring","063223","SCARF","SJRRP",2026-03-23,2026-03-25,3,"San Joaquin River at Highway 140","CDFW inseason spreadsheet",6,30,120,0.25,"Normal count",78,1,4,2.54,NA,NA,1984141,-4516
"2026-03-31 04:00:00","CVP","Chinook Salmon","Clipped","Spring",NA,"Spring","063223","FRH","Experimental",2026-03-23,2026-03-25,3,"SAN JOAQ R GRT VAL GR 140","RMIS",6,30,120,0.25,"Normal count",78,1,4,2.54,NA,NA,1984141,-4516
"2026-03-31 04:00:00","CVP","Chinook Salmon","Clipped","Spring",NA,"Spring","063223","FRH","Experimental",2026-03-23,2026-03-25,3,"SAN JOAQ R GRT VAL GR 140","RMIS",6,30,120,0.25,"Normal count",78,1,4,2.54,NA,NA,1984141,-4516
"2026-03-31 04:00:00","CVP","Chinook Salmon","Clipped","Spring",NA,"Spring","063223","SCARF","SJRRP",2026-03-23,2026-03-25,3,"San Joaquin River at Highway 140","CDFW inseason spreadsheet",6,30,120,0.25,"Normal count",78,1,4,2.54,NA,NA,1984141,-4516
"2026-03-31 04:00:00","CVP","Chinook Salmon","Clipped","Spring",NA,"Spring","063223","FRH","Experimental",2026-03-23,2026-03-25,3,"SAN JOAQ R GRT VAL GR 140","RMIS",6,30,120,0.25,"Normal count",78,1,4,2.54,NA,NA,1984141,-4516
"2026-03-31 04:00:00","CVP","Chinook Salmon","Clipped","Spring",NA,"Spring","063223","SCARF","SJRRP",2026-03-23,2026-03-25,3,"San Joaquin River at Highway 140","CDFW inseason spreadsheet",6,30,120,0.25,"Normal count",78,1,4,2.54,NA,NA,1984141,-4516
"2026-03-31 04:00:00","CVP","Chinook Salmon","Clipped","Spring",NA,"Spring","063223","FRH","Experimental",2026-03-23,2026-03-25,3,"SAN JOAQ R GRT VAL GR 140","RMIS",6,30,120,0.25,"Normal count",78,1,4,2.54,NA,NA,1984141,-4516
"2026-03-31 04:00:00","CVP","Chinook Salmon","Clipped","Spring",NA,"Spring","063223","SCARF","SJRRP",2026-03-23,2026-03-25,3,"San Joaquin River at Highway 140","CDFW inseason spreadsheet",6,30,120,0.25,"Normal count",78,1,4,2.54,NA,NA,1984141,-4516
"2026-03-31 04:00:00","CVP","Chinook Salmon","Clipped","Spring",NA,"Spring","063223","FRH","Experimental",2026-03-23,2026-03-25,3,"SAN JOAQ R GRT VAL GR 140","RMIS",6,30,120,0.25,"Normal count",80,1,4,2.54,NA,NA,1984142,-4516
"2026-03-31 04:00:00","CVP","Chinook Salmon","Clipped","Spring",NA,"Spring","063223","SCARF","SJRRP",2026-03-23,2026-03-25,3,"San Joaquin River at Highway 140","CDFW inseason spreadsheet",6,30,120,0.25,"Normal count",80,1,4,2.54,NA,NA,1984142,-4516
"2026-03-31 04:00:00","CVP","Chinook Salmon","Clipped","Spring",NA,"Spring","063223","SCARF","SJRRP",2026-03-23,2026-03-25,3,"San Joaquin River at Highway 140","CDFW inseason spreadsheet",6,30,120,0.25,"Normal count",81,1,4,2.54,NA,NA,1984143,-4516
"2026-03-31 04:00:00","CVP","Chinook Salmon","Clipped","Spring",NA,"Spring","063223","FRH","Experimental",2026-03-23,2026-03-25,3,"SAN JOAQ R GRT VAL GR 140","RMIS",6,30,120,0.25,"Normal count",81,1,4,2.54,NA,NA,1984143,-4516
"2026-03-31 04:00:00","CVP","Chinook Salmon","Clipped","Spring",NA,"Spring","063198","SCARF","Experimental",2026-03-09,2026-03-10,2,"SAN JOAQ R GRT VAL GR 140","RMIS",21,30,120,0.25,"Normal count",88,1,4,2.54,NA,NA,1984144,-4516
"2026-03-31 04:00:00","CVP","Chinook Salmon","Clipped","Spring",NA,"Spring","063198","SCARF","SJRRP",2026-03-09,2026-03-10,2,"San Joaquin River at Highway 140","CDFW inseason spreadsheet",21,30,120,0.25,"Normal count",88,1,4,2.54,NA,NA,1984144,-4516
"2026-03-31 04:00:00","CVP","Chinook Salmon","Clipped","Spring",NA,"Spring","063223","FRH","Experimental",2026-03-23,2026-03-25,3,"SAN JOAQ R GRT VAL GR 140","RMIS",6,30,120,0.25,"Normal count",93,1,4,2.54,NA,NA,1984145,-4516
"2026-03-31 04:00:00","CVP","Chinook Salmon","Clipped","Spring",NA,"Spring","063223","SCARF","SJRRP",2026-03-23,2026-03-25,3,"San Joaquin River at Highway 140","CDFW inseason spreadsheet",6,30,120,0.25,"Normal count",93,1,4,2.54,NA,NA,1984145,-4516
"2026-03-31 04:00:00","CVP","Chinook Salmon","Clipped","Spring",NA,"Spring","063198","SCARF","SJRRP",2026-03-09,2026-03-10,2,"San Joaquin River at Highway 140","CDFW inseason spreadsheet",21,30,120,0.25,"Normal count",106,1,4,2.88,NA,NA,1984146,-4516
"2026-03-31 04:00:00","CVP","Chinook Salmon","Clipped","Spring",NA,"Spring","063198","SCARF","Experimental",2026-03-09,2026-03-10,2,"SAN JOAQ R GRT VAL GR 140","RMIS",21,30,120,0.25,"Normal count",106,1,4,2.88,NA,NA,1984146,-4516
"2026-03-31 06:00:00","CVP","Chinook Salmon","Clipped","Spring",NA,"Spring","063223","SCARF","SJRRP",2026-03-23,2026-03-25,3,"San Joaquin River at Highway 140","CDFW inseason spreadsheet",6,30,120,0.25,"Normal count",76,1,4,2.54,NA,NA,1984114,-4516
"2026-03-31 06:00:00","CVP","Chinook Salmon","Clipped","Spring",NA,"Spring","063223","FRH","Experimental",2026-03-23,2026-03-25,3,"SAN JOAQ R GRT VAL GR 140","RMIS",6,30,120,0.25,"Normal count",76,1,4,2.54,NA,NA,1984114,-4516
"2026-03-31 06:00:00","CVP","Chinook Salmon","Clipped","Spring",NA,"Spring","063223","SCARF","SJRRP",2026-03-23,2026-03-25,3,"San Joaquin River at Highway 140","CDFW inseason spreadsheet",6,30,120,0.25,"Normal count",83,1,4,2.54,NA,NA,1984115,-4516
"2026-03-31 06:00:00","CVP","Chinook Salmon","Clipped","Spring",NA,"Spring","063223","FRH","Experimental",2026-03-23,2026-03-25,3,"SAN JOAQ R GRT VAL GR 140","RMIS",6,30,120,0.25,"Normal count",83,1,4,2.54,NA,NA,1984115,-4516
"2026-03-31 06:00:00","CVP","Chinook Salmon","Clipped","Spring",NA,"Spring","063223","FRH","Experimental",2026-03-23,2026-03-25,3,"SAN JOAQ R GRT VAL GR 140","RMIS",6,30,120,0.25,"Normal count",87,1,4,2.54,NA,NA,1984116,-4516
"2026-03-31 06:00:00","CVP","Chinook Salmon","Clipped","Spring",NA,"Spring","063223","SCARF","SJRRP",2026-03-23,2026-03-25,3,"San Joaquin River at Highway 140","CDFW inseason spreadsheet",6,30,120,0.25,"Normal count",87,1,4,2.54,NA,NA,1984116,-4516
"2026-03-31 06:00:00","CVP","Chinook Salmon","Clipped","Spring",NA,"Spring","063223","SCARF","SJRRP",2026-03-23,2026-03-25,3,"San Joaquin River at Highway 140","CDFW inseason spreadsheet",6,30,120,0.25,"Normal count",91,1,4,2.54,NA,NA,1984117,-4516
"2026-03-31 06:00:00","CVP","Chinook Salmon","Clipped","Spring",NA,"Spring","063223","SCARF","SJRRP",2026-03-23,2026-03-25,3,"San Joaquin River at Highway 140","CDFW inseason spreadsheet",6,30,120,0.25,"Normal count",91,1,4,2.54,NA,NA,1984117,-4516
"2026-03-31 06:00:00","CVP","Chinook Salmon","Clipped","Spring",NA,"Spring","063223","FRH","Experimental",2026-03-23,2026-03-25,3,"SAN JOAQ R GRT VAL GR 140","RMIS",6,30,120,0.25,"Normal count",91,1,4,2.54,NA,NA,1984117,-4516
"2026-03-31 06:00:00","CVP","Chinook Salmon","Clipped","Spring",NA,"Spring","063223","FRH","Experimental",2026-03-23,2026-03-25,3,"SAN JOAQ R GRT VAL GR 140","RMIS",6,30,120,0.25,"Normal count",91,1,4,2.54,NA,NA,1984117,-4516
"2026-03-31 06:00:00","CVP","Chinook Salmon","Clipped","Spring",NA,"Spring","063223","SCARF","SJRRP",2026-03-23,2026-03-25,3,"San Joaquin River at Highway 140","CDFW inseason spreadsheet",6,30,120,0.25,"Normal count",91,1,4,2.54,NA,NA,1984117,-4516
"2026-03-31 06:00:00","CVP","Chinook Salmon","Clipped","Spring",NA,"Spring","063223","FRH","Experimental",2026-03-23,2026-03-25,3,"SAN JOAQ R GRT VAL GR 140","RMIS",6,30,120,0.25,"Normal count",91,1,4,2.54,NA,NA,1984117,-4516
"2026-03-31 06:00:00","CVP","Chinook Salmon","Clipped","Spring",NA,"Spring","063223","SCARF","SJRRP",2026-03-23,2026-03-25,3,"San Joaquin River at Highway 140","CDFW inseason spreadsheet",6,30,120,0.25,"Normal count",91,1,4,2.54,NA,NA,1984117,-4516
"2026-03-31 06:00:00","CVP","Chinook Salmon","Clipped","Spring",NA,"Spring","063223","FRH","Experimental",2026-03-23,2026-03-25,3,"SAN JOAQ R GRT VAL GR 140","RMIS",6,30,120,0.25,"Normal count",91,1,4,2.54,NA,NA,1984117,-4516
"2026-03-31 16:00:00","CVP","Chinook Salmon","Clipped","Spring",NA,"Spring","063223","SCARF","SJRRP",2026-03-23,2026-03-25,3,"San Joaquin River at Highway 140","CDFW inseason spreadsheet",6,30,120,0.25,"Normal count",83,1,4,2.54,NA,NA,1984149,-4516
"2026-03-31 16:00:00","CVP","Chinook Salmon","Clipped","Spring",NA,"Spring","063223","FRH","Experimental",2026-03-23,2026-03-25,3,"SAN JOAQ R GRT VAL GR 140","RMIS",6,30,120,0.25,"Normal count",83,1,4,2.54,NA,NA,1984149,-4516
"2026-03-31 22:00:00","CVP","Chinook Salmon","Clipped","Spring",NA,"Spring","063223","FRH","Experimental",2026-03-23,2026-03-25,3,"SAN JOAQ R GRT VAL GR 140","RMIS",6,30,120,0.25,"Normal count",84,1,4,2.54,NA,NA,1984147,-4516
"2026-03-31 22:00:00","CVP","Chinook Salmon","Clipped","Spring",NA,"Spring","063223","SCARF","SJRRP",2026-03-23,2026-03-25,3,"San Joaquin River at Highway 140","CDFW inseason spreadsheet",6,30,120,0.25,"Normal count",84,1,4,2.54,NA,NA,1984147,-4516
"2026-03-31 23:59:00","CVP","Chinook Salmon","Unclipped","Spring","Spring",NA,NA,NA,NA,NA,NA,NA,NA,NA,NA,30,120,0.25,"Normal count",83,1,4,2.54,"C260789CVP",0.86500001,1984108,-4516
"2026-03-31 23:59:00","CVP","Chinook Salmon","Unclipped","Spring","Fall",NA,NA,NA,NA,NA,NA,NA,NA,NA,NA,30,120,0.25,"Normal count",95,1,4,2.54,"C260788CVP",0.889,1984109,-4516
"2026-03-31 23:59:00","CVP","Chinook Salmon","Clipped","Spring",NA,"Spring","063223","SCARF","SJRRP",2026-03-23,2026-03-25,3,"San Joaquin River at Highway 140","CDFW inseason spreadsheet",6,30,120,0.25,"Normal count",96,1,4,2.54,NA,NA,1984110,-4516
"2026-03-31 23:59:00","CVP","Chinook Salmon","Clipped","Spring",NA,"Spring","063223","FRH","Experimental",2026-03-23,2026-03-25,3,"SAN JOAQ R GRT VAL GR 140","RMIS",6,30,120,0.25,"Normal count",96,1,4,2.54,NA,NA,1984110,-4516
"2026-04-01 02:00:00","CVP","Chinook Salmon","Clipped","Spring",NA,"Spring","063223","SCARF","SJRRP",2026-03-23,2026-03-25,3,"San Joaquin River at Highway 140","CDFW inseason spreadsheet",7,30,120,0.25,"Normal count",84,1,4,2.54,NA,NA,1984199,-4400
"2026-04-01 02:00:00","CVP","Chinook Salmon","Clipped","Spring",NA,"Spring","063223","FRH","Experimental",2026-03-23,2026-03-25,3,"SAN JOAQ R GRT VAL GR 140","RMIS",7,30,120,0.25,"Normal count",84,1,4,2.54,NA,NA,1984199,-4400
"2026-04-01 04:00:00","CVP","Chinook Salmon","Unclipped","Fall","Fall",NA,NA,NA,NA,NA,NA,NA,NA,NA,NA,30,120,0.25,"Normal count",70,1,4,2.54,"C260790CVP",0.792,1984189,-4400
"2026-04-01 04:00:00","CVP","Chinook Salmon","Clipped","Spring",NA,"Spring","063223","FRH","Experimental",2026-03-23,2026-03-25,3,"SAN JOAQ R GRT VAL GR 140","RMIS",7,30,120,0.25,"Normal count",80,1,4,2.54,NA,NA,1984190,-4400
"2026-04-01 04:00:00","CVP","Chinook Salmon","Clipped","Spring",NA,"Spring","063223","SCARF","SJRRP",2026-03-23,2026-03-25,3,"San Joaquin River at Highway 140","CDFW inseason spreadsheet",7,30,120,0.25,"Normal count",80,1,4,2.54,NA,NA,1984190,-4400
"2026-04-01 04:00:00","CVP","Chinook Salmon","Clipped","Spring",NA,"Spring","063223","SCARF","SJRRP",2026-03-23,2026-03-25,3,"San Joaquin River at Highway 140","CDFW inseason spreadsheet",7,30,120,0.25,"Normal count",82,1,4,2.54,NA,NA,1984191,-4400
"2026-04-01 04:00:00","CVP","Chinook Salmon","Clipped","Spring",NA,"Spring","063223","FRH","Experimental",2026-03-23,2026-03-25,3,"SAN JOAQ R GRT VAL GR 140","RMIS",7,30,120,0.25,"Normal count",82,1,4,2.54,NA,NA,1984191,-4400
"2026-04-01 04:00:00","CVP","Chinook Salmon","Clipped","Spring",NA,"Spring","063198","SCARF","Experimental",2026-03-09,2026-03-10,2,"SAN JOAQ R GRT VAL GR 140","RMIS",22,30,120,0.25,"Normal count",91,1,4,2.54,NA,NA,1984192,-4400
"2026-04-01 04:00:00","CVP","Chinook Salmon","Clipped","Spring",NA,"Spring","063198","SCARF","SJRRP",2026-03-09,2026-03-10,2,"San Joaquin River at Highway 140","CDFW inseason spreadsheet",22,30,120,0.25,"Normal count",91,1,4,2.54,NA,NA,1984192,-4400
"2026-04-01 04:00:00","CVP","Chinook Salmon","Clipped","Spring",NA,"Spring","063223","SCARF","SJRRP",2026-03-23,2026-03-25,3,"San Joaquin River at Highway 140","CDFW inseason spreadsheet",7,30,120,0.25,"Normal count",96,1,4,2.54,NA,NA,1984193,-4400
"2026-04-01 04:00:00","CVP","Chinook Salmon","Clipped","Spring",NA,"Spring","063223","FRH","Experimental",2026-03-23,2026-03-25,3,"SAN JOAQ R GRT VAL GR 140","RMIS",7,30,120,0.25,"Normal count",96,1,4,2.54,NA,NA,1984193,-4400
"2026-04-01 06:00:00","CVP","Chinook Salmon","Clipped","Fall",NA,"Spring","063223","FRH","Experimental",2026-03-23,2026-03-25,3,"SAN JOAQ R GRT VAL GR 140","RMIS",7,30,120,0.25,"Normal count",70,1,4,2.54,NA,NA,1984180,-4400
"2026-04-01 06:00:00","CVP","Chinook Salmon","Clipped","Fall",NA,"Spring","063223","SCARF","SJRRP",2026-03-23,2026-03-25,3,"San Joaquin River at Highway 140","CDFW inseason spreadsheet",7,30,120,0.25,"Normal count",70,1,4,2.54,NA,NA,1984180,-4400
"2026-04-01 06:00:00","CVP","Chinook Salmon","Clipped","Spring",NA,"Spring","063223","FRH","Experimental",2026-03-23,2026-03-25,3,"SAN JOAQ R GRT VAL GR 140","RMIS",7,30,120,0.25,"Normal count",80,1,4,2.54,NA,NA,1984181,-4400
"2026-04-01 06:00:00","CVP","Chinook Salmon","Clipped","Spring",NA,"Spring","063223","SCARF","SJRRP",2026-03-23,2026-03-25,3,"San Joaquin River at Highway 140","CDFW inseason spreadsheet",7,30,120,0.25,"Normal count",80,1,4,2.54,NA,NA,1984181,-4400
"2026-04-01 06:00:00","CVP","Chinook Salmon","Clipped","Spring",NA,"Spring","063223","SCARF","SJRRP",2026-03-23,2026-03-25,3,"San Joaquin River at Highway 140","CDFW inseason spreadsheet",7,30,120,0.25,"Normal count",81,1,4,2.54,NA,NA,1984182,-4400
"2026-04-01 06:00:00","CVP","Chinook Salmon","Clipped","Spring",NA,"Spring","063223","FRH","Experimental",2026-03-23,2026-03-25,3,"SAN JOAQ R GRT VAL GR 140","RMIS",7,30,120,0.25,"Normal count",81,1,4,2.54,NA,NA,1984182,-4400
"2026-04-01 06:00:00","CVP","Chinook Salmon","Clipped","Spring",NA,"Spring","063223","FRH","Experimental",2026-03-23,2026-03-25,3,"SAN JOAQ R GRT VAL GR 140","RMIS",7,30,120,0.25,"Normal count",90,1,4,2.54,NA,NA,1984183,-4400
"2026-04-01 06:00:00","CVP","Chinook Salmon","Clipped","Spring",NA,"Spring","063223","SCARF","SJRRP",2026-03-23,2026-03-25,3,"San Joaquin River at Highway 140","CDFW inseason spreadsheet",7,30,120,0.25,"Normal count",90,1,4,2.54,NA,NA,1984183,-4400
"2026-04-01 16:00:00","CVP","Chinook Salmon","Clipped","Spring",NA,"Spring","063223","FRH","Experimental",2026-03-23,2026-03-25,3,"SAN JOAQ R GRT VAL GR 140","RMIS",7,30,120,0.25,"Normal count",95,1,4,2.54,NA,NA,1984205,-4400
"2026-04-01 16:00:00","CVP","Chinook Salmon","Clipped","Spring",NA,"Spring","063223","SCARF","SJRRP",2026-03-23,2026-03-25,3,"San Joaquin River at Highway 140","CDFW inseason spreadsheet",7,30,120,0.25,"Normal count",95,1,4,2.54,NA,NA,1984205,-4400
"2026-04-01 16:00:00","CVP","Chinook Salmon","Clipped","Spring",NA,"Spring","063223","SCARF","SJRRP",2026-03-23,2026-03-25,3,"San Joaquin River at Highway 140","CDFW inseason spreadsheet",7,30,120,0.25,"Normal count",97,1,4,2.54,NA,NA,1984206,-4400
"2026-04-01 16:00:00","CVP","Chinook Salmon","Clipped","Spring",NA,"Spring","063223","FRH","Experimental",2026-03-23,2026-03-25,3,"SAN JOAQ R GRT VAL GR 140","RMIS",7,30,120,0.25,"Normal count",97,1,4,2.54,NA,NA,1984206,-4400
"2026-04-02 04:00:00","CVP","Chinook Salmon","Unclipped","Spring","Spring",NA,NA,NA,NA,NA,NA,NA,NA,NA,NA,30,120,0.25,"Normal count",103,1,4,2.88,"C260792CVP",0.69400001,1984241,-4684
"2026-04-02 04:00:00","CVP","Chinook Salmon","Unclipped","Spring","Spring",NA,NA,NA,NA,NA,NA,NA,NA,NA,NA,30,120,0.25,"Normal count",107,1,4,2.88,"C260791CVP",0.57999998,1984242,-4684
"2026-04-02 15:00:00","SWP","Chinook Salmon","Clipped","Spring",NA,"Spring","063198","SCARF","SJRRP",2026-03-09,2026-03-10,2,"San Joaquin River at Highway 140","CDFW inseason spreadsheet",23,30,120,0.25,"Normal count",91,1,4,16.54,NA,NA,1984218,-4684
"2026-04-02 15:00:00","SWP","Chinook Salmon","Clipped","Spring",NA,"Spring","063198","SCARF","Experimental",2026-03-09,2026-03-10,2,"SAN JOAQ R GRT VAL GR 140","RMIS",23,30,120,0.25,"Normal count",91,1,4,16.54,NA,NA,1984218,-4684
"2026-04-02 16:00:00","CVP","Chinook Salmon","Clipped","Spring",NA,"Spring","063223","FRH","Experimental",2026-03-23,2026-03-25,3,"SAN JOAQ R GRT VAL GR 140","RMIS",8,30,120,0.25,"Normal count",82,1,4,2.54,NA,NA,1984229,-4684
"2026-04-02 16:00:00","CVP","Chinook Salmon","Clipped","Spring",NA,"Spring","063223","SCARF","SJRRP",2026-03-23,2026-03-25,3,"San Joaquin River at Highway 140","CDFW inseason spreadsheet",8,30,120,0.25,"Normal count",82,1,4,2.54,NA,NA,1984229,-4684
"2026-04-02 16:00:00","CVP","Chinook Salmon","Clipped","Spring",NA,"Spring","063223","SCARF","SJRRP",2026-03-23,2026-03-25,3,"San Joaquin River at Highway 140","CDFW inseason spreadsheet",8,30,120,0.25,"Normal count",90,1,4,2.54,NA,NA,1984230,-4684
"2026-04-02 16:00:00","CVP","Chinook Salmon","Clipped","Spring",NA,"Spring","063223","FRH","Experimental",2026-03-23,2026-03-25,3,"SAN JOAQ R GRT VAL GR 140","RMIS",8,30,120,0.25,"Normal count",90,1,4,2.54,NA,NA,1984230,-4684
"2026-04-02 23:59:00","CVP","Chinook Salmon","Clipped","Spring",NA,"Spring","063223","SCARF","SJRRP",2026-03-23,2026-03-25,3,"San Joaquin River at Highway 140","CDFW inseason spreadsheet",8,30,120,0.25,"Normal count",82,1,4,2.54,NA,NA,1984251,-4684
"2026-04-02 23:59:00","CVP","Chinook Salmon","Clipped","Spring",NA,"Spring","063223","FRH","Experimental",2026-03-23,2026-03-25,3,"SAN JOAQ R GRT VAL GR 140","RMIS",8,30,120,0.25,"Normal count",82,1,4,2.54,NA,NA,1984251,-4684
"2026-04-03 02:00:00","CVP","Chinook Salmon","Clipped","Spring",NA,"Spring","063223","SCARF","SJRRP",2026-03-23,2026-03-25,3,"San Joaquin River at Highway 140","CDFW inseason spreadsheet",9,30,120,0.25,"Normal count",92,1,4,2.54,NA,NA,1984278,-4553
"2026-04-03 02:00:00","CVP","Chinook Salmon","Clipped","Spring",NA,"Spring","063223","FRH","Experimental",2026-03-23,2026-03-25,3,"SAN JOAQ R GRT VAL GR 140","RMIS",9,30,120,0.25,"Normal count",92,1,4,2.54,NA,NA,1984278,-4553
"2026-04-03 04:00:00","CVP","Chinook Salmon","Clipped","Spring",NA,"Spring","063223","SCARF","SJRRP",2026-03-23,2026-03-25,3,"San Joaquin River at Highway 140","CDFW inseason spreadsheet",9,30,120,0.25,"Normal count",83,1,4,2.54,NA,NA,1984304,-4553
"2026-04-03 04:00:00","CVP","Chinook Salmon","Clipped","Spring",NA,"Spring","063223","FRH","Experimental",2026-03-23,2026-03-25,3,"SAN JOAQ R GRT VAL GR 140","RMIS",9,30,120,0.25,"Normal count",83,1,4,2.54,NA,NA,1984304,-4553
"2026-04-03 04:00:00","CVP","Chinook Salmon","Unclipped","Spring","Fall",NA,NA,NA,NA,NA,NA,NA,NA,NA,NA,30,120,0.25,"Normal count",86,1,4,2.54,"C260793CVP",0.87400001,1984305,-4553
"2026-04-03 06:00:00","CVP","Chinook Salmon","Clipped","Spring",NA,"Spring","063198","SCARF","SJRRP",2026-03-09,2026-03-10,2,"San Joaquin River at Highway 140","CDFW inseason spreadsheet",24,30,120,0.25,"Normal count",85,1,4,2.54,NA,NA,1984279,-4553
"2026-04-03 06:00:00","CVP","Chinook Salmon","Clipped","Spring",NA,"Spring","063198","SCARF","Experimental",2026-03-09,2026-03-10,2,"SAN JOAQ R GRT VAL GR 140","RMIS",24,30,120,0.25,"Normal count",85,1,4,2.54,NA,NA,1984279,-4553
"2026-04-03 06:00:00","CVP","Chinook Salmon","Unclipped","Spring","Fall",NA,NA,NA,NA,NA,NA,NA,NA,NA,NA,30,120,0.25,"Normal count",89,1,4,2.54,"C260794CVP",0.55500001,1984280,-4553
"2026-04-03 06:00:00","CVP","Chinook Salmon","Unclipped","Spring","Fall",NA,NA,NA,NA,NA,NA,NA,NA,NA,NA,30,120,0.25,"Normal count",94,1,4,2.54,"C260795CVP",0.67500001,1984281,-4553
"2026-04-03 06:00:00","CVP","Chinook Salmon","Clipped","Spring",NA,"Spring","063198","SCARF","SJRRP",2026-03-09,2026-03-10,2,"San Joaquin River at Highway 140","CDFW inseason spreadsheet",24,30,120,0.25,"Normal count",109,1,4,2.88,NA,NA,1984282,-4553
"2026-04-03 06:00:00","CVP","Chinook Salmon","Clipped","Spring",NA,"Spring","063198","SCARF","Experimental",2026-03-09,2026-03-10,2,"SAN JOAQ R GRT VAL GR 140","RMIS",24,30,120,0.25,"Normal count",109,1,4,2.88,NA,NA,1984282,-4553
"2026-04-03 16:00:00","CVP","Chinook Salmon","Clipped","Spring",NA,"Spring","063223","SCARF","SJRRP",2026-03-23,2026-03-25,3,"San Joaquin River at Highway 140","CDFW inseason spreadsheet",9,30,120,0.25,"Normal count",88,1,4,2.54,NA,NA,1984283,-4553
"2026-04-03 16:00:00","CVP","Chinook Salmon","Clipped","Spring",NA,"Spring","063223","FRH","Experimental",2026-03-23,2026-03-25,3,"SAN JOAQ R GRT VAL GR 140","RMIS",9,30,120,0.25,"Normal count",88,1,4,2.54,NA,NA,1984283,-4553
"2026-04-04 02:00:00","CVP","Chinook Salmon","Unclipped","Spring","Spring",NA,NA,NA,NA,NA,NA,NA,NA,NA,NA,30,120,0.25,"Normal count",105,1,4,2.88,"C260796CVP",0.66600001,1984333,-4418
"2026-04-04 04:00:00","CVP","Chinook Salmon","Clipped","Spring",NA,"Spring","063223","FRH","Experimental",2026-03-23,2026-03-25,3,"SAN JOAQ R GRT VAL GR 140","RMIS",10,30,120,0.25,"Normal count",79,1,4,2.54,NA,NA,1984315,-4418
"2026-04-04 04:00:00","CVP","Chinook Salmon","Clipped","Spring",NA,"Spring","063223","SCARF","SJRRP",2026-03-23,2026-03-25,3,"San Joaquin River at Highway 140","CDFW inseason spreadsheet",10,30,120,0.25,"Normal count",79,1,4,2.54,NA,NA,1984315,-4418
"2026-04-04 04:00:00","CVP","Chinook Salmon","Unclipped","Spring","Spring",NA,NA,NA,NA,NA,NA,NA,NA,NA,NA,30,120,0.25,"Normal count",90,1,4,2.54,"C260797CVP",0.77499998,1984316,-4418
"2026-04-04 04:00:00","CVP","Chinook Salmon","Unclipped","Spring","Spring",NA,NA,NA,NA,NA,NA,NA,NA,NA,NA,30,120,0.25,"Normal count",108,1,4,2.88,"C260798CVP",0.95999998,1984317,-4418
"2026-04-04 06:00:00","CVP","Chinook Salmon","Unclipped","Spring","Fall",NA,NA,NA,NA,NA,NA,NA,NA,NA,NA,30,120,0.25,"Normal count",89,1,4,2.54,"C260799CVP",0.88999999,1984319,-4418
"2026-04-04 15:00:00","SWP","Chinook Salmon","Unclipped","Spring","Fall",NA,NA,NA,NA,NA,NA,NA,NA,NA,NA,30,120,0.25,"Normal count",98,1,4,16.48,"C260021SWP",0.579,1984267,-4418
"2026-04-04 15:30:00","SWP","Chinook Salmon","Unclipped","Spring","Fall",NA,NA,NA,NA,NA,NA,NA,NA,NA,NA,NA,NA,NA,"Second flush",80,1,1,4.33,"C260025SWP",0.472,1984264,-4418
"2026-04-04 15:30:00","SWP","Chinook Salmon","Clipped","Spring",NA,"Spring","063223","SCARF","SJRRP",2026-03-23,2026-03-25,3,"San Joaquin River at Highway 140","CDFW inseason spreadsheet",10,NA,NA,NA,"Second flush",81,1,1,4.33,NA,NA,1984271,-4418
"2026-04-04 15:30:00","SWP","Chinook Salmon","Clipped","Spring",NA,"Spring","063223","FRH","Experimental",2026-03-23,2026-03-25,3,"SAN JOAQ R GRT VAL GR 140","RMIS",10,NA,NA,NA,"Second flush",81,1,1,4.33,NA,NA,1984271,-4418
"2026-04-04 15:30:00","SWP","Chinook Salmon","Unclipped","Spring","Fall",NA,NA,NA,NA,NA,NA,NA,NA,NA,NA,NA,NA,NA,"Second flush",100,1,1,4.33,"C260023SWP",0.92199999,1984268,-4418
"2026-04-04 15:30:00","SWP","Chinook Salmon","Unclipped","Spring","Fall",NA,NA,NA,NA,NA,NA,NA,NA,NA,NA,NA,NA,NA,"Second flush",102,1,1,4.33,"C260022SWP",0.80900002,1984269,-4418
"2026-04-04 15:30:00","SWP","Chinook Salmon","Unclipped","Spring","Fall",NA,NA,NA,NA,NA,NA,NA,NA,NA,NA,NA,NA,NA,"Second flush",103,1,1,4.33,"C260024SWP",0.505,1984270,-4418
"2026-04-04 23:59:00","CVP","Chinook Salmon","Unclipped","Spring","Fall",NA,NA,NA,NA,NA,NA,NA,NA,NA,NA,30,120,0.25,"Normal count",88,1,4,2.54,"C260801CVP",0.71799999,1984327,-4418
"2026-04-04 23:59:00","CVP","Chinook Salmon","Unclipped","Spring","Fall",NA,NA,NA,NA,NA,NA,NA,NA,NA,NA,30,120,0.25,"Normal count",90,1,4,2.54,"C260800CVP",0.57800001,1984328,-4418
"2026-04-05 04:00:00","CVP","Chinook Salmon","Unclipped","Spring","Fall",NA,NA,NA,NA,NA,NA,NA,NA,NA,NA,30,120,0.25,"Normal count",79,1,4,2.54,"C260802CVP",0.65100002,1984348,-4277
"2026-04-05 04:00:00","CVP","Chinook Salmon","Unclipped","Spring","Fall",NA,NA,NA,NA,NA,NA,NA,NA,NA,NA,30,120,0.25,"Normal count",81,1,4,2.54,"C260803CVP",0.50700003,1984349,-4277
"2026-04-05 06:00:00","CVP","Chinook Salmon","Unclipped","Fall",NA,NA,NA,NA,NA,NA,NA,NA,NA,NA,NA,30,120,0.25,"Normal count",62,1,4,2.54,NA,NA,1984371,-4277
"2026-04-05 06:00:00","CVP","Chinook Salmon","Unclipped","Fall","Fall",NA,NA,NA,NA,NA,NA,NA,NA,NA,NA,30,120,0.25,"Normal count",65,1,4,2.54,"C260804CVP",0.47,1984372,-4277
"2026-04-05 06:00:00","CVP","Chinook Salmon","Unclipped","Spring","Fall",NA,NA,NA,NA,NA,NA,NA,NA,NA,NA,30,120,0.25,"Normal count",75,1,4,2.54,"C260806CVP",0.55299997,1984373,-4277
"2026-04-05 06:00:00","CVP","Chinook Salmon","Unclipped","Spring",NA,NA,NA,NA,NA,NA,NA,NA,NA,NA,NA,30,120,0.25,"Normal count",77,1,4,2.54,NA,NA,1984374,-4277
"2026-04-05 06:00:00","CVP","Chinook Salmon","Unclipped","Spring","Fall",NA,NA,NA,NA,NA,NA,NA,NA,NA,NA,30,120,0.25,"Normal count",80,1,4,2.54,"C260808CVP",0.79299998,1984375,-4277
"2026-04-05 06:00:00","CVP","Chinook Salmon","Unclipped","Spring","Fall",NA,NA,NA,NA,NA,NA,NA,NA,NA,NA,30,120,0.25,"Normal count",80,1,4,2.54,"C260807CVP",0.69199997,1984375,-4277
"2026-04-05 06:00:00","CVP","Chinook Salmon","Unclipped","Spring","Fall",NA,NA,NA,NA,NA,NA,NA,NA,NA,NA,30,120,0.25,"Normal count",90,1,4,2.54,"C260805CVP",0.62900001,1984376,-4277
"2026-04-05 14:00:00","CVP","Chinook Salmon","Unclipped","Spring","Fall",NA,NA,NA,NA,NA,NA,NA,NA,NA,NA,30,120,0.25,"Normal count",83,1,4,2.54,"C260809CVP",0.91900003,1984398,-4277
"2026-04-05 18:00:00","CVP","Chinook Salmon","Unclipped","Spring","Fall",NA,NA,NA,NA,NA,NA,NA,NA,NA,NA,30,120,0.25,"Normal count",82,1,4,2.54,"C260810CVP",0.95700002,1984347,-4277
"2026-04-05 20:00:00","CVP","Chinook Salmon","Unclipped","Fall",NA,NA,NA,NA,NA,NA,NA,NA,NA,NA,NA,30,120,0.25,"Normal count",70,1,4,2.54,NA,NA,1984394,-4277
"2026-04-05 20:00:00","CVP","Chinook Salmon","Unclipped","Spring","Fall",NA,NA,NA,NA,NA,NA,NA,NA,NA,NA,30,120,0.25,"Normal count",81,1,4,2.54,"C260812CVP",0.97100002,1984395,-4277
"2026-04-05 20:00:00","CVP","Chinook Salmon","Unclipped","Spring","Fall",NA,NA,NA,NA,NA,NA,NA,NA,NA,NA,30,120,0.25,"Normal count",94,1,4,2.54,"C260811CVP",0.977,1984396,-4277
"2026-04-05 22:00:00","CVP","Chinook Salmon","Unclipped","Fall",NA,NA,NA,NA,NA,NA,NA,NA,NA,NA,NA,30,120,0.25,"Normal count",62,1,4,2.54,NA,NA,1984390,-4277
"2026-04-05 22:00:00","CVP","Chinook Salmon","Unclipped","Fall","Fall",NA,NA,NA,NA,NA,NA,NA,NA,NA,NA,30,120,0.25,"Normal count",73,1,4,2.54,"C260814CVP",0.59600002,1984391,-4277
"2026-04-05 22:00:00","CVP","Chinook Salmon","Unclipped","Spring","Fall",NA,NA,NA,NA,NA,NA,NA,NA,NA,NA,30,120,0.25,"Normal count",77,1,4,2.54,"C260813CVP",0.875,1984392,-4277
"2026-04-05 23:59:00","CVP","Chinook Salmon","Unclipped","Spring","Fall",NA,NA,NA,NA,NA,NA,NA,NA,NA,NA,30,120,0.25,"Normal count",83,1,4,2.54,"C260818CVP",0.449,1984350,-4277
"2026-04-05 23:59:00","CVP","Chinook Salmon","Clipped","Spring",NA,"Spring","063198","SCARF","Experimental",2026-03-09,2026-03-10,2,"SAN JOAQ R GRT VAL GR 140","RMIS",26,30,120,0.25,"Normal count",88,1,4,2.54,NA,NA,1984352,-4277
"2026-04-05 23:59:00","CVP","Chinook Salmon","Clipped","Spring",NA,"Spring","063198","SCARF","SJRRP",2026-03-09,2026-03-10,2,"San Joaquin River at Highway 140","CDFW inseason spreadsheet",26,30,120,0.25,"Normal count",88,1,4,2.54,NA,NA,1984352,-4277
"2026-04-05 23:59:00","CVP","Chinook Salmon","Unclipped","Spring","Fall",NA,NA,NA,NA,NA,NA,NA,NA,NA,NA,30,120,0.25,"Normal count",88,1,4,2.54,"C260817CVP",0.87300003,1984351,-4277
"2026-04-05 23:59:00","CVP","Chinook Salmon","Unclipped","Spring","Fall",NA,NA,NA,NA,NA,NA,NA,NA,NA,NA,30,120,0.25,"Normal count",92,1,4,2.54,"C260816CVP",0.75300002,1984353,-4277
"2026-04-05 23:59:00","CVP","Chinook Salmon","Unclipped","Spring","Fall",NA,NA,NA,NA,NA,NA,NA,NA,NA,NA,30,120,0.25,"Normal count",100,1,4,2.54,"C260815CVP",0.98199999,1984354,-4277
"2026-04-06 04:00:00","CVP","Chinook Salmon","Unclipped","Spring","Fall",NA,NA,NA,NA,NA,NA,NA,NA,NA,NA,30,120,0.25,"Normal count",84,1,4,2.54,"C260819CVP",0.53500003,1985876,-4141
"2026-04-06 06:00:00","CVP","Chinook Salmon","Unclipped","Spring","Fall",NA,NA,NA,NA,NA,NA,NA,NA,NA,NA,30,120,0.25,"Normal count",79,1,4,2.54,"C260821CVP",0.65200001,1985871,-4141
"2026-04-06 06:00:00","CVP","Chinook Salmon","Unclipped","Spring","Fall",NA,NA,NA,NA,NA,NA,NA,NA,NA,NA,30,120,0.25,"Normal count",83,1,4,2.54,"C260824CVP",0.926,1985872,-4141
"2026-04-06 06:00:00","CVP","Chinook Salmon","Unclipped","Spring","Fall",NA,NA,NA,NA,NA,NA,NA,NA,NA,NA,30,120,0.25,"Normal count",88,1,4,2.54,"C260823CVP",0.92400002,1985873,-4141
"2026-04-06 06:00:00","CVP","Chinook Salmon","Unclipped","Spring","Fall",NA,NA,NA,NA,NA,NA,NA,NA,NA,NA,30,120,0.25,"Normal count",89,1,4,2.54,"C260822CVP",0.91799998,1985874,-4141
"2026-04-06 06:00:00","CVP","Chinook Salmon","Unclipped","Spring","Fall",NA,NA,NA,NA,NA,NA,NA,NA,NA,NA,30,120,0.25,"Normal count",90,1,4,2.54,"C260820CVP",0.94,1985875,-4141
"2026-04-06 12:00:00","CVP","Chinook Salmon","Unclipped","Spring","Fall",NA,NA,NA,NA,NA,NA,NA,NA,NA,NA,30,120,0.25,"Normal count",96,1,4,2.54,"C260825CVP",0.94599998,1985863,-4141
"2026-04-06 16:00:00","CVP","Chinook Salmon","Unclipped","Spring",NA,NA,NA,NA,NA,NA,NA,NA,NA,NA,NA,30,120,0.25,"Normal count",78,1,4,2.54,NA,NA,1985864,-4141
"2026-04-06 16:00:00","CVP","Chinook Salmon","Unclipped","Spring","Fall",NA,NA,NA,NA,NA,NA,NA,NA,NA,NA,30,120,0.25,"Normal count",80,1,4,2.54,"C260827CVP",0.87,1985865,-4141
"2026-04-06 20:00:00","CVP","Chinook Salmon","Unclipped","Fall","Fall",NA,NA,NA,NA,NA,NA,NA,NA,NA,NA,30,120,0.25,"Normal count",72,1,4,2.54,"C260830CVP",0.95099998,1985877,-4141
"2026-04-06 20:00:00","CVP","Chinook Salmon","Unclipped","Spring","Fall",NA,NA,NA,NA,NA,NA,NA,NA,NA,NA,30,120,0.25,"Normal count",79,1,4,2.54,"C260829CVP",0.68000001,1985878,-4141
"2026-04-06 20:00:00","CVP","Chinook Salmon","Clipped","Spring",NA,"Spring","063223","SCARF","SJRRP",2026-03-23,2026-03-25,3,"San Joaquin River at Highway 140","CDFW inseason spreadsheet",12,30,120,0.25,"Normal count",79,1,4,2.54,NA,NA,1985879,-4141
"2026-04-06 20:00:00","CVP","Chinook Salmon","Clipped","Spring",NA,"Spring","063223","FRH","Experimental",2026-03-23,2026-03-25,3,"SAN JOAQ R GRT VAL GR 140","RMIS",12,30,120,0.25,"Normal count",79,1,4,2.54,NA,NA,1985879,-4141
"2026-04-06 20:00:00","CVP","Chinook Salmon","Unclipped","Spring","Fall",NA,NA,NA,NA,NA,NA,NA,NA,NA,NA,30,120,0.25,"Normal count",82,1,4,2.54,"C260831CVP",0.66399997,1985880,-4141
"2026-04-06 20:00:00","CVP","Chinook Salmon","Unclipped","Spring","Fall",NA,NA,NA,NA,NA,NA,NA,NA,NA,NA,30,120,0.25,"Normal count",91,1,4,2.54,"C260828CVP",0.616,1985881,-4141
"2026-04-06 20:00:00","CVP","Chinook Salmon","Clipped","Spring",NA,"Spring","063198","SCARF","Experimental",2026-03-09,2026-03-10,2,"SAN JOAQ R GRT VAL GR 140","RMIS",27,30,120,0.25,"Normal count",91,1,4,2.54,NA,NA,1985882,-4141
"2026-04-06 20:00:00","CVP","Chinook Salmon","Clipped","Spring",NA,"Spring","063198","SCARF","SJRRP",2026-03-09,2026-03-10,2,"San Joaquin River at Highway 140","CDFW inseason spreadsheet",27,30,120,0.25,"Normal count",91,1,4,2.54,NA,NA,1985882,-4141
"2026-04-06 22:00:00","CVP","Chinook Salmon","Unclipped","Fall",NA,NA,NA,NA,NA,NA,NA,NA,NA,NA,NA,30,120,0.25,"Normal count",75,1,4,2.54,NA,NA,1985892,-4141
"2026-04-06 22:00:00","CVP","Chinook Salmon","Unclipped","Spring","Fall",NA,NA,NA,NA,NA,NA,NA,NA,NA,NA,30,120,0.25,"Normal count",78,1,4,2.54,"C260837CVP",0.889,1985893,-4141
"2026-04-06 22:00:00","CVP","Chinook Salmon","Unclipped","Spring","Fall",NA,NA,NA,NA,NA,NA,NA,NA,NA,NA,30,120,0.25,"Normal count",79,1,4,2.54,"C260834CVP",0.87900001,1985894,-4141
"2026-04-06 22:00:00","CVP","Chinook Salmon","Unclipped","Spring","Fall",NA,NA,NA,NA,NA,NA,NA,NA,NA,NA,30,120,0.25,"Normal count",80,1,4,2.54,"C260833CVP",0.382,1985895,-4141
"2026-04-06 22:00:00","CVP","Chinook Salmon","Unclipped","Spring","Fall",NA,NA,NA,NA,NA,NA,NA,NA,NA,NA,30,120,0.25,"Normal count",82,1,4,2.54,"C260836CVP",0.99599999,1985896,-4141
"2026-04-06 22:00:00","CVP","Chinook Salmon","Unclipped","Spring","Fall",NA,NA,NA,NA,NA,NA,NA,NA,NA,NA,30,120,0.25,"Normal count",86,1,4,2.54,"C260832CVP",0.68400002,1985897,-4141
"2026-04-06 22:00:00","CVP","Chinook Salmon","Unclipped","Spring","Fall",NA,NA,NA,NA,NA,NA,NA,NA,NA,NA,30,120,0.25,"Normal count",93,1,4,2.54,"C260835CVP",0.792,1985898,-4141
"2026-04-07 04:00:00","CVP","Chinook Salmon","Clipped","Spring",NA,"Spring","063223","SCARF","SJRRP",2026-03-23,2026-03-25,3,"San Joaquin River at Highway 140","CDFW inseason spreadsheet",13,30,120,0.25,"Normal count",89,1,4,2.54,NA,NA,1984451,-3992
"2026-04-07 04:00:00","CVP","Chinook Salmon","Clipped","Spring",NA,"Spring","063223","FRH","Experimental",2026-03-23,2026-03-25,3,"SAN JOAQ R GRT VAL GR 140","RMIS",13,30,120,0.25,"Normal count",89,1,4,2.54,NA,NA,1984451,-3992
"2026-04-07 04:00:00","CVP","Chinook Salmon","Clipped","Spring",NA,"Spring","063223","SCARF","SJRRP",2026-03-23,2026-03-25,3,"San Joaquin River at Highway 140","CDFW inseason spreadsheet",13,30,120,0.25,"Normal count",99,1,4,2.54,NA,NA,1984452,-3992
"2026-04-07 04:00:00","CVP","Chinook Salmon","Clipped","Spring",NA,"Spring","063223","FRH","Experimental",2026-03-23,2026-03-25,3,"SAN JOAQ R GRT VAL GR 140","RMIS",13,30,120,0.25,"Normal count",99,1,4,2.54,NA,NA,1984452,-3992
"2026-04-07 20:00:00","CVP","Chinook Salmon","Clipped","Spring",NA,"Spring","063223","FRH","Experimental",2026-03-23,2026-03-25,3,"SAN JOAQ R GRT VAL GR 140","RMIS",13,30,120,0.25,"Normal count",82,1,4,2.54,NA,NA,1984449,-3992
"2026-04-07 20:00:00","CVP","Chinook Salmon","Clipped","Spring",NA,"Spring","063223","SCARF","SJRRP",2026-03-23,2026-03-25,3,"San Joaquin River at Highway 140","CDFW inseason spreadsheet",13,30,120,0.25,"Normal count",82,1,4,2.54,NA,NA,1984449,-3992
"2026-04-07 22:00:00","CVP","Chinook Salmon","Clipped","Spring",NA,"Spring","063223","FRH","Experimental",2026-03-23,2026-03-25,3,"SAN JOAQ R GRT VAL GR 140","RMIS",13,30,120,0.25,"Normal count",83,1,4,2.54,NA,NA,1984463,-3992
"2026-04-07 22:00:00","CVP","Chinook Salmon","Clipped","Spring",NA,"Spring","063223","SCARF","SJRRP",2026-03-23,2026-03-25,3,"San Joaquin River at Highway 140","CDFW inseason spreadsheet",13,30,120,0.25,"Normal count",83,1,4,2.54,NA,NA,1984463,-3992
"2026-04-07 22:00:00","CVP","Chinook Salmon","Unclipped","Spring","Fall",NA,NA,NA,NA,NA,NA,NA,NA,NA,NA,30,120,0.25,"Normal count",87,1,4,2.54,"C260840CVP",0.491,1984464,-3992
"2026-04-07 22:00:00","CVP","Chinook Salmon","Unclipped","Spring","Fall",NA,NA,NA,NA,NA,NA,NA,NA,NA,NA,30,120,0.25,"Normal count",90,1,4,2.54,"C260839CVP",0.699,1984465,-3992
"2026-04-07 22:00:00","CVP","Chinook Salmon","Unclipped","Spring","Fall",NA,NA,NA,NA,NA,NA,NA,NA,NA,NA,30,120,0.25,"Normal count",90,1,4,2.54,"C260838CVP",0.81400001,1984465,-3992
"2026-04-07 22:00:00","CVP","Chinook Salmon","Clipped","Spring",NA,"Spring","063198","SCARF","Experimental",2026-03-09,2026-03-10,2,"SAN JOAQ R GRT VAL GR 140","RMIS",28,30,120,0.25,"Normal count",101,1,4,2.88,NA,NA,1984466,-3992
"2026-04-07 22:00:00","CVP","Chinook Salmon","Clipped","Spring",NA,"Spring","063198","SCARF","SJRRP",2026-03-09,2026-03-10,2,"San Joaquin River at Highway 140","CDFW inseason spreadsheet",28,30,120,0.25,"Normal count",101,1,4,2.88,NA,NA,1984466,-3992
"2026-04-07 23:59:00","CVP","Chinook Salmon","Clipped","Spring",NA,"Spring","063223","FRH","Experimental",2026-03-23,2026-03-25,3,"SAN JOAQ R GRT VAL GR 140","RMIS",13,30,120,0.25,"Normal count",84,1,4,2.54,NA,NA,1984450,-3992
"2026-04-07 23:59:00","CVP","Chinook Salmon","Clipped","Spring",NA,"Spring","063223","SCARF","SJRRP",2026-03-23,2026-03-25,3,"San Joaquin River at Highway 140","CDFW inseason spreadsheet",13,30,120,0.25,"Normal count",84,1,4,2.54,NA,NA,1984450,-3992
"2026-04-08 06:00:00","CVP","Chinook Salmon","Clipped","Spring",NA,"Spring","063223","FRH","Experimental",2026-03-23,2026-03-25,3,"SAN JOAQ R GRT VAL GR 140","RMIS",14,30,120,0.25,"Normal count",87,1,4,2.54,NA,NA,1984496,-3854
"2026-04-08 06:00:00","CVP","Chinook Salmon","Clipped","Spring",NA,"Spring","063223","SCARF","SJRRP",2026-03-23,2026-03-25,3,"San Joaquin River at Highway 140","CDFW inseason spreadsheet",14,30,120,0.25,"Normal count",87,1,4,2.54,NA,NA,1984496,-3854
"2026-04-08 06:00:00","CVP","Chinook Salmon","Unclipped","Spring","Spring",NA,NA,NA,NA,NA,NA,NA,NA,NA,NA,30,120,0.25,"Normal count",105,1,4,2.88,"C260841CVP",0.99900001,1984497,-3854
"2026-04-08 17:30:00","SWP","Chinook Salmon","Unclipped","Spring","Fall",NA,NA,NA,NA,NA,NA,NA,NA,NA,NA,NA,NA,NA,"Second flush",86,1,1,4.33,"C260026SWP",0.39700001,1984474,-3854
"2026-04-08 18:00:00","CVP","Chinook Salmon","Unclipped","Spring","Fall",NA,NA,NA,NA,NA,NA,NA,NA,NA,NA,30,120,0.25,"Normal count",85,1,4,2.54,"C260843CVP",0.57499999,1984476,-3854
"2026-04-08 18:00:00","CVP","Chinook Salmon","Unclipped","Spring","Spring",NA,NA,NA,NA,NA,NA,NA,NA,NA,NA,30,120,0.25,"Normal count",111,1,4,2.88,"C260842CVP",0.542,1984477,-3854
"2026-04-08 22:00:00","CVP","Chinook Salmon","Unclipped","Fall","Fall",NA,NA,NA,NA,NA,NA,NA,NA,NA,NA,30,120,0.25,"Normal count",75,1,4,2.54,"C260846CVP",0.93400002,1984481,-3854
"2026-04-08 22:00:00","CVP","Chinook Salmon","Clipped","Spring",NA,"Spring","063198","SCARF","Experimental",2026-03-09,2026-03-10,2,"SAN JOAQ R GRT VAL GR 140","RMIS",29,30,120,0.25,"Normal count",81,1,4,2.54,NA,NA,1984482,-3854
"2026-04-08 22:00:00","CVP","Chinook Salmon","Clipped","Spring",NA,"Spring","063198","SCARF","SJRRP",2026-03-09,2026-03-10,2,"San Joaquin River at Highway 140","CDFW inseason spreadsheet",29,30,120,0.25,"Normal count",81,1,4,2.54,NA,NA,1984482,-3854
"2026-04-08 22:00:00","CVP","Chinook Salmon","Unclipped","Spring","Fall",NA,NA,NA,NA,NA,NA,NA,NA,NA,NA,30,120,0.25,"Normal count",82,1,4,2.54,"C260845CVP",0.77999997,1984483,-3854
"2026-04-08 22:00:00","CVP","Chinook Salmon","Clipped","Spring",NA,"Spring","063223","SCARF","SJRRP",2026-03-23,2026-03-25,3,"San Joaquin River at Highway 140","CDFW inseason spreadsheet",14,30,120,0.25,"Normal count",87,1,4,2.54,NA,NA,1984484,-3854
"2026-04-08 22:00:00","CVP","Chinook Salmon","Clipped","Spring",NA,"Spring","063223","FRH","Experimental",2026-03-23,2026-03-25,3,"SAN JOAQ R GRT VAL GR 140","RMIS",14,30,120,0.25,"Normal count",87,1,4,2.54,NA,NA,1984484,-3854
"2026-04-08 22:00:00","CVP","Chinook Salmon","Unclipped","Spring","Fall",NA,NA,NA,NA,NA,NA,NA,NA,NA,NA,30,120,0.25,"Normal count",93,1,4,2.54,"C260844CVP",0.57999998,1984485,-3854
"2026-04-08 23:59:00","CVP","Chinook Salmon","Clipped","Spring",NA,"Spring","063223","SCARF","SJRRP",2026-03-23,2026-03-25,3,"San Joaquin River at Highway 140","CDFW inseason spreadsheet",14,30,120,0.25,"Normal count",81,1,4,2.54,NA,NA,1984487,-3854
"2026-04-08 23:59:00","CVP","Chinook Salmon","Clipped","Spring",NA,"Spring","063223","FRH","Experimental",2026-03-23,2026-03-25,3,"SAN JOAQ R GRT VAL GR 140","RMIS",14,30,120,0.25,"Normal count",81,1,4,2.54,NA,NA,1984487,-3854
"2026-04-08 23:59:00","CVP","Chinook Salmon","Unclipped","Spring","Fall",NA,NA,NA,NA,NA,NA,NA,NA,NA,NA,30,120,0.25,"Normal count",88,1,4,2.54,"C260848CVP",0.84100002,1984488,-3854
"2026-04-08 23:59:00","CVP","Chinook Salmon","Unclipped","Spring","Spring",NA,NA,NA,NA,NA,NA,NA,NA,NA,NA,30,120,0.25,"Normal count",111,1,4,2.88,"C260847CVP",0.85500002,1984489,-3854
"2026-04-09 22:00:00","CVP","Chinook Salmon","Unclipped","Spring","Fall",NA,NA,NA,NA,NA,NA,NA,NA,NA,NA,30,120,0.25,"Normal count",91,1,4,2.54,"C260849CVP",0.95999998,1984517,-3737
"2026-04-09 23:59:00","CVP","Chinook Salmon","Unclipped","Spring","Spring",NA,NA,NA,NA,NA,NA,NA,NA,NA,NA,30,120,0.25,"Normal count",104,1,4,2.88,"C260850CVP",0.89099997,1984516,-3737
"2026-04-10 02:00:00","CVP","Chinook Salmon","Unclipped","Spring","Fall",NA,NA,NA,NA,NA,NA,NA,NA,NA,NA,30,120,0.25,"Normal count",83,1,4,2.54,"C260851CVP",0.91799998,1984542,-3628
"2026-04-10 04:00:00","CVP","Chinook Salmon","Clipped","Spring",NA,"Spring","063223","FRH","Experimental",2026-03-23,2026-03-25,3,"SAN JOAQ R GRT VAL GR 140","RMIS",16,30,120,0.25,"Normal count",86,1,4,2.54,NA,NA,1984528,-3628
"2026-04-10 04:00:00","CVP","Chinook Salmon","Clipped","Spring",NA,"Spring","063223","SCARF","SJRRP",2026-03-23,2026-03-25,3,"San Joaquin River at Highway 140","CDFW inseason spreadsheet",16,30,120,0.25,"Normal count",86,1,4,2.54,NA,NA,1984528,-3628
"2026-04-10 23:59:00","CVP","Chinook Salmon","Unclipped","Spring","Fall",NA,NA,NA,NA,NA,NA,NA,NA,NA,NA,30,120,0.25,"Normal count",86,1,4,2.54,"C260852CVP",0.55000001,1984547,-3628
"2026-04-11 23:59:00","CVP","Chinook Salmon","Unclipped","Fall",NA,NA,NA,NA,NA,NA,NA,NA,NA,NA,NA,30,120,0.25,"Normal count",70,1,4,2.54,NA,NA,1984556,-3515
"2026-04-11 23:59:00","CVP","Chinook Salmon","Unclipped","Fall",NA,NA,NA,NA,NA,NA,NA,NA,NA,NA,NA,30,120,0.25,"Normal count",71,1,4,2.54,NA,NA,1984557,-3515
"2026-04-11 23:59:00","CVP","Chinook Salmon","Unclipped","Fall",NA,NA,NA,NA,NA,NA,NA,NA,NA,NA,NA,30,120,0.25,"Normal count",72,1,4,2.54,NA,NA,1984558,-3515
"2026-04-12 02:00:00","CVP","Chinook Salmon","Unclipped","Spring","Fall",NA,NA,NA,NA,NA,NA,NA,NA,NA,NA,30,120,0.25,"Normal count",84,1,4,2.54,"C260853CVP",0.76599997,1984606,-3403
"2026-04-12 12:00:00","CVP","Chinook Salmon","Unclipped","Fall",NA,NA,NA,NA,NA,NA,NA,NA,NA,NA,NA,30,120,0.25,"Normal count",77,1,4,2.54,NA,NA,1984573,-3403
"2026-04-12 12:00:00","CVP","Chinook Salmon","Unclipped","Spring","Spring",NA,NA,NA,NA,NA,NA,NA,NA,NA,NA,30,120,0.25,"Normal count",120,1,4,2.88,"C260854CVP",0.71499997,1984574,-3403
"2026-04-12 16:30:00","SWP","Chinook Salmon","Unclipped","Spring","Spring",NA,NA,NA,NA,NA,NA,NA,NA,NA,NA,NA,NA,NA,"Second flush",103,1,1,4.33,"C260027SWP",0.83700001,1984520,-3403
"2026-04-12 22:00:00","CVP","Chinook Salmon","Unclipped","Fall",NA,NA,NA,NA,NA,NA,NA,NA,NA,NA,NA,30,120,0.25,"Normal count",78,1,4,2.54,NA,NA,1984596,-3403
"2026-04-12 23:59:00","CVP","Chinook Salmon","Unclipped","Fall",NA,NA,NA,NA,NA,NA,NA,NA,NA,NA,NA,30,120,0.25,"Normal count",71,1,4,2.54,NA,NA,1984582,-3403
"2026-04-12 23:59:00","CVP","Chinook Salmon","Unclipped","Fall",NA,NA,NA,NA,NA,NA,NA,NA,NA,NA,NA,30,120,0.25,"Normal count",74,1,4,2.54,NA,NA,1984583,-3403
"2026-04-12 23:59:00","CVP","Chinook Salmon","Unclipped","Fall",NA,NA,NA,NA,NA,NA,NA,NA,NA,NA,NA,30,120,0.25,"Normal count",77,1,4,2.54,NA,NA,1984584,-3403
"2026-04-12 23:59:00","CVP","Chinook Salmon","Unclipped","Spring","Fall",NA,NA,NA,NA,NA,NA,NA,NA,NA,NA,30,120,0.25,"Normal count",88,1,4,2.54,"C260855CVP",0.542,1984585,-3403
"2026-04-13 22:00:00","CVP","Chinook Salmon","Unclipped","Fall",NA,NA,NA,NA,NA,NA,NA,NA,NA,NA,NA,30,120,0.25,"Normal count",73,1,4,3.01,NA,NA,1984612,-3147
"2026-04-14 02:00:00","CVP","Chinook Salmon","Unclipped","Spring","Fall",NA,NA,NA,NA,NA,NA,NA,NA,NA,NA,30,120,0.25,"Normal count",96,1,4,3.01,"C260856CVP",0.40900001,1984628,-2896
"2026-04-14 04:00:00","CVP","Chinook Salmon","Unclipped","Spring","Fall",NA,NA,NA,NA,NA,NA,NA,NA,NA,NA,30,120,0.25,"Normal count",86,1,4,3.01,"C260857CVP",0.884,1984643,-2896
"2026-04-14 04:00:00","CVP","Chinook Salmon","Unclipped","Spring","Fall",NA,NA,NA,NA,NA,NA,NA,NA,NA,NA,30,120,0.25,"Normal count",92,1,4,3.01,"C260858CVP",0.72299999,1984644,-2896
"2026-04-14 06:00:00","CVP","Chinook Salmon","Unclipped","Spring","Fall",NA,NA,NA,NA,NA,NA,NA,NA,NA,NA,30,120,0.25,"Normal count",96,1,4,3.27,"C260859CVP",0.89300001,1984634,-2896
"2026-04-14 15:00:00","SWP","Chinook Salmon","Unclipped","Spring","Fall",NA,NA,NA,NA,NA,NA,NA,NA,NA,NA,30,120,0.25,"Normal count",93,1,4,16.56,"C260029SWP",0.83999997,1984617,-2896
"2026-04-14 15:00:00","SWP","Chinook Salmon","Unclipped","Spring","Spring",NA,NA,NA,NA,NA,NA,NA,NA,NA,NA,30,120,0.25,"Normal count",117,1,4,17.47,"C260028SWP",0.73000002,1984620,-2896
"2026-04-14 16:30:00","SWP","Chinook Salmon","Unclipped","Spring","Fall",NA,NA,NA,NA,NA,NA,NA,NA,NA,NA,NA,NA,NA,"Second flush",87,1,1,4.33,"C260031SWP",0.93199998,1984615,-2896
"2026-04-14 16:30:00","SWP","Chinook Salmon","Unclipped","Spring","Fall",NA,NA,NA,NA,NA,NA,NA,NA,NA,NA,NA,NA,NA,"Second flush",91,1,1,4.33,"C260030SWP",0.75300002,1984616,-2896
"2026-04-14 16:30:00","SWP","Chinook Salmon","Unclipped","Spring","Fall",NA,NA,NA,NA,NA,NA,NA,NA,NA,NA,NA,NA,NA,"Second flush",97,1,1,4.33,"C260032SWP",0.92299998,1984618,-2896
"2026-04-15 02:00:00","CVP","Chinook Salmon","Unclipped","Spring","Fall",NA,NA,NA,NA,NA,NA,NA,NA,NA,NA,30,120,0.25,"Normal count",101,1,4,3.52,"C260860CVP",0.64300001,1984661,-2777
"2026-04-15 04:00:00","CVP","Chinook Salmon","Unclipped","Spring","Fall",NA,NA,NA,NA,NA,NA,NA,NA,NA,NA,30,120,0.25,"Normal count",93,1,4,3.01,"C260861CVP",0.85799998,1984660,-2777
"2026-04-15 06:00:00","CVP","Chinook Salmon","Unclipped","Spring","Fall",NA,NA,NA,NA,NA,NA,NA,NA,NA,NA,30,120,0.25,"Normal count",82,1,4,3.27,"C260862CVP",0.94599998,1984651,-2777
"2026-04-15 06:00:00","CVP","Chinook Salmon","Unclipped","Spring","Fall",NA,NA,NA,NA,NA,NA,NA,NA,NA,NA,30,120,0.25,"Normal count",98,1,4,3.27,"C260863CVP",0.574,1984652,-2777
"2026-04-15 15:00:00","SWP","Chinook Salmon","Unclipped","Spring","Fall",NA,NA,NA,NA,NA,NA,NA,NA,NA,NA,30,120,0.25,"Normal count",82,1,4,16.58,"C260033SWP",0.89399999,1984647,-2777
"2026-04-15 16:30:00","SWP","Chinook Salmon","Unclipped","Spring","Fall",NA,NA,NA,NA,NA,NA,NA,NA,NA,NA,NA,NA,NA,"Second flush",88,1,1,4.33,"C260034SWP",0.963,1984649,-2777
"2026-04-15 23:59:00","CVP","Chinook Salmon","Unclipped","Spring","Fall",NA,NA,NA,NA,NA,NA,NA,NA,NA,NA,30,120,0.25,"Normal count",83,1,4,3.01,"C260864CVP",0.98400003,1984657,-2777
"2026-04-15 23:59:00","CVP","Chinook Salmon","Unclipped","Spring","Fall",NA,NA,NA,NA,NA,NA,NA,NA,NA,NA,30,120,0.25,"Normal count",87,1,4,3.01,"C260865CVP",0.81,1984658,-2777
"2026-04-16 02:00:00","CVP","Chinook Salmon","Unclipped","Spring","Fall",NA,NA,NA,NA,NA,NA,NA,NA,NA,NA,30,120,0.25,"Normal count",87,1,4,3.01,"C260866CVP",0.98100001,1984699,NA
"2026-04-17 02:00:00","CVP","Chinook Salmon","Unclipped","Spring","Spring",NA,NA,NA,NA,NA,NA,NA,NA,NA,NA,30,120,0.25,"Normal count",109,1,4,3.52,"C260867CVP",0.97299999,1984734,-2610
"2026-04-17 04:00:00","CVP","Chinook Salmon","Unclipped","Spring","Spring",NA,NA,NA,NA,NA,NA,NA,NA,NA,NA,30,120,0.25,"Normal count",89,1,4,3.01,"C260868CVP",0.99900001,1984726,-2610
"2026-04-17 06:00:00","CVP","Chinook Salmon","Unclipped","Spring","Fall",NA,NA,NA,NA,NA,NA,NA,NA,NA,NA,30,120,0.25,"Normal count",95,1,4,3.01,"C260869CVP",0.85600001,1984745,-2610
"2026-04-17 17:00:00","SWP","Chinook Salmon","Unclipped","Spring","Fall",NA,NA,NA,NA,NA,NA,NA,NA,NA,NA,30,120,0.25,"Normal count",84,1,4,16.54,"C260252SWP",0.95099998,1984710,-2610
"2026-04-17 17:00:00","SWP","Chinook Salmon","Unclipped","Spring","Fall",NA,NA,NA,NA,NA,NA,NA,NA,NA,NA,30,120,0.25,"Normal count",86,1,4,16.54,"C260253SWP",0.73199999,1984712,-2610
"2026-04-18 06:00:00","CVP","Chinook Salmon","Unclipped","Spring","Fall",NA,NA,NA,NA,NA,NA,NA,NA,NA,NA,30,120,0.25,"Normal count",101,1,4,3.52,"C260870CVP",0.99199998,1984767,-2472
"2026-04-18 13:00:00","SWP","Chinook Salmon","Unclipped","Spring","Fall",NA,NA,NA,NA,NA,NA,NA,NA,NA,NA,30,120,0.25,"Normal count",99,1,4,16.46,"C260035SWP",0.986,1984720,-2472
"2026-04-18 15:00:00","SWP","Chinook Salmon","Unclipped","Spring","Fall",NA,NA,NA,NA,NA,NA,NA,NA,NA,NA,30,120,0.25,"Normal count",85,1,4,16.38,"C260036SWP",0.43799999,1984711,-2472
"2026-04-18 15:30:00","SWP","Chinook Salmon","Unclipped","Spring","Fall",NA,NA,NA,NA,NA,NA,NA,NA,NA,NA,NA,NA,NA,"Second flush",82,1,1,4.33,"C260038SWP",0.5,1984709,-2472
"2026-04-18 15:30:00","SWP","Chinook Salmon","Unclipped","Spring","Fall",NA,NA,NA,NA,NA,NA,NA,NA,NA,NA,NA,NA,NA,"Second flush",90,1,1,4.33,"C260037SWP",0.93699998,1984715,-2472
"2026-04-18 15:30:00","SWP","Chinook Salmon","Unclipped","Spring","Fall",NA,NA,NA,NA,NA,NA,NA,NA,NA,NA,NA,NA,NA,"Second flush",93,1,1,4.33,"C260039SWP",0.722,1984718,-2472
"2026-04-18 15:30:00","SWP","Chinook Salmon","Unclipped","Spring","Spring",NA,NA,NA,NA,NA,NA,NA,NA,NA,NA,NA,NA,NA,"Second flush",119,1,1,4.33,"C260040SWP",0.64700001,1984722,-2472
"2026-04-18 22:00:00","CVP","Chinook Salmon","Unclipped","Spring","Fall",NA,NA,NA,NA,NA,NA,NA,NA,NA,NA,30,120,0.25,"Normal count",89,1,4,3.01,"C269000CVP",0.55199999,1984758,-2472
"2026-04-19 04:00:00","CVP","Chinook Salmon","Unclipped","Spring","Fall",NA,NA,NA,NA,NA,NA,NA,NA,NA,NA,30,120,0.25,"Normal count",94,1,4,3.01,"C269002CVP",0.72100002,1984777,-2333
"2026-04-19 04:00:00","CVP","Chinook Salmon","Unclipped","Spring","Fall",NA,NA,NA,NA,NA,NA,NA,NA,NA,NA,30,120,0.25,"Normal count",99,1,4,3.01,"C269001CVP",0.53299999,1984778,-2333
"2026-04-19 15:30:00","SWP","Chinook Salmon","Unclipped","Spring","Fall",NA,NA,NA,NA,NA,NA,NA,NA,NA,NA,NA,NA,NA,"Second flush",89,1,1,4.33,"C260042SWP",0.759,1984714,-2333
"2026-04-19 15:30:00","SWP","Chinook Salmon","Unclipped","Spring","Fall",NA,NA,NA,NA,NA,NA,NA,NA,NA,NA,NA,NA,NA,"Second flush",90,1,1,4.33,"C260041SWP",0.92799997,1984716,-2333
"2026-04-19 15:30:00","SWP","Chinook Salmon","Unclipped","Spring","Fall",NA,NA,NA,NA,NA,NA,NA,NA,NA,NA,NA,NA,NA,"Second flush",92,1,1,4.33,"C260043SWP",0.89300001,1984717,-2333
"2026-04-19 23:59:00","CVP","Chinook Salmon","Unclipped","Spring",NA,NA,NA,NA,NA,NA,NA,NA,NA,NA,NA,30,120,0.25,"Normal count",83,1,4,3.01,NA,NA,1984771,-2333
"2026-04-19 23:59:00","CVP","Chinook Salmon","Unclipped","Spring",NA,NA,NA,NA,NA,NA,NA,NA,NA,NA,NA,30,120,0.25,"Normal count",87,1,4,3.01,NA,NA,1984772,-2333
"2026-04-20 02:00:00","CVP","Chinook Salmon","Unclipped","Fall",NA,NA,NA,NA,NA,NA,NA,NA,NA,NA,NA,30,120,0.25,"Normal count",57,1,4,3.01,NA,NA,1984816,-2214
"2026-04-20 04:00:00","CVP","Chinook Salmon","Unclipped","Fall",NA,NA,NA,NA,NA,NA,NA,NA,NA,NA,NA,30,120,0.25,"Normal count",76,1,4,3.01,NA,NA,1984821,-2214
"2026-04-20 04:00:00","CVP","Chinook Salmon","Unclipped","Spring","Fall",NA,NA,NA,NA,NA,NA,NA,NA,NA,NA,30,120,0.25,"Normal count",89,1,4,3.01,"C260871CVP",0.95999998,1984822,-2214
"2026-04-20 06:00:00","CVP","Chinook Salmon","Unclipped","Fall",NA,NA,NA,NA,NA,NA,NA,NA,NA,NA,NA,30,120,0.25,"Normal count",76,1,4,3.01,NA,NA,1984804,-2214
"2026-04-20 06:00:00","CVP","Chinook Salmon","Unclipped","Spring",NA,NA,NA,NA,NA,NA,NA,NA,NA,NA,NA,30,120,0.25,"Normal count",85,1,4,3.01,NA,NA,1984805,-2214
"2026-04-20 20:00:00","CVP","Chinook Salmon","Unclipped","Spring","Fall",NA,NA,NA,NA,NA,NA,NA,NA,NA,NA,30,120,0.25,"Normal count",93,1,4,3.27,"C260872CVP",0.94300002,1984818,-2214
"2026-04-20 22:00:00","CVP","Chinook Salmon","Unclipped","Fall",NA,NA,NA,NA,NA,NA,NA,NA,NA,NA,NA,30,120,0.25,"Normal count",80,1,4,3.01,NA,NA,1984806,-2214
"2026-04-20 22:00:00","CVP","Chinook Salmon","Unclipped","Spring","Fall",NA,NA,NA,NA,NA,NA,NA,NA,NA,NA,30,120,0.25,"Normal count",87,1,4,3.01,"C260874CVP",0.574,1984807,-2214
"2026-04-20 22:00:00","CVP","Chinook Salmon","Unclipped","Spring","Fall",NA,NA,NA,NA,NA,NA,NA,NA,NA,NA,30,120,0.25,"Normal count",88,1,4,3.01,"C260873CVP",0.46200001,1984808,-2214
"2026-04-21 04:00:00","CVP","Chinook Salmon","Unclipped","Spring","Fall",NA,NA,NA,NA,NA,NA,NA,NA,NA,NA,30,120,0.25,"Normal count",95,1,4,3.01,"C260875CVP",0.52399999,1984844,-2098
"2026-04-21 06:00:00","CVP","Chinook Salmon","Unclipped","Spring","Fall",NA,NA,NA,NA,NA,NA,NA,NA,NA,NA,30,120,0.25,"Normal count",88,1,4,3.01,"C260876CVP",0.88,1984857,-2098
"2026-04-21 22:00:00","CVP","Chinook Salmon","Unclipped","Spring","Fall",NA,NA,NA,NA,NA,NA,NA,NA,NA,NA,30,120,0.25,"Normal count",101,1,4,3.88,"C260877CVP",0.99199998,1984839,-2098
"2026-04-21 23:59:00","CVP","Chinook Salmon","Unclipped","Fall","Fall",NA,NA,NA,NA,NA,NA,NA,NA,NA,NA,30,120,0.25,"Normal count",77,1,4,3.01,"C260878CVP",0.61199999,1984845,-2098
"2026-04-21 23:59:00","CVP","Chinook Salmon","Unclipped","Spring","Fall",NA,NA,NA,NA,NA,NA,NA,NA,NA,NA,30,120,0.25,"Normal count",84,1,4,3.01,"C260879CVP",0.97500002,1984846,-2098
"2026-04-21 23:59:00","CVP","Chinook Salmon","Unclipped","Spring","Fall",NA,NA,NA,NA,NA,NA,NA,NA,NA,NA,30,120,0.25,"Normal count",89,1,4,3.01,"C260881CVP",0.86799997,1984847,-2098
"2026-04-21 23:59:00","CVP","Chinook Salmon","Unclipped","Spring","Fall",NA,NA,NA,NA,NA,NA,NA,NA,NA,NA,30,120,0.25,"Normal count",91,1,4,3.01,"C260880CVP",0.99000001,1984848,-2098
"2026-04-21 23:59:00","CVP","Chinook Salmon","Unclipped","Spring","Fall",NA,NA,NA,NA,NA,NA,NA,NA,NA,NA,30,120,0.25,"Normal count",100,1,4,3.01,"C260882CVP",0.59399998,1984849,-2098
"2026-04-22 06:00:00","CVP","Chinook Salmon","Unclipped","Spring","Fall",NA,NA,NA,NA,NA,NA,NA,NA,NA,NA,30,120,0.25,"Normal count",90,1,4,3.01,"C260885CVP",0.56999999,1984866,-1976
"2026-04-22 06:00:00","CVP","Chinook Salmon","Unclipped","Spring","Fall",NA,NA,NA,NA,NA,NA,NA,NA,NA,NA,30,120,0.25,"Normal count",92,1,4,3.01,"C260883CVP",0.98000002,1984867,-1976
"2026-04-22 06:00:00","CVP","Chinook Salmon","Unclipped","Spring","Fall",NA,NA,NA,NA,NA,NA,NA,NA,NA,NA,30,120,0.25,"Normal count",100,1,4,3.01,"C260884CVP",0.93400002,1984868,-1976
"2026-04-22 18:30:00","SWP","Chinook Salmon","Unclipped","Spring","Fall",NA,NA,NA,NA,NA,NA,NA,NA,NA,NA,NA,NA,NA,"Second flush",117,1,1,4.33,"C260044SWP",0.995,1984858,-1976
"2026-04-22 22:00:00","CVP","Chinook Salmon","Unclipped","Spring","Fall",NA,NA,NA,NA,NA,NA,NA,NA,NA,NA,30,120,0.25,"Normal count",97,1,4,2.76,"C260886CVP",0.542,1984864,-1976
"2026-04-22 23:59:00","CVP","Chinook Salmon","Unclipped","Fall","Fall",NA,NA,NA,NA,NA,NA,NA,NA,NA,NA,30,120,0.25,"Normal count",83,1,4,2.76,"C260892CVP",0.94300002,1984880,-1976
"2026-04-22 23:59:00","CVP","Chinook Salmon","Unclipped","Spring","Fall",NA,NA,NA,NA,NA,NA,NA,NA,NA,NA,30,120,0.25,"Normal count",84,1,4,2.76,"C260888CVP",0.76200002,1984881,-1976
"2026-04-22 23:59:00","CVP","Chinook Salmon","Unclipped","Spring","Fall",NA,NA,NA,NA,NA,NA,NA,NA,NA,NA,30,120,0.25,"Normal count",85,1,4,2.76,"C260893CVP",0.986,1984882,-1976
"2026-04-22 23:59:00","CVP","Chinook Salmon","Unclipped","Spring","Fall",NA,NA,NA,NA,NA,NA,NA,NA,NA,NA,30,120,0.25,"Normal count",86,1,4,2.76,"C260890CVP",0.99000001,1984883,-1976
"2026-04-22 23:59:00","CVP","Chinook Salmon","Unclipped","Spring","Fall",NA,NA,NA,NA,NA,NA,NA,NA,NA,NA,30,120,0.25,"Normal count",88,1,4,2.76,"C260887CVP",0.91799998,1984884,-1976
"2026-04-22 23:59:00","CVP","Chinook Salmon","Unclipped","Spring","Fall",NA,NA,NA,NA,NA,NA,NA,NA,NA,NA,30,120,0.25,"Normal count",94,1,4,2.76,"C260889CVP",0.60299999,1984885,-1976
"2026-04-22 23:59:00","CVP","Chinook Salmon","Unclipped","Spring","Fall",NA,NA,NA,NA,NA,NA,NA,NA,NA,NA,30,120,0.25,"Normal count",96,1,4,2.77,"C260891CVP",0.71799999,1984886,-1976
"2026-04-22 23:59:00","CVP","Chinook Salmon","Unclipped","Spring","Fall",NA,NA,NA,NA,NA,NA,NA,NA,NA,NA,30,120,0.25,"Normal count",96,1,4,2.77,"C260894CVP",0.57499999,1984886,-1976
"2026-04-23 02:00:00","CVP","Chinook Salmon","Unclipped","Spring","Spring",NA,NA,NA,NA,NA,NA,NA,NA,NA,NA,30,120,0.25,"Normal count",94,1,4,2.76,"C260897CVP",0.53899997,1984922,-1837
"2026-04-23 02:00:00","CVP","Chinook Salmon","Unclipped","Spring","Fall",NA,NA,NA,NA,NA,NA,NA,NA,NA,NA,30,120,0.25,"Normal count",96,1,4,2.76,"C260896CVP",0.91299999,1984923,-1837
"2026-04-23 02:00:00","CVP","Chinook Salmon","Unclipped","Spring","Fall",NA,NA,NA,NA,NA,NA,NA,NA,NA,NA,30,120,0.25,"Normal count",97,1,4,2.76,"C260898CVP",0.98400003,1984924,-1837
"2026-04-23 02:00:00","CVP","Chinook Salmon","Unclipped","Spring","Fall",NA,NA,NA,NA,NA,NA,NA,NA,NA,NA,30,120,0.25,"Normal count",101,1,4,3.19,"C260895CVP",0.97299999,1984925,-1837
"2026-04-23 04:00:00","CVP","Chinook Salmon","Unclipped","Spring","LateFall",NA,NA,NA,NA,NA,NA,NA,NA,NA,NA,30,120,0.25,"Normal count",89,1,4,2.76,"C260899CVP",0.71200001,1984908,-1837
"2026-04-23 06:00:00","CVP","Chinook Salmon","Unclipped","Spring","Fall",NA,NA,NA,NA,NA,NA,NA,NA,NA,NA,30,120,0.25,"Normal count",85,1,4,3.28,"C260900CVP",0.833,1984899,-1837
"2026-04-23 06:00:00","CVP","Chinook Salmon","Unclipped","Spring","Fall",NA,NA,NA,NA,NA,NA,NA,NA,NA,NA,30,120,0.25,"Normal count",95,1,4,3.28,"C260901CVP",0.98100001,1984900,-1837
"2026-04-23 16:00:00","SWP","Chinook Salmon","Unclipped","Spring","Fall",NA,NA,NA,NA,NA,NA,NA,NA,NA,NA,30,60,0.5,"Normal count",95,1,2,8.21,"C260046SWP",0.53100002,1984890,-1837
"2026-04-23 16:00:00","SWP","Chinook Salmon","Unclipped","Spring","Fall",NA,NA,NA,NA,NA,NA,NA,NA,NA,NA,30,60,0.5,"Normal count",96,1,2,8.21,"C260045SWP",0.85000002,1984891,-1837
"2026-04-23 16:00:00","SWP","Chinook Salmon","Unclipped","Spring","Fall",NA,NA,NA,NA,NA,NA,NA,NA,NA,NA,30,60,0.5,"Normal count",97,1,2,8.21,"C260047SWP",0.833,1984892,-1837
"2026-04-23 16:00:00","SWP","Chinook Salmon","Unclipped","Spring","Fall",NA,NA,NA,NA,NA,NA,NA,NA,NA,NA,30,60,0.5,"Normal count",102,1,2,8.64,"C260048SWP",0.972,1984893,-1837
"2026-04-23 20:30:00","SWP","Chinook Salmon","Unclipped","Spring","Fall",NA,NA,NA,NA,NA,NA,NA,NA,NA,NA,NA,NA,NA,"Second flush",87,1,1,4.33,"C260051SWP",0.51300001,1984887,-1837
"2026-04-23 20:30:00","SWP","Chinook Salmon","Unclipped","Spring","Fall",NA,NA,NA,NA,NA,NA,NA,NA,NA,NA,NA,NA,NA,"Second flush",89,1,1,4.33,"C260050SWP",0.92199999,1984888,-1837
"2026-04-23 20:30:00","SWP","Chinook Salmon","Unclipped","Spring","Fall",NA,NA,NA,NA,NA,NA,NA,NA,NA,NA,NA,NA,NA,"Second flush",94,1,1,4.33,"C260049SWP",0.86400002,1984889,-1837
"2026-04-23 22:00:00","CVP","Chinook Salmon","Unclipped","Fall","Fall",NA,NA,NA,NA,NA,NA,NA,NA,NA,NA,30,120,0.25,"Normal count",82,1,4,3.01,"C260902CVP",0.80000001,1984934,-1837
"2026-04-23 22:00:00","CVP","Chinook Salmon","Unclipped","Spring","Fall",NA,NA,NA,NA,NA,NA,NA,NA,NA,NA,30,120,0.25,"Normal count",87,1,4,3.01,"C260903CVP",0.59500003,1984935,-1837
"2026-04-23 22:00:00","CVP","Chinook Salmon","Unclipped","Spring","Fall",NA,NA,NA,NA,NA,NA,NA,NA,NA,NA,30,120,0.25,"Normal count",91,1,4,3.01,"C260904CVP",0.824,1984936,-1837
"2026-04-23 23:59:00","CVP","Chinook Salmon","Unclipped","Spring","Fall",NA,NA,NA,NA,NA,NA,NA,NA,NA,NA,30,120,0.25,"Normal count",85,1,4,3.01,"C260906CVP",0.49200001,1984915,-1837
"2026-04-23 23:59:00","CVP","Chinook Salmon","Unclipped","Spring","Fall",NA,NA,NA,NA,NA,NA,NA,NA,NA,NA,30,120,0.25,"Normal count",87,1,4,3.01,"C260905CVP",0.94300002,1984916,-1837
"2026-04-23 23:59:00","CVP","Chinook Salmon","Unclipped","Spring","Fall",NA,NA,NA,NA,NA,NA,NA,NA,NA,NA,30,120,0.25,"Normal count",93,1,4,3.01,"C260907CVP",0.602,1984917,-1837
"2026-04-23 23:59:00","CVP","Chinook Salmon","Unclipped","Spring","Fall",NA,NA,NA,NA,NA,NA,NA,NA,NA,NA,30,120,0.25,"Normal count",94,1,4,3.01,"C260908CVP",0.85799998,1984918,-1837
"2026-04-24 02:00:00","CVP","Chinook Salmon","Unclipped","Spring","Fall",NA,NA,NA,NA,NA,NA,NA,NA,NA,NA,30,120,0.25,"Normal count",103,1,4,3.52,"C260909CVP",0.88200003,1985045,-1694
"2026-04-24 04:00:00","CVP","Chinook Salmon","Unclipped","Spring","Fall",NA,NA,NA,NA,NA,NA,NA,NA,NA,NA,30,120,0.25,"Normal count",85,1,4,3.01,"C260910CVP",1,1985028,-1694
"2026-04-24 11:00:00","SWP","Chinook Salmon","Unclipped","Fall","Fall",NA,NA,NA,NA,NA,NA,NA,NA,NA,NA,30,120,0.25,"Normal count",82,1,4,16.6,"C260052SWP",0.40799999,1984954,-1694
"2026-04-24 13:00:00","SWP","Chinook Salmon","Clipped","Spring",NA,"Spring","063223","SCARF","SJRRP",2026-03-23,2026-03-25,3,"San Joaquin River at Highway 140","CDFW inseason spreadsheet",30,30,120,0.25,"Normal count",101,1,4,17.44,NA,NA,1984981,-1694
"2026-04-24 13:00:00","SWP","Chinook Salmon","Clipped","Spring",NA,"Spring","063223","FRH","Experimental",2026-03-23,2026-03-25,3,"SAN JOAQ R GRT VAL GR 140","RMIS",30,30,120,0.25,"Normal count",101,1,4,17.44,NA,NA,1984981,-1694
"2026-04-24 20:30:00","SWP","Chinook Salmon","Unclipped","Spring","Fall",NA,NA,NA,NA,NA,NA,NA,NA,NA,NA,NA,NA,NA,"Second flush",90,1,1,4.33,"C260053SWP",0.85000002,1984959,-1694
"2026-04-24 20:30:00","SWP","Chinook Salmon","Unclipped","Spring","Fall",NA,NA,NA,NA,NA,NA,NA,NA,NA,NA,NA,NA,NA,"Second flush",92,1,1,4.33,"C260054SWP",0.56,1984962,-1694
"2026-04-24 23:59:00","CVP","Chinook Salmon","Unclipped","Spring","Fall",NA,NA,NA,NA,NA,NA,NA,NA,NA,NA,30,120,0.25,"Normal count",88,1,4,2.76,"C260917CVP",0.71899998,1985029,-1694
"2026-04-24 23:59:00","CVP","Chinook Salmon","Unclipped","Spring","Fall",NA,NA,NA,NA,NA,NA,NA,NA,NA,NA,30,120,0.25,"Normal count",90,1,4,2.76,"C260914CVPa",0.95899999,1985030,-1694
"2026-04-24 23:59:00","CVP","Chinook Salmon","Unclipped","Spring","Fall",NA,NA,NA,NA,NA,NA,NA,NA,NA,NA,30,120,0.25,"Normal count",91,1,4,2.76,"C260915CVP",0.73799998,1985031,-1694
"2026-04-24 23:59:00","CVP","Chinook Salmon","Unclipped","Spring","Fall",NA,NA,NA,NA,NA,NA,NA,NA,NA,NA,30,120,0.25,"Normal count",92,1,4,2.76,"C260918CVP",0.83200002,1985032,-1694
"2026-04-24 23:59:00","CVP","Chinook Salmon","Unclipped","Spring","Fall",NA,NA,NA,NA,NA,NA,NA,NA,NA,NA,30,120,0.25,"Normal count",95,1,4,2.76,"C260916CVP",0.97799999,1985033,-1694
"2026-04-24 23:59:00","CVP","Chinook Salmon","Unclipped","Spring","Fall",NA,NA,NA,NA,NA,NA,NA,NA,NA,NA,30,120,0.25,"Normal count",95,1,4,2.76,"C260912CVP",0.921,1985033,-1694
"2026-04-24 23:59:00","CVP","Chinook Salmon","Unclipped","Spring","Fall",NA,NA,NA,NA,NA,NA,NA,NA,NA,NA,30,120,0.25,"Normal count",95,1,4,2.76,"C260913CVP",0.85299999,1985033,-1694
"2026-04-24 23:59:00","CVP","Chinook Salmon","Unclipped","Spring","Fall",NA,NA,NA,NA,NA,NA,NA,NA,NA,NA,30,120,0.25,"Normal count",105,1,4,3.19,"C260911CVP",0.57499999,1985034,-1694
"2026-04-25 02:00:00","CVP","Chinook Salmon","Unclipped","Fall","Fall",NA,NA,NA,NA,NA,NA,NA,NA,NA,NA,30,120,0.25,"Normal count",80,1,4,3.01,"C260925CVP",0.49900001,1984994,-1546
"2026-04-25 02:00:00","CVP","Chinook Salmon","Unclipped","Spring","Fall",NA,NA,NA,NA,NA,NA,NA,NA,NA,NA,30,120,0.25,"Normal count",90,1,4,3.01,"C260922CVP",0.99400002,1984995,-1546
"2026-04-25 02:00:00","CVP","Chinook Salmon","Unclipped","Spring","Fall",NA,NA,NA,NA,NA,NA,NA,NA,NA,NA,30,120,0.25,"Normal count",95,1,4,3.01,"C260924CVP",0.70499998,1984996,-1546
"2026-04-25 02:00:00","CVP","Chinook Salmon","Unclipped","Spring","Fall",NA,NA,NA,NA,NA,NA,NA,NA,NA,NA,30,120,0.25,"Normal count",96,1,4,3.01,"C260923CVP",0.85500002,1984997,-1546
"2026-04-25 02:00:00","CVP","Chinook Salmon","Unclipped","Spring","Fall",NA,NA,NA,NA,NA,NA,NA,NA,NA,NA,30,120,0.25,"Normal count",98,1,4,3.01,"C260919CVP",0.71799999,1984998,-1546
"2026-04-25 02:00:00","CVP","Chinook Salmon","Unclipped","Spring","Fall",NA,NA,NA,NA,NA,NA,NA,NA,NA,NA,30,120,0.25,"Normal count",100,1,4,3.01,"C260920CVP",0.662,1984999,-1546
"2026-04-25 02:00:00","CVP","Chinook Salmon","Unclipped","Spring","Fall",NA,NA,NA,NA,NA,NA,NA,NA,NA,NA,30,120,0.25,"Normal count",101,1,4,3.52,"C260921CVP",0.67500001,1985000,-1546
"2026-04-25 04:00:00","CVP","Chinook Salmon","Unclipped","Fall","Fall",NA,NA,NA,NA,NA,NA,NA,NA,NA,NA,30,120,0.25,"Normal count",85,1,4,3.01,"C260932CVP",0.88800001,1984982,-1546
"2026-04-25 04:00:00","CVP","Chinook Salmon","Unclipped","Spring","Fall",NA,NA,NA,NA,NA,NA,NA,NA,NA,NA,30,120,0.25,"Normal count",86,1,4,3.01,"C260930CVP",0.986,1984983,-1546
"2026-04-25 04:00:00","CVP","Chinook Salmon","Unclipped","Spring","Fall",NA,NA,NA,NA,NA,NA,NA,NA,NA,NA,30,120,0.25,"Normal count",88,1,4,3.01,"C260931CVP",0.99599999,1984984,-1546
"2026-04-25 04:00:00","CVP","Chinook Salmon","Unclipped","Spring","Fall",NA,NA,NA,NA,NA,NA,NA,NA,NA,NA,30,120,0.25,"Normal count",88,1,4,3.01,"C260927CVP",0.583,1984984,-1546
"2026-04-25 04:00:00","CVP","Chinook Salmon","Unclipped","Spring","Fall",NA,NA,NA,NA,NA,NA,NA,NA,NA,NA,30,120,0.25,"Normal count",96,1,4,3.01,"C260928CVP",0.99800003,1984985,-1546
"2026-04-25 04:00:00","CVP","Chinook Salmon","Unclipped","Spring","Fall",NA,NA,NA,NA,NA,NA,NA,NA,NA,NA,30,120,0.25,"Normal count",98,1,4,3.01,"C260926CVP",0.99800003,1984986,-1546
"2026-04-25 04:00:00","CVP","Chinook Salmon","Unclipped","Spring","Fall",NA,NA,NA,NA,NA,NA,NA,NA,NA,NA,30,120,0.25,"Normal count",100,1,4,3.01,"C260929CVP",0.89099997,1984987,-1546
"2026-04-25 08:00:00","CVP","Chinook Salmon","Unclipped","Spring","Fall",NA,NA,NA,NA,NA,NA,NA,NA,NA,NA,30,60,0.5,"Normal count",86,1,2,1.63,"C260933CVP",0.99800003,1985004,-1546
"2026-04-25 15:00:00","SWP","Chinook Salmon","Unclipped","Spring","Fall",NA,NA,NA,NA,NA,NA,NA,NA,NA,NA,30,120,0.25,"Normal count",95,1,4,16.52,"C260055SWP",0.89899999,1984966,-1546
"2026-04-25 20:30:00","SWP","Chinook Salmon","Unclipped","Spring","Fall",NA,NA,NA,NA,NA,NA,NA,NA,NA,NA,NA,NA,NA,"Second flush",88,1,1,4.33,"C260057SWP",0.903,1984956,-1546
"2026-04-25 20:30:00","SWP","Chinook Salmon","Unclipped","Spring","Fall",NA,NA,NA,NA,NA,NA,NA,NA,NA,NA,NA,NA,NA,"Second flush",94,1,1,4.33,"C260056SWP",0.70200002,1984964,-1546
"2026-04-25 22:00:00","CVP","Chinook Salmon","Unclipped","Fall","Fall",NA,NA,NA,NA,NA,NA,NA,NA,NA,NA,30,120,0.25,"Normal count",84,1,4,2.76,"C260935CVP",0.89300001,1985002,-1546
"2026-04-25 22:00:00","CVP","Chinook Salmon","Unclipped","Spring","Fall",NA,NA,NA,NA,NA,NA,NA,NA,NA,NA,30,120,0.25,"Normal count",98,1,4,2.76,"C260934CVP",0.99199998,1985003,-1546
"2026-04-25 23:59:00","CVP","Chinook Salmon","Unclipped","Spring","Fall",NA,NA,NA,NA,NA,NA,NA,NA,NA,NA,30,120,0.25,"Normal count",94,1,4,2.76,"C260936CVP",0.98500001,1985008,-1546
"2026-04-26 02:00:00","CVP","Chinook Salmon","Unclipped","Fall","Fall",NA,NA,NA,NA,NA,NA,NA,NA,NA,NA,30,120,0.25,"Normal count",83,1,4,2.76,"C260940CVP",0.708,1985083,-1419
"2026-04-26 02:00:00","CVP","Chinook Salmon","Unclipped","Spring","Fall",NA,NA,NA,NA,NA,NA,NA,NA,NA,NA,30,120,0.25,"Normal count",87,1,4,2.76,"C260939CVP",0.447,1985084,-1419
"2026-04-26 02:00:00","CVP","Chinook Salmon","Unclipped","Spring","Fall",NA,NA,NA,NA,NA,NA,NA,NA,NA,NA,30,120,0.25,"Normal count",88,1,4,2.76,"C260937CVP",0.99199998,1985085,-1419
"2026-04-26 02:00:00","CVP","Chinook Salmon","Unclipped","Spring","Fall",NA,NA,NA,NA,NA,NA,NA,NA,NA,NA,30,120,0.25,"Normal count",96,1,4,2.76,"C260938CVP",0.79100001,1985086,-1419
"2026-04-26 04:00:00","CVP","Chinook Salmon","Unclipped","Fall","Fall",NA,NA,NA,NA,NA,NA,NA,NA,NA,NA,30,120,0.25,"Normal count",85,1,4,2.76,"C260941CVP",0.99800003,1985052,-1419
"2026-04-26 04:00:00","CVP","Chinook Salmon","Unclipped","Spring","Fall",NA,NA,NA,NA,NA,NA,NA,NA,NA,NA,30,120,0.25,"Normal count",87,1,4,2.76,"C260943CVP",0.53899997,1985053,-1419
"2026-04-26 04:00:00","CVP","Chinook Salmon","Unclipped","Spring","Fall",NA,NA,NA,NA,NA,NA,NA,NA,NA,NA,30,120,0.25,"Normal count",91,1,4,2.76,"C260944CVP",0.43900001,1985054,-1419
"2026-04-26 04:00:00","CVP","Chinook Salmon","Unclipped","Spring","Fall",NA,NA,NA,NA,NA,NA,NA,NA,NA,NA,30,120,0.25,"Normal count",97,1,4,2.76,"C260942CVP",0.84600002,1985055,-1419
"2026-04-26 06:00:00","CVP","Chinook Salmon","Unclipped","Spring","Fall",NA,NA,NA,NA,NA,NA,NA,NA,NA,NA,30,120,0.25,"Normal count",100,1,4,2.76,"C260945CVP",0.995,1985056,-1419
"2026-04-26 13:00:00","SWP","Chinook Salmon","Unclipped","Spring","Fall",NA,NA,NA,NA,NA,NA,NA,NA,NA,NA,30,120,0.25,"Normal count",91,1,4,16.48,"C260059SWP",0.78600001,1984961,-1419
"2026-04-26 13:00:00","SWP","Chinook Salmon","Unclipped","Spring","Fall",NA,NA,NA,NA,NA,NA,NA,NA,NA,NA,30,120,0.25,"Normal count",93,1,4,16.48,"C260058SWP",0.98199999,1984963,-1419
"2026-04-26 16:00:00","CVP","Chinook Salmon","Unclipped","Spring",NA,NA,NA,NA,NA,NA,NA,NA,NA,NA,NA,30,120,0.25,"Normal count",87,1,4,3.27,NA,NA,1985079,-1419
"2026-04-26 17:00:00","SWP","Chinook Salmon","Unclipped","Spring","Fall",NA,NA,NA,NA,NA,NA,NA,NA,NA,NA,30,120,0.25,"Normal count",88,1,4,16.38,"C260060SWP",0.83099997,1984957,-1419
"2026-04-26 18:00:00","SWP","Chinook Salmon","Unclipped","Spring","Fall",NA,NA,NA,NA,NA,NA,NA,NA,NA,NA,30,60,0.5,"Normal count",90,1,2,8.19,"C260062SWP",0.43399999,1984960,-1419
"2026-04-26 18:00:00","SWP","Chinook Salmon","Unclipped","Spring","Fall",NA,NA,NA,NA,NA,NA,NA,NA,NA,NA,30,60,0.5,"Normal count",90,1,2,8.19,"C260063SWP",0.59299999,1984960,-1419
"2026-04-26 18:00:00","SWP","Chinook Salmon","Unclipped","Spring","Fall",NA,NA,NA,NA,NA,NA,NA,NA,NA,NA,30,60,0.5,"Normal count",94,1,2,8.19,"C260061SWP",0.88800001,1984965,-1419
"2026-04-26 18:45:00","SWP","Chinook Salmon","Unclipped","Spring","Fall",NA,NA,NA,NA,NA,NA,NA,NA,NA,NA,NA,NA,NA,"Second flush",88,1,1,4.33,"C260070SWP",0.84100002,1984958,-1419
"2026-04-26 18:45:00","SWP","Chinook Salmon","Clipped","Spring",NA,"Spring","063223","SCARF","SJRRP",2026-03-23,2026-03-25,3,"San Joaquin River at Highway 140","CDFW inseason spreadsheet",32,NA,NA,NA,"Second flush",95,1,1,4.33,NA,NA,1984980,-1419
"2026-04-26 18:45:00","SWP","Chinook Salmon","Clipped","Spring",NA,"Spring","063223","FRH","Experimental",2026-03-23,2026-03-25,3,"SAN JOAQ R GRT VAL GR 140","RMIS",32,NA,NA,NA,"Second flush",95,1,1,4.33,NA,NA,1984980,-1419
"2026-04-26 18:45:00","SWP","Chinook Salmon","Unclipped","Spring","Fall",NA,NA,NA,NA,NA,NA,NA,NA,NA,NA,NA,NA,NA,"Second flush",96,1,1,4.33,"C260072SWP",0.95999998,1984967,-1419
"2026-04-26 18:45:00","SWP","Chinook Salmon","Unclipped","Spring","Fall",NA,NA,NA,NA,NA,NA,NA,NA,NA,NA,NA,NA,NA,"Second flush",97,1,1,4.33,"C260066SWP",0.56900001,1984968,-1419
"2026-04-26 18:45:00","SWP","Chinook Salmon","Unclipped","Spring","Fall",NA,NA,NA,NA,NA,NA,NA,NA,NA,NA,NA,NA,NA,"Second flush",98,1,1,4.33,"C260067SWP",0.96399999,1984969,-1419
"2026-04-26 18:45:00","SWP","Chinook Salmon","Unclipped","Spring","Fall",NA,NA,NA,NA,NA,NA,NA,NA,NA,NA,NA,NA,NA,"Second flush",100,1,1,4.33,"C260068SWP",0.995,1984970,-1419
"2026-04-26 18:45:00","SWP","Chinook Salmon","Unclipped","Spring","Fall",NA,NA,NA,NA,NA,NA,NA,NA,NA,NA,NA,NA,NA,"Second flush",104,1,1,4.33,"C260071SWP",0.62900001,1984972,-1419
"2026-04-26 18:45:00","SWP","Chinook Salmon","Unclipped","Spring","Fall",NA,NA,NA,NA,NA,NA,NA,NA,NA,NA,NA,NA,NA,"Second flush",106,1,1,4.33,"C260064SWP",0.68599999,1984973,-1419
"2026-04-26 18:45:00","SWP","Chinook Salmon","Unclipped","Spring","Fall",NA,NA,NA,NA,NA,NA,NA,NA,NA,NA,NA,NA,NA,"Second flush",107,1,1,4.33,"C260065SWP",0.37,1984974,-1419
"2026-04-26 18:45:00","SWP","Chinook Salmon","Unclipped","Spring","Fall",NA,NA,NA,NA,NA,NA,NA,NA,NA,NA,NA,NA,NA,"Second flush",110,1,1,4.33,"C260069SWP",0.963,1984977,-1419
"2026-04-26 22:00:00","CVP","Chinook Salmon","Unclipped","Fall","Fall",NA,NA,NA,NA,NA,NA,NA,NA,NA,NA,30,120,0.25,"Normal count",81,1,4,2.76,"C260948CVP",0.69700003,1985069,-1419
"2026-04-26 22:00:00","CVP","Chinook Salmon","Unclipped","Spring","Fall",NA,NA,NA,NA,NA,NA,NA,NA,NA,NA,30,120,0.25,"Normal count",89,1,4,2.77,"C260949CVP",0.94999999,1985070,-1419
"2026-04-26 22:00:00","CVP","Chinook Salmon","Unclipped","Spring","Fall",NA,NA,NA,NA,NA,NA,NA,NA,NA,NA,30,120,0.25,"Normal count",89,1,4,2.77,"C260951CVP",0.54100001,1985070,-1419
"2026-04-26 22:00:00","CVP","Chinook Salmon","Unclipped","Spring","Fall",NA,NA,NA,NA,NA,NA,NA,NA,NA,NA,30,120,0.25,"Normal count",90,1,4,2.76,"C260946CVP",0.68699998,1985071,-1419
"2026-04-26 22:00:00","CVP","Chinook Salmon","Unclipped","Spring","Fall",NA,NA,NA,NA,NA,NA,NA,NA,NA,NA,30,120,0.25,"Normal count",93,1,4,2.76,"C260947CVP",0.56900001,1985072,-1419
"2026-04-26 22:00:00","CVP","Chinook Salmon","Unclipped","Spring","Fall",NA,NA,NA,NA,NA,NA,NA,NA,NA,NA,30,120,0.25,"Normal count",97,1,4,2.76,"C260950CVP",0.57099998,1985073,-1419
"2026-04-26 22:00:00","CVP","Chinook Salmon","Unclipped","Spring","Fall",NA,NA,NA,NA,NA,NA,NA,NA,NA,NA,30,120,0.25,"Normal count",98,1,4,2.76,"C260952CVP",0.736,1985074,-1419
"2026-04-26 22:00:00","CVP","Chinook Salmon","Unclipped","Spring",NA,NA,NA,NA,NA,NA,NA,NA,NA,NA,NA,30,120,0.25,"Normal count",101,1,4,3.19,NA,NA,1985075,-1419
"2026-04-26 23:59:00","CVP","Chinook Salmon","Unclipped","Fall","Fall",NA,NA,NA,NA,NA,NA,NA,NA,NA,NA,30,120,0.25,"Normal count",86,1,4,2.77,"C260957CVP",0.93099999,1985057,-1419
"2026-04-26 23:59:00","CVP","Chinook Salmon","Unclipped","Fall","Fall",NA,NA,NA,NA,NA,NA,NA,NA,NA,NA,30,120,0.25,"Normal count",86,1,4,2.77,"C260953CVP",0.551,1985057,-1419
"2026-04-26 23:59:00","CVP","Chinook Salmon","Unclipped","Spring",NA,NA,NA,NA,NA,NA,NA,NA,NA,NA,NA,30,120,0.25,"Normal count",87,1,4,2.76,NA,NA,1985058,-1419
"2026-04-26 23:59:00","CVP","Chinook Salmon","Unclipped","Spring","Fall",NA,NA,NA,NA,NA,NA,NA,NA,NA,NA,30,120,0.25,"Normal count",92,1,4,2.76,"C260955CVP",0.97899997,1985059,-1419
"2026-04-26 23:59:00","CVP","Chinook Salmon","Unclipped","Spring","Fall",NA,NA,NA,NA,NA,NA,NA,NA,NA,NA,30,120,0.25,"Normal count",93,1,4,2.76,"C260956CVP",0.64099997,1985060,-1419
"2026-04-26 23:59:00","CVP","Chinook Salmon","Unclipped","Spring","Fall",NA,NA,NA,NA,NA,NA,NA,NA,NA,NA,30,120,0.25,"Normal count",94,1,4,2.76,"C260959CVP",0.57300001,1985061,-1419
"2026-04-26 23:59:00","CVP","Chinook Salmon","Unclipped","Spring","Fall",NA,NA,NA,NA,NA,NA,NA,NA,NA,NA,30,120,0.25,"Normal count",97,1,4,2.77,"C260958CVP",0.62099999,1985062,-1419
"2026-04-26 23:59:00","CVP","Chinook Salmon","Unclipped","Spring","Fall",NA,NA,NA,NA,NA,NA,NA,NA,NA,NA,30,120,0.25,"Normal count",97,1,4,2.77,"C260954CVP",0.88999999,1985062,-1419
"2026-04-27 02:00:00","CVP","Chinook Salmon","Unclipped","Fall",NA,NA,NA,NA,NA,NA,NA,NA,NA,NA,NA,30,120,0.25,"Normal count",79,1,4,2.76,NA,NA,1985163,-1434
"2026-04-27 02:00:00","CVP","Chinook Salmon","Unclipped","Fall","Fall",NA,NA,NA,NA,NA,NA,NA,NA,NA,NA,30,120,0.25,"Normal count",83,1,4,2.76,"C260960CVP",0.93599999,1985164,-1434
"2026-04-27 02:00:00","CVP","Chinook Salmon","Unclipped","Fall","Fall",NA,NA,NA,NA,NA,NA,NA,NA,NA,NA,30,120,0.25,"Normal count",84,1,4,2.76,"C260961CVP",0.98699999,1985165,-1434
"2026-04-27 02:00:00","CVP","Chinook Salmon","Unclipped","Spring","Fall",NA,NA,NA,NA,NA,NA,NA,NA,NA,NA,30,120,0.25,"Normal count",89,1,4,2.76,"C260962CVP",0.90700001,1985166,-1434
"2026-04-27 02:00:00","CVP","Chinook Salmon","Unclipped","Spring","Fall",NA,NA,NA,NA,NA,NA,NA,NA,NA,NA,30,120,0.25,"Normal count",90,1,4,2.76,"C260963CVP",0.98900002,1985167,-1434
"2026-04-27 02:00:00","CVP","Chinook Salmon","Unclipped","Spring",NA,NA,NA,NA,NA,NA,NA,NA,NA,NA,NA,30,120,0.25,"Normal count",94,1,4,2.76,NA,NA,1985168,-1434
"2026-04-27 02:00:00","CVP","Chinook Salmon","Unclipped","Spring","Fall",NA,NA,NA,NA,NA,NA,NA,NA,NA,NA,30,120,0.25,"Normal count",103,1,4,3.19,"C260964CVP",0.97500002,1985169,-1434
"2026-04-27 04:00:00","CVP","Chinook Salmon","Unclipped","Fall","Fall",NA,NA,NA,NA,NA,NA,NA,NA,NA,NA,30,120,0.25,"Normal count",82,1,4,2.76,"C260965CVP",0.74000001,1985152,-1434
"2026-04-27 04:00:00","CVP","Chinook Salmon","Unclipped","Spring","Fall",NA,NA,NA,NA,NA,NA,NA,NA,NA,NA,30,120,0.25,"Normal count",88,1,4,2.76,"C260966CVP",0.96600002,1985153,-1434
"2026-04-27 04:00:00","CVP","Chinook Salmon","Unclipped","Spring","Fall",NA,NA,NA,NA,NA,NA,NA,NA,NA,NA,30,120,0.25,"Normal count",95,1,4,2.76,"C260967CVP",0.435,1985154,-1434
"2026-04-27 08:00:00","CVP","Chinook Salmon","Unclipped","Spring","Fall",NA,NA,NA,NA,NA,NA,NA,NA,NA,NA,30,60,0.5,"Normal count",96,1,2,1.63,"C260968CVP",0.898,1985123,-1434
"2026-04-27 11:00:00","SWP","Chinook Salmon","Unclipped","Spring","Fall",NA,NA,NA,NA,NA,NA,NA,NA,NA,NA,30,120,0.25,"Normal count",93,1,4,16.62,"C260254SWP",0.498,1985100,-1434
"2026-04-27 17:00:00","SWP","Chinook Salmon","Unclipped","Fall","Fall",NA,NA,NA,NA,NA,NA,NA,NA,NA,NA,30,120,0.25,"Normal count",82,1,4,16.54,"C260255SWP",0.97000003,1985090,-1434
"2026-04-27 17:00:00","SWP","Chinook Salmon","Unclipped","Spring","Fall",NA,NA,NA,NA,NA,NA,NA,NA,NA,NA,30,120,0.25,"Normal count",89,1,4,16.54,"C260266SWP",0.977,1985093,-1434
"2026-04-27 17:00:00","SWP","Chinook Salmon","Unclipped","Spring","Fall",NA,NA,NA,NA,NA,NA,NA,NA,NA,NA,30,120,0.25,"Normal count",90,1,4,16.54,"C260260SWP",0.64300001,1985095,-1434
"2026-04-27 17:00:00","SWP","Chinook Salmon","Unclipped","Spring","Fall",NA,NA,NA,NA,NA,NA,NA,NA,NA,NA,30,120,0.25,"Normal count",91,1,4,16.54,"C260264SWP",0.82300001,1985097,-1434
"2026-04-27 17:00:00","SWP","Chinook Salmon","Unclipped","Spring","Fall",NA,NA,NA,NA,NA,NA,NA,NA,NA,NA,30,120,0.25,"Normal count",92,1,4,16.54,"C260257SWP",0.498,1985098,-1434
"2026-04-27 17:00:00","SWP","Chinook Salmon","Unclipped","Spring","Fall",NA,NA,NA,NA,NA,NA,NA,NA,NA,NA,30,120,0.25,"Normal count",93,1,4,16.54,"C260259SWP",0.396,1985101,-1434
"2026-04-27 17:00:00","SWP","Chinook Salmon","Unclipped","Spring","Fall",NA,NA,NA,NA,NA,NA,NA,NA,NA,NA,30,120,0.25,"Normal count",94,1,4,16.54,"C260258SWP",0.75999999,1985103,-1434
"2026-04-27 17:00:00","SWP","Chinook Salmon","Unclipped","Spring","Fall",NA,NA,NA,NA,NA,NA,NA,NA,NA,NA,30,120,0.25,"Normal count",95,1,4,16.54,"C260267SWP",0.75700003,1985105,-1434
"2026-04-27 17:00:00","SWP","Chinook Salmon","Unclipped","Spring","Fall",NA,NA,NA,NA,NA,NA,NA,NA,NA,NA,30,120,0.25,"Normal count",101,1,4,17.44,"C260262SWP",0.359,1985111,-1434
"2026-04-27 17:00:00","SWP","Chinook Salmon","Unclipped","Spring","Fall",NA,NA,NA,NA,NA,NA,NA,NA,NA,NA,30,120,0.25,"Normal count",101,1,4,17.44,"C260261SWP",0.713,1985111,-1434
"2026-04-27 17:00:00","SWP","Chinook Salmon","Unclipped","Spring","Fall",NA,NA,NA,NA,NA,NA,NA,NA,NA,NA,30,120,0.25,"Normal count",101,1,4,17.44,"C260263SWP",0.66500002,1985111,-1434
"2026-04-27 17:00:00","SWP","Chinook Salmon","Unclipped","Spring","Fall",NA,NA,NA,NA,NA,NA,NA,NA,NA,NA,30,120,0.25,"Normal count",102,1,4,17.44,"C260256SWP",0.81599998,1985112,-1434
"2026-04-27 17:00:00","SWP","Chinook Salmon","Unclipped","Spring","Fall",NA,NA,NA,NA,NA,NA,NA,NA,NA,NA,30,120,0.25,"Normal count",105,1,4,17.44,"C260265SWP",0.81699997,1985113,-1434
"2026-04-27 19:30:00","SWP","Chinook Salmon","Unclipped","Fall","Fall",NA,NA,NA,NA,NA,NA,NA,NA,NA,NA,NA,NA,NA,"Second flush",79,1,1,4.33,"C260272SWP",0.99000001,1985089,-1434
"2026-04-27 19:30:00","SWP","Chinook Salmon","Unclipped","Fall","Fall",NA,NA,NA,NA,NA,NA,NA,NA,NA,NA,NA,NA,NA,"Second flush",83,1,1,4.33,"C260283SWP",0.67799997,1985091,-1434
"2026-04-27 19:30:00","SWP","Chinook Salmon","Unclipped","Spring","Fall",NA,NA,NA,NA,NA,NA,NA,NA,NA,NA,NA,NA,NA,"Second flush",88,1,1,4.33,"C260282SWP",0.66900003,1985092,-1434
"2026-04-27 19:30:00","SWP","Chinook Salmon","Unclipped","Spring","Fall",NA,NA,NA,NA,NA,NA,NA,NA,NA,NA,NA,NA,NA,"Second flush",89,1,1,4.33,"C260270SWP",0.84600002,1985094,-1434
"2026-04-27 19:30:00","SWP","Chinook Salmon","Unclipped","Spring","Fall",NA,NA,NA,NA,NA,NA,NA,NA,NA,NA,NA,NA,NA,"Second flush",90,1,1,4.33,"C260279SWP",0.479,1985096,-1434
"2026-04-27 19:30:00","SWP","Chinook Salmon","Unclipped","Spring","Fall",NA,NA,NA,NA,NA,NA,NA,NA,NA,NA,NA,NA,NA,"Second flush",90,1,1,4.33,"C260273SWP",0.82599998,1985096,-1434
"2026-04-27 19:30:00","SWP","Chinook Salmon","Unclipped","Spring","Fall",NA,NA,NA,NA,NA,NA,NA,NA,NA,NA,NA,NA,NA,"Second flush",90,1,1,4.33,"C260281SWP",0.74199998,1985096,-1434
"2026-04-27 19:30:00","SWP","Chinook Salmon","Unclipped","Spring","Fall",NA,NA,NA,NA,NA,NA,NA,NA,NA,NA,NA,NA,NA,"Second flush",92,1,1,4.33,"C260276SWP",0.77200001,1985099,-1434
"2026-04-27 19:30:00","SWP","Chinook Salmon","Unclipped","Spring","Fall",NA,NA,NA,NA,NA,NA,NA,NA,NA,NA,NA,NA,NA,"Second flush",93,1,1,4.33,"C260275SWP",0.98699999,1985102,-1434
"2026-04-27 19:30:00","SWP","Chinook Salmon","Unclipped","Spring","Fall",NA,NA,NA,NA,NA,NA,NA,NA,NA,NA,NA,NA,NA,"Second flush",93,1,1,4.33,"C260268SWP",0.89899999,1985102,-1434
"2026-04-27 19:30:00","SWP","Chinook Salmon","Unclipped","Spring","Fall",NA,NA,NA,NA,NA,NA,NA,NA,NA,NA,NA,NA,NA,"Second flush",93,1,1,4.33,"C260284SWP",0.93800002,1985102,-1434
"2026-04-27 19:30:00","SWP","Chinook Salmon","Unclipped","Spring","Fall",NA,NA,NA,NA,NA,NA,NA,NA,NA,NA,NA,NA,NA,"Second flush",94,1,1,4.33,"C260274SWP",0.65799999,1985104,-1434
"2026-04-27 19:30:00","SWP","Chinook Salmon","Unclipped","Spring","Fall",NA,NA,NA,NA,NA,NA,NA,NA,NA,NA,NA,NA,NA,"Second flush",95,1,1,4.33,"C260269SWP",0.53799999,1985106,-1434
"2026-04-27 19:30:00","SWP","Chinook Salmon","Unclipped","Spring","Fall",NA,NA,NA,NA,NA,NA,NA,NA,NA,NA,NA,NA,NA,"Second flush",95,1,1,4.33,"C260280SWP",0.83200002,1985106,-1434
"2026-04-27 19:30:00","SWP","Chinook Salmon","Unclipped","Spring","Fall",NA,NA,NA,NA,NA,NA,NA,NA,NA,NA,NA,NA,NA,"Second flush",96,1,1,4.33,"C260271SWP",0.89999998,1985107,-1434
"2026-04-27 19:30:00","SWP","Chinook Salmon","Unclipped","Spring","Fall",NA,NA,NA,NA,NA,NA,NA,NA,NA,NA,NA,NA,NA,"Second flush",97,1,1,4.33,"C260278SWP",0.991,1985109,-1434
"2026-04-27 19:30:00","SWP","Chinook Salmon","Unclipped","Spring","Fall",NA,NA,NA,NA,NA,NA,NA,NA,NA,NA,NA,NA,NA,"Second flush",98,1,1,4.33,"C260277SWP",0.51700002,1985110,-1434
"2026-04-27 22:00:00","CVP","Chinook Salmon","Unclipped","Fall","Fall",NA,NA,NA,NA,NA,NA,NA,NA,NA,NA,30,120,0.25,"Normal count",85,1,4,2.76,"C260969CVP",0.64999998,1985148,-1434
"2026-04-27 22:00:00","CVP","Chinook Salmon","Unclipped","Spring","Fall",NA,NA,NA,NA,NA,NA,NA,NA,NA,NA,30,120,0.25,"Normal count",89,1,4,2.76,"C260970CVP",0.94800001,1985149,-1434
"2026-04-27 22:00:00","CVP","Chinook Salmon","Unclipped","Spring","Fall",NA,NA,NA,NA,NA,NA,NA,NA,NA,NA,30,120,0.25,"Normal count",92,1,4,2.76,"C260971CVP",0.89099997,1985150,-1434
"2026-04-27 22:00:00","CVP","Chinook Salmon","Unclipped","Spring","Fall",NA,NA,NA,NA,NA,NA,NA,NA,NA,NA,30,120,0.25,"Normal count",93,1,4,2.76,"C260972CVP",0.5,1985151,-1434
"2026-04-27 23:59:00","CVP","Chinook Salmon","Unclipped","Fall","Fall",NA,NA,NA,NA,NA,NA,NA,NA,NA,NA,30,120,0.25,"Normal count",84,1,4,2.76,"C260973CVP",0.95700002,1985160,-1434
"2026-04-27 23:59:00","CVP","Chinook Salmon","Unclipped","Spring","Fall",NA,NA,NA,NA,NA,NA,NA,NA,NA,NA,30,120,0.25,"Normal count",87,1,4,2.76,"C260974CVP",0.55400002,1985161,-1434
"2026-04-27 23:59:00","CVP","Chinook Salmon","Unclipped","Spring","Fall",NA,NA,NA,NA,NA,NA,NA,NA,NA,NA,30,120,0.25,"Normal count",105,1,4,3.19,"C260975CVP",0.60900003,1985162,-1434
"2026-04-28 02:00:00","CVP","Chinook Salmon","Unclipped","Fall","Fall",NA,NA,NA,NA,NA,NA,NA,NA,NA,NA,30,120,0.25,"Normal count",79,1,4,2.76,"C260976CVP",0.86500001,1985226,-1452
"2026-04-28 02:00:00","CVP","Chinook Salmon","Unclipped","Fall","Fall",NA,NA,NA,NA,NA,NA,NA,NA,NA,NA,30,120,0.25,"Normal count",84,1,4,2.76,"C260979CVP",0.384,1985227,-1452
"2026-04-28 02:00:00","CVP","Chinook Salmon","Unclipped","Fall","Fall",NA,NA,NA,NA,NA,NA,NA,NA,NA,NA,30,120,0.25,"Normal count",86,1,4,2.76,"C260977CVP",0.986,1985228,-1452
"2026-04-28 02:00:00","CVP","Chinook Salmon","Unclipped","Spring","Fall",NA,NA,NA,NA,NA,NA,NA,NA,NA,NA,30,120,0.25,"Normal count",92,1,4,2.76,"C260980CVP",0.74800003,1985229,-1452
"2026-04-28 02:00:00","CVP","Chinook Salmon","Unclipped","Spring","Fall",NA,NA,NA,NA,NA,NA,NA,NA,NA,NA,30,120,0.25,"Normal count",95,1,4,2.76,"C260981CVP",0.82300001,1985230,-1452
"2026-04-28 02:00:00","CVP","Chinook Salmon","Unclipped","Spring","Fall",NA,NA,NA,NA,NA,NA,NA,NA,NA,NA,30,120,0.25,"Normal count",103,1,4,3.19,"C260978CVP",0.95200002,1985231,-1452
"2026-04-28 04:00:00","CVP","Chinook Salmon","Unclipped","Fall","Fall",NA,NA,NA,NA,NA,NA,NA,NA,NA,NA,30,120,0.25,"Normal count",84,1,4,2.76,"C260984CVP",0.76899999,1985258,-1452
"2026-04-28 04:00:00","CVP","Chinook Salmon","Unclipped","Fall","Fall",NA,NA,NA,NA,NA,NA,NA,NA,NA,NA,30,120,0.25,"Normal count",87,1,4,2.76,"C260982CVP",0.62599999,1985259,-1452
"2026-04-28 04:00:00","CVP","Chinook Salmon","Unclipped","Spring","Fall",NA,NA,NA,NA,NA,NA,NA,NA,NA,NA,30,120,0.25,"Normal count",91,1,4,2.76,"C260985CVP",0.67900002,1985260,-1452
"2026-04-28 04:00:00","CVP","Chinook Salmon","Unclipped","Spring","Fall",NA,NA,NA,NA,NA,NA,NA,NA,NA,NA,30,120,0.25,"Normal count",93,1,4,2.76,"C260983CVP",0.95099998,1985261,-1452
"2026-04-28 04:00:00","CVP","Chinook Salmon","Clipped","Spring",NA,"Spring","063223","FRH","Experimental",2026-03-23,2026-03-25,3,"SAN JOAQ R GRT VAL GR 140","RMIS",34,30,120,0.25,"Normal count",93,1,4,2.76,NA,NA,1985262,-1452
"2026-04-28 04:00:00","CVP","Chinook Salmon","Clipped","Spring",NA,"Spring","063223","SCARF","SJRRP",2026-03-23,2026-03-25,3,"San Joaquin River at Highway 140","CDFW inseason spreadsheet",34,30,120,0.25,"Normal count",93,1,4,2.76,NA,NA,1985262,-1452
"2026-04-28 04:00:00","CVP","Chinook Salmon","Unclipped","Spring","Fall",NA,NA,NA,NA,NA,NA,NA,NA,NA,NA,30,120,0.25,"Normal count",101,1,4,3.19,"C260986CVP",0.60500002,1985263,-1452
"2026-04-28 06:00:00","CVP","Chinook Salmon","Unclipped","Fall","Fall",NA,NA,NA,NA,NA,NA,NA,NA,NA,NA,30,120,0.25,"Normal count",67,1,4,2.76,"C260987CVP",0.63499999,1985255,-1452
"2026-04-28 09:00:00","SWP","Chinook Salmon","Unclipped","Spring","Fall",NA,NA,NA,NA,NA,NA,NA,NA,NA,NA,30,60,0.5,"Normal count",93,1,2,8.23,"C260074SWP",0.81,1985180,-1452
"2026-04-28 09:00:00","SWP","Chinook Salmon","Unclipped","Spring","Fall",NA,NA,NA,NA,NA,NA,NA,NA,NA,NA,30,60,0.5,"Normal count",95,1,2,8.23,"C260075SWP",0.68699998,1985182,-1452
"2026-04-28 09:00:00","SWP","Chinook Salmon","Unclipped","Spring","Fall",NA,NA,NA,NA,NA,NA,NA,NA,NA,NA,30,60,0.5,"Normal count",97,1,2,8.23,"C260073SWP",0.98900002,1985185,-1452
"2026-04-28 11:00:00","SWP","Chinook Salmon","Unclipped","Spring","Fall",NA,NA,NA,NA,NA,NA,NA,NA,NA,NA,30,120,0.25,"Normal count",90,1,4,16.56,"C260078SWP",0.77100003,1985176,-1452
"2026-04-28 11:00:00","SWP","Chinook Salmon","Unclipped","Spring","Fall",NA,NA,NA,NA,NA,NA,NA,NA,NA,NA,30,120,0.25,"Normal count",97,1,4,16.56,"C260076SWP",0.95899999,1985186,-1452
"2026-04-28 11:00:00","SWP","Chinook Salmon","Unclipped","Spring","Fall",NA,NA,NA,NA,NA,NA,NA,NA,NA,NA,30,120,0.25,"Normal count",100,1,4,16.56,"C260077SWP",0.778,1985189,-1452
"2026-04-28 13:00:00","SWP","Chinook Salmon","Unclipped","Spring","Fall",NA,NA,NA,NA,NA,NA,NA,NA,NA,NA,30,120,0.25,"Normal count",90,1,4,16.56,"C260079SWP",0.75,1985177,-1452
"2026-04-28 19:30:00","SWP","Chinook Salmon","Unclipped","Fall","Fall",NA,NA,NA,NA,NA,NA,NA,NA,NA,NA,NA,NA,NA,"Second flush",87,1,1,4.33,"C260095SWP",0.66900003,1985174,-1452
"2026-04-28 19:30:00","SWP","Chinook Salmon","Unclipped","Spring","Fall",NA,NA,NA,NA,NA,NA,NA,NA,NA,NA,NA,NA,NA,"Second flush",88,1,1,4.33,"C260081SWP",0.53200001,1985175,-1452
"2026-04-28 19:30:00","SWP","Chinook Salmon","Unclipped","Spring","Fall",NA,NA,NA,NA,NA,NA,NA,NA,NA,NA,NA,NA,NA,"Second flush",90,1,1,4.33,"C260089SWP",0.361,1985178,-1452
"2026-04-28 19:30:00","SWP","Chinook Salmon","Unclipped","Spring","Fall",NA,NA,NA,NA,NA,NA,NA,NA,NA,NA,NA,NA,NA,"Second flush",92,1,1,4.33,"C260090SWP",0.77100003,1985179,-1452
"2026-04-28 19:30:00","SWP","Chinook Salmon","Unclipped","Spring","Fall",NA,NA,NA,NA,NA,NA,NA,NA,NA,NA,NA,NA,NA,"Second flush",92,1,1,4.33,"C260087SWP",0.86799997,1985179,-1452
"2026-04-28 19:30:00","SWP","Chinook Salmon","Unclipped","Spring","Fall",NA,NA,NA,NA,NA,NA,NA,NA,NA,NA,NA,NA,NA,"Second flush",93,1,1,4.33,"C260096SWP",0.85900003,1985181,-1452
"2026-04-28 19:30:00","SWP","Chinook Salmon","Unclipped","Spring","Fall",NA,NA,NA,NA,NA,NA,NA,NA,NA,NA,NA,NA,NA,"Second flush",93,1,1,4.33,"C260088SWP",0.99599999,1985181,-1452
"2026-04-28 19:30:00","SWP","Chinook Salmon","Unclipped","Spring","Fall",NA,NA,NA,NA,NA,NA,NA,NA,NA,NA,NA,NA,NA,"Second flush",95,1,1,4.33,"C260092SWP",0.87300003,1985183,-1452
"2026-04-28 19:30:00","SWP","Chinook Salmon","Unclipped","Spring","Fall",NA,NA,NA,NA,NA,NA,NA,NA,NA,NA,NA,NA,NA,"Second flush",95,1,1,4.33,"C260094SWP",0.93400002,1985183,-1452
"2026-04-28 19:30:00","SWP","Chinook Salmon","Unclipped","Spring","Fall",NA,NA,NA,NA,NA,NA,NA,NA,NA,NA,NA,NA,NA,"Second flush",96,1,1,4.33,"C260086SWP",0.69400001,1985184,-1452
"2026-04-28 19:30:00","SWP","Chinook Salmon","Unclipped","Spring","Fall",NA,NA,NA,NA,NA,NA,NA,NA,NA,NA,NA,NA,NA,"Second flush",98,1,1,4.33,"C260082SWP",0.954,1985187,-1452
"2026-04-28 19:30:00","SWP","Chinook Salmon","Unclipped","Spring","Fall",NA,NA,NA,NA,NA,NA,NA,NA,NA,NA,NA,NA,NA,"Second flush",99,1,1,4.33,"C260093SWP",0.61199999,1985188,-1452
"2026-04-28 19:30:00","SWP","Chinook Salmon","Unclipped","Spring","Fall",NA,NA,NA,NA,NA,NA,NA,NA,NA,NA,NA,NA,NA,"Second flush",99,1,1,4.33,"C260080SWP",0.98500001,1985188,-1452
"2026-04-28 19:30:00","SWP","Chinook Salmon","Unclipped","Spring","Fall",NA,NA,NA,NA,NA,NA,NA,NA,NA,NA,NA,NA,NA,"Second flush",100,1,1,4.33,"C260084SWP",0.52100003,1985190,-1452
"2026-04-28 19:30:00","SWP","Chinook Salmon","Unclipped","Spring","Fall",NA,NA,NA,NA,NA,NA,NA,NA,NA,NA,NA,NA,NA,"Second flush",100,1,1,4.33,"C260085SWP",0.94,1985190,-1452
"2026-04-28 19:30:00","SWP","Chinook Salmon","Unclipped","Spring","Fall",NA,NA,NA,NA,NA,NA,NA,NA,NA,NA,NA,NA,NA,"Second flush",105,1,1,4.33,"C260091SWP",0.838,1985191,-1452
"2026-04-28 19:30:00","SWP","Chinook Salmon","Unclipped","Spring","Fall",NA,NA,NA,NA,NA,NA,NA,NA,NA,NA,NA,NA,NA,"Second flush",107,1,1,4.33,"C260097SWP",0.97799999,1985192,-1452
"2026-04-28 19:30:00","SWP","Chinook Salmon","Unclipped","Spring","Fall",NA,NA,NA,NA,NA,NA,NA,NA,NA,NA,NA,NA,NA,"Second flush",107,1,1,4.33,"C260083SWP",0.80599999,1985192,-1452
"2026-04-28 22:00:00","CVP","Chinook Salmon","Unclipped","Spring","Fall",NA,NA,NA,NA,NA,NA,NA,NA,NA,NA,30,120,0.25,"Normal count",93,1,4,2.76,"C260989CVP",0.88700002,1985253,-1452
"2026-04-28 22:00:00","CVP","Chinook Salmon","Unclipped","Spring","Fall",NA,NA,NA,NA,NA,NA,NA,NA,NA,NA,30,120,0.25,"Normal count",94,1,4,2.76,"C260988CVP",0.773,1985254,-1452
"2026-04-28 23:59:00","CVP","Chinook Salmon","Unclipped","Spring","Fall",NA,NA,NA,NA,NA,NA,NA,NA,NA,NA,30,120,0.25,"Normal count",96,1,4,2.76,"C260991CVP",0.99599999,1985256,-1452
"2026-04-28 23:59:00","CVP","Chinook Salmon","Unclipped","Spring","Fall",NA,NA,NA,NA,NA,NA,NA,NA,NA,NA,30,120,0.25,"Normal count",97,1,4,2.76,"C260990CVP",0.99699998,1985257,-1452
"2026-04-29 02:00:00","CVP","Chinook Salmon","Unclipped","Spring","Fall",NA,NA,NA,NA,NA,NA,NA,NA,NA,NA,30,120,0.25,"Normal count",97,1,4,2.76,"C260993CVP",0.57800001,1985297,-1445
"2026-04-29 02:00:00","CVP","Chinook Salmon","Unclipped","Spring","Fall",NA,NA,NA,NA,NA,NA,NA,NA,NA,NA,30,120,0.25,"Normal count",109,1,4,3.19,"C260992CVP",0.991,1985298,-1445
"2026-04-29 04:00:00","CVP","Chinook Salmon","Unclipped","Fall","Fall",NA,NA,NA,NA,NA,NA,NA,NA,NA,NA,30,120,0.25,"Normal count",86,1,4,2.76,"C260994CVP",0.40000001,1985330,-1445
"2026-04-29 04:00:00","CVP","Chinook Salmon","Unclipped","Spring","Fall",NA,NA,NA,NA,NA,NA,NA,NA,NA,NA,30,120,0.25,"Normal count",88,1,4,2.76,"C260995CVP",0.83399999,1985331,-1445
"2026-04-29 04:00:00","CVP","Chinook Salmon","Unclipped","Spring","Fall",NA,NA,NA,NA,NA,NA,NA,NA,NA,NA,30,120,0.25,"Normal count",89,1,4,2.76,"C260996CVP",1,1985332,-1445
"2026-04-29 04:00:00","CVP","Chinook Salmon","Unclipped","Spring","Fall",NA,NA,NA,NA,NA,NA,NA,NA,NA,NA,30,120,0.25,"Normal count",91,1,4,2.76,"C260997CVP",0.50199997,1985333,-1445
"2026-04-29 04:00:00","CVP","Chinook Salmon","Unclipped","Spring","Fall",NA,NA,NA,NA,NA,NA,NA,NA,NA,NA,30,120,0.25,"Normal count",100,1,4,2.76,"C260998CVP",0.537,1985334,-1445
"2026-04-29 04:00:00","CVP","Chinook Salmon","Unclipped","Spring","Fall",NA,NA,NA,NA,NA,NA,NA,NA,NA,NA,30,120,0.25,"Normal count",106,1,4,3.19,"C260999CVP",0.60399997,1985335,-1445
"2026-04-29 06:00:00","CVP","Chinook Salmon","Clipped","Fall",NA,"Fall","056860","CNFH","Production",2026-04-07,2026-04-07,1,"Battle Creek at CNFH","CDFW inseason spreadsheet",22,30,120,0.25,"Normal count",83,1,4,2.76,NA,NA,1985328,-1445
"2026-04-29 06:00:00","CVP","Chinook Salmon","Unclipped","Fall","Fall",NA,NA,NA,NA,NA,NA,NA,NA,NA,NA,30,120,0.25,"Normal count",85,1,4,2.76,"C261000CVP",0.78399998,1985329,-1445
"2026-04-29 13:00:00","SWP","Chinook Salmon","Unclipped","Spring","Fall",NA,NA,NA,NA,NA,NA,NA,NA,NA,NA,30,120,0.25,"Normal count",99,1,4,16.6,"C260285SWP",0.92699999,1985285,-1445
"2026-04-29 17:00:00","SWP","Chinook Salmon","Unclipped","Fall","Fall",NA,NA,NA,NA,NA,NA,NA,NA,NA,NA,30,120,0.25,"Normal count",86,1,4,16.52,"C260286SWP",0.86900002,1985280,-1445
"2026-04-29 17:00:00","SWP","Chinook Salmon","Unclipped","Spring","Fall",NA,NA,NA,NA,NA,NA,NA,NA,NA,NA,30,120,0.25,"Normal count",95,1,4,16.52,"C260287SWP",0.71499997,1985283,-1445
"2026-04-29 17:00:00","SWP","Chinook Salmon","Unclipped","Spring","Fall",NA,NA,NA,NA,NA,NA,NA,NA,NA,NA,30,120,0.25,"Normal count",96,1,4,16.52,"C260288SWP",0.79100001,1985284,-1445
"2026-04-29 20:30:00","SWP","Chinook Salmon","Unclipped","Spring","Fall",NA,NA,NA,NA,NA,NA,NA,NA,NA,NA,NA,NA,NA,"Second flush",89,1,1,4.33,"C260290SWP",0.89899999,1985281,-1445
"2026-04-29 20:30:00","SWP","Chinook Salmon","Unclipped","Spring","Fall",NA,NA,NA,NA,NA,NA,NA,NA,NA,NA,NA,NA,NA,"Second flush",91,1,1,4.33,"C260289SWP",0.99900001,1985282,-1445
"2026-04-29 22:00:00","CVP","Chinook Salmon","Unclipped","Fall","Fall",NA,NA,NA,NA,NA,NA,NA,NA,NA,NA,30,120,0.25,"Normal count",87,1,4,2.76,"C261007CVP",0.73900002,1985373,-1445
"2026-04-29 22:00:00","CVP","Chinook Salmon","Unclipped","Spring","Fall",NA,NA,NA,NA,NA,NA,NA,NA,NA,NA,30,120,0.25,"Normal count",90,1,4,2.76,"C261003CVP",0.61500001,1985374,-1445
"2026-04-29 22:00:00","CVP","Chinook Salmon","Unclipped","Spring","Fall",NA,NA,NA,NA,NA,NA,NA,NA,NA,NA,30,120,0.25,"Normal count",98,1,4,2.77,"C261006CVP",0.95300001,1985375,-1445
"2026-04-29 22:00:00","CVP","Chinook Salmon","Unclipped","Spring","Fall",NA,NA,NA,NA,NA,NA,NA,NA,NA,NA,30,120,0.25,"Normal count",98,1,4,2.77,"C261004CVP",0.84899998,1985375,-1445
"2026-04-29 22:00:00","CVP","Chinook Salmon","Unclipped","Spring","Fall",NA,NA,NA,NA,NA,NA,NA,NA,NA,NA,30,120,0.25,"Normal count",100,1,4,2.76,"C261002CVP",0.46900001,1985376,-1445
"2026-04-29 22:00:00","CVP","Chinook Salmon","Unclipped","Spring","Fall",NA,NA,NA,NA,NA,NA,NA,NA,NA,NA,30,120,0.25,"Normal count",101,1,4,3.19,"C261005CVP",0.99599999,1985377,-1445
"2026-04-29 23:59:00","CVP","Chinook Salmon","Unclipped","Fall","Fall",NA,NA,NA,NA,NA,NA,NA,NA,NA,NA,30,120,0.25,"Normal count",87,1,4,2.76,"C261008CVP",0.44299999,1985296,-1445
"2026-04-30 02:00:00","CVP","Chinook Salmon","Unclipped","Fall","Fall",NA,NA,NA,NA,NA,NA,NA,NA,NA,NA,30,120,0.25,"Normal count",87,1,4,2.76,"C261009CVP",0.514,1985469,-1449
"2026-04-30 02:00:00","CVP","Chinook Salmon","Unclipped","Spring","Fall",NA,NA,NA,NA,NA,NA,NA,NA,NA,NA,30,120,0.25,"Normal count",91,1,4,2.76,"C261010CVP",0.671,1985470,-1449
"2026-04-30 04:00:00","CVP","Chinook Salmon","Unclipped","Fall","Fall",NA,NA,NA,NA,NA,NA,NA,NA,NA,NA,30,120,0.25,"Normal count",86,1,4,2.76,"C261026CVP",0.90799999,1985418,-1449
"2026-04-30 04:00:00","CVP","Chinook Salmon","Unclipped","Fall","Fall",NA,NA,NA,NA,NA,NA,NA,NA,NA,NA,30,120,0.25,"Normal count",87,1,4,2.76,"C261017CVP",0.73500001,1985419,-1449
"2026-04-30 04:00:00","CVP","Chinook Salmon","Unclipped","Spring","Fall",NA,NA,NA,NA,NA,NA,NA,NA,NA,NA,30,120,0.25,"Normal count",90,1,4,2.76,"C261024CVP",0.69999999,1985420,-1449
"2026-04-30 04:00:00","CVP","Chinook Salmon","Unclipped","Spring","Fall",NA,NA,NA,NA,NA,NA,NA,NA,NA,NA,30,120,0.25,"Normal count",94,1,4,2.76,"C261025CVP",0.94,1985421,-1449
"2026-04-30 04:00:00","CVP","Chinook Salmon","Unclipped","Spring","Fall",NA,NA,NA,NA,NA,NA,NA,NA,NA,NA,30,120,0.25,"Normal count",94,1,4,2.76,"C261011CVP",0.52899998,1985421,-1449
"2026-04-30 04:00:00","CVP","Chinook Salmon","Unclipped","Spring","Fall",NA,NA,NA,NA,NA,NA,NA,NA,NA,NA,30,120,0.25,"Normal count",94,1,4,2.76,"C261013CVP",0.83499998,1985421,-1449
"2026-04-30 04:00:00","CVP","Chinook Salmon","Unclipped","Spring","Fall",NA,NA,NA,NA,NA,NA,NA,NA,NA,NA,30,120,0.25,"Normal count",94,1,4,2.76,"C261019CVP",0.78500003,1985421,-1449
"2026-04-30 04:00:00","CVP","Chinook Salmon","Unclipped","Spring","Fall",NA,NA,NA,NA,NA,NA,NA,NA,NA,NA,30,120,0.25,"Normal count",96,1,4,2.77,"C261022CVP",0.85000002,1985422,-1449
"2026-04-30 04:00:00","CVP","Chinook Salmon","Unclipped","Spring","Fall",NA,NA,NA,NA,NA,NA,NA,NA,NA,NA,30,120,0.25,"Normal count",96,1,4,2.77,"C261023CVP",0.88099998,1985422,-1449
"2026-04-30 04:00:00","CVP","Chinook Salmon","Unclipped","Spring","Fall",NA,NA,NA,NA,NA,NA,NA,NA,NA,NA,30,120,0.25,"Normal count",99,1,4,2.77,"C261021CVP",0.67799997,1985423,-1449
"2026-04-30 04:00:00","CVP","Chinook Salmon","Unclipped","Spring","Fall",NA,NA,NA,NA,NA,NA,NA,NA,NA,NA,30,120,0.25,"Normal count",99,1,4,2.77,"C261020CVP",0.97799999,1985423,-1449
"2026-04-30 04:00:00","CVP","Chinook Salmon","Unclipped","Spring","Fall",NA,NA,NA,NA,NA,NA,NA,NA,NA,NA,30,120,0.25,"Normal count",100,1,4,2.76,"C261016CVP",0.56099999,1985424,-1449
"2026-04-30 04:00:00","CVP","Chinook Salmon","Unclipped","Spring","Fall",NA,NA,NA,NA,NA,NA,NA,NA,NA,NA,30,120,0.25,"Normal count",103,1,4,3.19,"C261014CVP",0.56599998,1985425,-1449
"2026-04-30 04:00:00","CVP","Chinook Salmon","Unclipped","Spring","Fall",NA,NA,NA,NA,NA,NA,NA,NA,NA,NA,30,120,0.25,"Normal count",103,1,4,3.19,"C261015CVP",0.99299997,1985425,-1449
"2026-04-30 04:00:00","CVP","Chinook Salmon","Unclipped","Spring","Fall",NA,NA,NA,NA,NA,NA,NA,NA,NA,NA,30,120,0.25,"Normal count",105,1,4,3.19,"C261018CVP",0.90100002,1985426,-1449
"2026-04-30 04:00:00","CVP","Chinook Salmon","Unclipped","Spring","Spring",NA,NA,NA,NA,NA,NA,NA,NA,NA,NA,30,120,0.25,"Normal count",106,1,4,3.19,"C261012CVP",1,1985427,-1449
"2026-04-30 06:00:00","CVP","Chinook Salmon","Unclipped","Spring","Fall",NA,NA,NA,NA,NA,NA,NA,NA,NA,NA,30,120,0.25,"Normal count",90,1,4,2.77,"C261030CVP",0.60900003,1985484,-1449
"2026-04-30 06:00:00","CVP","Chinook Salmon","Unclipped","Spring","Fall",NA,NA,NA,NA,NA,NA,NA,NA,NA,NA,30,120,0.25,"Normal count",90,1,4,2.77,"C261032CVP",0.88499999,1985484,-1449
"2026-04-30 06:00:00","CVP","Chinook Salmon","Unclipped","Spring","Fall",NA,NA,NA,NA,NA,NA,NA,NA,NA,NA,30,120,0.25,"Normal count",95,1,4,2.77,"C261028CVP",0.63800001,1985485,-1449
"2026-04-30 06:00:00","CVP","Chinook Salmon","Unclipped","Spring","Fall",NA,NA,NA,NA,NA,NA,NA,NA,NA,NA,30,120,0.25,"Normal count",95,1,4,2.77,"C261027CVP",0.99000001,1985485,-1449
"2026-04-30 06:00:00","CVP","Chinook Salmon","Unclipped","Spring","Fall",NA,NA,NA,NA,NA,NA,NA,NA,NA,NA,30,120,0.25,"Normal count",96,1,4,2.76,"C261029CVP",0.58399999,1985486,-1449
"2026-04-30 06:00:00","CVP","Chinook Salmon","Unclipped","Spring","Fall",NA,NA,NA,NA,NA,NA,NA,NA,NA,NA,30,120,0.25,"Normal count",97,1,4,2.76,"C261031CVP",0.98799998,1985487,-1449
"2026-04-30 13:00:00","SWP","Chinook Salmon","Unclipped","Spring","Fall",NA,NA,NA,NA,NA,NA,NA,NA,NA,NA,30,120,0.25,"Normal count",94,1,4,16.54,"C260292SWP",0.94099998,1985380,-1449
"2026-04-30 13:00:00","SWP","Chinook Salmon","Unclipped","Spring","Fall",NA,NA,NA,NA,NA,NA,NA,NA,NA,NA,30,120,0.25,"Normal count",129,1,4,17.44,"C260291SWP",0.86299998,1985385,-1449
"2026-04-30 19:30:00","SWP","Chinook Salmon","Unclipped","Spring","Fall",NA,NA,NA,NA,NA,NA,NA,NA,NA,NA,NA,NA,NA,"Second flush",93,1,1,4.33,"C260294SWP",0.461,1985379,-1449
"2026-04-30 19:30:00","SWP","Chinook Salmon","Unclipped","Spring","Fall",NA,NA,NA,NA,NA,NA,NA,NA,NA,NA,NA,NA,NA,"Second flush",94,1,1,4.33,"C260296SWP",0.98100001,1985381,-1449
"2026-04-30 19:30:00","SWP","Chinook Salmon","Unclipped","Spring","Fall",NA,NA,NA,NA,NA,NA,NA,NA,NA,NA,NA,NA,NA,"Second flush",95,1,1,4.33,"C260295SWP",0.74699998,1985382,-1449
"2026-04-30 19:30:00","SWP","Chinook Salmon","Unclipped","Spring","Fall",NA,NA,NA,NA,NA,NA,NA,NA,NA,NA,NA,NA,NA,"Second flush",96,1,1,4.33,"C260293SWP",0.903,1985383,-1449
"2026-04-30 20:00:00","CVP","Chinook Salmon","Unclipped","Fall","Fall",NA,NA,NA,NA,NA,NA,NA,NA,NA,NA,30,120,0.25,"Normal count",88,1,4,2.76,"C261034CVP",0.45300001,1985440,-1449
"2026-04-30 20:00:00","CVP","Chinook Salmon","Unclipped","Spring","Fall",NA,NA,NA,NA,NA,NA,NA,NA,NA,NA,30,120,0.25,"Normal count",95,1,4,2.76,"C261035CVP",0.41800001,1985441,-1449
"2026-04-30 20:00:00","CVP","Chinook Salmon","Unclipped","Spring","Fall",NA,NA,NA,NA,NA,NA,NA,NA,NA,NA,30,120,0.25,"Normal count",102,1,4,3.19,"C261033CVP",0.51899999,1985442,-1449
"2026-04-30 20:00:00","CVP","Chinook Salmon","Unclipped","Spring","Fall",NA,NA,NA,NA,NA,NA,NA,NA,NA,NA,30,120,0.25,"Normal count",106,1,4,3.19,"C261036CVP",1,1985443,-1449
"2026-04-30 22:00:00","CVP","Chinook Salmon","Unclipped","Fall","Fall",NA,NA,NA,NA,NA,NA,NA,NA,NA,NA,30,120,0.25,"Normal count",85,1,4,2.76,"C261041CVP",0.89600003,1985444,-1449
"2026-04-30 22:00:00","CVP","Chinook Salmon","Unclipped","Fall","Fall",NA,NA,NA,NA,NA,NA,NA,NA,NA,NA,30,120,0.25,"Normal count",87,1,4,2.76,"C261042CVP",0.92699999,1985445,-1449
"2026-04-30 22:00:00","CVP","Chinook Salmon","Unclipped","Spring","Fall",NA,NA,NA,NA,NA,NA,NA,NA,NA,NA,30,120,0.25,"Normal count",90,1,4,2.76,"C261039CVP",0.56099999,1985446,-1449
"2026-04-30 22:00:00","CVP","Chinook Salmon","Unclipped","Spring","Fall",NA,NA,NA,NA,NA,NA,NA,NA,NA,NA,30,120,0.25,"Normal count",93,1,4,2.76,"C261045CVP",0.93000001,1985447,-1449
"2026-04-30 22:00:00","CVP","Chinook Salmon","Unclipped","Spring","Fall",NA,NA,NA,NA,NA,NA,NA,NA,NA,NA,30,120,0.25,"Normal count",97,1,4,2.76,"C261040CVP",0.458,1985448,-1449
"2026-04-30 22:00:00","CVP","Chinook Salmon","Unclipped","Spring","Fall",NA,NA,NA,NA,NA,NA,NA,NA,NA,NA,30,120,0.25,"Normal count",100,1,4,2.76,"C261038CVP",0.58499998,1985449,-1449
"2026-04-30 22:00:00","CVP","Chinook Salmon","Unclipped","Spring","Fall",NA,NA,NA,NA,NA,NA,NA,NA,NA,NA,30,120,0.25,"Normal count",102,1,4,3.19,"C261044CVP",0.91799998,1985450,-1449
"2026-04-30 22:00:00","CVP","Chinook Salmon","Unclipped","Spring","Fall",NA,NA,NA,NA,NA,NA,NA,NA,NA,NA,30,120,0.25,"Normal count",103,1,4,3.19,"C261043CVP",0.84299999,1985451,-1449
"2026-04-30 22:00:00","CVP","Chinook Salmon","Unclipped","Spring","Fall",NA,NA,NA,NA,NA,NA,NA,NA,NA,NA,30,120,0.25,"Normal count",104,1,4,3.19,"C261037CVP",0.85600001,1985452,-1449
"2026-04-30 23:59:00","CVP","Chinook Salmon","Unclipped","Fall","Fall",NA,NA,NA,NA,NA,NA,NA,NA,NA,NA,30,120,0.25,"Normal count",85,1,4,2.76,"C261049CVP",0.55000001,1985480,-1449
"2026-04-30 23:59:00","CVP","Chinook Salmon","Unclipped","Spring","Fall",NA,NA,NA,NA,NA,NA,NA,NA,NA,NA,30,120,0.25,"Normal count",95,1,4,2.76,"C261046CVP",0.90600002,1985481,-1449
"2026-04-30 23:59:00","CVP","Chinook Salmon","Unclipped","Spring","Fall",NA,NA,NA,NA,NA,NA,NA,NA,NA,NA,30,120,0.25,"Normal count",96,1,4,2.76,"C261047CVP",0.83200002,1985482,-1449
"2026-04-30 23:59:00","CVP","Chinook Salmon","Unclipped","Spring","Fall",NA,NA,NA,NA,NA,NA,NA,NA,NA,NA,30,120,0.25,"Normal count",100,1,4,2.77,"C261050CVP",0.80299997,1985483,-1449
"2026-04-30 23:59:00","CVP","Chinook Salmon","Unclipped","Spring","Fall",NA,NA,NA,NA,NA,NA,NA,NA,NA,NA,30,120,0.25,"Normal count",100,1,4,2.77,"C261048CVP",0.95499998,1985483,-1449
"2026-05-01 04:00:00","CVP","Chinook Salmon","Unclipped","Fall","Fall",NA,NA,NA,NA,NA,NA,NA,NA,NA,NA,30,120,0.25,"Normal count",86,1,4,2.76,"C261052CVP",0.34900001,1985539,-1472
"2026-05-01 04:00:00","CVP","Chinook Salmon","Unclipped","Fall","Fall",NA,NA,NA,NA,NA,NA,NA,NA,NA,NA,30,120,0.25,"Normal count",87,1,4,2.76,"C261053CVP",0.64200002,1985540,-1472
"2026-05-01 04:00:00","CVP","Chinook Salmon","Unclipped","Spring","Fall",NA,NA,NA,NA,NA,NA,NA,NA,NA,NA,30,120,0.25,"Normal count",93,1,4,2.76,"C261051CVP",0.50599998,1985541,-1472
"2026-05-01 04:00:00","CVP","Chinook Salmon","Unclipped","Spring","Fall",NA,NA,NA,NA,NA,NA,NA,NA,NA,NA,30,120,0.25,"Normal count",94,1,4,2.77,"C261065CVP",0.42699999,1985542,-1472
"2026-05-01 04:00:00","CVP","Chinook Salmon","Unclipped","Spring",NA,NA,NA,NA,NA,NA,NA,NA,NA,NA,NA,30,120,0.25,"Normal count",94,1,4,2.77,NA,NA,1985542,-1472
"2026-05-01 04:00:00","CVP","Chinook Salmon","Unclipped","Spring","Fall",NA,NA,NA,NA,NA,NA,NA,NA,NA,NA,30,120,0.25,"Normal count",95,1,4,2.76,"C261058CVP",0.59200001,1985543,-1472
"2026-05-01 04:00:00","CVP","Chinook Salmon","Unclipped","Spring","Fall",NA,NA,NA,NA,NA,NA,NA,NA,NA,NA,30,120,0.25,"Normal count",96,1,4,2.76,"C261055CVP",0.53100002,1985544,-1472
"2026-05-01 04:00:00","CVP","Chinook Salmon","Unclipped","Spring","Fall",NA,NA,NA,NA,NA,NA,NA,NA,NA,NA,30,120,0.25,"Normal count",97,1,4,2.76,"C261060CVP",0.94300002,1985545,-1472
"2026-05-01 04:00:00","CVP","Chinook Salmon","Unclipped","Spring","Fall",NA,NA,NA,NA,NA,NA,NA,NA,NA,NA,30,120,0.25,"Normal count",97,1,4,2.76,"C261059CVP",0.847,1985545,-1472
"2026-05-01 04:00:00","CVP","Chinook Salmon","Unclipped","Spring","Fall",NA,NA,NA,NA,NA,NA,NA,NA,NA,NA,30,120,0.25,"Normal count",97,1,4,2.76,"C261062CVP",0.76700002,1985545,-1472
"2026-05-01 04:00:00","CVP","Chinook Salmon","Unclipped","Spring","Fall",NA,NA,NA,NA,NA,NA,NA,NA,NA,NA,30,120,0.25,"Normal count",97,1,4,2.76,"C261064CVP",0.44999999,1985545,-1472
"2026-05-01 04:00:00","CVP","Chinook Salmon","Unclipped","Spring","Fall",NA,NA,NA,NA,NA,NA,NA,NA,NA,NA,30,120,0.25,"Normal count",98,1,4,2.76,"C261061CVP",0.92400002,1985546,-1472
"2026-05-01 04:00:00","CVP","Chinook Salmon","Unclipped","Spring","Fall",NA,NA,NA,NA,NA,NA,NA,NA,NA,NA,30,120,0.25,"Normal count",98,1,4,2.76,"C261056CVP",0.972,1985546,-1472
"2026-05-01 04:00:00","CVP","Chinook Salmon","Unclipped","Spring","Fall",NA,NA,NA,NA,NA,NA,NA,NA,NA,NA,30,120,0.25,"Normal count",98,1,4,2.76,"C261063CVP",0.94,1985546,-1472
"2026-05-01 04:00:00","CVP","Chinook Salmon","Unclipped","Spring","Fall",NA,NA,NA,NA,NA,NA,NA,NA,NA,NA,30,120,0.25,"Normal count",101,1,4,3.19,"C261057CVP",0.95499998,1985547,-1472
"2026-05-01 04:00:00","CVP","Chinook Salmon","Unclipped","Spring","Fall",NA,NA,NA,NA,NA,NA,NA,NA,NA,NA,30,120,0.25,"Normal count",104,1,4,3.19,"C261054CVP",0.98699999,1985548,-1472
"2026-05-01 06:00:00","CVP","Chinook Salmon","Unclipped","Spring","Fall",NA,NA,NA,NA,NA,NA,NA,NA,NA,NA,30,120,0.25,"Normal count",91,1,4,2.76,"C261069CVP",0.68000001,1985556,-1472
"2026-05-01 06:00:00","CVP","Chinook Salmon","Unclipped","Spring","Fall",NA,NA,NA,NA,NA,NA,NA,NA,NA,NA,30,120,0.25,"Normal count",94,1,4,2.76,"C261066CVP",0.99599999,1985557,-1472
"2026-05-01 06:00:00","CVP","Chinook Salmon","Unclipped","Spring","Fall",NA,NA,NA,NA,NA,NA,NA,NA,NA,NA,30,120,0.25,"Normal count",100,1,4,2.76,"C261067CVP",0.79299998,1985558,-1472
"2026-05-01 06:00:00","CVP","Chinook Salmon","Unclipped","Spring","Fall",NA,NA,NA,NA,NA,NA,NA,NA,NA,NA,30,120,0.25,"Normal count",102,1,4,3.19,"C261068CVP",0.98000002,1985559,-1472
"2026-05-01 07:00:00","SWP","Chinook Salmon","Unclipped","Fall","Fall",NA,NA,NA,NA,NA,NA,NA,NA,NA,NA,30,120,0.25,"Normal count",82,1,4,16.42,"C260302SWP",0.72299999,1985495,-1472
"2026-05-01 07:00:00","SWP","Chinook Salmon","Unclipped","Spring","Fall",NA,NA,NA,NA,NA,NA,NA,NA,NA,NA,30,120,0.25,"Normal count",93,1,4,16.42,"C260301SWP",0.91100001,1985499,-1472
"2026-05-01 07:00:00","SWP","Chinook Salmon","Unclipped","Spring","Fall",NA,NA,NA,NA,NA,NA,NA,NA,NA,NA,30,120,0.25,"Normal count",94,1,4,16.42,"C260300SWP",0.76300001,1985501,-1472
"2026-05-01 07:00:00","SWP","Chinook Salmon","Unclipped","Spring","Fall",NA,NA,NA,NA,NA,NA,NA,NA,NA,NA,30,120,0.25,"Normal count",94,1,4,16.42,"C260298SWP",0.41100001,1985501,-1472
"2026-05-01 07:00:00","SWP","Chinook Salmon","Unclipped","Spring","Fall",NA,NA,NA,NA,NA,NA,NA,NA,NA,NA,30,120,0.25,"Normal count",96,1,4,16.42,"C260299SWP",0.88599998,1985506,-1472
"2026-05-01 07:00:00","SWP","Chinook Salmon","Unclipped","Spring","Fall",NA,NA,NA,NA,NA,NA,NA,NA,NA,NA,30,120,0.25,"Normal count",105,1,4,17.28,"C260297SWP",0.86500001,1985515,-1472
"2026-05-01 07:00:00","SWP","Chinook Salmon","Clipped","Spring",NA,"Spring","063198","SCARF","Experimental",2026-03-09,2026-03-10,2,"SAN JOAQ R GRT VAL GR 140","RMIS",52,30,120,0.25,"Normal count",117,1,4,17.28,NA,NA,1985532,-1472
"2026-05-01 07:00:00","SWP","Chinook Salmon","Clipped","Spring",NA,"Spring","063198","SCARF","SJRRP",2026-03-09,2026-03-10,2,"San Joaquin River at Highway 140","CDFW inseason spreadsheet",52,30,120,0.25,"Normal count",117,1,4,17.28,NA,NA,1985532,-1472
"2026-05-01 09:00:00","SWP","Chinook Salmon","Unclipped","Spring","Fall",NA,NA,NA,NA,NA,NA,NA,NA,NA,NA,30,120,0.25,"Normal count",91,1,4,16.37,"C260303SWP",0.86699998,1985498,-1472
"2026-05-01 09:00:00","SWP","Chinook Salmon","Unclipped","Spring","Fall",NA,NA,NA,NA,NA,NA,NA,NA,NA,NA,30,120,0.25,"Normal count",93,1,4,16.37,"C260305SWP",0.37200001,1985500,-1472
"2026-05-01 09:00:00","SWP","Chinook Salmon","Unclipped","Spring","Fall",NA,NA,NA,NA,NA,NA,NA,NA,NA,NA,30,120,0.25,"Normal count",94,1,4,16.37,"C260304SWP",0.87800002,1985502,-1472
"2026-05-01 11:00:00","SWP","Chinook Salmon","Unclipped","Spring","Fall",NA,NA,NA,NA,NA,NA,NA,NA,NA,NA,30,120,0.25,"Normal count",94,1,4,16.37,"C260306SWP",0.81999999,1985503,-1472
"2026-05-01 13:00:00","SWP","Chinook Salmon","Unclipped","Spring","Fall",NA,NA,NA,NA,NA,NA,NA,NA,NA,NA,30,120,0.25,"Normal count",96,1,4,16.44,"C260307SWP",0.89399999,1985507,-1472
"2026-05-01 15:00:00","SWP","Chinook Salmon","Unclipped","Spring","Fall",NA,NA,NA,NA,NA,NA,NA,NA,NA,NA,30,120,0.25,"Normal count",96,1,4,16.39,"C260308SWP",0.55500001,1985508,-1472
"2026-05-01 18:00:00","CVP","Chinook Salmon","Unclipped","Spring",NA,NA,NA,NA,NA,NA,NA,NA,NA,NA,NA,30,120,0.25,"Normal count",94,1,4,3.01,NA,NA,1985555,-1472
"2026-05-01 18:30:00","SWP","Chinook Salmon","Unclipped","Fall","Fall",NA,NA,NA,NA,NA,NA,NA,NA,NA,NA,NA,NA,NA,"Second flush",87,1,1,4.33,"C260311SWP",0.602,1985496,-1472
"2026-05-01 18:30:00","SWP","Chinook Salmon","Unclipped","Spring","Fall",NA,NA,NA,NA,NA,NA,NA,NA,NA,NA,NA,NA,NA,"Second flush",95,1,1,4.33,"C260313SWP",0.89200002,1985504,-1472
"2026-05-01 18:30:00","SWP","Chinook Salmon","Unclipped","Spring","Fall",NA,NA,NA,NA,NA,NA,NA,NA,NA,NA,NA,NA,NA,"Second flush",104,1,1,4.33,"C260309SWP",0.98500001,1985512,-1472
"2026-05-01 18:30:00","SWP","Chinook Salmon","Unclipped","Spring","Fall",NA,NA,NA,NA,NA,NA,NA,NA,NA,NA,NA,NA,NA,"Second flush",105,1,1,4.33,"C260312SWP",0.51499999,1985516,-1472
"2026-05-01 18:30:00","SWP","Chinook Salmon","Unclipped","Spring","Fall",NA,NA,NA,NA,NA,NA,NA,NA,NA,NA,NA,NA,NA,"Second flush",105,1,1,4.33,"C260310SWP",0.958,1985516,-1472
"2026-05-02 02:00:00","CVP","Chinook Salmon","Unclipped","Spring","Fall",NA,NA,NA,NA,NA,NA,NA,NA,NA,NA,30,120,0.25,"Normal count",91,1,4,3.01,"C261072CVP",0.82300001,1985597,-1484
"2026-05-02 02:00:00","CVP","Chinook Salmon","Unclipped","Spring","Fall",NA,NA,NA,NA,NA,NA,NA,NA,NA,NA,30,120,0.25,"Normal count",94,1,4,3.01,"C261071CVP",0.91000003,1985598,-1484
"2026-05-02 04:00:00","CVP","Chinook Salmon","Unclipped","Fall","Fall",NA,NA,NA,NA,NA,NA,NA,NA,NA,NA,30,120,0.25,"Normal count",89,1,4,3.01,"C261073CVP",0.55699998,1985599,-1484
"2026-05-02 04:00:00","CVP","Chinook Salmon","Unclipped","Spring","Fall",NA,NA,NA,NA,NA,NA,NA,NA,NA,NA,30,120,0.25,"Normal count",91,1,4,3.01,"C261074CVP",0.81599998,1985600,-1484
"2026-05-02 04:30:00","SWP","Chinook Salmon","Unclipped","Spring","Fall",NA,NA,NA,NA,NA,NA,NA,NA,NA,NA,NA,NA,NA,"Second flush",95,1,1,4.33,"C260315SWP",0.61500001,1985505,-1484
"2026-05-02 04:30:00","SWP","Chinook Salmon","Unclipped","Spring","Fall",NA,NA,NA,NA,NA,NA,NA,NA,NA,NA,NA,NA,NA,"Second flush",100,1,1,4.33,"C260317SWP",0.977,1985510,-1484
"2026-05-02 04:30:00","SWP","Chinook Salmon","Unclipped","Spring","Fall",NA,NA,NA,NA,NA,NA,NA,NA,NA,NA,NA,NA,NA,"Second flush",100,1,1,4.33,"C260316SWP",0.33399999,1985510,-1484
"2026-05-02 04:30:00","SWP","Chinook Salmon","Unclipped","Spring","Fall",NA,NA,NA,NA,NA,NA,NA,NA,NA,NA,NA,NA,NA,"Second flush",101,1,1,4.33,"C260318SWP",0.73199999,1985511,-1484
"2026-05-02 04:30:00","SWP","Chinook Salmon","Unclipped","Spring","Fall",NA,NA,NA,NA,NA,NA,NA,NA,NA,NA,NA,NA,NA,"Second flush",104,1,1,4.33,"C260314SWP",0.99400002,1985513,-1484
"2026-05-02 22:00:00","CVP","Chinook Salmon","Unclipped","Fall","Fall",NA,NA,NA,NA,NA,NA,NA,NA,NA,NA,30,120,0.25,"Normal count",81,1,4,2.76,"C261075CVP",0.995,1985614,-1484
"2026-05-02 22:00:00","CVP","Chinook Salmon","Clipped","Fall","Fall",NA,NA,NA,NA,NA,NA,NA,NA,NA,NA,30,120,0.25,"Normal count",83,1,4,2.76,"C261076CVP",0.92199999,1985615,-1484
"2026-05-02 22:00:00","CVP","Chinook Salmon","Unclipped","Fall","Fall",NA,NA,NA,NA,NA,NA,NA,NA,NA,NA,30,120,0.25,"Normal count",87,1,4,2.76,"C261077CVP",0.67699999,1985616,-1484
"2026-05-02 23:59:00","CVP","Chinook Salmon","Unclipped","Spring","Fall",NA,NA,NA,NA,NA,NA,NA,NA,NA,NA,30,120,0.25,"Normal count",90,1,4,2.76,"C261078CVP",0.98500001,1985591,-1484
"2026-05-03 04:00:00","CVP","Chinook Salmon","Unclipped","Spring",NA,NA,NA,NA,NA,NA,NA,NA,NA,NA,NA,30,120,0.25,"Normal count",91,1,4,2.76,NA,NA,1985667,-1493
"2026-05-03 04:00:00","CVP","Chinook Salmon","Unclipped","Spring","Fall",NA,NA,NA,NA,NA,NA,NA,NA,NA,NA,30,120,0.25,"Normal count",101,1,4,3.19,"C261079CVP",0.88300002,1985668,-1493
"2026-05-03 04:00:00","CVP","Chinook Salmon","Unclipped","Spring","Fall",NA,NA,NA,NA,NA,NA,NA,NA,NA,NA,30,120,0.25,"Normal count",104,1,4,3.19,"C261080CVP",0.88800001,1985669,-1493
"2026-05-03 06:00:00","CVP","Chinook Salmon","Unclipped","Fall","Fall",NA,NA,NA,NA,NA,NA,NA,NA,NA,NA,30,120,0.25,"Normal count",73,1,4,2.76,"C261081CVP",0.61500001,1985665,-1493
"2026-05-03 06:00:00","CVP","Chinook Salmon","Unclipped","Spring","Fall",NA,NA,NA,NA,NA,NA,NA,NA,NA,NA,30,120,0.25,"Normal count",99,1,4,2.76,"C261082CVP",0.88599998,1985666,-1493
"2026-05-03 15:30:00","SWP","Chinook Salmon","Unclipped","Spring","Fall",NA,NA,NA,NA,NA,NA,NA,NA,NA,NA,NA,NA,NA,"Second flush",98,1,1,4.33,"C260098SWP",0.84200001,1985509,-1493
"2026-05-04 22:00:00","CVP","Chinook Salmon","Unclipped","Spring","Fall",NA,NA,NA,NA,NA,NA,NA,NA,NA,NA,30,120,0.25,"Normal count",98,1,4,3.01,"C261083CVP",0.93800002,1985689,-1482
"2026-05-04 22:00:00","CVP","Chinook Salmon","Unclipped","Spring","Fall",NA,NA,NA,NA,NA,NA,NA,NA,NA,NA,30,120,0.25,"Normal count",101,1,4,3.52,"C261085CVP",0.78899997,1985690,-1482
"2026-05-04 22:00:00","CVP","Chinook Salmon","Unclipped","Spring","Fall",NA,NA,NA,NA,NA,NA,NA,NA,NA,NA,30,120,0.25,"Normal count",104,1,4,3.52,"C261084CVPa",0.81300002,1985691,-1482
"2026-05-05 02:00:00","CVP","Chinook Salmon","Unclipped","Spring","Fall",NA,NA,NA,NA,NA,NA,NA,NA,NA,NA,30,120,0.25,"Normal count",100,1,4,3.01,"C261086CVP",0.53200001,1985711,-1459
"2026-05-05 22:00:00","CVP","Chinook Salmon","Unclipped","Spring","Fall",NA,NA,NA,NA,NA,NA,NA,NA,NA,NA,30,120,0.25,"Normal count",95,1,4,3.01,"C261087CVP",0.509,1985706,-1459
"2026-05-06 02:00:00","CVP","Chinook Salmon","Unclipped","Spring","Fall",NA,NA,NA,NA,NA,NA,NA,NA,NA,NA,30,120,0.25,"Normal count",100,1,4,3.01,"C261088CVP",0.94,1985733,-1443
"2026-05-07 23:59:00","CVP","Chinook Salmon","Unclipped","Spring","Fall",NA,NA,NA,NA,NA,NA,NA,NA,NA,NA,30,120,0.25,"Normal count",98,1,4,3.27,"C261089CVP",0.96399999,1986021,-1408
"2026-05-08 22:00:00","CVP","Chinook Salmon","Unclipped","Spring","Fall",NA,NA,NA,NA,NA,NA,NA,NA,NA,NA,30,120,0.25,"Normal count",95,1,4,3.27,"C261090CVP",0.47499999,1986072,-1383
"2026-05-09 02:00:00","CVP","Chinook Salmon","Unclipped","Spring","Fall",NA,NA,NA,NA,NA,NA,NA,NA,NA,NA,30,120,0.25,"Normal count",101,1,4,3.88,"C261091CVP",0.991,1986101,-1369
"2026-05-09 22:00:00","CVP","Chinook Salmon","Unclipped","Fall","Fall",NA,NA,NA,NA,NA,NA,NA,NA,NA,NA,30,120,0.25,"Normal count",90,1,4,3.27,"C261092CVP",0.884,1986113,-1369
"2026-05-09 22:00:00","CVP","Chinook Salmon","Unclipped","Spring","Fall",NA,NA,NA,NA,NA,NA,NA,NA,NA,NA,30,120,0.25,"Normal count",95,1,4,3.27,"C261093CVP",0.81800002,1986114,-1369
"2026-05-09 23:59:00","CVP","Chinook Salmon","Unclipped","Spring",NA,NA,NA,NA,NA,NA,NA,NA,NA,NA,NA,30,120,0.25,"Normal count",95,1,4,3.27,NA,NA,1986111,-1369
"2026-05-09 23:59:00","CVP","Chinook Salmon","Unclipped","Spring","Fall",NA,NA,NA,NA,NA,NA,NA,NA,NA,NA,30,120,0.25,"Normal count",96,1,4,3.27,"C261094CVP",0.89099997,1986112,-1369
"2026-05-10 04:00:00","CVP","Chinook Salmon","Unclipped","Fall","Fall",NA,NA,NA,NA,NA,NA,NA,NA,NA,NA,30,120,0.25,"Normal count",93,1,4,3.27,"C261095CVP",0.80699998,1986133,-1343
"2026-05-10 16:00:00","SWP","Chinook Salmon","Unclipped","Spring","Fall",NA,NA,NA,NA,NA,NA,NA,NA,NA,NA,30,60,0.5,"Normal count",99,1,2,8.34,"C260099SWP",0.82599998,1986036,-1343
"2026-05-10 16:30:00","SWP","Chinook Salmon","Unclipped","Spring","Fall",NA,NA,NA,NA,NA,NA,NA,NA,NA,NA,NA,NA,NA,"Second flush",95,1,1,4.33,"C260101SWP",0.63200003,1986035,-1343
"2026-05-10 16:30:00","SWP","Chinook Salmon","Unclipped","Spring","Fall",NA,NA,NA,NA,NA,NA,NA,NA,NA,NA,NA,NA,NA,"Second flush",99,1,1,4.33,"C260100SWP",0.43599999,1986037,-1343
"2026-05-15 18:00:00","CVP","Chinook Salmon","Unclipped","Fall","LateFall",NA,NA,NA,NA,NA,NA,NA,NA,NA,NA,30,120,0.25,"Normal count",90,1,4,2.54,"C261096CVP",0.99299997,1986697,-1558
"2026-05-15 18:00:00","CVP","Chinook Salmon","Unclipped","Fall","Fall",NA,NA,NA,NA,NA,NA,NA,NA,NA,NA,30,120,0.25,"Normal count",91,1,4,2.54,"C261097CVP",0.78899997,1986698,-1558
"2026-05-16 02:00:00","CVP","Chinook Salmon","Unclipped","Fall","Fall",NA,NA,NA,NA,NA,NA,NA,NA,NA,NA,30,120,0.25,"Normal count",90,1,4,2.54,"C261098CVP",0.93900001,1987063,-1693
"2026-05-16 02:00:00","CVP","Chinook Salmon","Unclipped","Spring","Fall",NA,NA,NA,NA,NA,NA,NA,NA,NA,NA,30,120,0.25,"Normal count",99,1,4,2.54,"C261099CVP",0.81099999,1987064,-1693
"2026-05-16 04:00:00","CVP","Chinook Salmon","Unclipped","Fall","Fall",NA,NA,NA,NA,NA,NA,NA,NA,NA,NA,30,120,0.25,"Normal count",92,1,4,2.54,"C261100CVP",0.92199999,1987274,-1693
"2026-05-16 18:00:00","CVP","Chinook Salmon","Unclipped","Fall","Fall",NA,NA,NA,NA,NA,NA,NA,NA,NA,NA,30,120,0.25,"Normal count",88,1,4,2.54,"C261101CVP",0.99699998,1987248,-1693
"2026-05-16 18:00:00","CVP","Chinook Salmon","Unclipped","Spring","Fall",NA,NA,NA,NA,NA,NA,NA,NA,NA,NA,30,120,0.25,"Normal count",105,1,4,2.88,"C261102CVP",0.98900002,1987249,-1693
"2026-05-16 23:59:00","CVP","Chinook Salmon","Unclipped","Fall","Fall",NA,NA,NA,NA,NA,NA,NA,NA,NA,NA,30,120,0.25,"Normal count",84,1,4,2.54,"C261105CVP",0.972,1987065,-1693
"2026-05-16 23:59:00","CVP","Chinook Salmon","Unclipped","Fall",NA,NA,NA,NA,NA,NA,NA,NA,NA,NA,NA,30,120,0.25,"Normal count",91,1,4,2.54,NA,NA,1987066,-1693
"2026-05-16 23:59:00","CVP","Chinook Salmon","Unclipped","Spring","Fall",NA,NA,NA,NA,NA,NA,NA,NA,NA,NA,30,120,0.25,"Normal count",111,1,4,2.88,"C261103CVP",0.60500002,1987067,-1693
"2026-05-17 02:00:00","CVP","Chinook Salmon","Unclipped","Fall",NA,NA,NA,NA,NA,NA,NA,NA,NA,NA,NA,30,120,0.25,"Normal count",88,1,4,2.54,NA,NA,1987002,-1832
"2026-05-17 04:00:00","CVP","Chinook Salmon","Unclipped","Fall",NA,NA,NA,NA,NA,NA,NA,NA,NA,NA,NA,30,120,0.25,"Normal count",75,1,4,2.54,NA,NA,1987051,-1832
"2026-05-17 04:00:00","CVP","Chinook Salmon","Unclipped","Fall","Fall",NA,NA,NA,NA,NA,NA,NA,NA,NA,NA,30,120,0.25,"Normal count",92,1,4,2.54,"C261106CVP",0.71499997,1987052,-1832
"2026-05-17 04:00:00","CVP","Chinook Salmon","Unclipped","Fall",NA,NA,NA,NA,NA,NA,NA,NA,NA,NA,NA,30,120,0.25,"Normal count",95,1,4,2.54,NA,NA,1987053,-1832
"2026-05-17 06:00:00","CVP","Chinook Salmon","Unclipped","Fall","Fall",NA,NA,NA,NA,NA,NA,NA,NA,NA,NA,30,120,0.25,"Normal count",97,1,4,2.54,"C261107CVP",0.95599997,1987003,-1832
"2026-05-17 18:00:00","CVP","Chinook Salmon","Unclipped","Fall","Fall",NA,NA,NA,NA,NA,NA,NA,NA,NA,NA,30,120,0.25,"Normal count",94,1,4,2.54,"C261108CVP",0.59200001,1986935,-1832
"2026-05-17 18:00:00","CVP","Chinook Salmon","Unclipped","Spring","Fall",NA,NA,NA,NA,NA,NA,NA,NA,NA,NA,30,120,0.25,"Normal count",99,1,4,2.54,"C261109CVP",0.97100002,1986936,-1832
"2026-05-17 18:00:00","CVP","Chinook Salmon","Unclipped","Spring","Fall",NA,NA,NA,NA,NA,NA,NA,NA,NA,NA,30,120,0.25,"Normal count",102,1,4,2.88,"C261110CVP",0.93800002,1986937,-1832
"2026-05-17 20:00:00","CVP","Chinook Salmon","Unclipped","Fall","Fall",NA,NA,NA,NA,NA,NA,NA,NA,NA,NA,30,120,0.25,"Normal count",84,1,4,2.54,"C261111CVP",0.86299998,1986932,-1832
"2026-05-17 20:00:00","CVP","Chinook Salmon","Unclipped","Spring","Fall",NA,NA,NA,NA,NA,NA,NA,NA,NA,NA,30,120,0.25,"Normal count",103,1,4,2.88,"C261112CVP",0.50599998,1986933,-1832
"2026-05-18 04:00:00","CVP","Chinook Salmon","Unclipped","Fall",NA,NA,NA,NA,NA,NA,NA,NA,NA,NA,NA,30,120,0.25,"Normal count",85,1,4,2.54,NA,NA,1987374,NA
"2026-05-18 04:00:00","CVP","Chinook Salmon","Unclipped","Fall","Fall",NA,NA,NA,NA,NA,NA,NA,NA,NA,NA,30,120,0.25,"Normal count",92,1,4,2.54,"C261115CVP",0.986,1987375,NA
"2026-05-18 04:00:00","CVP","Chinook Salmon","Unclipped","Fall",NA,NA,NA,NA,NA,NA,NA,NA,NA,NA,NA,30,120,0.25,"Normal count",94,1,4,2.54,NA,NA,1987376,NA
"2026-05-18 12:00:00","CVP","Chinook Salmon","Unclipped","Fall","Fall",NA,NA,NA,NA,NA,NA,NA,NA,NA,NA,30,120,0.25,"Normal count",94,1,4,2.54,"C261116CVP",0.51499999,1987433,NA
"2026-05-18 14:00:00","CVP","Chinook Salmon","Unclipped","Fall","Fall",NA,NA,NA,NA,NA,NA,NA,NA,NA,NA,30,120,0.25,"Normal count",95,1,4,2.54,"C261117CVP",0.74299997,1987460,NA
"2026-05-18 20:00:00","CVP","Chinook Salmon","Unclipped","Fall","Fall",NA,NA,NA,NA,NA,NA,NA,NA,NA,NA,30,120,0.25,"Normal count",90,1,4,2.54,"C261118CVP",0.60299999,1987445,NA
"2026-05-18 22:00:00","CVP","Chinook Salmon","Unclipped","Fall",NA,NA,NA,NA,NA,NA,NA,NA,NA,NA,NA,30,120,0.25,"Normal count",97,1,4,2.54,NA,NA,1987442,NA
"2026-05-18 22:00:00","CVP","Chinook Salmon","Unclipped","Fall","Fall",NA,NA,NA,NA,NA,NA,NA,NA,NA,NA,30,120,0.25,"Normal count",98,1,4,2.54,"C261121CVP",0.78399998,1987443,NA
"2026-05-18 22:00:00","CVP","Chinook Salmon","Unclipped","Spring","Fall",NA,NA,NA,NA,NA,NA,NA,NA,NA,NA,30,120,0.25,"Normal count",101,1,4,2.88,"C261119CVP",0.551,1987444,NA
"2026-05-19 04:00:00","CVP","Chinook Salmon","Unclipped","Fall","Fall",NA,NA,NA,NA,NA,NA,NA,NA,NA,NA,30,120,0.25,"Normal count",84,1,4,2.33,"C261123CVP",0.56,1987564,NA
"2026-05-19 04:00:00","CVP","Chinook Salmon","Unclipped","Fall","Fall",NA,NA,NA,NA,NA,NA,NA,NA,NA,NA,30,120,0.25,"Normal count",92,1,4,2.33,"C261122CVP",0.91299999,1987565,NA
"2026-05-19 06:00:00","CVP","Chinook Salmon","Unclipped","Fall","Fall",NA,NA,NA,NA,NA,NA,NA,NA,NA,NA,30,120,0.25,"Normal count",96,1,4,2.33,"C261124CVP",0.94400001,1987485,NA
"2026-05-19 06:00:00","CVP","Chinook Salmon","Unclipped","Spring",NA,NA,NA,NA,NA,NA,NA,NA,NA,NA,NA,30,120,0.25,"Normal count",104,1,4,2.6,NA,NA,1987486,NA
"2026-05-19 20:00:00","CVP","Chinook Salmon","Unclipped","Fall","Fall",NA,NA,NA,NA,NA,NA,NA,NA,NA,NA,30,120,0.25,"Normal count",100,1,4,2.33,"C261125CVP",0.99000001,1987612,NA
"2026-05-19 22:00:00","CVP","Chinook Salmon","Unclipped","Fall","Fall",NA,NA,NA,NA,NA,NA,NA,NA,NA,NA,30,120,0.25,"Normal count",99,1,4,2.33,"C261126CVP",0.98900002,1987625,NA
"2026-05-19 22:00:00","CVP","Chinook Salmon","Unclipped","Spring","Fall",NA,NA,NA,NA,NA,NA,NA,NA,NA,NA,30,120,0.25,"Normal count",102,1,4,2.6,"C261127CVP",0.95999998,1987626,NA
"2026-05-19 23:59:00","CVP","Chinook Salmon","Unclipped","Fall",NA,NA,NA,NA,NA,NA,NA,NA,NA,NA,NA,30,120,0.25,"Normal count",90,1,4,2.33,NA,NA,1987511,NA
"2026-05-20 20:00:00","CVP","Chinook Salmon","Unclipped","Spring","Fall",NA,NA,NA,NA,NA,NA,NA,NA,NA,NA,30,120,0.25,"Normal count",108,1,4,2.6,"C261128CVP",0.69400001,1987701,-2163
"2026-05-20 22:00:00","CVP","Chinook Salmon","Unclipped","Fall","Fall",NA,NA,NA,NA,NA,NA,NA,NA,NA,NA,30,120,0.25,"Normal count",90,1,4,2.33,"C261129CVP",0.99400002,1987699,-2163
"2026-05-20 22:00:00","CVP","Chinook Salmon","Unclipped","Fall","Fall",NA,NA,NA,NA,NA,NA,NA,NA,NA,NA,30,120,0.25,"Normal count",98,1,4,2.33,"C261130CVP",0.935,1987700,-2163
"2026-05-21 20:00:00","CVP","Chinook Salmon","Unclipped","Fall","Fall",NA,NA,NA,NA,NA,NA,NA,NA,NA,NA,30,120,0.25,"Normal count",92,1,4,2.76,"C261131CVP",0.94999999,1987888,-2233
"2026-05-21 23:59:00","CVP","Chinook Salmon","Unclipped","Fall","Fall",NA,NA,NA,NA,NA,NA,NA,NA,NA,NA,30,120,0.25,"Normal count",90,1,4,2.76,"C261132CVP",0.96399999,1987826,-2233
"2026-05-22 08:00:00","CVP","Chinook Salmon","Unclipped","Fall","Fall",NA,NA,NA,NA,NA,NA,NA,NA,NA,NA,30,120,0.25,"Normal count",90,1,4,2.76,"C261133CVP",0.69099998,1987896,-2351
"2026-05-22 10:00:00","CVP","Chinook Salmon","Unclipped","Spring","Fall",NA,NA,NA,NA,NA,NA,NA,NA,NA,NA,30,120,0.25,"Normal count",105,1,4,3.19,"C261134CVPa",0.89499998,1987960,-2351
"2026-05-22 23:59:00","CVP","Chinook Salmon","Unclipped","Fall","Fall",NA,NA,NA,NA,NA,NA,NA,NA,NA,NA,30,120,0.25,"Normal count",99,1,4,2.76,"C261135CVP",0.92699999,1987908,-2351
"2026-05-24 22:00:00","CVP","Chinook Salmon","Unclipped","Fall",NA,NA,NA,NA,NA,NA,NA,NA,NA,NA,NA,30,120,0.25,"Normal count",92,1,4,3.27,NA,NA,1988069,-2318
"2026-05-26 23:59:00","CVP","Chinook Salmon","Unclipped","Spring","LateFall",NA,NA,NA,NA,NA,NA,NA,NA,NA,NA,30,120,0.25,"Normal count",111,1,4,3.88,"C261136CVP",0.93400002,1988194,-2278
"2026-05-28 06:00:00","CVP","Chinook Salmon","Unclipped","Fall","Fall",NA,NA,NA,NA,NA,NA,NA,NA,NA,NA,30,120,0.25,"Normal count",86,1,4,3.27,"C261137CVP",0.963,1988321,-2087
"2026-05-30 16:00:00","CVP","Chinook Salmon","Unclipped","Fall","Fall",NA,NA,NA,NA,NA,NA,NA,NA,NA,NA,30,120,0.25,"Normal count",96,1,4,3.01,"C261138CVP",0.958,1988459,-1802
"2026-05-30 18:00:00","CVP","Chinook Salmon","Unclipped","Fall","Fall",NA,NA,NA,NA,NA,NA,NA,NA,NA,NA,30,120,0.25,"Normal count",97,1,4,3.01,"C261139CVP",0.97399998,1988517,-1802
"2026-05-30 22:00:00","CVP","Chinook Salmon","Unclipped","Fall","Fall",NA,NA,NA,NA,NA,NA,NA,NA,NA,NA,30,120,0.25,"Normal count",101,1,4,3.52,"C261140CVP",0.972,1988431,-1802
"2026-05-31 22:00:00","CVP","Chinook Salmon","Unclipped","Spring","Fall",NA,NA,NA,NA,NA,NA,NA,NA,NA,NA,30,120,0.25,"Normal count",130,1,4,3.52,"C261141CVP",0.97500002,1988560,-1704
"2026-06-01 23:59:00","CVP","Chinook Salmon","Unclipped","Fall","Fall",NA,NA,NA,NA,NA,NA,NA,NA,NA,NA,30,120,0.25,"Normal count",98,1,4,3.01,"C261142CVP",0.99599999,1988729,-1864
"2026-06-04 20:00:00","CVP","Chinook Salmon","Unclipped","Fall","Fall",NA,NA,NA,NA,NA,NA,NA,NA,NA,NA,30,120,0.25,"Normal count",93,1,4,2.76,"C261144CVP",0.995,1989071,-2207
"2026-06-04 20:00:00","CVP","Chinook Salmon","Unclipped","Fall","Fall",NA,NA,NA,NA,NA,NA,NA,NA,NA,NA,30,120,0.25,"Normal count",110,1,4,3.19,"C261143CVP",0.98500001,1989072,-2207
"2026-06-06 06:00:00","CVP","Chinook Salmon","Unclipped","Fall","Fall",NA,NA,NA,NA,NA,NA,NA,NA,NA,NA,30,120,0.25,"Normal count",91,1,4,2.76,"C261145CVP",0.46599999,1989315,-2533
"2026-06-08 22:00:00","CVP","Chinook Salmon","Unclipped","Fall","Fall",NA,NA,NA,NA,NA,NA,NA,NA,NA,NA,30,120,0.25,"Normal count",97,1,4,2.76,"C261146CVP",0.986,1989487,-2882
"Notes:",NA,NA,NA,NA,NA,NA,NA,NA,NA,NA,NA,NA,NA,NA,NA,NA,NA,NA,NA,NA,NA,NA,NA,NA,NA,NA,NA
"Loss and Salvage Detail",NA,NA,NA,NA,NA,NA,NA,NA,NA,NA,NA,NA,NA,NA,NA,NA,NA,NA,NA,NA,NA,NA,NA,NA,NA,NA,NA
<<<<<<< HEAD
"Generated 19 Aug 2026 08:28:23 PDT.",NA,NA,NA,NA,NA,NA,NA,NA,NA,NA,NA,NA,NA,NA,NA,NA,NA,NA,NA,NA,NA,NA,NA,NA,NA,NA,NA
=======
"Generated 13 Aug 2026 15:08:54 PDT.",NA,NA,NA,NA,NA,NA,NA,NA,NA,NA,NA,NA,NA,NA,NA,NA,NA,NA,NA,NA,NA,NA,NA,NA,NA,NA,NA
>>>>>>> a3b11907a4b95ecf33296f42fc95d8027e18ed2d
"Data Courtesy of California Department of Fish and Wildlife.",NA,NA,NA,NA,NA,NA,NA,NA,NA,NA,NA,NA,NA,NA,NA,NA,NA,NA,NA,NA,NA,NA,NA,NA,NA,NA,NA
"<a href='/sacramento/data/metadata/metadata_salvageloss.html'>Salvage and Loss at Delta Fish Facilities Metadata</a>",NA,NA,NA,NA,NA,NA,NA,NA,NA,NA,NA,NA,NA,NA,NA,NA,NA,NA,NA,NA,NA,NA,NA,NA,NA,NA,NA
"Data column availability is linked to species, adipose fin clip status, and water year.",NA,NA,NA,NA,NA,NA,NA,NA,NA,NA,NA,NA,NA,NA,NA,NA,NA,NA,NA,NA,NA,NA,NA,NA,NA,NA,NA
"Fish with forklength >300mm excluded from results.",NA,NA,NA,NA,NA,NA,NA,NA,NA,NA,NA,NA,NA,NA,NA,NA,NA,NA,NA,NA,NA,NA,NA,NA,NA,NA,NA
"LAD: Delta 'length-at-date' model.",NA,NA,NA,NA,NA,NA,NA,NA,NA,NA,NA,NA,NA,NA,NA,NA,NA,NA,NA,NA,NA,NA,NA,NA,NA,NA,NA
"Monitoring period: 10/1/2025 to 9/30/2026.",NA,NA,NA,NA,NA,NA,NA,NA,NA,NA,NA,NA,NA,NA,NA,NA,NA,NA,NA,NA,NA,NA,NA,NA,NA,NA,NA
"'Loss' calculated by SacPAS.",NA,NA,NA,NA,NA,NA,NA,NA,NA,NA,NA,NA,NA,NA,NA,NA,NA,NA,NA,NA,NA,NA,NA,NA,NA,NA,NA
"'Length Row ID' is not static and is not unique in this context. It is for verification purposes with the Salvage Access DB.",NA,NA,NA,NA,NA,NA,NA,NA,NA,NA,NA,NA,NA,NA,NA,NA,NA,NA,NA,NA,NA,NA,NA,NA,NA,NA,NA
"DNA information sourced from the CDFW Salvage Access DB.
",NA,NA,NA,NA,NA,NA,NA,NA,NA,NA,NA,NA,NA,NA,NA,NA,NA,NA,NA,NA,NA,NA,NA,NA,NA,NA,NA
"Citation: Columbia Basin Research, University of Washington. (2026). SacPAS Loss and Salvage Detail. Available from www.cbr.washington.edu/sacramento/data/query_loss_detail.html.",NA,NA,NA,NA,NA,NA,NA,NA,NA,NA,NA,NA,NA,NA,NA,NA,NA,NA,NA,NA,NA,NA,NA,NA,NA,NA,NA
