SampleID,EffortID,RegionCode,Subregion,Stratum,StationCode,SampleDate,SampleTime,DepthStratum,NetSize,LatitudeTarget,LongitudeTarget,LatitudeStart,LongitudeStart,LatitudeEnd,LongitudeEnd,MethodCode,TowType,SamplingDirection,TowNumber,TowDuration,GearConditionCode,NetFlowDebris,NetTotalMeter,RawVolume,VolumeScrubbed,VolumeImputed,VolumeImputedBy,VolumeFinal,Comments,Tide,WeatherCode,BottomDepth,Secchi,WaterTempTop,SpecificConductanceTop,TurbidityTopFNU,DOTop,IDStatus,IDLocation,MorphoID,GeneticID,FinalID,FinalIDCommonName,ForkLength,SpecialStudy,SpecialStudyID,MarkCode,StageCode,Expression,RaceByLength,RaceByTag,TagCode,FishComments,Dead,SumOfCatchCount
6355,3622,West,Suisun Marsh,Suisun Marsh,26-36-SM02,2026-03-30,09:54:38,,L,38.11424,-122.06132,38.11455,-122.06048,38.11128,-122.05931,20mm,Surface,D,1,10,1,No,25376,1029.713164,1029.713164,,,1029.713164,,Flood,CLD,10.27,0.3,18.5,5232,42.85,9.84,Complete,Lab,HYPOM,,HYPOM,Hypomesus spp. unknown,5.5,n/p,2026-0789,None,n/p,n/p,n/p,,,,No,1
6355,3622,West,Suisun Marsh,Suisun Marsh,26-36-SM02,2026-03-30,09:54:38,,L,38.11424,-122.06132,38.11455,-122.06048,38.11128,-122.05931,20mm,Surface,D,1,10,1,No,25376,1029.713164,1029.713164,,,1029.713164,,Flood,CLD,10.27,0.3,18.5,5232,42.85,9.84,Complete,Lab,HYPOM,,HYPOM,Hypomesus spp. unknown,6.3,n/p,2026-0416,None,n/p,n/p,n/p,,,,No,1
6355,3622,West,Suisun Marsh,Suisun Marsh,26-36-SM02,2026-03-30,09:54:38,,L,38.11424,-122.06132,38.11455,-122.06048,38.11128,-122.05931,20mm,Surface,D,1,10,1,No,25376,1029.713164,1029.713164,,,1029.713164,,Flood,CLD,10.27,0.3,18.5,5232,42.85,9.84,Complete,Lab,HYPOM,,HYPOM,Hypomesus spp. unknown,8.2,n/p,2026-0783,None,n/p,n/p,n/p,,,,No,1
6356,3622,West,Suisun Marsh,Suisun Marsh,26-36-SM02,2026-03-30,10:10:46,,L,38.11424,-122.06132,38.11446,-122.06062,38.11119,-122.05855,20mm,Surface,D,2,10,1,No,26112,1059.578742,1059.578742,,,1059.578742,,Flood,CLD,10.14,0.25,18.5,5541,48.15,9.69,Complete,Lab,HYPOM,,HYPOM,Hypomesus spp. unknown,8.7,n/p,2026-0374,None,n/p,n/p,n/p,,,,No,1
6364,3628,West,Suisun Marsh,Suisun Marsh,26-36-SM04,2026-03-30,10:39:47,,L,38.15859,-122.05715,38.15876,-122.05738,38.15721,-122.05607,20mm,Surface,D,1,10,1,No,26825,1088.51102,1088.51102,,,1088.51102,,Flood,CLD,31.47,0.18,19,4047,76.47,8.83,Complete,Lab,HYPOM,,HYPOM,Hypomesus spp. unknown,18,n/p,2026-0006,None,n/p,n/p,n/p,,,,No,1
6364,3628,West,Suisun Marsh,Suisun Marsh,26-36-SM04,2026-03-30,10:39:47,,L,38.15859,-122.05715,38.15876,-122.05738,38.15721,-122.05607,20mm,Surface,D,1,10,1,No,26825,1088.51102,1088.51102,,,1088.51102,,Flood,CLD,31.47,0.18,19,4047,76.47,8.83,Complete,Lab,HYPOM,,HYPOM,Hypomesus spp. unknown,20.4,n/p,2026-0003,None,n/p,n/p,n/p,,,,No,1
6366,3634,North,Lower Sacramento River Ship Channel,Sac DW Ship Channel,26-36-SSC04,2026-03-31,08:35:10,,L,38.46257,-121.58822,38.46216,-121.58744,38.46649,-121.58545,20mm,Surface,U,1,10,1,No,26682,1082.708333,1082.708333,,,1082.708333,,Ebb,CLD,25.17,0.47,18.9,971,14.17,9.01,Complete,Lab,HYPOM,,HYPOM,Hypomesus spp. unknown,8.8,n/p,2026-0621,None,n/p,n/p,n/p,,,,No,1
6366,3634,North,Lower Sacramento River Ship Channel,Sac DW Ship Channel,26-36-SSC04,2026-03-31,08:35:10,,L,38.46257,-121.58822,38.46216,-121.58744,38.46649,-121.58545,20mm,Surface,U,1,10,1,No,26682,1082.708333,1082.708333,,,1082.708333,,Ebb,CLD,25.17,0.47,18.9,971,14.17,9.01,Complete,Lab,HYPOM,,HYPOM,Hypomesus spp. unknown,9,n/p,2026-0636,None,n/p,n/p,n/p,,,,No,1
6366,3634,North,Lower Sacramento River Ship Channel,Sac DW Ship Channel,26-36-SSC04,2026-03-31,08:35:10,,L,38.46257,-121.58822,38.46216,-121.58744,38.46649,-121.58545,20mm,Surface,U,1,10,1,No,26682,1082.708333,1082.708333,,,1082.708333,,Ebb,CLD,25.17,0.47,18.9,971,14.17,9.01,Complete,Lab,HYPOM,,HYPOM,Hypomesus spp. unknown,9.1,n/p,2026-0305,None,n/p,n/p,n/p,,,,No,1
6366,3634,North,Lower Sacramento River Ship Channel,Sac DW Ship Channel,26-36-SSC04,2026-03-31,08:35:10,,L,38.46257,-121.58822,38.46216,-121.58744,38.46649,-121.58545,20mm,Surface,U,1,10,1,No,26682,1082.708333,1082.708333,,,1082.708333,,Ebb,CLD,25.17,0.47,18.9,971,14.17,9.01,Complete,Lab,HYPOM,,HYPOM,Hypomesus spp. unknown,12,n/p,2026-0582,None,n/p,n/p,n/p,,,,No,1
6366,3634,North,Lower Sacramento River Ship Channel,Sac DW Ship Channel,26-36-SSC04,2026-03-31,08:35:10,,L,38.46257,-121.58822,38.46216,-121.58744,38.46649,-121.58545,20mm,Surface,U,1,10,1,No,26682,1082.708333,1082.708333,,,1082.708333,,Ebb,CLD,25.17,0.47,18.9,971,14.17,9.01,Complete,Lab,HYPOM,,HYPOM,Hypomesus spp. unknown,12.9,n/p,2026-0615,None,n/p,n/p,n/p,,,,No,1
6366,3634,North,Lower Sacramento River Ship Channel,Sac DW Ship Channel,26-36-SSC04,2026-03-31,08:35:10,,L,38.46257,-121.58822,38.46216,-121.58744,38.46649,-121.58545,20mm,Surface,U,1,10,1,No,26682,1082.708333,1082.708333,,,1082.708333,,Ebb,CLD,25.17,0.47,18.9,971,14.17,9.01,Complete,Lab,HYPOM,,HYPOM,Hypomesus spp. unknown,13.5,n/p,2026-0626,None,n/p,n/p,n/p,,,,No,1
6366,3634,North,Lower Sacramento River Ship Channel,Sac DW Ship Channel,26-36-SSC04,2026-03-31,08:35:10,,L,38.46257,-121.58822,38.46216,-121.58744,38.46649,-121.58545,20mm,Surface,U,1,10,1,No,26682,1082.708333,1082.708333,,,1082.708333,,Ebb,CLD,25.17,0.47,18.9,971,14.17,9.01,Complete,Lab,HYPOM,,HYPOM,Hypomesus spp. unknown,13.9,n/p,2026-0627,None,n/p,n/p,n/p,,,,No,1
6366,3634,North,Lower Sacramento River Ship Channel,Sac DW Ship Channel,26-36-SSC04,2026-03-31,08:35:10,,L,38.46257,-121.58822,38.46216,-121.58744,38.46649,-121.58545,20mm,Surface,U,1,10,1,No,26682,1082.708333,1082.708333,,,1082.708333,,Ebb,CLD,25.17,0.47,18.9,971,14.17,9.01,Complete,Lab,HYPOM,,HYPOM,Hypomesus spp. unknown,14.1,n/p,2026-0606,None,n/p,n/p,n/p,,,,No,1
6366,3634,North,Lower Sacramento River Ship Channel,Sac DW Ship Channel,26-36-SSC04,2026-03-31,08:35:10,,L,38.46257,-121.58822,38.46216,-121.58744,38.46649,-121.58545,20mm,Surface,U,1,10,1,No,26682,1082.708333,1082.708333,,,1082.708333,,Ebb,CLD,25.17,0.47,18.9,971,14.17,9.01,Complete,Lab,HYPOM,,HYPOM,Hypomesus spp. unknown,14.3,n/p,2026-0610,None,n/p,n/p,n/p,,,,No,1
6366,3634,North,Lower Sacramento River Ship Channel,Sac DW Ship Channel,26-36-SSC04,2026-03-31,08:35:10,,L,38.46257,-121.58822,38.46216,-121.58744,38.46649,-121.58545,20mm,Surface,U,1,10,1,No,26682,1082.708333,1082.708333,,,1082.708333,,Ebb,CLD,25.17,0.47,18.9,971,14.17,9.01,Complete,Lab,HYPOM,,HYPOM,Hypomesus spp. unknown,14.4,n/p,2026-0620,None,n/p,n/p,n/p,,,,No,1
6366,3634,North,Lower Sacramento River Ship Channel,Sac DW Ship Channel,26-36-SSC04,2026-03-31,08:35:10,,L,38.46257,-121.58822,38.46216,-121.58744,38.46649,-121.58545,20mm,Surface,U,1,10,1,No,26682,1082.708333,1082.708333,,,1082.708333,,Ebb,CLD,25.17,0.47,18.9,971,14.17,9.01,Complete,Lab,HYPOM,,HYPOM,Hypomesus spp. unknown,14.8,n/p,2026-0601,None,n/p,n/p,n/p,,,,No,1
6366,3634,North,Lower Sacramento River Ship Channel,Sac DW Ship Channel,26-36-SSC04,2026-03-31,08:35:10,,L,38.46257,-121.58822,38.46216,-121.58744,38.46649,-121.58545,20mm,Surface,U,1,10,1,No,26682,1082.708333,1082.708333,,,1082.708333,,Ebb,CLD,25.17,0.47,18.9,971,14.17,9.01,Complete,Lab,HYPOM,,HYPOM,Hypomesus spp. unknown,15,n/p,2026-0209,None,n/p,n/p,n/p,,,,No,1
6366,3634,North,Lower Sacramento River Ship Channel,Sac DW Ship Channel,26-36-SSC04,2026-03-31,08:35:10,,L,38.46257,-121.58822,38.46216,-121.58744,38.46649,-121.58545,20mm,Surface,U,1,10,1,No,26682,1082.708333,1082.708333,,,1082.708333,,Ebb,CLD,25.17,0.47,18.9,971,14.17,9.01,Complete,Lab,HYPOM,,HYPOM,Hypomesus spp. unknown,15,n/p,2026-0818,None,n/p,n/p,n/p,,,,No,1
6366,3634,North,Lower Sacramento River Ship Channel,Sac DW Ship Channel,26-36-SSC04,2026-03-31,08:35:10,,L,38.46257,-121.58822,38.46216,-121.58744,38.46649,-121.58545,20mm,Surface,U,1,10,1,No,26682,1082.708333,1082.708333,,,1082.708333,,Ebb,CLD,25.17,0.47,18.9,971,14.17,9.01,Complete,Lab,HYPOM,,HYPOM,Hypomesus spp. unknown,15.1,n/p,2026-0596,None,n/p,n/p,n/p,,,,No,1
6366,3634,North,Lower Sacramento River Ship Channel,Sac DW Ship Channel,26-36-SSC04,2026-03-31,08:35:10,,L,38.46257,-121.58822,38.46216,-121.58744,38.46649,-121.58545,20mm,Surface,U,1,10,1,No,26682,1082.708333,1082.708333,,,1082.708333,,Ebb,CLD,25.17,0.47,18.9,971,14.17,9.01,Complete,Lab,HYPOM,,HYPOM,Hypomesus spp. unknown,15.2,n/p,2026-0580,None,n/p,n/p,n/p,,,,No,1
6366,3634,North,Lower Sacramento River Ship Channel,Sac DW Ship Channel,26-36-SSC04,2026-03-31,08:35:10,,L,38.46257,-121.58822,38.46216,-121.58744,38.46649,-121.58545,20mm,Surface,U,1,10,1,No,26682,1082.708333,1082.708333,,,1082.708333,,Ebb,CLD,25.17,0.47,18.9,971,14.17,9.01,Complete,Lab,HYPOM,,HYPOM,Hypomesus spp. unknown,15.2,n/p,2026-0635,None,n/p,n/p,n/p,,,,No,1
6366,3634,North,Lower Sacramento River Ship Channel,Sac DW Ship Channel,26-36-SSC04,2026-03-31,08:35:10,,L,38.46257,-121.58822,38.46216,-121.58744,38.46649,-121.58545,20mm,Surface,U,1,10,1,No,26682,1082.708333,1082.708333,,,1082.708333,,Ebb,CLD,25.17,0.47,18.9,971,14.17,9.01,Complete,Lab,HYPOM,,HYPOM,Hypomesus spp. unknown,15.5,n/p,2026-0460,None,n/p,n/p,n/p,,,,No,1
6366,3634,North,Lower Sacramento River Ship Channel,Sac DW Ship Channel,26-36-SSC04,2026-03-31,08:35:10,,L,38.46257,-121.58822,38.46216,-121.58744,38.46649,-121.58545,20mm,Surface,U,1,10,1,No,26682,1082.708333,1082.708333,,,1082.708333,,Ebb,CLD,25.17,0.47,18.9,971,14.17,9.01,Complete,Lab,HYPOM,,HYPOM,Hypomesus spp. unknown,15.5,n/p,2026-0614,None,n/p,n/p,n/p,,,,No,1
6366,3634,North,Lower Sacramento River Ship Channel,Sac DW Ship Channel,26-36-SSC04,2026-03-31,08:35:10,,L,38.46257,-121.58822,38.46216,-121.58744,38.46649,-121.58545,20mm,Surface,U,1,10,1,No,26682,1082.708333,1082.708333,,,1082.708333,,Ebb,CLD,25.17,0.47,18.9,971,14.17,9.01,Complete,Lab,HYPOM,,HYPOM,Hypomesus spp. unknown,15.5,n/p,2026-0645,None,n/p,n/p,n/p,,,,No,1
6366,3634,North,Lower Sacramento River Ship Channel,Sac DW Ship Channel,26-36-SSC04,2026-03-31,08:35:10,,L,38.46257,-121.58822,38.46216,-121.58744,38.46649,-121.58545,20mm,Surface,U,1,10,1,No,26682,1082.708333,1082.708333,,,1082.708333,,Ebb,CLD,25.17,0.47,18.9,971,14.17,9.01,Complete,Lab,HYPOM,,HYPOM,Hypomesus spp. unknown,15.7,n/p,2026-0147,None,n/p,n/p,n/p,,,,No,1
6366,3634,North,Lower Sacramento River Ship Channel,Sac DW Ship Channel,26-36-SSC04,2026-03-31,08:35:10,,L,38.46257,-121.58822,38.46216,-121.58744,38.46649,-121.58545,20mm,Surface,U,1,10,1,No,26682,1082.708333,1082.708333,,,1082.708333,,Ebb,CLD,25.17,0.47,18.9,971,14.17,9.01,Complete,Lab,HYPOM,,HYPOM,Hypomesus spp. unknown,15.9,n/p,2026-0623,None,n/p,n/p,n/p,,,,No,1
6366,3634,North,Lower Sacramento River Ship Channel,Sac DW Ship Channel,26-36-SSC04,2026-03-31,08:35:10,,L,38.46257,-121.58822,38.46216,-121.58744,38.46649,-121.58545,20mm,Surface,U,1,10,1,No,26682,1082.708333,1082.708333,,,1082.708333,,Ebb,CLD,25.17,0.47,18.9,971,14.17,9.01,Complete,Lab,HYPOM,,HYPOM,Hypomesus spp. unknown,16.1,n/p,2026-0613,None,n/p,n/p,n/p,,,,No,1
6366,3634,North,Lower Sacramento River Ship Channel,Sac DW Ship Channel,26-36-SSC04,2026-03-31,08:35:10,,L,38.46257,-121.58822,38.46216,-121.58744,38.46649,-121.58545,20mm,Surface,U,1,10,1,No,26682,1082.708333,1082.708333,,,1082.708333,,Ebb,CLD,25.17,0.47,18.9,971,14.17,9.01,Complete,Lab,HYPOM,,HYPOM,Hypomesus spp. unknown,16.1,n/p,2026-0786,None,n/p,n/p,n/p,,,,No,1
6366,3634,North,Lower Sacramento River Ship Channel,Sac DW Ship Channel,26-36-SSC04,2026-03-31,08:35:10,,L,38.46257,-121.58822,38.46216,-121.58744,38.46649,-121.58545,20mm,Surface,U,1,10,1,No,26682,1082.708333,1082.708333,,,1082.708333,,Ebb,CLD,25.17,0.47,18.9,971,14.17,9.01,Complete,Lab,HYPOM,,HYPOM,Hypomesus spp. unknown,16.2,n/p,2026-0402,None,n/p,n/p,n/p,,,,No,1
6366,3634,North,Lower Sacramento River Ship Channel,Sac DW Ship Channel,26-36-SSC04,2026-03-31,08:35:10,,L,38.46257,-121.58822,38.46216,-121.58744,38.46649,-121.58545,20mm,Surface,U,1,10,1,No,26682,1082.708333,1082.708333,,,1082.708333,,Ebb,CLD,25.17,0.47,18.9,971,14.17,9.01,Complete,Lab,HYPOM,,HYPOM,Hypomesus spp. unknown,16.2,n/p,2026-0782,None,n/p,n/p,n/p,,,,No,1
6366,3634,North,Lower Sacramento River Ship Channel,Sac DW Ship Channel,26-36-SSC04,2026-03-31,08:35:10,,L,38.46257,-121.58822,38.46216,-121.58744,38.46649,-121.58545,20mm,Surface,U,1,10,1,No,26682,1082.708333,1082.708333,,,1082.708333,,Ebb,CLD,25.17,0.47,18.9,971,14.17,9.01,Complete,Lab,HYPOM,,HYPOM,Hypomesus spp. unknown,16.4,n/p,2026-0534,None,n/p,n/p,n/p,,,,No,1
6366,3634,North,Lower Sacramento River Ship Channel,Sac DW Ship Channel,26-36-SSC04,2026-03-31,08:35:10,,L,38.46257,-121.58822,38.46216,-121.58744,38.46649,-121.58545,20mm,Surface,U,1,10,1,No,26682,1082.708333,1082.708333,,,1082.708333,,Ebb,CLD,25.17,0.47,18.9,971,14.17,9.01,Complete,Lab,HYPOM,,HYPOM,Hypomesus spp. unknown,16.5,n/p,2026-0293,None,n/p,n/p,n/p,,,,No,1
6366,3634,North,Lower Sacramento River Ship Channel,Sac DW Ship Channel,26-36-SSC04,2026-03-31,08:35:10,,L,38.46257,-121.58822,38.46216,-121.58744,38.46649,-121.58545,20mm,Surface,U,1,10,1,No,26682,1082.708333,1082.708333,,,1082.708333,,Ebb,CLD,25.17,0.47,18.9,971,14.17,9.01,Complete,Lab,HYPOM,,HYPOM,Hypomesus spp. unknown,16.5,n/p,2026-0464,None,n/p,n/p,n/p,,,,No,1
6366,3634,North,Lower Sacramento River Ship Channel,Sac DW Ship Channel,26-36-SSC04,2026-03-31,08:35:10,,L,38.46257,-121.58822,38.46216,-121.58744,38.46649,-121.58545,20mm,Surface,U,1,10,1,No,26682,1082.708333,1082.708333,,,1082.708333,,Ebb,CLD,25.17,0.47,18.9,971,14.17,9.01,Complete,Lab,HYPOM,,HYPOM,Hypomesus spp. unknown,16.6,n/p,2026-0588,None,n/p,n/p,n/p,,,,No,1
6366,3634,North,Lower Sacramento River Ship Channel,Sac DW Ship Channel,26-36-SSC04,2026-03-31,08:35:10,,L,38.46257,-121.58822,38.46216,-121.58744,38.46649,-121.58545,20mm,Surface,U,1,10,1,No,26682,1082.708333,1082.708333,,,1082.708333,,Ebb,CLD,25.17,0.47,18.9,971,14.17,9.01,Complete,Lab,HYPOM,,HYPOM,Hypomesus spp. unknown,16.9,n/p,2026-0585,None,n/p,n/p,n/p,,,,No,1
6366,3634,North,Lower Sacramento River Ship Channel,Sac DW Ship Channel,26-36-SSC04,2026-03-31,08:35:10,,L,38.46257,-121.58822,38.46216,-121.58744,38.46649,-121.58545,20mm,Surface,U,1,10,1,No,26682,1082.708333,1082.708333,,,1082.708333,,Ebb,CLD,25.17,0.47,18.9,971,14.17,9.01,Complete,Lab,HYPOM,,HYPOM,Hypomesus spp. unknown,17,n/p,2026-0532,None,n/p,n/p,n/p,,,,No,1
6366,3634,North,Lower Sacramento River Ship Channel,Sac DW Ship Channel,26-36-SSC04,2026-03-31,08:35:10,,L,38.46257,-121.58822,38.46216,-121.58744,38.46649,-121.58545,20mm,Surface,U,1,10,1,No,26682,1082.708333,1082.708333,,,1082.708333,,Ebb,CLD,25.17,0.47,18.9,971,14.17,9.01,Complete,Lab,HYPOM,,HYPOM,Hypomesus spp. unknown,17.2,n/p,2026-0527,None,n/p,n/p,n/p,,,,No,1
6366,3634,North,Lower Sacramento River Ship Channel,Sac DW Ship Channel,26-36-SSC04,2026-03-31,08:35:10,,L,38.46257,-121.58822,38.46216,-121.58744,38.46649,-121.58545,20mm,Surface,U,1,10,1,No,26682,1082.708333,1082.708333,,,1082.708333,,Ebb,CLD,25.17,0.47,18.9,971,14.17,9.01,Complete,Lab,HYPOM,,HYPOM,Hypomesus spp. unknown,17.3,n/p,2026-0164,None,n/p,n/p,n/p,,,,No,1
6366,3634,North,Lower Sacramento River Ship Channel,Sac DW Ship Channel,26-36-SSC04,2026-03-31,08:35:10,,L,38.46257,-121.58822,38.46216,-121.58744,38.46649,-121.58545,20mm,Surface,U,1,10,1,No,26682,1082.708333,1082.708333,,,1082.708333,,Ebb,CLD,25.17,0.47,18.9,971,14.17,9.01,Complete,Lab,HYPOM,,HYPOM,Hypomesus spp. unknown,17.3,n/p,2026-0638,None,n/p,n/p,n/p,,,,No,1
6366,3634,North,Lower Sacramento River Ship Channel,Sac DW Ship Channel,26-36-SSC04,2026-03-31,08:35:10,,L,38.46257,-121.58822,38.46216,-121.58744,38.46649,-121.58545,20mm,Surface,U,1,10,1,No,26682,1082.708333,1082.708333,,,1082.708333,,Ebb,CLD,25.17,0.47,18.9,971,14.17,9.01,Complete,Lab,HYPOM,,HYPOM,Hypomesus spp. unknown,17.5,n/p,2026-0769,None,n/p,n/p,n/p,,,,No,1
6366,3634,North,Lower Sacramento River Ship Channel,Sac DW Ship Channel,26-36-SSC04,2026-03-31,08:35:10,,L,38.46257,-121.58822,38.46216,-121.58744,38.46649,-121.58545,20mm,Surface,U,1,10,1,No,26682,1082.708333,1082.708333,,,1082.708333,,Ebb,CLD,25.17,0.47,18.9,971,14.17,9.01,Complete,Lab,HYPOM,,HYPOM,Hypomesus spp. unknown,18.1,n/p,2026-0579,None,n/p,n/p,n/p,,,,No,1
6366,3634,North,Lower Sacramento River Ship Channel,Sac DW Ship Channel,26-36-SSC04,2026-03-31,08:35:10,,L,38.46257,-121.58822,38.46216,-121.58744,38.46649,-121.58545,20mm,Surface,U,1,10,1,No,26682,1082.708333,1082.708333,,,1082.708333,,Ebb,CLD,25.17,0.47,18.9,971,14.17,9.01,Complete,Lab,HYPOM,,HYPOM,Hypomesus spp. unknown,18.5,n/p,2026-0590,None,n/p,n/p,n/p,,,,No,1
6366,3634,North,Lower Sacramento River Ship Channel,Sac DW Ship Channel,26-36-SSC04,2026-03-31,08:35:10,,L,38.46257,-121.58822,38.46216,-121.58744,38.46649,-121.58545,20mm,Surface,U,1,10,1,No,26682,1082.708333,1082.708333,,,1082.708333,,Ebb,CLD,25.17,0.47,18.9,971,14.17,9.01,Complete,Lab,HYPOM,,HYPOM,Hypomesus spp. unknown,18.8,n/p,2026-0167,None,n/p,n/p,n/p,,,,No,1
6366,3634,North,Lower Sacramento River Ship Channel,Sac DW Ship Channel,26-36-SSC04,2026-03-31,08:35:10,,L,38.46257,-121.58822,38.46216,-121.58744,38.46649,-121.58545,20mm,Surface,U,1,10,1,No,26682,1082.708333,1082.708333,,,1082.708333,,Ebb,CLD,25.17,0.47,18.9,971,14.17,9.01,Complete,Lab,HYPOM,,HYPOM,Hypomesus spp. unknown,19.1,n/p,2026-0794,None,n/p,n/p,n/p,,,,No,1
6366,3634,North,Lower Sacramento River Ship Channel,Sac DW Ship Channel,26-36-SSC04,2026-03-31,08:35:10,,L,38.46257,-121.58822,38.46216,-121.58744,38.46649,-121.58545,20mm,Surface,U,1,10,1,No,26682,1082.708333,1082.708333,,,1082.708333,,Ebb,CLD,25.17,0.47,18.9,971,14.17,9.01,Complete,Lab,HYPOM,,HYPOM,Hypomesus spp. unknown,19.5,n/p,2026-0822,None,n/p,n/p,n/p,,,,No,1
6366,3634,North,Lower Sacramento River Ship Channel,Sac DW Ship Channel,26-36-SSC04,2026-03-31,08:35:10,,L,38.46257,-121.58822,38.46216,-121.58744,38.46649,-121.58545,20mm,Surface,U,1,10,1,No,26682,1082.708333,1082.708333,,,1082.708333,,Ebb,CLD,25.17,0.47,18.9,971,14.17,9.01,Complete,Lab,HYPOM,,HYPOM,Hypomesus spp. unknown,21.2,n/p,2026-0344,None,n/p,n/p,n/p,,,,No,1
6367,3634,North,Lower Sacramento River Ship Channel,Sac DW Ship Channel,26-36-SSC04,2026-03-31,08:57:22,,L,38.46257,-121.58822,38.46257,-121.58739,38.46705,-121.58532,20mm,Surface,U,2,10,1,No,27098,1099.588877,1099.588877,,,1099.588877,,Ebb,CLD,30.93,0.48,18.9,976,13.3,9.1,Complete,Lab,HYPOM,,HYPOM,Hypomesus spp. unknown,0,n/p,2026-0587,None,n/p,n/p,n/p,,,,No,1
6367,3634,North,Lower Sacramento River Ship Channel,Sac DW Ship Channel,26-36-SSC04,2026-03-31,08:57:22,,L,38.46257,-121.58822,38.46257,-121.58739,38.46705,-121.58532,20mm,Surface,U,2,10,1,No,27098,1099.588877,1099.588877,,,1099.588877,,Ebb,CLD,30.93,0.48,18.9,976,13.3,9.1,Complete,Lab,HYPOM,,HYPOM,Hypomesus spp. unknown,0,n/p,2026-0780,None,n/p,n/p,n/p,,,,No,1
6367,3634,North,Lower Sacramento River Ship Channel,Sac DW Ship Channel,26-36-SSC04,2026-03-31,08:57:22,,L,38.46257,-121.58822,38.46257,-121.58739,38.46705,-121.58532,20mm,Surface,U,2,10,1,No,27098,1099.588877,1099.588877,,,1099.588877,,Ebb,CLD,30.93,0.48,18.9,976,13.3,9.1,Complete,Lab,HYPOM,,HYPOM,Hypomesus spp. unknown,8.3,n/p,2026-0778,None,n/p,n/p,n/p,,,,No,1
6367,3634,North,Lower Sacramento River Ship Channel,Sac DW Ship Channel,26-36-SSC04,2026-03-31,08:57:22,,L,38.46257,-121.58822,38.46257,-121.58739,38.46705,-121.58532,20mm,Surface,U,2,10,1,No,27098,1099.588877,1099.588877,,,1099.588877,,Ebb,CLD,30.93,0.48,18.9,976,13.3,9.1,Complete,Lab,HYPOM,,HYPOM,Hypomesus spp. unknown,8.9,n/p,2026-0086,None,n/p,n/p,n/p,,,,No,1
6367,3634,North,Lower Sacramento River Ship Channel,Sac DW Ship Channel,26-36-SSC04,2026-03-31,08:57:22,,L,38.46257,-121.58822,38.46257,-121.58739,38.46705,-121.58532,20mm,Surface,U,2,10,1,No,27098,1099.588877,1099.588877,,,1099.588877,,Ebb,CLD,30.93,0.48,18.9,976,13.3,9.1,Complete,Lab,HYPOM,,HYPOM,Hypomesus spp. unknown,10.2,n/p,2026-0485,None,n/p,n/p,n/p,,,,No,1
6367,3634,North,Lower Sacramento River Ship Channel,Sac DW Ship Channel,26-36-SSC04,2026-03-31,08:57:22,,L,38.46257,-121.58822,38.46257,-121.58739,38.46705,-121.58532,20mm,Surface,U,2,10,1,No,27098,1099.588877,1099.588877,,,1099.588877,,Ebb,CLD,30.93,0.48,18.9,976,13.3,9.1,Complete,Lab,HYPOM,,HYPOM,Hypomesus spp. unknown,10.9,n/p,2026-0773,None,n/p,n/p,n/p,,,,No,1
6367,3634,North,Lower Sacramento River Ship Channel,Sac DW Ship Channel,26-36-SSC04,2026-03-31,08:57:22,,L,38.46257,-121.58822,38.46257,-121.58739,38.46705,-121.58532,20mm,Surface,U,2,10,1,No,27098,1099.588877,1099.588877,,,1099.588877,,Ebb,CLD,30.93,0.48,18.9,976,13.3,9.1,Complete,Lab,HYPOM,,HYPOM,Hypomesus spp. unknown,11.3,n/p,2026-0448,None,n/p,n/p,n/p,,,,No,1
6367,3634,North,Lower Sacramento River Ship Channel,Sac DW Ship Channel,26-36-SSC04,2026-03-31,08:57:22,,L,38.46257,-121.58822,38.46257,-121.58739,38.46705,-121.58532,20mm,Surface,U,2,10,1,No,27098,1099.588877,1099.588877,,,1099.588877,,Ebb,CLD,30.93,0.48,18.9,976,13.3,9.1,Complete,Lab,HYPOM,,HYPOM,Hypomesus spp. unknown,12.9,n/p,2026-0061,None,n/p,n/p,n/p,,,,No,1
6367,3634,North,Lower Sacramento River Ship Channel,Sac DW Ship Channel,26-36-SSC04,2026-03-31,08:57:22,,L,38.46257,-121.58822,38.46257,-121.58739,38.46705,-121.58532,20mm,Surface,U,2,10,1,No,27098,1099.588877,1099.588877,,,1099.588877,,Ebb,CLD,30.93,0.48,18.9,976,13.3,9.1,Complete,Lab,HYPOM,,HYPOM,Hypomesus spp. unknown,13.1,n/p,2026-0041,None,n/p,n/p,n/p,,,,No,1
6367,3634,North,Lower Sacramento River Ship Channel,Sac DW Ship Channel,26-36-SSC04,2026-03-31,08:57:22,,L,38.46257,-121.58822,38.46257,-121.58739,38.46705,-121.58532,20mm,Surface,U,2,10,1,No,27098,1099.588877,1099.588877,,,1099.588877,,Ebb,CLD,30.93,0.48,18.9,976,13.3,9.1,Complete,Lab,HYPOM,,HYPOM,Hypomesus spp. unknown,13.3,n/p,2026-0122,None,n/p,n/p,n/p,,,,No,1
6367,3634,North,Lower Sacramento River Ship Channel,Sac DW Ship Channel,26-36-SSC04,2026-03-31,08:57:22,,L,38.46257,-121.58822,38.46257,-121.58739,38.46705,-121.58532,20mm,Surface,U,2,10,1,No,27098,1099.588877,1099.588877,,,1099.588877,,Ebb,CLD,30.93,0.48,18.9,976,13.3,9.1,Complete,Lab,HYPOM,,HYPOM,Hypomesus spp. unknown,13.3,n/p,2026-0646,None,n/p,n/p,n/p,,,,No,1
6367,3634,North,Lower Sacramento River Ship Channel,Sac DW Ship Channel,26-36-SSC04,2026-03-31,08:57:22,,L,38.46257,-121.58822,38.46257,-121.58739,38.46705,-121.58532,20mm,Surface,U,2,10,1,No,27098,1099.588877,1099.588877,,,1099.588877,,Ebb,CLD,30.93,0.48,18.9,976,13.3,9.1,Complete,Lab,HYPOM,,HYPOM,Hypomesus spp. unknown,13.4,n/p,2026-0611,None,n/p,n/p,n/p,,,,No,1
6367,3634,North,Lower Sacramento River Ship Channel,Sac DW Ship Channel,26-36-SSC04,2026-03-31,08:57:22,,L,38.46257,-121.58822,38.46257,-121.58739,38.46705,-121.58532,20mm,Surface,U,2,10,1,No,27098,1099.588877,1099.588877,,,1099.588877,,Ebb,CLD,30.93,0.48,18.9,976,13.3,9.1,Complete,Lab,HYPOM,,HYPOM,Hypomesus spp. unknown,13.6,n/p,2026-0256,None,n/p,n/p,n/p,,,,No,1
6367,3634,North,Lower Sacramento River Ship Channel,Sac DW Ship Channel,26-36-SSC04,2026-03-31,08:57:22,,L,38.46257,-121.58822,38.46257,-121.58739,38.46705,-121.58532,20mm,Surface,U,2,10,1,No,27098,1099.588877,1099.588877,,,1099.588877,,Ebb,CLD,30.93,0.48,18.9,976,13.3,9.1,Complete,Lab,HYPOM,,HYPOM,Hypomesus spp. unknown,13.7,n/p,2026-0425,None,n/p,n/p,n/p,,,,No,1
6367,3634,North,Lower Sacramento River Ship Channel,Sac DW Ship Channel,26-36-SSC04,2026-03-31,08:57:22,,L,38.46257,-121.58822,38.46257,-121.58739,38.46705,-121.58532,20mm,Surface,U,2,10,1,No,27098,1099.588877,1099.588877,,,1099.588877,,Ebb,CLD,30.93,0.48,18.9,976,13.3,9.1,Complete,Lab,HYPOM,,HYPOM,Hypomesus spp. unknown,13.8,n/p,2026-0074,None,n/p,n/p,n/p,,,,No,1
6367,3634,North,Lower Sacramento River Ship Channel,Sac DW Ship Channel,26-36-SSC04,2026-03-31,08:57:22,,L,38.46257,-121.58822,38.46257,-121.58739,38.46705,-121.58532,20mm,Surface,U,2,10,1,No,27098,1099.588877,1099.588877,,,1099.588877,,Ebb,CLD,30.93,0.48,18.9,976,13.3,9.1,Complete,Lab,HYPOM,,HYPOM,Hypomesus spp. unknown,13.9,n/p,2026-0622,None,n/p,n/p,n/p,,,,No,1
6367,3634,North,Lower Sacramento River Ship Channel,Sac DW Ship Channel,26-36-SSC04,2026-03-31,08:57:22,,L,38.46257,-121.58822,38.46257,-121.58739,38.46705,-121.58532,20mm,Surface,U,2,10,1,No,27098,1099.588877,1099.588877,,,1099.588877,,Ebb,CLD,30.93,0.48,18.9,976,13.3,9.1,Complete,Lab,HYPOM,,HYPOM,Hypomesus spp. unknown,14,n/p,2026-0628,None,n/p,n/p,n/p,,,,No,1
6367,3634,North,Lower Sacramento River Ship Channel,Sac DW Ship Channel,26-36-SSC04,2026-03-31,08:57:22,,L,38.46257,-121.58822,38.46257,-121.58739,38.46705,-121.58532,20mm,Surface,U,2,10,1,No,27098,1099.588877,1099.588877,,,1099.588877,,Ebb,CLD,30.93,0.48,18.9,976,13.3,9.1,Complete,Lab,HYPOM,,HYPOM,Hypomesus spp. unknown,14.2,n/p,2026-0291,None,n/p,n/p,n/p,,,,No,1
6367,3634,North,Lower Sacramento River Ship Channel,Sac DW Ship Channel,26-36-SSC04,2026-03-31,08:57:22,,L,38.46257,-121.58822,38.46257,-121.58739,38.46705,-121.58532,20mm,Surface,U,2,10,1,No,27098,1099.588877,1099.588877,,,1099.588877,,Ebb,CLD,30.93,0.48,18.9,976,13.3,9.1,Complete,Lab,HYPOM,,HYPOM,Hypomesus spp. unknown,14.2,n/p,2026-0401,None,n/p,n/p,n/p,,,,No,1
6367,3634,North,Lower Sacramento River Ship Channel,Sac DW Ship Channel,26-36-SSC04,2026-03-31,08:57:22,,L,38.46257,-121.58822,38.46257,-121.58739,38.46705,-121.58532,20mm,Surface,U,2,10,1,No,27098,1099.588877,1099.588877,,,1099.588877,,Ebb,CLD,30.93,0.48,18.9,976,13.3,9.1,Complete,Lab,HYPOM,,HYPOM,Hypomesus spp. unknown,14.3,n/p,2026-0172,None,n/p,n/p,n/p,,,,No,1
6367,3634,North,Lower Sacramento River Ship Channel,Sac DW Ship Channel,26-36-SSC04,2026-03-31,08:57:22,,L,38.46257,-121.58822,38.46257,-121.58739,38.46705,-121.58532,20mm,Surface,U,2,10,1,No,27098,1099.588877,1099.588877,,,1099.588877,,Ebb,CLD,30.93,0.48,18.9,976,13.3,9.1,Complete,Lab,HYPOM,,HYPOM,Hypomesus spp. unknown,14.4,n/p,2026-0801,None,n/p,n/p,n/p,,,,No,1
6367,3634,North,Lower Sacramento River Ship Channel,Sac DW Ship Channel,26-36-SSC04,2026-03-31,08:57:22,,L,38.46257,-121.58822,38.46257,-121.58739,38.46705,-121.58532,20mm,Surface,U,2,10,1,No,27098,1099.588877,1099.588877,,,1099.588877,,Ebb,CLD,30.93,0.48,18.9,976,13.3,9.1,Complete,Lab,HYPOM,,HYPOM,Hypomesus spp. unknown,14.6,n/p,2026-0162,None,n/p,n/p,n/p,,,,No,1
6367,3634,North,Lower Sacramento River Ship Channel,Sac DW Ship Channel,26-36-SSC04,2026-03-31,08:57:22,,L,38.46257,-121.58822,38.46257,-121.58739,38.46705,-121.58532,20mm,Surface,U,2,10,1,No,27098,1099.588877,1099.588877,,,1099.588877,,Ebb,CLD,30.93,0.48,18.9,976,13.3,9.1,Complete,Lab,HYPOM,,HYPOM,Hypomesus spp. unknown,14.8,n/p,2026-0609,None,n/p,n/p,n/p,,,,No,1
6367,3634,North,Lower Sacramento River Ship Channel,Sac DW Ship Channel,26-36-SSC04,2026-03-31,08:57:22,,L,38.46257,-121.58822,38.46257,-121.58739,38.46705,-121.58532,20mm,Surface,U,2,10,1,No,27098,1099.588877,1099.588877,,,1099.588877,,Ebb,CLD,30.93,0.48,18.9,976,13.3,9.1,Complete,Lab,HYPOM,,HYPOM,Hypomesus spp. unknown,14.9,n/p,2026-0054,None,n/p,n/p,n/p,,,,No,1
6367,3634,North,Lower Sacramento River Ship Channel,Sac DW Ship Channel,26-36-SSC04,2026-03-31,08:57:22,,L,38.46257,-121.58822,38.46257,-121.58739,38.46705,-121.58532,20mm,Surface,U,2,10,1,No,27098,1099.588877,1099.588877,,,1099.588877,,Ebb,CLD,30.93,0.48,18.9,976,13.3,9.1,Complete,Lab,HYPOM,,HYPOM,Hypomesus spp. unknown,14.9,n/p,2026-0775,None,n/p,n/p,n/p,,,,No,1
6367,3634,North,Lower Sacramento River Ship Channel,Sac DW Ship Channel,26-36-SSC04,2026-03-31,08:57:22,,L,38.46257,-121.58822,38.46257,-121.58739,38.46705,-121.58532,20mm,Surface,U,2,10,1,No,27098,1099.588877,1099.588877,,,1099.588877,,Ebb,CLD,30.93,0.48,18.9,976,13.3,9.1,Complete,Lab,HYPOM,,HYPOM,Hypomesus spp. unknown,15.2,n/p,2026-0513,None,n/p,n/p,n/p,,,,No,1
6367,3634,North,Lower Sacramento River Ship Channel,Sac DW Ship Channel,26-36-SSC04,2026-03-31,08:57:22,,L,38.46257,-121.58822,38.46257,-121.58739,38.46705,-121.58532,20mm,Surface,U,2,10,1,No,27098,1099.588877,1099.588877,,,1099.588877,,Ebb,CLD,30.93,0.48,18.9,976,13.3,9.1,Complete,Lab,HYPOM,,HYPOM,Hypomesus spp. unknown,15.2,n/p,2026-0639,None,n/p,n/p,n/p,,,,No,1
6367,3634,North,Lower Sacramento River Ship Channel,Sac DW Ship Channel,26-36-SSC04,2026-03-31,08:57:22,,L,38.46257,-121.58822,38.46257,-121.58739,38.46705,-121.58532,20mm,Surface,U,2,10,1,No,27098,1099.588877,1099.588877,,,1099.588877,,Ebb,CLD,30.93,0.48,18.9,976,13.3,9.1,Complete,Lab,HYPOM,,HYPOM,Hypomesus spp. unknown,15.3,n/p,2026-0593,None,n/p,n/p,n/p,,,,No,1
6367,3634,North,Lower Sacramento River Ship Channel,Sac DW Ship Channel,26-36-SSC04,2026-03-31,08:57:22,,L,38.46257,-121.58822,38.46257,-121.58739,38.46705,-121.58532,20mm,Surface,U,2,10,1,No,27098,1099.588877,1099.588877,,,1099.588877,,Ebb,CLD,30.93,0.48,18.9,976,13.3,9.1,Complete,Lab,HYPOM,,HYPOM,Hypomesus spp. unknown,15.4,n/p,2026-0285,None,n/p,n/p,n/p,,,,No,1
6367,3634,North,Lower Sacramento River Ship Channel,Sac DW Ship Channel,26-36-SSC04,2026-03-31,08:57:22,,L,38.46257,-121.58822,38.46257,-121.58739,38.46705,-121.58532,20mm,Surface,U,2,10,1,No,27098,1099.588877,1099.588877,,,1099.588877,,Ebb,CLD,30.93,0.48,18.9,976,13.3,9.1,Complete,Lab,HYPOM,,HYPOM,Hypomesus spp. unknown,15.4,n/p,2026-0809,None,n/p,n/p,n/p,,,,No,1
6367,3634,North,Lower Sacramento River Ship Channel,Sac DW Ship Channel,26-36-SSC04,2026-03-31,08:57:22,,L,38.46257,-121.58822,38.46257,-121.58739,38.46705,-121.58532,20mm,Surface,U,2,10,1,No,27098,1099.588877,1099.588877,,,1099.588877,,Ebb,CLD,30.93,0.48,18.9,976,13.3,9.1,Complete,Lab,HYPOM,,HYPOM,Hypomesus spp. unknown,15.6,n/p,2026-0114,None,n/p,n/p,n/p,,,,No,1
6367,3634,North,Lower Sacramento River Ship Channel,Sac DW Ship Channel,26-36-SSC04,2026-03-31,08:57:22,,L,38.46257,-121.58822,38.46257,-121.58739,38.46705,-121.58532,20mm,Surface,U,2,10,1,No,27098,1099.588877,1099.588877,,,1099.588877,,Ebb,CLD,30.93,0.48,18.9,976,13.3,9.1,Complete,Lab,HYPOM,,HYPOM,Hypomesus spp. unknown,15.8,n/p,2026-0484,None,n/p,n/p,n/p,,,,No,1
6367,3634,North,Lower Sacramento River Ship Channel,Sac DW Ship Channel,26-36-SSC04,2026-03-31,08:57:22,,L,38.46257,-121.58822,38.46257,-121.58739,38.46705,-121.58532,20mm,Surface,U,2,10,1,No,27098,1099.588877,1099.588877,,,1099.588877,,Ebb,CLD,30.93,0.48,18.9,976,13.3,9.1,Complete,Lab,HYPOM,,HYPOM,Hypomesus spp. unknown,15.9,n/p,2026-0008,None,n/p,n/p,n/p,,,,No,1
6367,3634,North,Lower Sacramento River Ship Channel,Sac DW Ship Channel,26-36-SSC04,2026-03-31,08:57:22,,L,38.46257,-121.58822,38.46257,-121.58739,38.46705,-121.58532,20mm,Surface,U,2,10,1,No,27098,1099.588877,1099.588877,,,1099.588877,,Ebb,CLD,30.93,0.48,18.9,976,13.3,9.1,Complete,Lab,HYPOM,,HYPOM,Hypomesus spp. unknown,16,n/p,2026-0489,None,n/p,n/p,n/p,,,,No,1
6367,3634,North,Lower Sacramento River Ship Channel,Sac DW Ship Channel,26-36-SSC04,2026-03-31,08:57:22,,L,38.46257,-121.58822,38.46257,-121.58739,38.46705,-121.58532,20mm,Surface,U,2,10,1,No,27098,1099.588877,1099.588877,,,1099.588877,,Ebb,CLD,30.93,0.48,18.9,976,13.3,9.1,Complete,Lab,HYPOM,,HYPOM,Hypomesus spp. unknown,16.1,n/p,2026-0309,None,n/p,n/p,n/p,,,,No,1
6367,3634,North,Lower Sacramento River Ship Channel,Sac DW Ship Channel,26-36-SSC04,2026-03-31,08:57:22,,L,38.46257,-121.58822,38.46257,-121.58739,38.46705,-121.58532,20mm,Surface,U,2,10,1,No,27098,1099.588877,1099.588877,,,1099.588877,,Ebb,CLD,30.93,0.48,18.9,976,13.3,9.1,Complete,Lab,HYPOM,,HYPOM,Hypomesus spp. unknown,16.1,n/p,2026-0793,None,n/p,n/p,n/p,,,,No,1
6367,3634,North,Lower Sacramento River Ship Channel,Sac DW Ship Channel,26-36-SSC04,2026-03-31,08:57:22,,L,38.46257,-121.58822,38.46257,-121.58739,38.46705,-121.58532,20mm,Surface,U,2,10,1,No,27098,1099.588877,1099.588877,,,1099.588877,,Ebb,CLD,30.93,0.48,18.9,976,13.3,9.1,Complete,Lab,HYPOM,,HYPOM,Hypomesus spp. unknown,16.2,n/p,2026-0427,None,n/p,n/p,n/p,,,,No,1
6367,3634,North,Lower Sacramento River Ship Channel,Sac DW Ship Channel,26-36-SSC04,2026-03-31,08:57:22,,L,38.46257,-121.58822,38.46257,-121.58739,38.46705,-121.58532,20mm,Surface,U,2,10,1,No,27098,1099.588877,1099.588877,,,1099.588877,,Ebb,CLD,30.93,0.48,18.9,976,13.3,9.1,Complete,Lab,HYPOM,,HYPOM,Hypomesus spp. unknown,16.2,n/p,2026-0487,None,n/p,n/p,n/p,,,,No,1
6367,3634,North,Lower Sacramento River Ship Channel,Sac DW Ship Channel,26-36-SSC04,2026-03-31,08:57:22,,L,38.46257,-121.58822,38.46257,-121.58739,38.46705,-121.58532,20mm,Surface,U,2,10,1,No,27098,1099.588877,1099.588877,,,1099.588877,,Ebb,CLD,30.93,0.48,18.9,976,13.3,9.1,Complete,Lab,HYPOM,,HYPOM,Hypomesus spp. unknown,16.4,n/p,2026-0824,None,n/p,n/p,n/p,,,,No,1
6367,3634,North,Lower Sacramento River Ship Channel,Sac DW Ship Channel,26-36-SSC04,2026-03-31,08:57:22,,L,38.46257,-121.58822,38.46257,-121.58739,38.46705,-121.58532,20mm,Surface,U,2,10,1,No,27098,1099.588877,1099.588877,,,1099.588877,,Ebb,CLD,30.93,0.48,18.9,976,13.3,9.1,Complete,Lab,HYPOM,,HYPOM,Hypomesus spp. unknown,16.5,n/p,2026-0640,None,n/p,n/p,n/p,,,,No,1
6367,3634,North,Lower Sacramento River Ship Channel,Sac DW Ship Channel,26-36-SSC04,2026-03-31,08:57:22,,L,38.46257,-121.58822,38.46257,-121.58739,38.46705,-121.58532,20mm,Surface,U,2,10,1,No,27098,1099.588877,1099.588877,,,1099.588877,,Ebb,CLD,30.93,0.48,18.9,976,13.3,9.1,Complete,Lab,HYPOM,,HYPOM,Hypomesus spp. unknown,16.6,n/p,2026-0182,None,n/p,n/p,n/p,,,,No,1
6367,3634,North,Lower Sacramento River Ship Channel,Sac DW Ship Channel,26-36-SSC04,2026-03-31,08:57:22,,L,38.46257,-121.58822,38.46257,-121.58739,38.46705,-121.58532,20mm,Surface,U,2,10,1,No,27098,1099.588877,1099.588877,,,1099.588877,,Ebb,CLD,30.93,0.48,18.9,976,13.3,9.1,Complete,Lab,HYPOM,,HYPOM,Hypomesus spp. unknown,16.7,n/p,2026-0013,None,n/p,n/p,n/p,,,,No,1
6367,3634,North,Lower Sacramento River Ship Channel,Sac DW Ship Channel,26-36-SSC04,2026-03-31,08:57:22,,L,38.46257,-121.58822,38.46257,-121.58739,38.46705,-121.58532,20mm,Surface,U,2,10,1,No,27098,1099.588877,1099.588877,,,1099.588877,,Ebb,CLD,30.93,0.48,18.9,976,13.3,9.1,Complete,Lab,HYPOM,,HYPOM,Hypomesus spp. unknown,16.7,n/p,2026-0787,None,n/p,n/p,n/p,,,,No,1
6367,3634,North,Lower Sacramento River Ship Channel,Sac DW Ship Channel,26-36-SSC04,2026-03-31,08:57:22,,L,38.46257,-121.58822,38.46257,-121.58739,38.46705,-121.58532,20mm,Surface,U,2,10,1,No,27098,1099.588877,1099.588877,,,1099.588877,,Ebb,CLD,30.93,0.48,18.9,976,13.3,9.1,Complete,Lab,HYPOM,,HYPOM,Hypomesus spp. unknown,17.1,n/p,2026-0594,None,n/p,n/p,n/p,,,,No,1
6367,3634,North,Lower Sacramento River Ship Channel,Sac DW Ship Channel,26-36-SSC04,2026-03-31,08:57:22,,L,38.46257,-121.58822,38.46257,-121.58739,38.46705,-121.58532,20mm,Surface,U,2,10,1,No,27098,1099.588877,1099.588877,,,1099.588877,,Ebb,CLD,30.93,0.48,18.9,976,13.3,9.1,Complete,Lab,HYPOM,,HYPOM,Hypomesus spp. unknown,17.2,n/p,2026-0098,None,n/p,n/p,n/p,,,,No,1
6367,3634,North,Lower Sacramento River Ship Channel,Sac DW Ship Channel,26-36-SSC04,2026-03-31,08:57:22,,L,38.46257,-121.58822,38.46257,-121.58739,38.46705,-121.58532,20mm,Surface,U,2,10,1,No,27098,1099.588877,1099.588877,,,1099.588877,,Ebb,CLD,30.93,0.48,18.9,976,13.3,9.1,Complete,Lab,HYPOM,,HYPOM,Hypomesus spp. unknown,17.2,n/p,2026-0418,None,n/p,n/p,n/p,,,,No,1
6367,3634,North,Lower Sacramento River Ship Channel,Sac DW Ship Channel,26-36-SSC04,2026-03-31,08:57:22,,L,38.46257,-121.58822,38.46257,-121.58739,38.46705,-121.58532,20mm,Surface,U,2,10,1,No,27098,1099.588877,1099.588877,,,1099.588877,,Ebb,CLD,30.93,0.48,18.9,976,13.3,9.1,Complete,Lab,HYPOM,,HYPOM,Hypomesus spp. unknown,17.2,n/p,2026-0826,None,n/p,n/p,n/p,,,,No,1
6367,3634,North,Lower Sacramento River Ship Channel,Sac DW Ship Channel,26-36-SSC04,2026-03-31,08:57:22,,L,38.46257,-121.58822,38.46257,-121.58739,38.46705,-121.58532,20mm,Surface,U,2,10,1,No,27098,1099.588877,1099.588877,,,1099.588877,,Ebb,CLD,30.93,0.48,18.9,976,13.3,9.1,Complete,Lab,HYPOM,,HYPOM,Hypomesus spp. unknown,17.4,n/p,2026-0185,None,n/p,n/p,n/p,,,,No,1
6367,3634,North,Lower Sacramento River Ship Channel,Sac DW Ship Channel,26-36-SSC04,2026-03-31,08:57:22,,L,38.46257,-121.58822,38.46257,-121.58739,38.46705,-121.58532,20mm,Surface,U,2,10,1,No,27098,1099.588877,1099.588877,,,1099.588877,,Ebb,CLD,30.93,0.48,18.9,976,13.3,9.1,Complete,Lab,HYPOM,,HYPOM,Hypomesus spp. unknown,18,n/p,2026-0828,None,n/p,n/p,n/p,,,,No,1
6367,3634,North,Lower Sacramento River Ship Channel,Sac DW Ship Channel,26-36-SSC04,2026-03-31,08:57:22,,L,38.46257,-121.58822,38.46257,-121.58739,38.46705,-121.58532,20mm,Surface,U,2,10,1,No,27098,1099.588877,1099.588877,,,1099.588877,,Ebb,CLD,30.93,0.48,18.9,976,13.3,9.1,Complete,Lab,HYPOM,,HYPOM,Hypomesus spp. unknown,18.2,n/p,2026-0653,None,n/p,n/p,n/p,,,,No,1
6367,3634,North,Lower Sacramento River Ship Channel,Sac DW Ship Channel,26-36-SSC04,2026-03-31,08:57:22,,L,38.46257,-121.58822,38.46257,-121.58739,38.46705,-121.58532,20mm,Surface,U,2,10,1,No,27098,1099.588877,1099.588877,,,1099.588877,,Ebb,CLD,30.93,0.48,18.9,976,13.3,9.1,Complete,Lab,HYPOM,,HYPOM,Hypomesus spp. unknown,18.3,n/p,2026-0202,None,n/p,n/p,n/p,,,,No,1
6367,3634,North,Lower Sacramento River Ship Channel,Sac DW Ship Channel,26-36-SSC04,2026-03-31,08:57:22,,L,38.46257,-121.58822,38.46257,-121.58739,38.46705,-121.58532,20mm,Surface,U,2,10,1,No,27098,1099.588877,1099.588877,,,1099.588877,,Ebb,CLD,30.93,0.48,18.9,976,13.3,9.1,Complete,Lab,HYPOM,,HYPOM,Hypomesus spp. unknown,18.5,n/p,2026-0563,None,n/p,n/p,n/p,,,,No,1
6367,3634,North,Lower Sacramento River Ship Channel,Sac DW Ship Channel,26-36-SSC04,2026-03-31,08:57:22,,L,38.46257,-121.58822,38.46257,-121.58739,38.46705,-121.58532,20mm,Surface,U,2,10,1,No,27098,1099.588877,1099.588877,,,1099.588877,,Ebb,CLD,30.93,0.48,18.9,976,13.3,9.1,Complete,Lab,HYPOM,,HYPOM,Hypomesus spp. unknown,19.5,n/p,2026-0772,None,n/p,n/p,n/p,,,,No,1
6367,3634,North,Lower Sacramento River Ship Channel,Sac DW Ship Channel,26-36-SSC04,2026-03-31,08:57:22,,L,38.46257,-121.58822,38.46257,-121.58739,38.46705,-121.58532,20mm,Surface,U,2,10,1,No,27098,1099.588877,1099.588877,,,1099.588877,,Ebb,CLD,30.93,0.48,18.9,976,13.3,9.1,Complete,Lab,HYPOM,,HYPOM,Hypomesus spp. unknown,19.6,n/p,2026-0424,None,n/p,n/p,n/p,,,,No,1
6367,3634,North,Lower Sacramento River Ship Channel,Sac DW Ship Channel,26-36-SSC04,2026-03-31,08:57:22,,L,38.46257,-121.58822,38.46257,-121.58739,38.46705,-121.58532,20mm,Surface,U,2,10,1,No,27098,1099.588877,1099.588877,,,1099.588877,,Ebb,CLD,30.93,0.48,18.9,976,13.3,9.1,Complete,Lab,HYPOM,,HYPOM,Hypomesus spp. unknown,19.9,n/p,2026-0497,None,n/p,n/p,n/p,,,,No,1
6367,3634,North,Lower Sacramento River Ship Channel,Sac DW Ship Channel,26-36-SSC04,2026-03-31,08:57:22,,L,38.46257,-121.58822,38.46257,-121.58739,38.46705,-121.58532,20mm,Surface,U,2,10,1,No,27098,1099.588877,1099.588877,,,1099.588877,,Ebb,CLD,30.93,0.48,18.9,976,13.3,9.1,Complete,Lab,HYPOM,,HYPOM,Hypomesus spp. unknown,20,n/p,2026-0522,None,n/p,n/p,n/p,,,,No,1
6367,3634,North,Lower Sacramento River Ship Channel,Sac DW Ship Channel,26-36-SSC04,2026-03-31,08:57:22,,L,38.46257,-121.58822,38.46257,-121.58739,38.46705,-121.58532,20mm,Surface,U,2,10,1,No,27098,1099.588877,1099.588877,,,1099.588877,,Ebb,CLD,30.93,0.48,18.9,976,13.3,9.1,Complete,Lab,HYPOM,,HYPOM,Hypomesus spp. unknown,20.1,n/p,2026-0171,None,n/p,n/p,n/p,,,,No,1
6368,3635,North,Lower Sacramento River Ship Channel,Sac DW Ship Channel,26-36-SSC03,2026-03-31,09:29:37,,L,38.39903,-121.61818,38.39858,-121.61748,38.40269,-121.61559,20mm,Surface,U,1,10,1,No,27169,1102.469931,1102.469931,,,1102.469931,,Ebb,CLD,33.44,0.33,18.9,848,24.26,9.19,Complete,Lab,HYPOM,,HYPOM,Hypomesus spp. unknown,11.5,n/p,2026-0486,None,n/p,n/p,n/p,,,,No,1
6368,3635,North,Lower Sacramento River Ship Channel,Sac DW Ship Channel,26-36-SSC03,2026-03-31,09:29:37,,L,38.39903,-121.61818,38.39858,-121.61748,38.40269,-121.61559,20mm,Surface,U,1,10,1,No,27169,1102.469931,1102.469931,,,1102.469931,,Ebb,CLD,33.44,0.33,18.9,848,24.26,9.19,Complete,Lab,HYPOM,,HYPOM,Hypomesus spp. unknown,12.6,n/p,2026-0461,None,n/p,n/p,n/p,,,,No,1
6368,3635,North,Lower Sacramento River Ship Channel,Sac DW Ship Channel,26-36-SSC03,2026-03-31,09:29:37,,L,38.39903,-121.61818,38.39858,-121.61748,38.40269,-121.61559,20mm,Surface,U,1,10,1,No,27169,1102.469931,1102.469931,,,1102.469931,,Ebb,CLD,33.44,0.33,18.9,848,24.26,9.19,Complete,Lab,HYPOM,,HYPOM,Hypomesus spp. unknown,14.6,n/p,2026-0641,None,n/p,n/p,n/p,,,,No,1
6368,3635,North,Lower Sacramento River Ship Channel,Sac DW Ship Channel,26-36-SSC03,2026-03-31,09:29:37,,L,38.39903,-121.61818,38.39858,-121.61748,38.40269,-121.61559,20mm,Surface,U,1,10,1,No,27169,1102.469931,1102.469931,,,1102.469931,,Ebb,CLD,33.44,0.33,18.9,848,24.26,9.19,Complete,Lab,HYPOM,,HYPOM,Hypomesus spp. unknown,15.3,n/p,2026-0235,None,n/p,n/p,n/p,,,,No,1
6368,3635,North,Lower Sacramento River Ship Channel,Sac DW Ship Channel,26-36-SSC03,2026-03-31,09:29:37,,L,38.39903,-121.61818,38.39858,-121.61748,38.40269,-121.61559,20mm,Surface,U,1,10,1,No,27169,1102.469931,1102.469931,,,1102.469931,,Ebb,CLD,33.44,0.33,18.9,848,24.26,9.19,Complete,Lab,HYPOM,,HYPOM,Hypomesus spp. unknown,15.3,n/p,2026-0561,None,n/p,n/p,n/p,,,,No,1
6368,3635,North,Lower Sacramento River Ship Channel,Sac DW Ship Channel,26-36-SSC03,2026-03-31,09:29:37,,L,38.39903,-121.61818,38.39858,-121.61748,38.40269,-121.61559,20mm,Surface,U,1,10,1,No,27169,1102.469931,1102.469931,,,1102.469931,,Ebb,CLD,33.44,0.33,18.9,848,24.26,9.19,Complete,Lab,HYPOM,,HYPOM,Hypomesus spp. unknown,15.5,n/p,2026-0774,None,n/p,n/p,n/p,,,,No,1
6368,3635,North,Lower Sacramento River Ship Channel,Sac DW Ship Channel,26-36-SSC03,2026-03-31,09:29:37,,L,38.39903,-121.61818,38.39858,-121.61748,38.40269,-121.61559,20mm,Surface,U,1,10,1,No,27169,1102.469931,1102.469931,,,1102.469931,,Ebb,CLD,33.44,0.33,18.9,848,24.26,9.19,Complete,Lab,HYPOM,,HYPOM,Hypomesus spp. unknown,15.6,n/p,2026-0617,None,n/p,n/p,n/p,,,,No,1
6368,3635,North,Lower Sacramento River Ship Channel,Sac DW Ship Channel,26-36-SSC03,2026-03-31,09:29:37,,L,38.39903,-121.61818,38.39858,-121.61748,38.40269,-121.61559,20mm,Surface,U,1,10,1,No,27169,1102.469931,1102.469931,,,1102.469931,,Ebb,CLD,33.44,0.33,18.9,848,24.26,9.19,Complete,Lab,HYPOM,,HYPOM,Hypomesus spp. unknown,16,n/p,2026-0770,None,n/p,n/p,n/p,,,,No,1
6368,3635,North,Lower Sacramento River Ship Channel,Sac DW Ship Channel,26-36-SSC03,2026-03-31,09:29:37,,L,38.39903,-121.61818,38.39858,-121.61748,38.40269,-121.61559,20mm,Surface,U,1,10,1,No,27169,1102.469931,1102.469931,,,1102.469931,,Ebb,CLD,33.44,0.33,18.9,848,24.26,9.19,Complete,Lab,HYPOM,,HYPOM,Hypomesus spp. unknown,16.2,n/p,2026-0643,None,n/p,n/p,n/p,,,,No,1
6368,3635,North,Lower Sacramento River Ship Channel,Sac DW Ship Channel,26-36-SSC03,2026-03-31,09:29:37,,L,38.39903,-121.61818,38.39858,-121.61748,38.40269,-121.61559,20mm,Surface,U,1,10,1,No,27169,1102.469931,1102.469931,,,1102.469931,,Ebb,CLD,33.44,0.33,18.9,848,24.26,9.19,Complete,Lab,HYPOM,,HYPOM,Hypomesus spp. unknown,16.2,n/p,2026-0652,None,n/p,n/p,n/p,,,,No,1
6368,3635,North,Lower Sacramento River Ship Channel,Sac DW Ship Channel,26-36-SSC03,2026-03-31,09:29:37,,L,38.39903,-121.61818,38.39858,-121.61748,38.40269,-121.61559,20mm,Surface,U,1,10,1,No,27169,1102.469931,1102.469931,,,1102.469931,,Ebb,CLD,33.44,0.33,18.9,848,24.26,9.19,Complete,Lab,HYPOM,,HYPOM,Hypomesus spp. unknown,16.7,n/p,2026-0403,None,n/p,n/p,n/p,,,,No,1
6368,3635,North,Lower Sacramento River Ship Channel,Sac DW Ship Channel,26-36-SSC03,2026-03-31,09:29:37,,L,38.39903,-121.61818,38.39858,-121.61748,38.40269,-121.61559,20mm,Surface,U,1,10,1,No,27169,1102.469931,1102.469931,,,1102.469931,,Ebb,CLD,33.44,0.33,18.9,848,24.26,9.19,Complete,Lab,HYPOM,,HYPOM,Hypomesus spp. unknown,16.8,n/p,2026-0644,None,n/p,n/p,n/p,,,,No,1
6368,3635,North,Lower Sacramento River Ship Channel,Sac DW Ship Channel,26-36-SSC03,2026-03-31,09:29:37,,L,38.39903,-121.61818,38.39858,-121.61748,38.40269,-121.61559,20mm,Surface,U,1,10,1,No,27169,1102.469931,1102.469931,,,1102.469931,,Ebb,CLD,33.44,0.33,18.9,848,24.26,9.19,Complete,Lab,HYPOM,,HYPOM,Hypomesus spp. unknown,17.3,n/p,2026-0140,None,n/p,n/p,n/p,,,,No,1
6368,3635,North,Lower Sacramento River Ship Channel,Sac DW Ship Channel,26-36-SSC03,2026-03-31,09:29:37,,L,38.39903,-121.61818,38.39858,-121.61748,38.40269,-121.61559,20mm,Surface,U,1,10,1,No,27169,1102.469931,1102.469931,,,1102.469931,,Ebb,CLD,33.44,0.33,18.9,848,24.26,9.19,Complete,Lab,HYPOM,,HYPOM,Hypomesus spp. unknown,17.5,n/p,2026-0002,None,n/p,n/p,n/p,,,,No,1
6368,3635,North,Lower Sacramento River Ship Channel,Sac DW Ship Channel,26-36-SSC03,2026-03-31,09:29:37,,L,38.39903,-121.61818,38.39858,-121.61748,38.40269,-121.61559,20mm,Surface,U,1,10,1,No,27169,1102.469931,1102.469931,,,1102.469931,,Ebb,CLD,33.44,0.33,18.9,848,24.26,9.19,Complete,Lab,HYPOM,,HYPOM,Hypomesus spp. unknown,17.5,n/p,2026-0482,None,n/p,n/p,n/p,,,,No,1
6368,3635,North,Lower Sacramento River Ship Channel,Sac DW Ship Channel,26-36-SSC03,2026-03-31,09:29:37,,L,38.39903,-121.61818,38.39858,-121.61748,38.40269,-121.61559,20mm,Surface,U,1,10,1,No,27169,1102.469931,1102.469931,,,1102.469931,,Ebb,CLD,33.44,0.33,18.9,848,24.26,9.19,Complete,Lab,HYPOM,,HYPOM,Hypomesus spp. unknown,17.5,n/p,2026-0790,None,n/p,n/p,n/p,,,,No,1
6368,3635,North,Lower Sacramento River Ship Channel,Sac DW Ship Channel,26-36-SSC03,2026-03-31,09:29:37,,L,38.39903,-121.61818,38.39858,-121.61748,38.40269,-121.61559,20mm,Surface,U,1,10,1,No,27169,1102.469931,1102.469931,,,1102.469931,,Ebb,CLD,33.44,0.33,18.9,848,24.26,9.19,Complete,Lab,HYPOM,,HYPOM,Hypomesus spp. unknown,17.8,n/p,2026-0018,None,n/p,n/p,n/p,,,,No,1
6368,3635,North,Lower Sacramento River Ship Channel,Sac DW Ship Channel,26-36-SSC03,2026-03-31,09:29:37,,L,38.39903,-121.61818,38.39858,-121.61748,38.40269,-121.61559,20mm,Surface,U,1,10,1,No,27169,1102.469931,1102.469931,,,1102.469931,,Ebb,CLD,33.44,0.33,18.9,848,24.26,9.19,Complete,Lab,HYPOM,,HYPOM,Hypomesus spp. unknown,17.8,n/p,2026-0261,None,n/p,n/p,n/p,,,,No,1
6368,3635,North,Lower Sacramento River Ship Channel,Sac DW Ship Channel,26-36-SSC03,2026-03-31,09:29:37,,L,38.39903,-121.61818,38.39858,-121.61748,38.40269,-121.61559,20mm,Surface,U,1,10,1,No,27169,1102.469931,1102.469931,,,1102.469931,,Ebb,CLD,33.44,0.33,18.9,848,24.26,9.19,Complete,Lab,HYPOM,,HYPOM,Hypomesus spp. unknown,17.8,n/p,2026-0597,None,n/p,n/p,n/p,,,,No,1
6368,3635,North,Lower Sacramento River Ship Channel,Sac DW Ship Channel,26-36-SSC03,2026-03-31,09:29:37,,L,38.39903,-121.61818,38.39858,-121.61748,38.40269,-121.61559,20mm,Surface,U,1,10,1,No,27169,1102.469931,1102.469931,,,1102.469931,,Ebb,CLD,33.44,0.33,18.9,848,24.26,9.19,Complete,Lab,HYPOM,,HYPOM,Hypomesus spp. unknown,18,n/p,2026-0036,None,n/p,n/p,n/p,,,,No,1
6368,3635,North,Lower Sacramento River Ship Channel,Sac DW Ship Channel,26-36-SSC03,2026-03-31,09:29:37,,L,38.39903,-121.61818,38.39858,-121.61748,38.40269,-121.61559,20mm,Surface,U,1,10,1,No,27169,1102.469931,1102.469931,,,1102.469931,,Ebb,CLD,33.44,0.33,18.9,848,24.26,9.19,Complete,Lab,HYPOM,,HYPOM,Hypomesus spp. unknown,18.5,n/p,2026-0612,None,n/p,n/p,n/p,,,,No,1
6368,3635,North,Lower Sacramento River Ship Channel,Sac DW Ship Channel,26-36-SSC03,2026-03-31,09:29:37,,L,38.39903,-121.61818,38.39858,-121.61748,38.40269,-121.61559,20mm,Surface,U,1,10,1,No,27169,1102.469931,1102.469931,,,1102.469931,,Ebb,CLD,33.44,0.33,18.9,848,24.26,9.19,Complete,Lab,HYPOM,,HYPOM,Hypomesus spp. unknown,18.9,n/p,2026-0007,None,n/p,n/p,n/p,,,,No,1
6368,3635,North,Lower Sacramento River Ship Channel,Sac DW Ship Channel,26-36-SSC03,2026-03-31,09:29:37,,L,38.39903,-121.61818,38.39858,-121.61748,38.40269,-121.61559,20mm,Surface,U,1,10,1,No,27169,1102.469931,1102.469931,,,1102.469931,,Ebb,CLD,33.44,0.33,18.9,848,24.26,9.19,Complete,Lab,HYPOM,,HYPOM,Hypomesus spp. unknown,18.9,n/p,2026-0409,None,n/p,n/p,n/p,,,,No,1
6368,3635,North,Lower Sacramento River Ship Channel,Sac DW Ship Channel,26-36-SSC03,2026-03-31,09:29:37,,L,38.39903,-121.61818,38.39858,-121.61748,38.40269,-121.61559,20mm,Surface,U,1,10,1,No,27169,1102.469931,1102.469931,,,1102.469931,,Ebb,CLD,33.44,0.33,18.9,848,24.26,9.19,Complete,Lab,HYPOM,,HYPOM,Hypomesus spp. unknown,19.1,n/p,2026-0619,None,n/p,n/p,n/p,,,,No,1
6368,3635,North,Lower Sacramento River Ship Channel,Sac DW Ship Channel,26-36-SSC03,2026-03-31,09:29:37,,L,38.39903,-121.61818,38.39858,-121.61748,38.40269,-121.61559,20mm,Surface,U,1,10,1,No,27169,1102.469931,1102.469931,,,1102.469931,,Ebb,CLD,33.44,0.33,18.9,848,24.26,9.19,Complete,Lab,HYPOM,,HYPOM,Hypomesus spp. unknown,19.2,n/p,2026-0407,None,n/p,n/p,n/p,,,,No,1
6368,3635,North,Lower Sacramento River Ship Channel,Sac DW Ship Channel,26-36-SSC03,2026-03-31,09:29:37,,L,38.39903,-121.61818,38.39858,-121.61748,38.40269,-121.61559,20mm,Surface,U,1,10,1,No,27169,1102.469931,1102.469931,,,1102.469931,,Ebb,CLD,33.44,0.33,18.9,848,24.26,9.19,Complete,Lab,HYPOM,,HYPOM,Hypomesus spp. unknown,19.6,n/p,2026-0823,None,n/p,n/p,n/p,,,,No,1
6368,3635,North,Lower Sacramento River Ship Channel,Sac DW Ship Channel,26-36-SSC03,2026-03-31,09:29:37,,L,38.39903,-121.61818,38.39858,-121.61748,38.40269,-121.61559,20mm,Surface,U,1,10,1,No,27169,1102.469931,1102.469931,,,1102.469931,,Ebb,CLD,33.44,0.33,18.9,848,24.26,9.19,Complete,Lab,HYPOM,,HYPOM,Hypomesus spp. unknown,19.8,n/p,2026-0001,None,n/p,n/p,n/p,,,,No,1
6368,3635,North,Lower Sacramento River Ship Channel,Sac DW Ship Channel,26-36-SSC03,2026-03-31,09:29:37,,L,38.39903,-121.61818,38.39858,-121.61748,38.40269,-121.61559,20mm,Surface,U,1,10,1,No,27169,1102.469931,1102.469931,,,1102.469931,,Ebb,CLD,33.44,0.33,18.9,848,24.26,9.19,Complete,Lab,HYPOM,,HYPOM,Hypomesus spp. unknown,20.1,n/p,2026-0816,None,n/p,n/p,n/p,,,,No,1
6368,3635,North,Lower Sacramento River Ship Channel,Sac DW Ship Channel,26-36-SSC03,2026-03-31,09:29:37,,L,38.39903,-121.61818,38.39858,-121.61748,38.40269,-121.61559,20mm,Surface,U,1,10,1,No,27169,1102.469931,1102.469931,,,1102.469931,,Ebb,CLD,33.44,0.33,18.9,848,24.26,9.19,Complete,Lab,HYPOM,,HYPOM,Hypomesus spp. unknown,20.3,n/p,2026-0031,None,n/p,n/p,n/p,,,,No,1
6368,3635,North,Lower Sacramento River Ship Channel,Sac DW Ship Channel,26-36-SSC03,2026-03-31,09:29:37,,L,38.39903,-121.61818,38.39858,-121.61748,38.40269,-121.61559,20mm,Surface,U,1,10,1,No,27169,1102.469931,1102.469931,,,1102.469931,,Ebb,CLD,33.44,0.33,18.9,848,24.26,9.19,Complete,Lab,HYPOM,,HYPOM,Hypomesus spp. unknown,21.4,n/p,2026-0465,None,n/p,n/p,n/p,,,,No,1
6369,3635,North,Lower Sacramento River Ship Channel,Sac DW Ship Channel,26-36-SSC03,2026-03-31,09:48:19,,L,38.39903,-121.61818,38.39876,-121.61746,38.40297,-121.61557,20mm,Surface,U,2,10,1,No,26838,1089.038537,1089.038537,,,1089.038537,HYPOM retained for SHL testing - confirmed as WAG,Ebb,CLD,31.9,0.32,18.9,844,24.11,9.25,Complete,Lab,HYPOM,,HYPOM,Hypomesus spp. unknown,0,n/p,2026-0578,None,n/p,n/p,n/p,,,,No,1
6369,3635,North,Lower Sacramento River Ship Channel,Sac DW Ship Channel,26-36-SSC03,2026-03-31,09:48:19,,L,38.39903,-121.61818,38.39876,-121.61746,38.40297,-121.61557,20mm,Surface,U,2,10,1,No,26838,1089.038537,1089.038537,,,1089.038537,HYPOM retained for SHL testing - confirmed as WAG,Ebb,CLD,31.9,0.32,18.9,844,24.11,9.25,Complete,Lab,HYPOM,,HYPOM,Hypomesus spp. unknown,11,n/p,2026-0797,None,n/p,n/p,n/p,,,,No,1
6369,3635,North,Lower Sacramento River Ship Channel,Sac DW Ship Channel,26-36-SSC03,2026-03-31,09:48:19,,L,38.39903,-121.61818,38.39876,-121.61746,38.40297,-121.61557,20mm,Surface,U,2,10,1,No,26838,1089.038537,1089.038537,,,1089.038537,HYPOM retained for SHL testing - confirmed as WAG,Ebb,CLD,31.9,0.32,18.9,844,24.11,9.25,Complete,Lab,HYPOM,,HYPOM,Hypomesus spp. unknown,12.5,n/p,2026-0777,None,n/p,n/p,n/p,,,,No,1
6369,3635,North,Lower Sacramento River Ship Channel,Sac DW Ship Channel,26-36-SSC03,2026-03-31,09:48:19,,L,38.39903,-121.61818,38.39876,-121.61746,38.40297,-121.61557,20mm,Surface,U,2,10,1,No,26838,1089.038537,1089.038537,,,1089.038537,HYPOM retained for SHL testing - confirmed as WAG,Ebb,CLD,31.9,0.32,18.9,844,24.11,9.25,Complete,Lab,HYPOM,,HYPOM,Hypomesus spp. unknown,13,n/p,2026-0271,None,n/p,n/p,n/p,,,,No,1
6369,3635,North,Lower Sacramento River Ship Channel,Sac DW Ship Channel,26-36-SSC03,2026-03-31,09:48:19,,L,38.39903,-121.61818,38.39876,-121.61746,38.40297,-121.61557,20mm,Surface,U,2,10,1,No,26838,1089.038537,1089.038537,,,1089.038537,HYPOM retained for SHL testing - confirmed as WAG,Ebb,CLD,31.9,0.32,18.9,844,24.11,9.25,Complete,Lab,HYPOM,,HYPOM,Hypomesus spp. unknown,13,n/p,2026-0583,None,n/p,n/p,n/p,,,,No,1
6369,3635,North,Lower Sacramento River Ship Channel,Sac DW Ship Channel,26-36-SSC03,2026-03-31,09:48:19,,L,38.39903,-121.61818,38.39876,-121.61746,38.40297,-121.61557,20mm,Surface,U,2,10,1,No,26838,1089.038537,1089.038537,,,1089.038537,HYPOM retained for SHL testing - confirmed as WAG,Ebb,CLD,31.9,0.32,18.9,844,24.11,9.25,Complete,Lab,HYPOM,,HYPOM,Hypomesus spp. unknown,13.5,n/p,2026-0595,None,n/p,n/p,n/p,,,,No,1
6369,3635,North,Lower Sacramento River Ship Channel,Sac DW Ship Channel,26-36-SSC03,2026-03-31,09:48:19,,L,38.39903,-121.61818,38.39876,-121.61746,38.40297,-121.61557,20mm,Surface,U,2,10,1,No,26838,1089.038537,1089.038537,,,1089.038537,HYPOM retained for SHL testing - confirmed as WAG,Ebb,CLD,31.9,0.32,18.9,844,24.11,9.25,Complete,Lab,HYPOM,,HYPOM,Hypomesus spp. unknown,13.5,n/p,2026-0804,None,n/p,n/p,n/p,,,,No,1
6369,3635,North,Lower Sacramento River Ship Channel,Sac DW Ship Channel,26-36-SSC03,2026-03-31,09:48:19,,L,38.39903,-121.61818,38.39876,-121.61746,38.40297,-121.61557,20mm,Surface,U,2,10,1,No,26838,1089.038537,1089.038537,,,1089.038537,HYPOM retained for SHL testing - confirmed as WAG,Ebb,CLD,31.9,0.32,18.9,844,24.11,9.25,Complete,Lab,HYPOM,,HYPOM,Hypomesus spp. unknown,14,n/p,2026-0450,None,n/p,n/p,n/p,,,,No,1
6369,3635,North,Lower Sacramento River Ship Channel,Sac DW Ship Channel,26-36-SSC03,2026-03-31,09:48:19,,L,38.39903,-121.61818,38.39876,-121.61746,38.40297,-121.61557,20mm,Surface,U,2,10,1,No,26838,1089.038537,1089.038537,,,1089.038537,HYPOM retained for SHL testing - confirmed as WAG,Ebb,CLD,31.9,0.32,18.9,844,24.11,9.25,Complete,Lab,HYPOM,,HYPOM,Hypomesus spp. unknown,14,n/p,2026-0462,None,n/p,n/p,n/p,,,,No,1
6369,3635,North,Lower Sacramento River Ship Channel,Sac DW Ship Channel,26-36-SSC03,2026-03-31,09:48:19,,L,38.39903,-121.61818,38.39876,-121.61746,38.40297,-121.61557,20mm,Surface,U,2,10,1,No,26838,1089.038537,1089.038537,,,1089.038537,HYPOM retained for SHL testing - confirmed as WAG,Ebb,CLD,31.9,0.32,18.9,844,24.11,9.25,Complete,Lab,HYPOM,,HYPOM,Hypomesus spp. unknown,14,n/p,2026-0498,None,n/p,n/p,n/p,,,,No,1
6369,3635,North,Lower Sacramento River Ship Channel,Sac DW Ship Channel,26-36-SSC03,2026-03-31,09:48:19,,L,38.39903,-121.61818,38.39876,-121.61746,38.40297,-121.61557,20mm,Surface,U,2,10,1,No,26838,1089.038537,1089.038537,,,1089.038537,HYPOM retained for SHL testing - confirmed as WAG,Ebb,CLD,31.9,0.32,18.9,844,24.11,9.25,Complete,Lab,HYPOM,,HYPOM,Hypomesus spp. unknown,14.2,n/p,2026-0800,None,n/p,n/p,n/p,,,,No,1
6369,3635,North,Lower Sacramento River Ship Channel,Sac DW Ship Channel,26-36-SSC03,2026-03-31,09:48:19,,L,38.39903,-121.61818,38.39876,-121.61746,38.40297,-121.61557,20mm,Surface,U,2,10,1,No,26838,1089.038537,1089.038537,,,1089.038537,HYPOM retained for SHL testing - confirmed as WAG,Ebb,CLD,31.9,0.32,18.9,844,24.11,9.25,Complete,Lab,HYPOM,,HYPOM,Hypomesus spp. unknown,14.3,n/p,2026-0511,None,n/p,n/p,n/p,,,,No,1
6369,3635,North,Lower Sacramento River Ship Channel,Sac DW Ship Channel,26-36-SSC03,2026-03-31,09:48:19,,L,38.39903,-121.61818,38.39876,-121.61746,38.40297,-121.61557,20mm,Surface,U,2,10,1,No,26838,1089.038537,1089.038537,,,1089.038537,HYPOM retained for SHL testing - confirmed as WAG,Ebb,CLD,31.9,0.32,18.9,844,24.11,9.25,Complete,Lab,HYPOM,,HYPOM,Hypomesus spp. unknown,14.5,n/p,2026-0451,None,n/p,n/p,n/p,,,,No,1
6369,3635,North,Lower Sacramento River Ship Channel,Sac DW Ship Channel,26-36-SSC03,2026-03-31,09:48:19,,L,38.39903,-121.61818,38.39876,-121.61746,38.40297,-121.61557,20mm,Surface,U,2,10,1,No,26838,1089.038537,1089.038537,,,1089.038537,HYPOM retained for SHL testing - confirmed as WAG,Ebb,CLD,31.9,0.32,18.9,844,24.11,9.25,Complete,Lab,HYPOM,,HYPOM,Hypomesus spp. unknown,14.5,n/p,2026-0474,None,n/p,n/p,n/p,,,,No,1
6369,3635,North,Lower Sacramento River Ship Channel,Sac DW Ship Channel,26-36-SSC03,2026-03-31,09:48:19,,L,38.39903,-121.61818,38.39876,-121.61746,38.40297,-121.61557,20mm,Surface,U,2,10,1,No,26838,1089.038537,1089.038537,,,1089.038537,HYPOM retained for SHL testing - confirmed as WAG,Ebb,CLD,31.9,0.32,18.9,844,24.11,9.25,Complete,Lab,HYPOM,,HYPOM,Hypomesus spp. unknown,15,n/p,2026-0581,None,n/p,n/p,n/p,,,,No,1
6369,3635,North,Lower Sacramento River Ship Channel,Sac DW Ship Channel,26-36-SSC03,2026-03-31,09:48:19,,L,38.39903,-121.61818,38.39876,-121.61746,38.40297,-121.61557,20mm,Surface,U,2,10,1,No,26838,1089.038537,1089.038537,,,1089.038537,HYPOM retained for SHL testing - confirmed as WAG,Ebb,CLD,31.9,0.32,18.9,844,24.11,9.25,Complete,Lab,HYPOM,,HYPOM,Hypomesus spp. unknown,15,n/p,2026-0602,None,n/p,n/p,n/p,,,,No,1
6369,3635,North,Lower Sacramento River Ship Channel,Sac DW Ship Channel,26-36-SSC03,2026-03-31,09:48:19,,L,38.39903,-121.61818,38.39876,-121.61746,38.40297,-121.61557,20mm,Surface,U,2,10,1,No,26838,1089.038537,1089.038537,,,1089.038537,HYPOM retained for SHL testing - confirmed as WAG,Ebb,CLD,31.9,0.32,18.9,844,24.11,9.25,Complete,Lab,HYPOM,,HYPOM,Hypomesus spp. unknown,15.3,n/p,2026-0508,None,n/p,n/p,n/p,,,,No,1
6369,3635,North,Lower Sacramento River Ship Channel,Sac DW Ship Channel,26-36-SSC03,2026-03-31,09:48:19,,L,38.39903,-121.61818,38.39876,-121.61746,38.40297,-121.61557,20mm,Surface,U,2,10,1,No,26838,1089.038537,1089.038537,,,1089.038537,HYPOM retained for SHL testing - confirmed as WAG,Ebb,CLD,31.9,0.32,18.9,844,24.11,9.25,Complete,Lab,HYPOM,,HYPOM,Hypomesus spp. unknown,15.5,n/p,2026-0556,None,n/p,n/p,n/p,,,,No,1
6369,3635,North,Lower Sacramento River Ship Channel,Sac DW Ship Channel,26-36-SSC03,2026-03-31,09:48:19,,L,38.39903,-121.61818,38.39876,-121.61746,38.40297,-121.61557,20mm,Surface,U,2,10,1,No,26838,1089.038537,1089.038537,,,1089.038537,HYPOM retained for SHL testing - confirmed as WAG,Ebb,CLD,31.9,0.32,18.9,844,24.11,9.25,Complete,Lab,HYPOM,,HYPOM,Hypomesus spp. unknown,15.5,n/p,2026-0592,None,n/p,n/p,n/p,,,,No,1
6369,3635,North,Lower Sacramento River Ship Channel,Sac DW Ship Channel,26-36-SSC03,2026-03-31,09:48:19,,L,38.39903,-121.61818,38.39876,-121.61746,38.40297,-121.61557,20mm,Surface,U,2,10,1,No,26838,1089.038537,1089.038537,,,1089.038537,HYPOM retained for SHL testing - confirmed as WAG,Ebb,CLD,31.9,0.32,18.9,844,24.11,9.25,Complete,Lab,HYPOM,,HYPOM,Hypomesus spp. unknown,15.5,n/p,2026-0827,None,n/p,n/p,n/p,,,,No,1
6369,3635,North,Lower Sacramento River Ship Channel,Sac DW Ship Channel,26-36-SSC03,2026-03-31,09:48:19,,L,38.39903,-121.61818,38.39876,-121.61746,38.40297,-121.61557,20mm,Surface,U,2,10,1,No,26838,1089.038537,1089.038537,,,1089.038537,HYPOM retained for SHL testing - confirmed as WAG,Ebb,CLD,31.9,0.32,18.9,844,24.11,9.25,Complete,Lab,HYPOM,,HYPOM,Hypomesus spp. unknown,16,n/p,2026-0584,None,n/p,n/p,n/p,,,,No,1
6369,3635,North,Lower Sacramento River Ship Channel,Sac DW Ship Channel,26-36-SSC03,2026-03-31,09:48:19,,L,38.39903,-121.61818,38.39876,-121.61746,38.40297,-121.61557,20mm,Surface,U,2,10,1,No,26838,1089.038537,1089.038537,,,1089.038537,HYPOM retained for SHL testing - confirmed as WAG,Ebb,CLD,31.9,0.32,18.9,844,24.11,9.25,Complete,Lab,HYPOM,,HYPOM,Hypomesus spp. unknown,16,n/p,2026-0624,None,n/p,n/p,n/p,,,,No,1
6369,3635,North,Lower Sacramento River Ship Channel,Sac DW Ship Channel,26-36-SSC03,2026-03-31,09:48:19,,L,38.39903,-121.61818,38.39876,-121.61746,38.40297,-121.61557,20mm,Surface,U,2,10,1,No,26838,1089.038537,1089.038537,,,1089.038537,HYPOM retained for SHL testing - confirmed as WAG,Ebb,CLD,31.9,0.32,18.9,844,24.11,9.25,Complete,Lab,HYPOM,,HYPOM,Hypomesus spp. unknown,16,n/p,2026-0813,None,n/p,n/p,n/p,,,,No,1
6369,3635,North,Lower Sacramento River Ship Channel,Sac DW Ship Channel,26-36-SSC03,2026-03-31,09:48:19,,L,38.39903,-121.61818,38.39876,-121.61746,38.40297,-121.61557,20mm,Surface,U,2,10,1,No,26838,1089.038537,1089.038537,,,1089.038537,HYPOM retained for SHL testing - confirmed as WAG,Ebb,CLD,31.9,0.32,18.9,844,24.11,9.25,Complete,Lab,HYPOM,,HYPOM,Hypomesus spp. unknown,16.1,n/p,2026-0559,None,n/p,n/p,n/p,,,,No,1
6369,3635,North,Lower Sacramento River Ship Channel,Sac DW Ship Channel,26-36-SSC03,2026-03-31,09:48:19,,L,38.39903,-121.61818,38.39876,-121.61746,38.40297,-121.61557,20mm,Surface,U,2,10,1,No,26838,1089.038537,1089.038537,,,1089.038537,HYPOM retained for SHL testing - confirmed as WAG,Ebb,CLD,31.9,0.32,18.9,844,24.11,9.25,Complete,Lab,HYPOM,,HYPOM,Hypomesus spp. unknown,16.3,n/p,2026-0605,None,n/p,n/p,n/p,,,,No,1
6369,3635,North,Lower Sacramento River Ship Channel,Sac DW Ship Channel,26-36-SSC03,2026-03-31,09:48:19,,L,38.39903,-121.61818,38.39876,-121.61746,38.40297,-121.61557,20mm,Surface,U,2,10,1,No,26838,1089.038537,1089.038537,,,1089.038537,HYPOM retained for SHL testing - confirmed as WAG,Ebb,CLD,31.9,0.32,18.9,844,24.11,9.25,Complete,Lab,HYPOM,,HYPOM,Hypomesus spp. unknown,16.4,n/p,2026-0520,None,n/p,n/p,n/p,,,,No,1
6369,3635,North,Lower Sacramento River Ship Channel,Sac DW Ship Channel,26-36-SSC03,2026-03-31,09:48:19,,L,38.39903,-121.61818,38.39876,-121.61746,38.40297,-121.61557,20mm,Surface,U,2,10,1,No,26838,1089.038537,1089.038537,,,1089.038537,HYPOM retained for SHL testing - confirmed as WAG,Ebb,CLD,31.9,0.32,18.9,844,24.11,9.25,Complete,Lab,HYPOM,,HYPOM,Hypomesus spp. unknown,16.8,n/p,2026-0821,None,n/p,n/p,n/p,,,,No,1
6369,3635,North,Lower Sacramento River Ship Channel,Sac DW Ship Channel,26-36-SSC03,2026-03-31,09:48:19,,L,38.39903,-121.61818,38.39876,-121.61746,38.40297,-121.61557,20mm,Surface,U,2,10,1,No,26838,1089.038537,1089.038537,,,1089.038537,HYPOM retained for SHL testing - confirmed as WAG,Ebb,CLD,31.9,0.32,18.9,844,24.11,9.25,Complete,Lab,HYPOM,,HYPOM,Hypomesus spp. unknown,17,n/p,2026-0184,None,n/p,n/p,n/p,,,,No,1
6369,3635,North,Lower Sacramento River Ship Channel,Sac DW Ship Channel,26-36-SSC03,2026-03-31,09:48:19,,L,38.39903,-121.61818,38.39876,-121.61746,38.40297,-121.61557,20mm,Surface,U,2,10,1,No,26838,1089.038537,1089.038537,,,1089.038537,HYPOM retained for SHL testing - confirmed as WAG,Ebb,CLD,31.9,0.32,18.9,844,24.11,9.25,Complete,Lab,HYPOM,,HYPOM,Hypomesus spp. unknown,17,n/p,2026-0779,None,n/p,n/p,n/p,,,,No,1
6369,3635,North,Lower Sacramento River Ship Channel,Sac DW Ship Channel,26-36-SSC03,2026-03-31,09:48:19,,L,38.39903,-121.61818,38.39876,-121.61746,38.40297,-121.61557,20mm,Surface,U,2,10,1,No,26838,1089.038537,1089.038537,,,1089.038537,HYPOM retained for SHL testing - confirmed as WAG,Ebb,CLD,31.9,0.32,18.9,844,24.11,9.25,Complete,Lab,HYPOM,,HYPOM,Hypomesus spp. unknown,17,n/p,2026-0781,None,n/p,n/p,n/p,,,,No,1
6369,3635,North,Lower Sacramento River Ship Channel,Sac DW Ship Channel,26-36-SSC03,2026-03-31,09:48:19,,L,38.39903,-121.61818,38.39876,-121.61746,38.40297,-121.61557,20mm,Surface,U,2,10,1,No,26838,1089.038537,1089.038537,,,1089.038537,HYPOM retained for SHL testing - confirmed as WAG,Ebb,CLD,31.9,0.32,18.9,844,24.11,9.25,Complete,Lab,HYPOM,,HYPOM,Hypomesus spp. unknown,17,n/p,2026-0805,None,n/p,n/p,n/p,,,,No,1
6369,3635,North,Lower Sacramento River Ship Channel,Sac DW Ship Channel,26-36-SSC03,2026-03-31,09:48:19,,L,38.39903,-121.61818,38.39876,-121.61746,38.40297,-121.61557,20mm,Surface,U,2,10,1,No,26838,1089.038537,1089.038537,,,1089.038537,HYPOM retained for SHL testing - confirmed as WAG,Ebb,CLD,31.9,0.32,18.9,844,24.11,9.25,Complete,Lab,HYPOM,,HYPOM,Hypomesus spp. unknown,17.5,n/p,2026-0637,None,n/p,n/p,n/p,,,,No,1
6369,3635,North,Lower Sacramento River Ship Channel,Sac DW Ship Channel,26-36-SSC03,2026-03-31,09:48:19,,L,38.39903,-121.61818,38.39876,-121.61746,38.40297,-121.61557,20mm,Surface,U,2,10,1,No,26838,1089.038537,1089.038537,,,1089.038537,HYPOM retained for SHL testing - confirmed as WAG,Ebb,CLD,31.9,0.32,18.9,844,24.11,9.25,Complete,Lab,HYPOM,,HYPOM,Hypomesus spp. unknown,17.5,n/p,2026-0788,None,n/p,n/p,n/p,,,,No,1
6369,3635,North,Lower Sacramento River Ship Channel,Sac DW Ship Channel,26-36-SSC03,2026-03-31,09:48:19,,L,38.39903,-121.61818,38.39876,-121.61746,38.40297,-121.61557,20mm,Surface,U,2,10,1,No,26838,1089.038537,1089.038537,,,1089.038537,HYPOM retained for SHL testing - confirmed as WAG,Ebb,CLD,31.9,0.32,18.9,844,24.11,9.25,Complete,Lab,HYPOM,,HYPOM,Hypomesus spp. unknown,18,n/p,2026-0798,None,n/p,n/p,n/p,,,,No,1
6369,3635,North,Lower Sacramento River Ship Channel,Sac DW Ship Channel,26-36-SSC03,2026-03-31,09:48:19,,L,38.39903,-121.61818,38.39876,-121.61746,38.40297,-121.61557,20mm,Surface,U,2,10,1,No,26838,1089.038537,1089.038537,,,1089.038537,HYPOM retained for SHL testing - confirmed as WAG,Ebb,CLD,31.9,0.32,18.9,844,24.11,9.25,Complete,Lab,HYPOM,,HYPOM,Hypomesus spp. unknown,18,n/p,2026-0811,None,n/p,n/p,n/p,,,,No,1
6369,3635,North,Lower Sacramento River Ship Channel,Sac DW Ship Channel,26-36-SSC03,2026-03-31,09:48:19,,L,38.39903,-121.61818,38.39876,-121.61746,38.40297,-121.61557,20mm,Surface,U,2,10,1,No,26838,1089.038537,1089.038537,,,1089.038537,HYPOM retained for SHL testing - confirmed as WAG,Ebb,CLD,31.9,0.32,18.9,844,24.11,9.25,Complete,Lab,HYPOM,,HYPOM,Hypomesus spp. unknown,18.5,n/p,2026-0473,None,n/p,n/p,n/p,,,,No,1
6369,3635,North,Lower Sacramento River Ship Channel,Sac DW Ship Channel,26-36-SSC03,2026-03-31,09:48:19,,L,38.39903,-121.61818,38.39876,-121.61746,38.40297,-121.61557,20mm,Surface,U,2,10,1,No,26838,1089.038537,1089.038537,,,1089.038537,HYPOM retained for SHL testing - confirmed as WAG,Ebb,CLD,31.9,0.32,18.9,844,24.11,9.25,Complete,Lab,HYPOM,,HYPOM,Hypomesus spp. unknown,18.5,n/p,2026-0560,None,n/p,n/p,n/p,,,,No,1
6369,3635,North,Lower Sacramento River Ship Channel,Sac DW Ship Channel,26-36-SSC03,2026-03-31,09:48:19,,L,38.39903,-121.61818,38.39876,-121.61746,38.40297,-121.61557,20mm,Surface,U,2,10,1,No,26838,1089.038537,1089.038537,,,1089.038537,HYPOM retained for SHL testing - confirmed as WAG,Ebb,CLD,31.9,0.32,18.9,844,24.11,9.25,Complete,Lab,HYPOM,,HYPOM,Hypomesus spp. unknown,18.5,n/p,2026-0796,None,n/p,n/p,n/p,,,,No,1
6369,3635,North,Lower Sacramento River Ship Channel,Sac DW Ship Channel,26-36-SSC03,2026-03-31,09:48:19,,L,38.39903,-121.61818,38.39876,-121.61746,38.40297,-121.61557,20mm,Surface,U,2,10,1,No,26838,1089.038537,1089.038537,,,1089.038537,HYPOM retained for SHL testing - confirmed as WAG,Ebb,CLD,31.9,0.32,18.9,844,24.11,9.25,Complete,Lab,HYPOM,,HYPOM,Hypomesus spp. unknown,19.1,n/p,2026-0806,None,n/p,n/p,n/p,,,,No,1
6369,3635,North,Lower Sacramento River Ship Channel,Sac DW Ship Channel,26-36-SSC03,2026-03-31,09:48:19,,L,38.39903,-121.61818,38.39876,-121.61746,38.40297,-121.61557,20mm,Surface,U,2,10,1,No,26838,1089.038537,1089.038537,,,1089.038537,HYPOM retained for SHL testing - confirmed as WAG,Ebb,CLD,31.9,0.32,18.9,844,24.11,9.25,Complete,Lab,HYPOM,,HYPOM,Hypomesus spp. unknown,19.2,n/p,2026-0819,None,n/p,n/p,n/p,,,,No,1
6369,3635,North,Lower Sacramento River Ship Channel,Sac DW Ship Channel,26-36-SSC03,2026-03-31,09:48:19,,L,38.39903,-121.61818,38.39876,-121.61746,38.40297,-121.61557,20mm,Surface,U,2,10,1,No,26838,1089.038537,1089.038537,,,1089.038537,HYPOM retained for SHL testing - confirmed as WAG,Ebb,CLD,31.9,0.32,18.9,844,24.11,9.25,Complete,Lab,HYPOM,,HYPOM,Hypomesus spp. unknown,20,n/p,2026-0477,None,n/p,n/p,n/p,,,,No,1
6369,3635,North,Lower Sacramento River Ship Channel,Sac DW Ship Channel,26-36-SSC03,2026-03-31,09:48:19,,L,38.39903,-121.61818,38.39876,-121.61746,38.40297,-121.61557,20mm,Surface,U,2,10,1,No,26838,1089.038537,1089.038537,,,1089.038537,HYPOM retained for SHL testing - confirmed as WAG,Ebb,CLD,31.9,0.32,18.9,844,24.11,9.25,Complete,Lab,HYPOM,,HYPOM,Hypomesus spp. unknown,20,n/p,2026-0607,None,n/p,n/p,n/p,,,,No,1
6369,3635,North,Lower Sacramento River Ship Channel,Sac DW Ship Channel,26-36-SSC03,2026-03-31,09:48:19,,L,38.39903,-121.61818,38.39876,-121.61746,38.40297,-121.61557,20mm,Surface,U,2,10,1,No,26838,1089.038537,1089.038537,,,1089.038537,HYPOM retained for SHL testing - confirmed as WAG,Ebb,CLD,31.9,0.32,18.9,844,24.11,9.25,Complete,Lab,HYPOM,,HYPOM,Hypomesus spp. unknown,20,n/p,2026-0814,None,n/p,n/p,n/p,,,,No,1
6369,3635,North,Lower Sacramento River Ship Channel,Sac DW Ship Channel,26-36-SSC03,2026-03-31,09:48:19,,L,38.39903,-121.61818,38.39876,-121.61746,38.40297,-121.61557,20mm,Surface,U,2,10,1,No,26838,1089.038537,1089.038537,,,1089.038537,HYPOM retained for SHL testing - confirmed as WAG,Ebb,CLD,31.9,0.32,18.9,844,24.11,9.25,Complete,Lab,HYPOM,,HYPOM,Hypomesus spp. unknown,21,n/p,2026-0825,None,n/p,n/p,n/p,,,,No,1
6369,3635,North,Lower Sacramento River Ship Channel,Sac DW Ship Channel,26-36-SSC03,2026-03-31,09:48:19,,L,38.39903,-121.61818,38.39876,-121.61746,38.40297,-121.61557,20mm,Surface,U,2,10,1,No,26838,1089.038537,1089.038537,,,1089.038537,HYPOM retained for SHL testing - confirmed as WAG,Ebb,CLD,31.9,0.32,18.9,844,24.11,9.25,Complete,Lab,HYPOM,,HYPOM,Hypomesus spp. unknown,23.5,n/p,2026-0537,None,n/p,n/p,n/p,,,,No,1
6370,3637,North,Lower Sacramento River Ship Channel,Sac DW Ship Channel,26-36-SSC05,2026-03-31,10:21:07,,L,38.34778,-121.64182,38.34739,-121.64089,38.35163,-121.63877,20mm,Surface,U,1,10,1,No,25993,1054.749932,1054.749932,,,1054.749932,,Ebb,CLD,33.99,0.37,19.1,694,23.35,9.25,Complete,Lab,HYPOM,,HYPOM,Hypomesus spp. unknown,13,n/p,2026-0499,None,n/p,n/p,n/p,,,,No,1
6370,3637,North,Lower Sacramento River Ship Channel,Sac DW Ship Channel,26-36-SSC05,2026-03-31,10:21:07,,L,38.34778,-121.64182,38.34739,-121.64089,38.35163,-121.63877,20mm,Surface,U,1,10,1,No,25993,1054.749932,1054.749932,,,1054.749932,,Ebb,CLD,33.99,0.37,19.1,694,23.35,9.25,Complete,Lab,HYPOM,,HYPOM,Hypomesus spp. unknown,14,n/p,2026-0429,None,n/p,n/p,n/p,,,,No,1
6370,3637,North,Lower Sacramento River Ship Channel,Sac DW Ship Channel,26-36-SSC05,2026-03-31,10:21:07,,L,38.34778,-121.64182,38.34739,-121.64089,38.35163,-121.63877,20mm,Surface,U,1,10,1,No,25993,1054.749932,1054.749932,,,1054.749932,,Ebb,CLD,33.99,0.37,19.1,694,23.35,9.25,Complete,Lab,HYPOM,,HYPOM,Hypomesus spp. unknown,14.5,n/p,2026-0153,None,n/p,n/p,n/p,,,,No,1
6370,3637,North,Lower Sacramento River Ship Channel,Sac DW Ship Channel,26-36-SSC05,2026-03-31,10:21:07,,L,38.34778,-121.64182,38.34739,-121.64089,38.35163,-121.63877,20mm,Surface,U,1,10,1,No,25993,1054.749932,1054.749932,,,1054.749932,,Ebb,CLD,33.99,0.37,19.1,694,23.35,9.25,Complete,Lab,HYPOM,,HYPOM,Hypomesus spp. unknown,15,n/p,2026-0048,None,n/p,n/p,n/p,,,,No,1
6370,3637,North,Lower Sacramento River Ship Channel,Sac DW Ship Channel,26-36-SSC05,2026-03-31,10:21:07,,L,38.34778,-121.64182,38.34739,-121.64089,38.35163,-121.63877,20mm,Surface,U,1,10,1,No,25993,1054.749932,1054.749932,,,1054.749932,,Ebb,CLD,33.99,0.37,19.1,694,23.35,9.25,Complete,Lab,HYPOM,,HYPOM,Hypomesus spp. unknown,15,n/p,2026-0648,None,n/p,n/p,n/p,,,,No,1
6370,3637,North,Lower Sacramento River Ship Channel,Sac DW Ship Channel,26-36-SSC05,2026-03-31,10:21:07,,L,38.34778,-121.64182,38.34739,-121.64089,38.35163,-121.63877,20mm,Surface,U,1,10,1,No,25993,1054.749932,1054.749932,,,1054.749932,,Ebb,CLD,33.99,0.37,19.1,694,23.35,9.25,Complete,Lab,HYPOM,,HYPOM,Hypomesus spp. unknown,15.5,n/p,2026-0422,None,n/p,n/p,n/p,,,,No,1
6370,3637,North,Lower Sacramento River Ship Channel,Sac DW Ship Channel,26-36-SSC05,2026-03-31,10:21:07,,L,38.34778,-121.64182,38.34739,-121.64089,38.35163,-121.63877,20mm,Surface,U,1,10,1,No,25993,1054.749932,1054.749932,,,1054.749932,,Ebb,CLD,33.99,0.37,19.1,694,23.35,9.25,Complete,Lab,HYPOM,,HYPOM,Hypomesus spp. unknown,15.5,n/p,2026-0642,None,n/p,n/p,n/p,,,,No,1
6370,3637,North,Lower Sacramento River Ship Channel,Sac DW Ship Channel,26-36-SSC05,2026-03-31,10:21:07,,L,38.34778,-121.64182,38.34739,-121.64089,38.35163,-121.63877,20mm,Surface,U,1,10,1,No,25993,1054.749932,1054.749932,,,1054.749932,,Ebb,CLD,33.99,0.37,19.1,694,23.35,9.25,Complete,Lab,HYPOM,,HYPOM,Hypomesus spp. unknown,15.5,n/p,2026-0785,None,n/p,n/p,n/p,,,,No,1
6370,3637,North,Lower Sacramento River Ship Channel,Sac DW Ship Channel,26-36-SSC05,2026-03-31,10:21:07,,L,38.34778,-121.64182,38.34739,-121.64089,38.35163,-121.63877,20mm,Surface,U,1,10,1,No,25993,1054.749932,1054.749932,,,1054.749932,,Ebb,CLD,33.99,0.37,19.1,694,23.35,9.25,Complete,Lab,HYPOM,,HYPOM,Hypomesus spp. unknown,16,n/p,2026-0127,None,n/p,n/p,n/p,,,,No,1
6370,3637,North,Lower Sacramento River Ship Channel,Sac DW Ship Channel,26-36-SSC05,2026-03-31,10:21:07,,L,38.34778,-121.64182,38.34739,-121.64089,38.35163,-121.63877,20mm,Surface,U,1,10,1,No,25993,1054.749932,1054.749932,,,1054.749932,,Ebb,CLD,33.99,0.37,19.1,694,23.35,9.25,Complete,Lab,HYPOM,,HYPOM,Hypomesus spp. unknown,16,n/p,2026-0175,None,n/p,n/p,n/p,,,,No,1
6370,3637,North,Lower Sacramento River Ship Channel,Sac DW Ship Channel,26-36-SSC05,2026-03-31,10:21:07,,L,38.34778,-121.64182,38.34739,-121.64089,38.35163,-121.63877,20mm,Surface,U,1,10,1,No,25993,1054.749932,1054.749932,,,1054.749932,,Ebb,CLD,33.99,0.37,19.1,694,23.35,9.25,Complete,Lab,HYPOM,,HYPOM,Hypomesus spp. unknown,16,n/p,2026-0564,None,n/p,n/p,n/p,,,,No,1
6370,3637,North,Lower Sacramento River Ship Channel,Sac DW Ship Channel,26-36-SSC05,2026-03-31,10:21:07,,L,38.34778,-121.64182,38.34739,-121.64089,38.35163,-121.63877,20mm,Surface,U,1,10,1,No,25993,1054.749932,1054.749932,,,1054.749932,,Ebb,CLD,33.99,0.37,19.1,694,23.35,9.25,Complete,Lab,HYPOM,,HYPOM,Hypomesus spp. unknown,17,n/p,2026-0206,None,n/p,n/p,n/p,,,,No,1
6370,3637,North,Lower Sacramento River Ship Channel,Sac DW Ship Channel,26-36-SSC05,2026-03-31,10:21:07,,L,38.34778,-121.64182,38.34739,-121.64089,38.35163,-121.63877,20mm,Surface,U,1,10,1,No,25993,1054.749932,1054.749932,,,1054.749932,,Ebb,CLD,33.99,0.37,19.1,694,23.35,9.25,Complete,Lab,HYPOM,,HYPOM,Hypomesus spp. unknown,17,n/p,2026-0650,None,n/p,n/p,n/p,,,,No,1
6370,3637,North,Lower Sacramento River Ship Channel,Sac DW Ship Channel,26-36-SSC05,2026-03-31,10:21:07,,L,38.34778,-121.64182,38.34739,-121.64089,38.35163,-121.63877,20mm,Surface,U,1,10,1,No,25993,1054.749932,1054.749932,,,1054.749932,,Ebb,CLD,33.99,0.37,19.1,694,23.35,9.25,Complete,Lab,HYPOM,,HYPOM,Hypomesus spp. unknown,17.5,n/p,2026-0254,None,n/p,n/p,n/p,,,,No,1
6370,3637,North,Lower Sacramento River Ship Channel,Sac DW Ship Channel,26-36-SSC05,2026-03-31,10:21:07,,L,38.34778,-121.64182,38.34739,-121.64089,38.35163,-121.63877,20mm,Surface,U,1,10,1,No,25993,1054.749932,1054.749932,,,1054.749932,,Ebb,CLD,33.99,0.37,19.1,694,23.35,9.25,Complete,Lab,HYPOM,,HYPOM,Hypomesus spp. unknown,18.5,n/p,2026-0629,None,n/p,n/p,n/p,,,,No,1
6370,3637,North,Lower Sacramento River Ship Channel,Sac DW Ship Channel,26-36-SSC05,2026-03-31,10:21:07,,L,38.34778,-121.64182,38.34739,-121.64089,38.35163,-121.63877,20mm,Surface,U,1,10,1,No,25993,1054.749932,1054.749932,,,1054.749932,,Ebb,CLD,33.99,0.37,19.1,694,23.35,9.25,Complete,Lab,HYPOM,,HYPOM,Hypomesus spp. unknown,18.5,n/p,2026-0784,None,n/p,n/p,n/p,,,,No,1
6370,3637,North,Lower Sacramento River Ship Channel,Sac DW Ship Channel,26-36-SSC05,2026-03-31,10:21:07,,L,38.34778,-121.64182,38.34739,-121.64089,38.35163,-121.63877,20mm,Surface,U,1,10,1,No,25993,1054.749932,1054.749932,,,1054.749932,,Ebb,CLD,33.99,0.37,19.1,694,23.35,9.25,Complete,Lab,HYPOM,,HYPOM,Hypomesus spp. unknown,20,n/p,2026-0634,None,n/p,n/p,n/p,,,,No,1
6370,3637,North,Lower Sacramento River Ship Channel,Sac DW Ship Channel,26-36-SSC05,2026-03-31,10:21:07,,L,38.34778,-121.64182,38.34739,-121.64089,38.35163,-121.63877,20mm,Surface,U,1,10,1,No,25993,1054.749932,1054.749932,,,1054.749932,,Ebb,CLD,33.99,0.37,19.1,694,23.35,9.25,Complete,Lab,HYPOM,,HYPOM,Hypomesus spp. unknown,21,n/p,2026-0555,None,n/p,n/p,n/p,,,,No,1
6370,3637,North,Lower Sacramento River Ship Channel,Sac DW Ship Channel,26-36-SSC05,2026-03-31,10:21:07,,L,38.34778,-121.64182,38.34739,-121.64089,38.35163,-121.63877,20mm,Surface,U,1,10,1,No,25993,1054.749932,1054.749932,,,1054.749932,,Ebb,CLD,33.99,0.37,19.1,694,23.35,9.25,Complete,Lab,HYPOM,,HYPOM,Hypomesus spp. unknown,22,n/p,2026-0812,None,n/p,n/p,n/p,,,,No,1
6370,3637,North,Lower Sacramento River Ship Channel,Sac DW Ship Channel,26-36-SSC05,2026-03-31,10:21:07,,L,38.34778,-121.64182,38.34739,-121.64089,38.35163,-121.63877,20mm,Surface,U,1,10,1,No,25993,1054.749932,1054.749932,,,1054.749932,,Ebb,CLD,33.99,0.37,19.1,694,23.35,9.25,Complete,Lab,HYPOM,,HYPOM,Hypomesus spp. unknown,23,n/p,2026-0792,None,n/p,n/p,n/p,,,,No,1
6371,3637,North,Lower Sacramento River Ship Channel,Sac DW Ship Channel,26-36-SSC05,2026-03-31,10:38:25,,L,38.34778,-121.64182,38.34724,-121.64163,38.35240,-121.63934,20mm,Surface,U,2,10,1,No,26550,1077.352007,1077.352007,,,1077.352007,,Ebb,CLD,22.01,0.34,19.1,695,20.54,9.26,Complete,Lab,HYPOM,,HYPOM,Hypomesus spp. unknown,12,n/p,2026-0803,None,n/p,n/p,n/p,,,,No,1
6371,3637,North,Lower Sacramento River Ship Channel,Sac DW Ship Channel,26-36-SSC05,2026-03-31,10:38:25,,L,38.34778,-121.64182,38.34724,-121.64163,38.35240,-121.63934,20mm,Surface,U,2,10,1,No,26550,1077.352007,1077.352007,,,1077.352007,,Ebb,CLD,22.01,0.34,19.1,695,20.54,9.26,Complete,Lab,HYPOM,,HYPOM,Hypomesus spp. unknown,13,n/p,2026-0177,None,n/p,n/p,n/p,,,,No,1
6371,3637,North,Lower Sacramento River Ship Channel,Sac DW Ship Channel,26-36-SSC05,2026-03-31,10:38:25,,L,38.34778,-121.64182,38.34724,-121.64163,38.35240,-121.63934,20mm,Surface,U,2,10,1,No,26550,1077.352007,1077.352007,,,1077.352007,,Ebb,CLD,22.01,0.34,19.1,695,20.54,9.26,Complete,Lab,HYPOM,,HYPOM,Hypomesus spp. unknown,13.5,n/p,2026-0029,None,n/p,n/p,n/p,,,,No,1
6371,3637,North,Lower Sacramento River Ship Channel,Sac DW Ship Channel,26-36-SSC05,2026-03-31,10:38:25,,L,38.34778,-121.64182,38.34724,-121.64163,38.35240,-121.63934,20mm,Surface,U,2,10,1,No,26550,1077.352007,1077.352007,,,1077.352007,,Ebb,CLD,22.01,0.34,19.1,695,20.54,9.26,Complete,Lab,HYPOM,,HYPOM,Hypomesus spp. unknown,14,n/p,2026-0131,None,n/p,n/p,n/p,,,,No,1
6371,3637,North,Lower Sacramento River Ship Channel,Sac DW Ship Channel,26-36-SSC05,2026-03-31,10:38:25,,L,38.34778,-121.64182,38.34724,-121.64163,38.35240,-121.63934,20mm,Surface,U,2,10,1,No,26550,1077.352007,1077.352007,,,1077.352007,,Ebb,CLD,22.01,0.34,19.1,695,20.54,9.26,Complete,Lab,HYPOM,,HYPOM,Hypomesus spp. unknown,14.5,n/p,2026-0225,None,n/p,n/p,n/p,,,,No,1
6371,3637,North,Lower Sacramento River Ship Channel,Sac DW Ship Channel,26-36-SSC05,2026-03-31,10:38:25,,L,38.34778,-121.64182,38.34724,-121.64163,38.35240,-121.63934,20mm,Surface,U,2,10,1,No,26550,1077.352007,1077.352007,,,1077.352007,,Ebb,CLD,22.01,0.34,19.1,695,20.54,9.26,Complete,Lab,HYPOM,,HYPOM,Hypomesus spp. unknown,15,n/p,2026-0069,None,n/p,n/p,n/p,,,,No,1
6371,3637,North,Lower Sacramento River Ship Channel,Sac DW Ship Channel,26-36-SSC05,2026-03-31,10:38:25,,L,38.34778,-121.64182,38.34724,-121.64163,38.35240,-121.63934,20mm,Surface,U,2,10,1,No,26550,1077.352007,1077.352007,,,1077.352007,,Ebb,CLD,22.01,0.34,19.1,695,20.54,9.26,Complete,Lab,HYPOM,,HYPOM,Hypomesus spp. unknown,15,n/p,2026-0227,None,n/p,n/p,n/p,,,,No,1
6371,3637,North,Lower Sacramento River Ship Channel,Sac DW Ship Channel,26-36-SSC05,2026-03-31,10:38:25,,L,38.34778,-121.64182,38.34724,-121.64163,38.35240,-121.63934,20mm,Surface,U,2,10,1,No,26550,1077.352007,1077.352007,,,1077.352007,,Ebb,CLD,22.01,0.34,19.1,695,20.54,9.26,Complete,Lab,HYPOM,,HYPOM,Hypomesus spp. unknown,15,n/p,2026-0230,None,n/p,n/p,n/p,,,,No,1
6371,3637,North,Lower Sacramento River Ship Channel,Sac DW Ship Channel,26-36-SSC05,2026-03-31,10:38:25,,L,38.34778,-121.64182,38.34724,-121.64163,38.35240,-121.63934,20mm,Surface,U,2,10,1,No,26550,1077.352007,1077.352007,,,1077.352007,,Ebb,CLD,22.01,0.34,19.1,695,20.54,9.26,Complete,Lab,HYPOM,,HYPOM,Hypomesus spp. unknown,15,n/p,2026-0359,None,n/p,n/p,n/p,,,,No,1
6371,3637,North,Lower Sacramento River Ship Channel,Sac DW Ship Channel,26-36-SSC05,2026-03-31,10:38:25,,L,38.34778,-121.64182,38.34724,-121.64163,38.35240,-121.63934,20mm,Surface,U,2,10,1,No,26550,1077.352007,1077.352007,,,1077.352007,,Ebb,CLD,22.01,0.34,19.1,695,20.54,9.26,Complete,Lab,HYPOM,,HYPOM,Hypomesus spp. unknown,15,n/p,2026-0395,None,n/p,n/p,n/p,,,,No,1
6371,3637,North,Lower Sacramento River Ship Channel,Sac DW Ship Channel,26-36-SSC05,2026-03-31,10:38:25,,L,38.34778,-121.64182,38.34724,-121.64163,38.35240,-121.63934,20mm,Surface,U,2,10,1,No,26550,1077.352007,1077.352007,,,1077.352007,,Ebb,CLD,22.01,0.34,19.1,695,20.54,9.26,Complete,Lab,HYPOM,,HYPOM,Hypomesus spp. unknown,15,n/p,2026-0449,None,n/p,n/p,n/p,,,,No,1
6371,3637,North,Lower Sacramento River Ship Channel,Sac DW Ship Channel,26-36-SSC05,2026-03-31,10:38:25,,L,38.34778,-121.64182,38.34724,-121.64163,38.35240,-121.63934,20mm,Surface,U,2,10,1,No,26550,1077.352007,1077.352007,,,1077.352007,,Ebb,CLD,22.01,0.34,19.1,695,20.54,9.26,Complete,Lab,HYPOM,,HYPOM,Hypomesus spp. unknown,15,n/p,2026-0523,None,n/p,n/p,n/p,,,,No,1
6371,3637,North,Lower Sacramento River Ship Channel,Sac DW Ship Channel,26-36-SSC05,2026-03-31,10:38:25,,L,38.34778,-121.64182,38.34724,-121.64163,38.35240,-121.63934,20mm,Surface,U,2,10,1,No,26550,1077.352007,1077.352007,,,1077.352007,,Ebb,CLD,22.01,0.34,19.1,695,20.54,9.26,Complete,Lab,HYPOM,,HYPOM,Hypomesus spp. unknown,15.5,n/p,2026-0440,None,n/p,n/p,n/p,,,,No,1
6371,3637,North,Lower Sacramento River Ship Channel,Sac DW Ship Channel,26-36-SSC05,2026-03-31,10:38:25,,L,38.34778,-121.64182,38.34724,-121.64163,38.35240,-121.63934,20mm,Surface,U,2,10,1,No,26550,1077.352007,1077.352007,,,1077.352007,,Ebb,CLD,22.01,0.34,19.1,695,20.54,9.26,Complete,Lab,HYPOM,,HYPOM,Hypomesus spp. unknown,16,n/p,2026-0600,None,n/p,n/p,n/p,,,,No,1
6371,3637,North,Lower Sacramento River Ship Channel,Sac DW Ship Channel,26-36-SSC05,2026-03-31,10:38:25,,L,38.34778,-121.64182,38.34724,-121.64163,38.35240,-121.63934,20mm,Surface,U,2,10,1,No,26550,1077.352007,1077.352007,,,1077.352007,,Ebb,CLD,22.01,0.34,19.1,695,20.54,9.26,Complete,Lab,HYPOM,,HYPOM,Hypomesus spp. unknown,17,n/p,2026-0105,None,n/p,n/p,n/p,,,,No,1
6371,3637,North,Lower Sacramento River Ship Channel,Sac DW Ship Channel,26-36-SSC05,2026-03-31,10:38:25,,L,38.34778,-121.64182,38.34724,-121.64163,38.35240,-121.63934,20mm,Surface,U,2,10,1,No,26550,1077.352007,1077.352007,,,1077.352007,,Ebb,CLD,22.01,0.34,19.1,695,20.54,9.26,Complete,Lab,HYPOM,,HYPOM,Hypomesus spp. unknown,17,n/p,2026-0134,None,n/p,n/p,n/p,,,,No,1
6371,3637,North,Lower Sacramento River Ship Channel,Sac DW Ship Channel,26-36-SSC05,2026-03-31,10:38:25,,L,38.34778,-121.64182,38.34724,-121.64163,38.35240,-121.63934,20mm,Surface,U,2,10,1,No,26550,1077.352007,1077.352007,,,1077.352007,,Ebb,CLD,22.01,0.34,19.1,695,20.54,9.26,Complete,Lab,HYPOM,,HYPOM,Hypomesus spp. unknown,17,n/p,2026-0338,None,n/p,n/p,n/p,,,,No,1
6371,3637,North,Lower Sacramento River Ship Channel,Sac DW Ship Channel,26-36-SSC05,2026-03-31,10:38:25,,L,38.34778,-121.64182,38.34724,-121.64163,38.35240,-121.63934,20mm,Surface,U,2,10,1,No,26550,1077.352007,1077.352007,,,1077.352007,,Ebb,CLD,22.01,0.34,19.1,695,20.54,9.26,Complete,Lab,HYPOM,,HYPOM,Hypomesus spp. unknown,17,n/p,2026-0510,None,n/p,n/p,n/p,,,,No,1
6371,3637,North,Lower Sacramento River Ship Channel,Sac DW Ship Channel,26-36-SSC05,2026-03-31,10:38:25,,L,38.34778,-121.64182,38.34724,-121.64163,38.35240,-121.63934,20mm,Surface,U,2,10,1,No,26550,1077.352007,1077.352007,,,1077.352007,,Ebb,CLD,22.01,0.34,19.1,695,20.54,9.26,Complete,Lab,HYPOM,,HYPOM,Hypomesus spp. unknown,17,n/p,2026-0572,None,n/p,n/p,n/p,,,,No,1
6371,3637,North,Lower Sacramento River Ship Channel,Sac DW Ship Channel,26-36-SSC05,2026-03-31,10:38:25,,L,38.34778,-121.64182,38.34724,-121.64163,38.35240,-121.63934,20mm,Surface,U,2,10,1,No,26550,1077.352007,1077.352007,,,1077.352007,,Ebb,CLD,22.01,0.34,19.1,695,20.54,9.26,Complete,Lab,HYPOM,,HYPOM,Hypomesus spp. unknown,17,n/p,2026-0608,None,n/p,n/p,n/p,,,,No,1
6371,3637,North,Lower Sacramento River Ship Channel,Sac DW Ship Channel,26-36-SSC05,2026-03-31,10:38:25,,L,38.34778,-121.64182,38.34724,-121.64163,38.35240,-121.63934,20mm,Surface,U,2,10,1,No,26550,1077.352007,1077.352007,,,1077.352007,,Ebb,CLD,22.01,0.34,19.1,695,20.54,9.26,Complete,Lab,HYPOM,,HYPOM,Hypomesus spp. unknown,18,n/p,2026-0496,None,n/p,n/p,n/p,,,,No,1
6371,3637,North,Lower Sacramento River Ship Channel,Sac DW Ship Channel,26-36-SSC05,2026-03-31,10:38:25,,L,38.34778,-121.64182,38.34724,-121.64163,38.35240,-121.63934,20mm,Surface,U,2,10,1,No,26550,1077.352007,1077.352007,,,1077.352007,,Ebb,CLD,22.01,0.34,19.1,695,20.54,9.26,Complete,Lab,HYPOM,,HYPOM,Hypomesus spp. unknown,18,n/p,2026-0791,None,n/p,n/p,n/p,,,,No,1
6371,3637,North,Lower Sacramento River Ship Channel,Sac DW Ship Channel,26-36-SSC05,2026-03-31,10:38:25,,L,38.34778,-121.64182,38.34724,-121.64163,38.35240,-121.63934,20mm,Surface,U,2,10,1,No,26550,1077.352007,1077.352007,,,1077.352007,,Ebb,CLD,22.01,0.34,19.1,695,20.54,9.26,Complete,Lab,HYPOM,,HYPOM,Hypomesus spp. unknown,18,n/p,2026-0802,None,n/p,n/p,n/p,,,,No,1
6371,3637,North,Lower Sacramento River Ship Channel,Sac DW Ship Channel,26-36-SSC05,2026-03-31,10:38:25,,L,38.34778,-121.64182,38.34724,-121.64163,38.35240,-121.63934,20mm,Surface,U,2,10,1,No,26550,1077.352007,1077.352007,,,1077.352007,,Ebb,CLD,22.01,0.34,19.1,695,20.54,9.26,Complete,Lab,HYPOM,,HYPOM,Hypomesus spp. unknown,19.5,n/p,2026-0599,None,n/p,n/p,n/p,,,,No,1
6371,3637,North,Lower Sacramento River Ship Channel,Sac DW Ship Channel,26-36-SSC05,2026-03-31,10:38:25,,L,38.34778,-121.64182,38.34724,-121.64163,38.35240,-121.63934,20mm,Surface,U,2,10,1,No,26550,1077.352007,1077.352007,,,1077.352007,,Ebb,CLD,22.01,0.34,19.1,695,20.54,9.26,Complete,Lab,HYPOM,,HYPOM,Hypomesus spp. unknown,20,n/p,2026-0807,None,n/p,n/p,n/p,,,,No,1
6371,3637,North,Lower Sacramento River Ship Channel,Sac DW Ship Channel,26-36-SSC05,2026-03-31,10:38:25,,L,38.34778,-121.64182,38.34724,-121.64163,38.35240,-121.63934,20mm,Surface,U,2,10,1,No,26550,1077.352007,1077.352007,,,1077.352007,,Ebb,CLD,22.01,0.34,19.1,695,20.54,9.26,Complete,Lab,HYPOM,,HYPOM,Hypomesus spp. unknown,21,n/p,2026-0651,None,n/p,n/p,n/p,,,,No,1
6378,3642,West,Confluence,Suisun Bay,26-36-SB03,2026-03-31,11:28:17,,L,38.03748,-121.83814,38.03733,-121.83774,38.03202,-121.83462,20mm,Surface,U,1,10,1,No,26651,1081.450408,1081.450408,,,1081.450408,,Low Slack,CLD,17.76,0.7,18.8,320.8,10.25,9.13,Complete,Lab,HYPOM,,HYPOM,Hypomesus spp. unknown,14.6,n/p,2026-0295,None,n/p,n/p,n/p,,,,No,1
6384,3645,North,Lower Sacramento River Ship Channel,Sac DW Ship Channel,26-36-SSC01,2026-03-31,12:14:03,,L,38.29026,-121.65800,38.29053,-121.65666,38.28657,-121.65801,20mm,Surface,D,1,10,1,No,26703,1083.560476,1083.560476,,,1083.560476,,Flood,CLD,35.88,0.59,19.3,482.8,12.67,9.26,Complete,Lab,HYPOM,,HYPOM,Hypomesus spp. unknown,14.2,n/p,2026-0004,None,n/p,n/p,n/p,,,,No,1
6384,3645,North,Lower Sacramento River Ship Channel,Sac DW Ship Channel,26-36-SSC01,2026-03-31,12:14:03,,L,38.29026,-121.65800,38.29053,-121.65666,38.28657,-121.65801,20mm,Surface,D,1,10,1,No,26703,1083.560476,1083.560476,,,1083.560476,,Flood,CLD,35.88,0.59,19.3,482.8,12.67,9.26,Complete,Lab,HYPOM,,HYPOM,Hypomesus spp. unknown,14.5,n/p,2026-0488,None,n/p,n/p,n/p,,,,No,1
6385,3645,North,Lower Sacramento River Ship Channel,Sac DW Ship Channel,26-36-SSC01,2026-03-31,12:32:50,,L,38.29026,-121.65800,38.29033,-121.65676,38.28692,-121.65772,20mm,Surface,D,2,10,1,No,27173,1102.632244,1102.632244,,,1102.632244,,Flood,CLD,36,0.56,19.4,469.6,12.43,9.11,Complete,Lab,HYPOM,,HYPOM,Hypomesus spp. unknown,6.7,n/p,2026-0047,None,n/p,n/p,n/p,,,,No,1
6385,3645,North,Lower Sacramento River Ship Channel,Sac DW Ship Channel,26-36-SSC01,2026-03-31,12:32:50,,L,38.29026,-121.65800,38.29033,-121.65676,38.28692,-121.65772,20mm,Surface,D,2,10,1,No,27173,1102.632244,1102.632244,,,1102.632244,,Flood,CLD,36,0.56,19.4,469.6,12.43,9.11,Complete,Lab,HYPOM,,HYPOM,Hypomesus spp. unknown,13,n/p,2026-0277,None,n/p,n/p,n/p,,,,No,1
6393,3650,North,Cache Slough and Liberty Island,Cache Slough/LI,26-36-CS13,2026-04-01,09:31:38,,L,38.26974,-121.69348,38.26929,-121.69216,38.27147,-121.69299,20mm,Surface,U,2,10,1,No,26626,1080.435952,1080.435952,,,1080.435952,,Ebb,CLD,14.8,0.96,18.7,280.6,9.15,8.68,Complete,Lab,HYPOM,,HYPOM,Hypomesus spp. unknown,14,n/p,2026-0512,None,n/p,n/p,n/p,,,,No,1
6422,3695,North,Sacramento River near Rio Vista,Lower Sacramento,26-36-LSR02,2026-04-02,08:00:25,,L,38.16586,-121.67633,38.16579,-121.67551,38.16734,-121.67514,20mm,Surface,U,2,10,1,No,27607,1120.243196,1120.243196,,,1120.243196,,Ebb,CLR,29.7,1.56,18.2,205.5,3.95,9.21,Complete,Lab,HYPOM,,HYPOM,Hypomesus spp. unknown,10.1,n/p,2026-0576,None,n/p,n/p,n/p,,,,No,1
6430,3700,West,Lower Sacramento River,Lower Sacramento,26-36-LSR04,2026-04-02,10:32:22,,L,38.06357,-121.80946,38.06357,-121.80903,38.06239,-121.80606,20mm,Surface,U,1,10,1,No,29088,1180.339554,1180.339554,,,1180.339554,,Ebb,CLR,12,0.43,18.2,212.9,31.54,9.18,Complete,Lab,HYPOM,,HYPOM,Hypomesus spp. unknown,9,n/p,2026-0618,None,n/p,n/p,n/p,,,,No,1
6430,3700,West,Lower Sacramento River,Lower Sacramento,26-36-LSR04,2026-04-02,10:32:22,,L,38.06357,-121.80946,38.06357,-121.80903,38.06239,-121.80606,20mm,Surface,U,1,10,1,No,29088,1180.339554,1180.339554,,,1180.339554,,Ebb,CLR,12,0.43,18.2,212.9,31.54,9.18,Complete,Lab,HYPOM,,HYPOM,Hypomesus spp. unknown,12,n/p,2026-0455,None,n/p,n/p,n/p,,,,No,1
6431,3700,West,Lower Sacramento River,Lower Sacramento,26-36-LSR04,2026-04-02,10:49:33,,L,38.06357,-121.80946,38.06318,-121.80891,38.06231,-121.80606,20mm,Surface,U,2,10,1,No,28132,1141.546766,1141.546766,,,1141.546766,,Ebb,CLR,16.4,0.49,18.3,211.7,27.32,9.22,Complete,Lab,HYPOM,,HYPOM,Hypomesus spp. unknown,9,n/p,2026-0214,None,n/p,n/p,n/p,,,,No,1
6431,3700,West,Lower Sacramento River,Lower Sacramento,26-36-LSR04,2026-04-02,10:49:33,,L,38.06357,-121.80946,38.06318,-121.80891,38.06231,-121.80606,20mm,Surface,U,2,10,1,No,28132,1141.546766,1141.546766,,,1141.546766,,Ebb,CLR,16.4,0.49,18.3,211.7,27.32,9.22,Complete,Lab,HYPOM,,HYPOM,Hypomesus spp. unknown,14.6,n/p,2026-0476,None,n/p,n/p,n/p,,,,No,1
6492,3770,North,Lower Sacramento River Ship Channel,Sac DW Ship Channel,26-37-SSC02,2026-04-08,10:13:10,,L,38.46917,-121.58612,38.46902,-121.58502,38.47441,-121.58349,20mm,Surface,U,1,10,1,No,28149,1142.236596,1142.236596,,,1142.236596,,Ebb,CLR,33,0.2,18.8,951,28.82,8.96,Complete,Lab,HYPOM,,HYPOM,Hypomesus spp. unknown,10.2,n/p,2026-1350,None,n/p,n/p,n/p,,,,No,1
6492,3770,North,Lower Sacramento River Ship Channel,Sac DW Ship Channel,26-37-SSC02,2026-04-08,10:13:10,,L,38.46917,-121.58612,38.46902,-121.58502,38.47441,-121.58349,20mm,Surface,U,1,10,1,No,28149,1142.236596,1142.236596,,,1142.236596,,Ebb,CLR,33,0.2,18.8,951,28.82,8.96,Complete,Lab,HYPOM,,HYPOM,Hypomesus spp. unknown,12.1,n/p,2026-1049,None,n/p,n/p,n/p,,,,No,1
6492,3770,North,Lower Sacramento River Ship Channel,Sac DW Ship Channel,26-37-SSC02,2026-04-08,10:13:10,,L,38.46917,-121.58612,38.46902,-121.58502,38.47441,-121.58349,20mm,Surface,U,1,10,1,No,28149,1142.236596,1142.236596,,,1142.236596,,Ebb,CLR,33,0.2,18.8,951,28.82,8.96,Complete,Lab,HYPOM,,HYPOM,Hypomesus spp. unknown,13.1,n/p,2026-1022,None,n/p,n/p,n/p,,,,No,1
6492,3770,North,Lower Sacramento River Ship Channel,Sac DW Ship Channel,26-37-SSC02,2026-04-08,10:13:10,,L,38.46917,-121.58612,38.46902,-121.58502,38.47441,-121.58349,20mm,Surface,U,1,10,1,No,28149,1142.236596,1142.236596,,,1142.236596,,Ebb,CLR,33,0.2,18.8,951,28.82,8.96,Complete,Lab,HYPOM,,HYPOM,Hypomesus spp. unknown,14.1,n/p,2026-1059,None,n/p,n/p,n/p,,,,No,1
6492,3770,North,Lower Sacramento River Ship Channel,Sac DW Ship Channel,26-37-SSC02,2026-04-08,10:13:10,,L,38.46917,-121.58612,38.46902,-121.58502,38.47441,-121.58349,20mm,Surface,U,1,10,1,No,28149,1142.236596,1142.236596,,,1142.236596,,Ebb,CLR,33,0.2,18.8,951,28.82,8.96,Complete,Lab,HYPOM,,HYPOM,Hypomesus spp. unknown,14.4,n/p,2026-1039,None,n/p,n/p,n/p,,,,No,1
6492,3770,North,Lower Sacramento River Ship Channel,Sac DW Ship Channel,26-37-SSC02,2026-04-08,10:13:10,,L,38.46917,-121.58612,38.46902,-121.58502,38.47441,-121.58349,20mm,Surface,U,1,10,1,No,28149,1142.236596,1142.236596,,,1142.236596,,Ebb,CLR,33,0.2,18.8,951,28.82,8.96,Complete,Lab,HYPOM,,HYPOM,Hypomesus spp. unknown,14.5,n/p,2026-0865,None,n/p,n/p,n/p,,,,No,1
6492,3770,North,Lower Sacramento River Ship Channel,Sac DW Ship Channel,26-37-SSC02,2026-04-08,10:13:10,,L,38.46917,-121.58612,38.46902,-121.58502,38.47441,-121.58349,20mm,Surface,U,1,10,1,No,28149,1142.236596,1142.236596,,,1142.236596,,Ebb,CLR,33,0.2,18.8,951,28.82,8.96,Complete,Lab,HYPOM,,HYPOM,Hypomesus spp. unknown,14.9,n/p,2026-1009,None,n/p,n/p,n/p,,,,No,1
6492,3770,North,Lower Sacramento River Ship Channel,Sac DW Ship Channel,26-37-SSC02,2026-04-08,10:13:10,,L,38.46917,-121.58612,38.46902,-121.58502,38.47441,-121.58349,20mm,Surface,U,1,10,1,No,28149,1142.236596,1142.236596,,,1142.236596,,Ebb,CLR,33,0.2,18.8,951,28.82,8.96,Complete,Lab,HYPOM,,HYPOM,Hypomesus spp. unknown,15.1,n/p,2026-1040,None,n/p,n/p,n/p,,,,No,1
6492,3770,North,Lower Sacramento River Ship Channel,Sac DW Ship Channel,26-37-SSC02,2026-04-08,10:13:10,,L,38.46917,-121.58612,38.46902,-121.58502,38.47441,-121.58349,20mm,Surface,U,1,10,1,No,28149,1142.236596,1142.236596,,,1142.236596,,Ebb,CLR,33,0.2,18.8,951,28.82,8.96,Complete,Lab,HYPOM,,HYPOM,Hypomesus spp. unknown,15.1,n/p,2026-1068,None,n/p,n/p,n/p,,,,No,1
6492,3770,North,Lower Sacramento River Ship Channel,Sac DW Ship Channel,26-37-SSC02,2026-04-08,10:13:10,,L,38.46917,-121.58612,38.46902,-121.58502,38.47441,-121.58349,20mm,Surface,U,1,10,1,No,28149,1142.236596,1142.236596,,,1142.236596,,Ebb,CLR,33,0.2,18.8,951,28.82,8.96,Complete,Lab,HYPOM,,HYPOM,Hypomesus spp. unknown,15.1,n/p,2026-1175,None,n/p,n/p,n/p,,,,No,1
6492,3770,North,Lower Sacramento River Ship Channel,Sac DW Ship Channel,26-37-SSC02,2026-04-08,10:13:10,,L,38.46917,-121.58612,38.46902,-121.58502,38.47441,-121.58349,20mm,Surface,U,1,10,1,No,28149,1142.236596,1142.236596,,,1142.236596,,Ebb,CLR,33,0.2,18.8,951,28.82,8.96,Complete,Lab,HYPOM,,HYPOM,Hypomesus spp. unknown,15.2,n/p,2026-1061,None,n/p,n/p,n/p,,,,No,1
6492,3770,North,Lower Sacramento River Ship Channel,Sac DW Ship Channel,26-37-SSC02,2026-04-08,10:13:10,,L,38.46917,-121.58612,38.46902,-121.58502,38.47441,-121.58349,20mm,Surface,U,1,10,1,No,28149,1142.236596,1142.236596,,,1142.236596,,Ebb,CLR,33,0.2,18.8,951,28.82,8.96,Complete,Lab,HYPOM,,HYPOM,Hypomesus spp. unknown,15.4,n/p,2026-1027,None,n/p,n/p,n/p,,,,No,1
6492,3770,North,Lower Sacramento River Ship Channel,Sac DW Ship Channel,26-37-SSC02,2026-04-08,10:13:10,,L,38.46917,-121.58612,38.46902,-121.58502,38.47441,-121.58349,20mm,Surface,U,1,10,1,No,28149,1142.236596,1142.236596,,,1142.236596,,Ebb,CLR,33,0.2,18.8,951,28.82,8.96,Complete,Lab,HYPOM,,HYPOM,Hypomesus spp. unknown,15.4,n/p,2026-1173,None,n/p,n/p,n/p,,,,No,1
6492,3770,North,Lower Sacramento River Ship Channel,Sac DW Ship Channel,26-37-SSC02,2026-04-08,10:13:10,,L,38.46917,-121.58612,38.46902,-121.58502,38.47441,-121.58349,20mm,Surface,U,1,10,1,No,28149,1142.236596,1142.236596,,,1142.236596,,Ebb,CLR,33,0.2,18.8,951,28.82,8.96,Complete,Lab,HYPOM,,HYPOM,Hypomesus spp. unknown,15.5,n/p,2026-1062,None,n/p,n/p,n/p,,,,No,1
6492,3770,North,Lower Sacramento River Ship Channel,Sac DW Ship Channel,26-37-SSC02,2026-04-08,10:13:10,,L,38.46917,-121.58612,38.46902,-121.58502,38.47441,-121.58349,20mm,Surface,U,1,10,1,No,28149,1142.236596,1142.236596,,,1142.236596,,Ebb,CLR,33,0.2,18.8,951,28.82,8.96,Complete,Lab,HYPOM,,HYPOM,Hypomesus spp. unknown,16,n/p,2026-1083,None,n/p,n/p,n/p,,,,No,1
6492,3770,North,Lower Sacramento River Ship Channel,Sac DW Ship Channel,26-37-SSC02,2026-04-08,10:13:10,,L,38.46917,-121.58612,38.46902,-121.58502,38.47441,-121.58349,20mm,Surface,U,1,10,1,No,28149,1142.236596,1142.236596,,,1142.236596,,Ebb,CLR,33,0.2,18.8,951,28.82,8.96,Complete,Lab,HYPOM,,HYPOM,Hypomesus spp. unknown,16.2,n/p,2026-0923,None,n/p,n/p,n/p,,,,No,1
6492,3770,North,Lower Sacramento River Ship Channel,Sac DW Ship Channel,26-37-SSC02,2026-04-08,10:13:10,,L,38.46917,-121.58612,38.46902,-121.58502,38.47441,-121.58349,20mm,Surface,U,1,10,1,No,28149,1142.236596,1142.236596,,,1142.236596,,Ebb,CLR,33,0.2,18.8,951,28.82,8.96,Complete,Lab,HYPOM,,HYPOM,Hypomesus spp. unknown,16.4,n/p,2026-1060,None,n/p,n/p,n/p,,,,No,1
6492,3770,North,Lower Sacramento River Ship Channel,Sac DW Ship Channel,26-37-SSC02,2026-04-08,10:13:10,,L,38.46917,-121.58612,38.46902,-121.58502,38.47441,-121.58349,20mm,Surface,U,1,10,1,No,28149,1142.236596,1142.236596,,,1142.236596,,Ebb,CLR,33,0.2,18.8,951,28.82,8.96,Complete,Lab,HYPOM,,HYPOM,Hypomesus spp. unknown,16.5,n/p,2026-1381,None,n/p,n/p,n/p,,,,No,1
6492,3770,North,Lower Sacramento River Ship Channel,Sac DW Ship Channel,26-37-SSC02,2026-04-08,10:13:10,,L,38.46917,-121.58612,38.46902,-121.58502,38.47441,-121.58349,20mm,Surface,U,1,10,1,No,28149,1142.236596,1142.236596,,,1142.236596,,Ebb,CLR,33,0.2,18.8,951,28.82,8.96,Complete,Lab,HYPOM,,HYPOM,Hypomesus spp. unknown,17.1,n/p,2026-0913,None,n/p,n/p,n/p,,,,No,1
6492,3770,North,Lower Sacramento River Ship Channel,Sac DW Ship Channel,26-37-SSC02,2026-04-08,10:13:10,,L,38.46917,-121.58612,38.46902,-121.58502,38.47441,-121.58349,20mm,Surface,U,1,10,1,No,28149,1142.236596,1142.236596,,,1142.236596,,Ebb,CLR,33,0.2,18.8,951,28.82,8.96,Complete,Lab,HYPOM,,HYPOM,Hypomesus spp. unknown,17.1,n/p,2026-1019,None,n/p,n/p,n/p,,,,No,1
6492,3770,North,Lower Sacramento River Ship Channel,Sac DW Ship Channel,26-37-SSC02,2026-04-08,10:13:10,,L,38.46917,-121.58612,38.46902,-121.58502,38.47441,-121.58349,20mm,Surface,U,1,10,1,No,28149,1142.236596,1142.236596,,,1142.236596,,Ebb,CLR,33,0.2,18.8,951,28.82,8.96,Complete,Lab,HYPOM,,HYPOM,Hypomesus spp. unknown,17.2,n/p,2026-0956,None,n/p,n/p,n/p,,,,No,1
6492,3770,North,Lower Sacramento River Ship Channel,Sac DW Ship Channel,26-37-SSC02,2026-04-08,10:13:10,,L,38.46917,-121.58612,38.46902,-121.58502,38.47441,-121.58349,20mm,Surface,U,1,10,1,No,28149,1142.236596,1142.236596,,,1142.236596,,Ebb,CLR,33,0.2,18.8,951,28.82,8.96,Complete,Lab,HYPOM,,HYPOM,Hypomesus spp. unknown,17.2,n/p,2026-1176,None,n/p,n/p,n/p,,,,No,1
6492,3770,North,Lower Sacramento River Ship Channel,Sac DW Ship Channel,26-37-SSC02,2026-04-08,10:13:10,,L,38.46917,-121.58612,38.46902,-121.58502,38.47441,-121.58349,20mm,Surface,U,1,10,1,No,28149,1142.236596,1142.236596,,,1142.236596,,Ebb,CLR,33,0.2,18.8,951,28.82,8.96,Complete,Lab,HYPOM,,HYPOM,Hypomesus spp. unknown,17.3,n/p,2026-1380,None,n/p,n/p,n/p,,,,No,1
6492,3770,North,Lower Sacramento River Ship Channel,Sac DW Ship Channel,26-37-SSC02,2026-04-08,10:13:10,,L,38.46917,-121.58612,38.46902,-121.58502,38.47441,-121.58349,20mm,Surface,U,1,10,1,No,28149,1142.236596,1142.236596,,,1142.236596,,Ebb,CLR,33,0.2,18.8,951,28.82,8.96,Complete,Lab,HYPOM,,HYPOM,Hypomesus spp. unknown,17.5,n/p,2026-0919,None,n/p,n/p,n/p,,,,No,1
6492,3770,North,Lower Sacramento River Ship Channel,Sac DW Ship Channel,26-37-SSC02,2026-04-08,10:13:10,,L,38.46917,-121.58612,38.46902,-121.58502,38.47441,-121.58349,20mm,Surface,U,1,10,1,No,28149,1142.236596,1142.236596,,,1142.236596,,Ebb,CLR,33,0.2,18.8,951,28.82,8.96,Complete,Lab,HYPOM,,HYPOM,Hypomesus spp. unknown,17.5,n/p,2026-0960,None,n/p,n/p,n/p,,,,No,1
6492,3770,North,Lower Sacramento River Ship Channel,Sac DW Ship Channel,26-37-SSC02,2026-04-08,10:13:10,,L,38.46917,-121.58612,38.46902,-121.58502,38.47441,-121.58349,20mm,Surface,U,1,10,1,No,28149,1142.236596,1142.236596,,,1142.236596,,Ebb,CLR,33,0.2,18.8,951,28.82,8.96,Complete,Lab,HYPOM,,HYPOM,Hypomesus spp. unknown,17.8,n/p,2026-1130,None,n/p,n/p,n/p,,,,No,1
6492,3770,North,Lower Sacramento River Ship Channel,Sac DW Ship Channel,26-37-SSC02,2026-04-08,10:13:10,,L,38.46917,-121.58612,38.46902,-121.58502,38.47441,-121.58349,20mm,Surface,U,1,10,1,No,28149,1142.236596,1142.236596,,,1142.236596,,Ebb,CLR,33,0.2,18.8,951,28.82,8.96,Complete,Lab,HYPOM,,HYPOM,Hypomesus spp. unknown,17.9,n/p,2026-1041,None,n/p,n/p,n/p,,,,No,1
6492,3770,North,Lower Sacramento River Ship Channel,Sac DW Ship Channel,26-37-SSC02,2026-04-08,10:13:10,,L,38.46917,-121.58612,38.46902,-121.58502,38.47441,-121.58349,20mm,Surface,U,1,10,1,No,28149,1142.236596,1142.236596,,,1142.236596,,Ebb,CLR,33,0.2,18.8,951,28.82,8.96,Complete,Lab,HYPOM,,HYPOM,Hypomesus spp. unknown,17.9,n/p,2026-1084,None,n/p,n/p,n/p,,,,No,1
6492,3770,North,Lower Sacramento River Ship Channel,Sac DW Ship Channel,26-37-SSC02,2026-04-08,10:13:10,,L,38.46917,-121.58612,38.46902,-121.58502,38.47441,-121.58349,20mm,Surface,U,1,10,1,No,28149,1142.236596,1142.236596,,,1142.236596,,Ebb,CLR,33,0.2,18.8,951,28.82,8.96,Complete,Lab,HYPOM,,HYPOM,Hypomesus spp. unknown,18,n/p,2026-0910,None,n/p,n/p,n/p,,,,No,1
6492,3770,North,Lower Sacramento River Ship Channel,Sac DW Ship Channel,26-37-SSC02,2026-04-08,10:13:10,,L,38.46917,-121.58612,38.46902,-121.58502,38.47441,-121.58349,20mm,Surface,U,1,10,1,No,28149,1142.236596,1142.236596,,,1142.236596,,Ebb,CLR,33,0.2,18.8,951,28.82,8.96,Complete,Lab,HYPOM,,HYPOM,Hypomesus spp. unknown,18,n/p,2026-1037,None,n/p,n/p,n/p,,,,No,1
6492,3770,North,Lower Sacramento River Ship Channel,Sac DW Ship Channel,26-37-SSC02,2026-04-08,10:13:10,,L,38.46917,-121.58612,38.46902,-121.58502,38.47441,-121.58349,20mm,Surface,U,1,10,1,No,28149,1142.236596,1142.236596,,,1142.236596,,Ebb,CLR,33,0.2,18.8,951,28.82,8.96,Complete,Lab,HYPOM,,HYPOM,Hypomesus spp. unknown,18.1,n/p,2026-1038,None,n/p,n/p,n/p,,,,No,1
6492,3770,North,Lower Sacramento River Ship Channel,Sac DW Ship Channel,26-37-SSC02,2026-04-08,10:13:10,,L,38.46917,-121.58612,38.46902,-121.58502,38.47441,-121.58349,20mm,Surface,U,1,10,1,No,28149,1142.236596,1142.236596,,,1142.236596,,Ebb,CLR,33,0.2,18.8,951,28.82,8.96,Complete,Lab,HYPOM,,HYPOM,Hypomesus spp. unknown,18.1,n/p,2026-1143,None,n/p,n/p,n/p,,,,No,1
6492,3770,North,Lower Sacramento River Ship Channel,Sac DW Ship Channel,26-37-SSC02,2026-04-08,10:13:10,,L,38.46917,-121.58612,38.46902,-121.58502,38.47441,-121.58349,20mm,Surface,U,1,10,1,No,28149,1142.236596,1142.236596,,,1142.236596,,Ebb,CLR,33,0.2,18.8,951,28.82,8.96,Complete,Lab,HYPOM,,HYPOM,Hypomesus spp. unknown,18.1,n/p,2026-1387,None,n/p,n/p,n/p,,,,No,1
6492,3770,North,Lower Sacramento River Ship Channel,Sac DW Ship Channel,26-37-SSC02,2026-04-08,10:13:10,,L,38.46917,-121.58612,38.46902,-121.58502,38.47441,-121.58349,20mm,Surface,U,1,10,1,No,28149,1142.236596,1142.236596,,,1142.236596,,Ebb,CLR,33,0.2,18.8,951,28.82,8.96,Complete,Lab,HYPOM,,HYPOM,Hypomesus spp. unknown,18.4,n/p,2026-0879,None,n/p,n/p,n/p,,,,No,1
6492,3770,North,Lower Sacramento River Ship Channel,Sac DW Ship Channel,26-37-SSC02,2026-04-08,10:13:10,,L,38.46917,-121.58612,38.46902,-121.58502,38.47441,-121.58349,20mm,Surface,U,1,10,1,No,28149,1142.236596,1142.236596,,,1142.236596,,Ebb,CLR,33,0.2,18.8,951,28.82,8.96,Complete,Lab,HYPOM,,HYPOM,Hypomesus spp. unknown,18.4,n/p,2026-1008,None,n/p,n/p,n/p,,,,No,1
6492,3770,North,Lower Sacramento River Ship Channel,Sac DW Ship Channel,26-37-SSC02,2026-04-08,10:13:10,,L,38.46917,-121.58612,38.46902,-121.58502,38.47441,-121.58349,20mm,Surface,U,1,10,1,No,28149,1142.236596,1142.236596,,,1142.236596,,Ebb,CLR,33,0.2,18.8,951,28.82,8.96,Complete,Lab,HYPOM,,HYPOM,Hypomesus spp. unknown,18.4,n/p,2026-1093,None,n/p,n/p,n/p,,,,No,1
6492,3770,North,Lower Sacramento River Ship Channel,Sac DW Ship Channel,26-37-SSC02,2026-04-08,10:13:10,,L,38.46917,-121.58612,38.46902,-121.58502,38.47441,-121.58349,20mm,Surface,U,1,10,1,No,28149,1142.236596,1142.236596,,,1142.236596,,Ebb,CLR,33,0.2,18.8,951,28.82,8.96,Complete,Lab,HYPOM,,HYPOM,Hypomesus spp. unknown,18.5,n/p,2026-0873,None,n/p,n/p,n/p,,,,No,1
6492,3770,North,Lower Sacramento River Ship Channel,Sac DW Ship Channel,26-37-SSC02,2026-04-08,10:13:10,,L,38.46917,-121.58612,38.46902,-121.58502,38.47441,-121.58349,20mm,Surface,U,1,10,1,No,28149,1142.236596,1142.236596,,,1142.236596,,Ebb,CLR,33,0.2,18.8,951,28.82,8.96,Complete,Lab,HYPOM,,HYPOM,Hypomesus spp. unknown,18.5,n/p,2026-0912,None,n/p,n/p,n/p,,,,No,1
6492,3770,North,Lower Sacramento River Ship Channel,Sac DW Ship Channel,26-37-SSC02,2026-04-08,10:13:10,,L,38.46917,-121.58612,38.46902,-121.58502,38.47441,-121.58349,20mm,Surface,U,1,10,1,No,28149,1142.236596,1142.236596,,,1142.236596,,Ebb,CLR,33,0.2,18.8,951,28.82,8.96,Complete,Lab,HYPOM,,HYPOM,Hypomesus spp. unknown,18.5,n/p,2026-1071,None,n/p,n/p,n/p,,,,No,1
6492,3770,North,Lower Sacramento River Ship Channel,Sac DW Ship Channel,26-37-SSC02,2026-04-08,10:13:10,,L,38.46917,-121.58612,38.46902,-121.58502,38.47441,-121.58349,20mm,Surface,U,1,10,1,No,28149,1142.236596,1142.236596,,,1142.236596,,Ebb,CLR,33,0.2,18.8,951,28.82,8.96,Complete,Lab,HYPOM,,HYPOM,Hypomesus spp. unknown,18.5,n/p,2026-1181,None,n/p,n/p,n/p,,,,No,1
6492,3770,North,Lower Sacramento River Ship Channel,Sac DW Ship Channel,26-37-SSC02,2026-04-08,10:13:10,,L,38.46917,-121.58612,38.46902,-121.58502,38.47441,-121.58349,20mm,Surface,U,1,10,1,No,28149,1142.236596,1142.236596,,,1142.236596,,Ebb,CLR,33,0.2,18.8,951,28.82,8.96,Complete,Lab,HYPOM,,HYPOM,Hypomesus spp. unknown,18.9,n/p,2026-0889,None,n/p,n/p,n/p,,,,No,1
6492,3770,North,Lower Sacramento River Ship Channel,Sac DW Ship Channel,26-37-SSC02,2026-04-08,10:13:10,,L,38.46917,-121.58612,38.46902,-121.58502,38.47441,-121.58349,20mm,Surface,U,1,10,1,No,28149,1142.236596,1142.236596,,,1142.236596,,Ebb,CLR,33,0.2,18.8,951,28.82,8.96,Complete,Lab,HYPOM,,HYPOM,Hypomesus spp. unknown,19,n/p,2026-0918,None,n/p,n/p,n/p,,,,No,1
6492,3770,North,Lower Sacramento River Ship Channel,Sac DW Ship Channel,26-37-SSC02,2026-04-08,10:13:10,,L,38.46917,-121.58612,38.46902,-121.58502,38.47441,-121.58349,20mm,Surface,U,1,10,1,No,28149,1142.236596,1142.236596,,,1142.236596,,Ebb,CLR,33,0.2,18.8,951,28.82,8.96,Complete,Lab,HYPOM,,HYPOM,Hypomesus spp. unknown,19,n/p,2026-1047,None,n/p,n/p,n/p,,,,No,1
6492,3770,North,Lower Sacramento River Ship Channel,Sac DW Ship Channel,26-37-SSC02,2026-04-08,10:13:10,,L,38.46917,-121.58612,38.46902,-121.58502,38.47441,-121.58349,20mm,Surface,U,1,10,1,No,28149,1142.236596,1142.236596,,,1142.236596,,Ebb,CLR,33,0.2,18.8,951,28.82,8.96,Complete,Lab,HYPOM,,HYPOM,Hypomesus spp. unknown,19,n/p,2026-1066,None,n/p,n/p,n/p,,,,No,1
6492,3770,North,Lower Sacramento River Ship Channel,Sac DW Ship Channel,26-37-SSC02,2026-04-08,10:13:10,,L,38.46917,-121.58612,38.46902,-121.58502,38.47441,-121.58349,20mm,Surface,U,1,10,1,No,28149,1142.236596,1142.236596,,,1142.236596,,Ebb,CLR,33,0.2,18.8,951,28.82,8.96,Complete,Lab,HYPOM,,HYPOM,Hypomesus spp. unknown,19.1,n/p,2026-0934,None,n/p,n/p,n/p,,,,No,1
6492,3770,North,Lower Sacramento River Ship Channel,Sac DW Ship Channel,26-37-SSC02,2026-04-08,10:13:10,,L,38.46917,-121.58612,38.46902,-121.58502,38.47441,-121.58349,20mm,Surface,U,1,10,1,No,28149,1142.236596,1142.236596,,,1142.236596,,Ebb,CLR,33,0.2,18.8,951,28.82,8.96,Complete,Lab,HYPOM,,HYPOM,Hypomesus spp. unknown,19.1,n/p,2026-0936,None,n/p,n/p,n/p,,,,No,1
6492,3770,North,Lower Sacramento River Ship Channel,Sac DW Ship Channel,26-37-SSC02,2026-04-08,10:13:10,,L,38.46917,-121.58612,38.46902,-121.58502,38.47441,-121.58349,20mm,Surface,U,1,10,1,No,28149,1142.236596,1142.236596,,,1142.236596,,Ebb,CLR,33,0.2,18.8,951,28.82,8.96,Complete,Lab,HYPOM,,HYPOM,Hypomesus spp. unknown,19.1,n/p,2026-1369,None,n/p,n/p,n/p,,,,No,1
6492,3770,North,Lower Sacramento River Ship Channel,Sac DW Ship Channel,26-37-SSC02,2026-04-08,10:13:10,,L,38.46917,-121.58612,38.46902,-121.58502,38.47441,-121.58349,20mm,Surface,U,1,10,1,No,28149,1142.236596,1142.236596,,,1142.236596,,Ebb,CLR,33,0.2,18.8,951,28.82,8.96,Complete,Lab,HYPOM,,HYPOM,Hypomesus spp. unknown,19.2,n/p,2026-0875,None,n/p,n/p,n/p,,,,No,1
6492,3770,North,Lower Sacramento River Ship Channel,Sac DW Ship Channel,26-37-SSC02,2026-04-08,10:13:10,,L,38.46917,-121.58612,38.46902,-121.58502,38.47441,-121.58349,20mm,Surface,U,1,10,1,No,28149,1142.236596,1142.236596,,,1142.236596,,Ebb,CLR,33,0.2,18.8,951,28.82,8.96,Complete,Lab,HYPOM,,HYPOM,Hypomesus spp. unknown,19.2,n/p,2026-1005,None,n/p,n/p,n/p,,,,No,1
6492,3770,North,Lower Sacramento River Ship Channel,Sac DW Ship Channel,26-37-SSC02,2026-04-08,10:13:10,,L,38.46917,-121.58612,38.46902,-121.58502,38.47441,-121.58349,20mm,Surface,U,1,10,1,No,28149,1142.236596,1142.236596,,,1142.236596,,Ebb,CLR,33,0.2,18.8,951,28.82,8.96,Complete,Lab,HYPOM,,HYPOM,Hypomesus spp. unknown,20.1,n/p,2026-0906,None,n/p,n/p,n/p,,,,No,1
6492,3770,North,Lower Sacramento River Ship Channel,Sac DW Ship Channel,26-37-SSC02,2026-04-08,10:13:10,,L,38.46917,-121.58612,38.46902,-121.58502,38.47441,-121.58349,20mm,Surface,U,1,10,1,No,28149,1142.236596,1142.236596,,,1142.236596,,Ebb,CLR,33,0.2,18.8,951,28.82,8.96,Complete,Lab,HYPOM,,HYPOM,Hypomesus spp. unknown,20.6,n/p,2026-1105,None,n/p,n/p,n/p,,,,No,1
6492,3770,North,Lower Sacramento River Ship Channel,Sac DW Ship Channel,26-37-SSC02,2026-04-08,10:13:10,,L,38.46917,-121.58612,38.46902,-121.58502,38.47441,-121.58349,20mm,Surface,U,1,10,1,No,28149,1142.236596,1142.236596,,,1142.236596,,Ebb,CLR,33,0.2,18.8,951,28.82,8.96,Complete,Lab,HYPOM,,HYPOM,Hypomesus spp. unknown,21,n/p,2026-1124,None,n/p,n/p,n/p,,,,No,1
6492,3770,North,Lower Sacramento River Ship Channel,Sac DW Ship Channel,26-37-SSC02,2026-04-08,10:13:10,,L,38.46917,-121.58612,38.46902,-121.58502,38.47441,-121.58349,20mm,Surface,U,1,10,1,No,28149,1142.236596,1142.236596,,,1142.236596,,Ebb,CLR,33,0.2,18.8,951,28.82,8.96,Complete,Lab,HYPOM,,HYPOM,Hypomesus spp. unknown,21.5,n/p,2026-1142,None,n/p,n/p,n/p,,,,No,1
6492,3770,North,Lower Sacramento River Ship Channel,Sac DW Ship Channel,26-37-SSC02,2026-04-08,10:13:10,,L,38.46917,-121.58612,38.46902,-121.58502,38.47441,-121.58349,20mm,Surface,U,1,10,1,No,28149,1142.236596,1142.236596,,,1142.236596,,Ebb,CLR,33,0.2,18.8,951,28.82,8.96,Complete,Lab,HYPOM,,HYPOM,Hypomesus spp. unknown,21.7,n/p,2026-0903,None,n/p,n/p,n/p,,,,No,1
6492,3770,North,Lower Sacramento River Ship Channel,Sac DW Ship Channel,26-37-SSC02,2026-04-08,10:13:10,,L,38.46917,-121.58612,38.46902,-121.58502,38.47441,-121.58349,20mm,Surface,U,1,10,1,No,28149,1142.236596,1142.236596,,,1142.236596,,Ebb,CLR,33,0.2,18.8,951,28.82,8.96,Complete,Lab,HYPOM,,HYPOM,Hypomesus spp. unknown,21.7,n/p,2026-1050,None,n/p,n/p,n/p,,,,No,1
6492,3770,North,Lower Sacramento River Ship Channel,Sac DW Ship Channel,26-37-SSC02,2026-04-08,10:13:10,,L,38.46917,-121.58612,38.46902,-121.58502,38.47441,-121.58349,20mm,Surface,U,1,10,1,No,28149,1142.236596,1142.236596,,,1142.236596,,Ebb,CLR,33,0.2,18.8,951,28.82,8.96,Complete,Lab,HYPOM,,HYPOM,Hypomesus spp. unknown,22,n/p,2026-1090,None,n/p,n/p,n/p,,,,No,1
6492,3770,North,Lower Sacramento River Ship Channel,Sac DW Ship Channel,26-37-SSC02,2026-04-08,10:13:10,,L,38.46917,-121.58612,38.46902,-121.58502,38.47441,-121.58349,20mm,Surface,U,1,10,1,No,28149,1142.236596,1142.236596,,,1142.236596,,Ebb,CLR,33,0.2,18.8,951,28.82,8.96,Complete,Lab,HYPOM,,HYPOM,Hypomesus spp. unknown,22.1,n/p,2026-0931,None,n/p,n/p,n/p,,,,No,1
6492,3770,North,Lower Sacramento River Ship Channel,Sac DW Ship Channel,26-37-SSC02,2026-04-08,10:13:10,,L,38.46917,-121.58612,38.46902,-121.58502,38.47441,-121.58349,20mm,Surface,U,1,10,1,No,28149,1142.236596,1142.236596,,,1142.236596,,Ebb,CLR,33,0.2,18.8,951,28.82,8.96,Complete,Lab,HYPOM,,HYPOM,Hypomesus spp. unknown,22.7,n/p,2026-1045,None,n/p,n/p,n/p,,,,No,1
6492,3770,North,Lower Sacramento River Ship Channel,Sac DW Ship Channel,26-37-SSC02,2026-04-08,10:13:10,,L,38.46917,-121.58612,38.46902,-121.58502,38.47441,-121.58349,20mm,Surface,U,1,10,1,No,28149,1142.236596,1142.236596,,,1142.236596,,Ebb,CLR,33,0.2,18.8,951,28.82,8.96,Complete,Lab,HYPOM,,HYPOM,Hypomesus spp. unknown,24.5,n/p,2026-0866,None,n/p,n/p,n/p,,,,No,1
6492,3770,North,Lower Sacramento River Ship Channel,Sac DW Ship Channel,26-37-SSC02,2026-04-08,10:13:10,,L,38.46917,-121.58612,38.46902,-121.58502,38.47441,-121.58349,20mm,Surface,U,1,10,1,No,28149,1142.236596,1142.236596,,,1142.236596,,Ebb,CLR,33,0.2,18.8,951,28.82,8.96,Complete,Lab,HYPOM,,HYPOM,Hypomesus spp. unknown,25.3,n/p,2026-1100,None,n/p,n/p,n/p,,,,No,1
6493,3770,North,Lower Sacramento River Ship Channel,Sac DW Ship Channel,26-37-SSC02,2026-04-08,10:29:43,,L,38.46917,-121.58612,38.46921,-121.58480,38.47368,-121.58359,20mm,Surface,U,2,10,1,No,26606,1079.624387,1079.624387,,,1079.624387,2 shrimp removed and released accidentally before ID,Ebb,CLR,32.3,0.28,19,952,25.77,9.07,Complete,Lab,HYPOM,,HYPOM,Hypomesus spp. unknown,12,n/p,2026-0405,None,n/p,n/p,n/p,,,,No,1
6493,3770,North,Lower Sacramento River Ship Channel,Sac DW Ship Channel,26-37-SSC02,2026-04-08,10:29:43,,L,38.46917,-121.58612,38.46921,-121.58480,38.47368,-121.58359,20mm,Surface,U,2,10,1,No,26606,1079.624387,1079.624387,,,1079.624387,2 shrimp removed and released accidentally before ID,Ebb,CLR,32.3,0.28,19,952,25.77,9.07,Complete,Lab,HYPOM,,HYPOM,Hypomesus spp. unknown,12.8,n/p,2026-0194,None,n/p,n/p,n/p,,,,No,1
6493,3770,North,Lower Sacramento River Ship Channel,Sac DW Ship Channel,26-37-SSC02,2026-04-08,10:29:43,,L,38.46917,-121.58612,38.46921,-121.58480,38.47368,-121.58359,20mm,Surface,U,2,10,1,No,26606,1079.624387,1079.624387,,,1079.624387,2 shrimp removed and released accidentally before ID,Ebb,CLR,32.3,0.28,19,952,25.77,9.07,Complete,Lab,HYPOM,,HYPOM,Hypomesus spp. unknown,13.6,n/p,2026-0005,None,n/p,n/p,n/p,,,,No,1
6493,3770,North,Lower Sacramento River Ship Channel,Sac DW Ship Channel,26-37-SSC02,2026-04-08,10:29:43,,L,38.46917,-121.58612,38.46921,-121.58480,38.47368,-121.58359,20mm,Surface,U,2,10,1,No,26606,1079.624387,1079.624387,,,1079.624387,2 shrimp removed and released accidentally before ID,Ebb,CLR,32.3,0.28,19,952,25.77,9.07,Complete,Lab,HYPOM,,HYPOM,Hypomesus spp. unknown,13.9,n/p,2026-0106,None,n/p,n/p,n/p,,,,No,1
6493,3770,North,Lower Sacramento River Ship Channel,Sac DW Ship Channel,26-37-SSC02,2026-04-08,10:29:43,,L,38.46917,-121.58612,38.46921,-121.58480,38.47368,-121.58359,20mm,Surface,U,2,10,1,No,26606,1079.624387,1079.624387,,,1079.624387,2 shrimp removed and released accidentally before ID,Ebb,CLR,32.3,0.28,19,952,25.77,9.07,Complete,Lab,HYPOM,,HYPOM,Hypomesus spp. unknown,14.1,n/p,2026-0342,None,n/p,n/p,n/p,,,,No,1
6493,3770,North,Lower Sacramento River Ship Channel,Sac DW Ship Channel,26-37-SSC02,2026-04-08,10:29:43,,L,38.46917,-121.58612,38.46921,-121.58480,38.47368,-121.58359,20mm,Surface,U,2,10,1,No,26606,1079.624387,1079.624387,,,1079.624387,2 shrimp removed and released accidentally before ID,Ebb,CLR,32.3,0.28,19,952,25.77,9.07,Complete,Lab,HYPOM,,HYPOM,Hypomesus spp. unknown,14.3,n/p,2026-0154,None,n/p,n/p,n/p,,,,No,1
6493,3770,North,Lower Sacramento River Ship Channel,Sac DW Ship Channel,26-37-SSC02,2026-04-08,10:29:43,,L,38.46917,-121.58612,38.46921,-121.58480,38.47368,-121.58359,20mm,Surface,U,2,10,1,No,26606,1079.624387,1079.624387,,,1079.624387,2 shrimp removed and released accidentally before ID,Ebb,CLR,32.3,0.28,19,952,25.77,9.07,Complete,Lab,HYPOM,,HYPOM,Hypomesus spp. unknown,14.5,n/p,2026-0142,None,n/p,n/p,n/p,,,,No,1
6493,3770,North,Lower Sacramento River Ship Channel,Sac DW Ship Channel,26-37-SSC02,2026-04-08,10:29:43,,L,38.46917,-121.58612,38.46921,-121.58480,38.47368,-121.58359,20mm,Surface,U,2,10,1,No,26606,1079.624387,1079.624387,,,1079.624387,2 shrimp removed and released accidentally before ID,Ebb,CLR,32.3,0.28,19,952,25.77,9.07,Complete,Lab,HYPOM,,HYPOM,Hypomesus spp. unknown,15.1,n/p,2026-0329,None,n/p,n/p,n/p,,,,No,1
6493,3770,North,Lower Sacramento River Ship Channel,Sac DW Ship Channel,26-37-SSC02,2026-04-08,10:29:43,,L,38.46917,-121.58612,38.46921,-121.58480,38.47368,-121.58359,20mm,Surface,U,2,10,1,No,26606,1079.624387,1079.624387,,,1079.624387,2 shrimp removed and released accidentally before ID,Ebb,CLR,32.3,0.28,19,952,25.77,9.07,Complete,Lab,HYPOM,,HYPOM,Hypomesus spp. unknown,15.2,n/p,2026-0067,None,n/p,n/p,n/p,,,,No,1
6493,3770,North,Lower Sacramento River Ship Channel,Sac DW Ship Channel,26-37-SSC02,2026-04-08,10:29:43,,L,38.46917,-121.58612,38.46921,-121.58480,38.47368,-121.58359,20mm,Surface,U,2,10,1,No,26606,1079.624387,1079.624387,,,1079.624387,2 shrimp removed and released accidentally before ID,Ebb,CLR,32.3,0.28,19,952,25.77,9.07,Complete,Lab,HYPOM,,HYPOM,Hypomesus spp. unknown,15.3,n/p,2026-0226,None,n/p,n/p,n/p,,,,No,1
6493,3770,North,Lower Sacramento River Ship Channel,Sac DW Ship Channel,26-37-SSC02,2026-04-08,10:29:43,,L,38.46917,-121.58612,38.46921,-121.58480,38.47368,-121.58359,20mm,Surface,U,2,10,1,No,26606,1079.624387,1079.624387,,,1079.624387,2 shrimp removed and released accidentally before ID,Ebb,CLR,32.3,0.28,19,952,25.77,9.07,Complete,Lab,HYPOM,,HYPOM,Hypomesus spp. unknown,15.5,n/p,2026-0276,None,n/p,n/p,n/p,,,,No,1
6493,3770,North,Lower Sacramento River Ship Channel,Sac DW Ship Channel,26-37-SSC02,2026-04-08,10:29:43,,L,38.46917,-121.58612,38.46921,-121.58480,38.47368,-121.58359,20mm,Surface,U,2,10,1,No,26606,1079.624387,1079.624387,,,1079.624387,2 shrimp removed and released accidentally before ID,Ebb,CLR,32.3,0.28,19,952,25.77,9.07,Complete,Lab,HYPOM,,HYPOM,Hypomesus spp. unknown,15.9,n/p,2026-0160,None,n/p,n/p,n/p,,,,No,1
6493,3770,North,Lower Sacramento River Ship Channel,Sac DW Ship Channel,26-37-SSC02,2026-04-08,10:29:43,,L,38.46917,-121.58612,38.46921,-121.58480,38.47368,-121.58359,20mm,Surface,U,2,10,1,No,26606,1079.624387,1079.624387,,,1079.624387,2 shrimp removed and released accidentally before ID,Ebb,CLR,32.3,0.28,19,952,25.77,9.07,Complete,Lab,HYPOM,,HYPOM,Hypomesus spp. unknown,16,n/p,2026-0435,None,n/p,n/p,n/p,,,,No,1
6493,3770,North,Lower Sacramento River Ship Channel,Sac DW Ship Channel,26-37-SSC02,2026-04-08,10:29:43,,L,38.46917,-121.58612,38.46921,-121.58480,38.47368,-121.58359,20mm,Surface,U,2,10,1,No,26606,1079.624387,1079.624387,,,1079.624387,2 shrimp removed and released accidentally before ID,Ebb,CLR,32.3,0.28,19,952,25.77,9.07,Complete,Lab,HYPOM,,HYPOM,Hypomesus spp. unknown,16.1,n/p,2026-0469,None,n/p,n/p,n/p,,,,No,1
6493,3770,North,Lower Sacramento River Ship Channel,Sac DW Ship Channel,26-37-SSC02,2026-04-08,10:29:43,,L,38.46917,-121.58612,38.46921,-121.58480,38.47368,-121.58359,20mm,Surface,U,2,10,1,No,26606,1079.624387,1079.624387,,,1079.624387,2 shrimp removed and released accidentally before ID,Ebb,CLR,32.3,0.28,19,952,25.77,9.07,Complete,Lab,HYPOM,,HYPOM,Hypomesus spp. unknown,16.4,n/p,2026-0135,None,n/p,n/p,n/p,,,,No,1
6493,3770,North,Lower Sacramento River Ship Channel,Sac DW Ship Channel,26-37-SSC02,2026-04-08,10:29:43,,L,38.46917,-121.58612,38.46921,-121.58480,38.47368,-121.58359,20mm,Surface,U,2,10,1,No,26606,1079.624387,1079.624387,,,1079.624387,2 shrimp removed and released accidentally before ID,Ebb,CLR,32.3,0.28,19,952,25.77,9.07,Complete,Lab,HYPOM,,HYPOM,Hypomesus spp. unknown,16.6,n/p,2026-0100,None,n/p,n/p,n/p,,,,No,1
6493,3770,North,Lower Sacramento River Ship Channel,Sac DW Ship Channel,26-37-SSC02,2026-04-08,10:29:43,,L,38.46917,-121.58612,38.46921,-121.58480,38.47368,-121.58359,20mm,Surface,U,2,10,1,No,26606,1079.624387,1079.624387,,,1079.624387,2 shrimp removed and released accidentally before ID,Ebb,CLR,32.3,0.28,19,952,25.77,9.07,Complete,Lab,HYPOM,,HYPOM,Hypomesus spp. unknown,16.7,n/p,2026-0203,None,n/p,n/p,n/p,,,,No,1
6493,3770,North,Lower Sacramento River Ship Channel,Sac DW Ship Channel,26-37-SSC02,2026-04-08,10:29:43,,L,38.46917,-121.58612,38.46921,-121.58480,38.47368,-121.58359,20mm,Surface,U,2,10,1,No,26606,1079.624387,1079.624387,,,1079.624387,2 shrimp removed and released accidentally before ID,Ebb,CLR,32.3,0.28,19,952,25.77,9.07,Complete,Lab,HYPOM,,HYPOM,Hypomesus spp. unknown,16.7,n/p,2026-0255,None,n/p,n/p,n/p,,,,No,1
6493,3770,North,Lower Sacramento River Ship Channel,Sac DW Ship Channel,26-37-SSC02,2026-04-08,10:29:43,,L,38.46917,-121.58612,38.46921,-121.58480,38.47368,-121.58359,20mm,Surface,U,2,10,1,No,26606,1079.624387,1079.624387,,,1079.624387,2 shrimp removed and released accidentally before ID,Ebb,CLR,32.3,0.28,19,952,25.77,9.07,Complete,Lab,HYPOM,,HYPOM,Hypomesus spp. unknown,16.8,n/p,2026-0190,None,n/p,n/p,n/p,,,,No,1
6493,3770,North,Lower Sacramento River Ship Channel,Sac DW Ship Channel,26-37-SSC02,2026-04-08,10:29:43,,L,38.46917,-121.58612,38.46921,-121.58480,38.47368,-121.58359,20mm,Surface,U,2,10,1,No,26606,1079.624387,1079.624387,,,1079.624387,2 shrimp removed and released accidentally before ID,Ebb,CLR,32.3,0.28,19,952,25.77,9.07,Complete,Lab,HYPOM,,HYPOM,Hypomesus spp. unknown,16.8,n/p,2026-0300,None,n/p,n/p,n/p,,,,No,1
6493,3770,North,Lower Sacramento River Ship Channel,Sac DW Ship Channel,26-37-SSC02,2026-04-08,10:29:43,,L,38.46917,-121.58612,38.46921,-121.58480,38.47368,-121.58359,20mm,Surface,U,2,10,1,No,26606,1079.624387,1079.624387,,,1079.624387,2 shrimp removed and released accidentally before ID,Ebb,CLR,32.3,0.28,19,952,25.77,9.07,Complete,Lab,HYPOM,,HYPOM,Hypomesus spp. unknown,17.1,n/p,2026-0095,None,n/p,n/p,n/p,,,,No,1
6493,3770,North,Lower Sacramento River Ship Channel,Sac DW Ship Channel,26-37-SSC02,2026-04-08,10:29:43,,L,38.46917,-121.58612,38.46921,-121.58480,38.47368,-121.58359,20mm,Surface,U,2,10,1,No,26606,1079.624387,1079.624387,,,1079.624387,2 shrimp removed and released accidentally before ID,Ebb,CLR,32.3,0.28,19,952,25.77,9.07,Complete,Lab,HYPOM,,HYPOM,Hypomesus spp. unknown,17.1,n/p,2026-0188,None,n/p,n/p,n/p,,,,No,1
6493,3770,North,Lower Sacramento River Ship Channel,Sac DW Ship Channel,26-37-SSC02,2026-04-08,10:29:43,,L,38.46917,-121.58612,38.46921,-121.58480,38.47368,-121.58359,20mm,Surface,U,2,10,1,No,26606,1079.624387,1079.624387,,,1079.624387,2 shrimp removed and released accidentally before ID,Ebb,CLR,32.3,0.28,19,952,25.77,9.07,Complete,Lab,HYPOM,,HYPOM,Hypomesus spp. unknown,17.2,n/p,2026-0550,None,n/p,n/p,n/p,,,,No,1
6493,3770,North,Lower Sacramento River Ship Channel,Sac DW Ship Channel,26-37-SSC02,2026-04-08,10:29:43,,L,38.46917,-121.58612,38.46921,-121.58480,38.47368,-121.58359,20mm,Surface,U,2,10,1,No,26606,1079.624387,1079.624387,,,1079.624387,2 shrimp removed and released accidentally before ID,Ebb,CLR,32.3,0.28,19,952,25.77,9.07,Complete,Lab,HYPOM,,HYPOM,Hypomesus spp. unknown,17.4,n/p,2026-0081,None,n/p,n/p,n/p,,,,No,1
6493,3770,North,Lower Sacramento River Ship Channel,Sac DW Ship Channel,26-37-SSC02,2026-04-08,10:29:43,,L,38.46917,-121.58612,38.46921,-121.58480,38.47368,-121.58359,20mm,Surface,U,2,10,1,No,26606,1079.624387,1079.624387,,,1079.624387,2 shrimp removed and released accidentally before ID,Ebb,CLR,32.3,0.28,19,952,25.77,9.07,Complete,Lab,HYPOM,,HYPOM,Hypomesus spp. unknown,17.5,n/p,2026-0176,None,n/p,n/p,n/p,,,,No,1
6493,3770,North,Lower Sacramento River Ship Channel,Sac DW Ship Channel,26-37-SSC02,2026-04-08,10:29:43,,L,38.46917,-121.58612,38.46921,-121.58480,38.47368,-121.58359,20mm,Surface,U,2,10,1,No,26606,1079.624387,1079.624387,,,1079.624387,2 shrimp removed and released accidentally before ID,Ebb,CLR,32.3,0.28,19,952,25.77,9.07,Complete,Lab,HYPOM,,HYPOM,Hypomesus spp. unknown,17.6,n/p,2026-0379,None,n/p,n/p,n/p,,,,No,1
6493,3770,North,Lower Sacramento River Ship Channel,Sac DW Ship Channel,26-37-SSC02,2026-04-08,10:29:43,,L,38.46917,-121.58612,38.46921,-121.58480,38.47368,-121.58359,20mm,Surface,U,2,10,1,No,26606,1079.624387,1079.624387,,,1079.624387,2 shrimp removed and released accidentally before ID,Ebb,CLR,32.3,0.28,19,952,25.77,9.07,Complete,Lab,HYPOM,,HYPOM,Hypomesus spp. unknown,17.7,n/p,2026-0121,None,n/p,n/p,n/p,,,,No,1
6493,3770,North,Lower Sacramento River Ship Channel,Sac DW Ship Channel,26-37-SSC02,2026-04-08,10:29:43,,L,38.46917,-121.58612,38.46921,-121.58480,38.47368,-121.58359,20mm,Surface,U,2,10,1,No,26606,1079.624387,1079.624387,,,1079.624387,2 shrimp removed and released accidentally before ID,Ebb,CLR,32.3,0.28,19,952,25.77,9.07,Complete,Lab,HYPOM,,HYPOM,Hypomesus spp. unknown,17.7,n/p,2026-0148,None,n/p,n/p,n/p,,,,No,1
6493,3770,North,Lower Sacramento River Ship Channel,Sac DW Ship Channel,26-37-SSC02,2026-04-08,10:29:43,,L,38.46917,-121.58612,38.46921,-121.58480,38.47368,-121.58359,20mm,Surface,U,2,10,1,No,26606,1079.624387,1079.624387,,,1079.624387,2 shrimp removed and released accidentally before ID,Ebb,CLR,32.3,0.28,19,952,25.77,9.07,Complete,Lab,HYPOM,,HYPOM,Hypomesus spp. unknown,17.8,n/p,2026-0273,None,n/p,n/p,n/p,,,,No,1
6493,3770,North,Lower Sacramento River Ship Channel,Sac DW Ship Channel,26-37-SSC02,2026-04-08,10:29:43,,L,38.46917,-121.58612,38.46921,-121.58480,38.47368,-121.58359,20mm,Surface,U,2,10,1,No,26606,1079.624387,1079.624387,,,1079.624387,2 shrimp removed and released accidentally before ID,Ebb,CLR,32.3,0.28,19,952,25.77,9.07,Complete,Lab,HYPOM,,HYPOM,Hypomesus spp. unknown,18.3,n/p,2026-0378,None,n/p,n/p,n/p,,,,No,1
6493,3770,North,Lower Sacramento River Ship Channel,Sac DW Ship Channel,26-37-SSC02,2026-04-08,10:29:43,,L,38.46917,-121.58612,38.46921,-121.58480,38.47368,-121.58359,20mm,Surface,U,2,10,1,No,26606,1079.624387,1079.624387,,,1079.624387,2 shrimp removed and released accidentally before ID,Ebb,CLR,32.3,0.28,19,952,25.77,9.07,Complete,Lab,HYPOM,,HYPOM,Hypomesus spp. unknown,18.6,n/p,2026-0189,None,n/p,n/p,n/p,,,,No,1
6493,3770,North,Lower Sacramento River Ship Channel,Sac DW Ship Channel,26-37-SSC02,2026-04-08,10:29:43,,L,38.46917,-121.58612,38.46921,-121.58480,38.47368,-121.58359,20mm,Surface,U,2,10,1,No,26606,1079.624387,1079.624387,,,1079.624387,2 shrimp removed and released accidentally before ID,Ebb,CLR,32.3,0.28,19,952,25.77,9.07,Complete,Lab,HYPOM,,HYPOM,Hypomesus spp. unknown,18.7,n/p,2026-0244,None,n/p,n/p,n/p,,,,No,1
6493,3770,North,Lower Sacramento River Ship Channel,Sac DW Ship Channel,26-37-SSC02,2026-04-08,10:29:43,,L,38.46917,-121.58612,38.46921,-121.58480,38.47368,-121.58359,20mm,Surface,U,2,10,1,No,26606,1079.624387,1079.624387,,,1079.624387,2 shrimp removed and released accidentally before ID,Ebb,CLR,32.3,0.28,19,952,25.77,9.07,Complete,Lab,HYPOM,,HYPOM,Hypomesus spp. unknown,19.2,n/p,2026-0060,None,n/p,n/p,n/p,,,,No,1
6493,3770,North,Lower Sacramento River Ship Channel,Sac DW Ship Channel,26-37-SSC02,2026-04-08,10:29:43,,L,38.46917,-121.58612,38.46921,-121.58480,38.47368,-121.58359,20mm,Surface,U,2,10,1,No,26606,1079.624387,1079.624387,,,1079.624387,2 shrimp removed and released accidentally before ID,Ebb,CLR,32.3,0.28,19,952,25.77,9.07,Complete,Lab,HYPOM,,HYPOM,Hypomesus spp. unknown,20,n/p,2026-0208,None,n/p,n/p,n/p,,,,No,1
6493,3770,North,Lower Sacramento River Ship Channel,Sac DW Ship Channel,26-37-SSC02,2026-04-08,10:29:43,,L,38.46917,-121.58612,38.46921,-121.58480,38.47368,-121.58359,20mm,Surface,U,2,10,1,No,26606,1079.624387,1079.624387,,,1079.624387,2 shrimp removed and released accidentally before ID,Ebb,CLR,32.3,0.28,19,952,25.77,9.07,Complete,Lab,HYPOM,,HYPOM,Hypomesus spp. unknown,20.1,n/p,2026-0103,None,n/p,n/p,n/p,,,,No,1
6493,3770,North,Lower Sacramento River Ship Channel,Sac DW Ship Channel,26-37-SSC02,2026-04-08,10:29:43,,L,38.46917,-121.58612,38.46921,-121.58480,38.47368,-121.58359,20mm,Surface,U,2,10,1,No,26606,1079.624387,1079.624387,,,1079.624387,2 shrimp removed and released accidentally before ID,Ebb,CLR,32.3,0.28,19,952,25.77,9.07,Complete,Lab,HYPOM,,HYPOM,Hypomesus spp. unknown,21.5,n/p,2026-0817,None,n/p,n/p,n/p,,,,No,1
6493,3770,North,Lower Sacramento River Ship Channel,Sac DW Ship Channel,26-37-SSC02,2026-04-08,10:29:43,,L,38.46917,-121.58612,38.46921,-121.58480,38.47368,-121.58359,20mm,Surface,U,2,10,1,No,26606,1079.624387,1079.624387,,,1079.624387,2 shrimp removed and released accidentally before ID,Ebb,CLR,32.3,0.28,19,952,25.77,9.07,Complete,Lab,HYPOM,,HYPOM,Hypomesus spp. unknown,22.5,n/p,2026-0414,None,n/p,n/p,n/p,,,,No,1
6497,3773,West,Suisun Marsh,Suisun Marsh,26-37-SM04,2026-04-08,12:00:35,,L,38.16867,-122.02587,38.16811,-122.02629,38.17029,-122.02219,20mm,Surface,U,1,10,1,No,25890,1050.570375,1050.570375,,,1050.570375,,Ebb,CLR,19.2,0.21,18.4,3665,45.71,7.79,Complete,Lab,HYPOM,,HYPOM,Hypomesus spp. unknown,14.1,n/p,2026-0340,None,n/p,n/p,n/p,,,,No,1
6498,3772,North,Lower Sacramento River Ship Channel,Sac DW Ship Channel,26-37-SSC04,2026-04-08,12:11:43,,L,38.18357,-121.66252,38.18333,-121.66137,38.18460,-121.66059,20mm,Surface,U,2,10,1,No,26751,1085.508231,1085.508231,,,1085.508231,,Ebb,CLR,30.7,1.5,17.5,199.8,4.29,8.81,Complete,Lab,HYPOM,,HYPOM,Hypomesus spp. unknown,10,n/p,2026-0808,None,n/p,n/p,n/p,,,,No,1
6499,3773,West,Suisun Marsh,Suisun Marsh,26-37-SM04,2026-04-08,12:17:00,,L,38.16867,-122.02587,38.16918,-122.02635,38.17045,-122.02207,20mm,Surface,U,2,10,1,No,26974,1094.557176,1094.557176,,,1094.557176,,Ebb,CLR,20.5,0.22,18.4,3407,53.69,7.74,Complete,Lab,HYPOM,,HYPOM,Hypomesus spp. unknown,9,n/p,2026-0799,None,n/p,n/p,n/p,,,,No,1
6500,3766,North,Lower Sacramento River Ship Channel,Sac DW Ship Channel,26-37-SSC03,2026-04-08,11:00:22,,L,38.36872,-121.63191,38.36855,-121.63090,38.37248,-121.62966,20mm,Surface,U,1,10,1,No,27853,1130.22544,1130.22544,,,1130.22544,,Ebb,CLD,32.4,0.23,18.8,639,21.61,8.7,Complete,Lab,HYPOM,,HYPOM,Hypomesus spp. unknown,11,n/p,2026-0294,None,n/p,n/p,n/p,,,,No,1
6500,3766,North,Lower Sacramento River Ship Channel,Sac DW Ship Channel,26-37-SSC03,2026-04-08,11:00:22,,L,38.36872,-121.63191,38.36855,-121.63090,38.37248,-121.62966,20mm,Surface,U,1,10,1,No,27853,1130.22544,1130.22544,,,1130.22544,,Ebb,CLD,32.4,0.23,18.8,639,21.61,8.7,Complete,Lab,HYPOM,,HYPOM,Hypomesus spp. unknown,11.7,n/p,2026-0330,None,n/p,n/p,n/p,,,,No,1
6500,3766,North,Lower Sacramento River Ship Channel,Sac DW Ship Channel,26-37-SSC03,2026-04-08,11:00:22,,L,38.36872,-121.63191,38.36855,-121.63090,38.37248,-121.62966,20mm,Surface,U,1,10,1,No,27853,1130.22544,1130.22544,,,1130.22544,,Ebb,CLD,32.4,0.23,18.8,639,21.61,8.7,Complete,Lab,HYPOM,,HYPOM,Hypomesus spp. unknown,12.9,n/p,2026-0392,None,n/p,n/p,n/p,,,,No,1
6500,3766,North,Lower Sacramento River Ship Channel,Sac DW Ship Channel,26-37-SSC03,2026-04-08,11:00:22,,L,38.36872,-121.63191,38.36855,-121.63090,38.37248,-121.62966,20mm,Surface,U,1,10,1,No,27853,1130.22544,1130.22544,,,1130.22544,,Ebb,CLD,32.4,0.23,18.8,639,21.61,8.7,Complete,Lab,HYPOM,,HYPOM,Hypomesus spp. unknown,16.7,n/p,2026-0447,None,n/p,n/p,n/p,,,,No,1
6500,3766,North,Lower Sacramento River Ship Channel,Sac DW Ship Channel,26-37-SSC03,2026-04-08,11:00:22,,L,38.36872,-121.63191,38.36855,-121.63090,38.37248,-121.62966,20mm,Surface,U,1,10,1,No,27853,1130.22544,1130.22544,,,1130.22544,,Ebb,CLD,32.4,0.23,18.8,639,21.61,8.7,Complete,Lab,HYPOM,,HYPOM,Hypomesus spp. unknown,16.8,n/p,2026-0292,None,n/p,n/p,n/p,,,,No,1
6500,3766,North,Lower Sacramento River Ship Channel,Sac DW Ship Channel,26-37-SSC03,2026-04-08,11:00:22,,L,38.36872,-121.63191,38.36855,-121.63090,38.37248,-121.62966,20mm,Surface,U,1,10,1,No,27853,1130.22544,1130.22544,,,1130.22544,,Ebb,CLD,32.4,0.23,18.8,639,21.61,8.7,Complete,Lab,HYPOM,,HYPOM,Hypomesus spp. unknown,17,n/p,2026-0558,None,n/p,n/p,n/p,,,,No,1
6500,3766,North,Lower Sacramento River Ship Channel,Sac DW Ship Channel,26-37-SSC03,2026-04-08,11:00:22,,L,38.36872,-121.63191,38.36855,-121.63090,38.37248,-121.62966,20mm,Surface,U,1,10,1,No,27853,1130.22544,1130.22544,,,1130.22544,,Ebb,CLD,32.4,0.23,18.8,639,21.61,8.7,Complete,Lab,HYPOM,,HYPOM,Hypomesus spp. unknown,17.1,n/p,2026-0483,None,n/p,n/p,n/p,,,,No,1
6500,3766,North,Lower Sacramento River Ship Channel,Sac DW Ship Channel,26-37-SSC03,2026-04-08,11:00:22,,L,38.36872,-121.63191,38.36855,-121.63090,38.37248,-121.62966,20mm,Surface,U,1,10,1,No,27853,1130.22544,1130.22544,,,1130.22544,,Ebb,CLD,32.4,0.23,18.8,639,21.61,8.7,Complete,Lab,HYPOM,,HYPOM,Hypomesus spp. unknown,18.5,n/p,2026-0318,None,n/p,n/p,n/p,,,,No,1
6500,3766,North,Lower Sacramento River Ship Channel,Sac DW Ship Channel,26-37-SSC03,2026-04-08,11:00:22,,L,38.36872,-121.63191,38.36855,-121.63090,38.37248,-121.62966,20mm,Surface,U,1,10,1,No,27853,1130.22544,1130.22544,,,1130.22544,,Ebb,CLD,32.4,0.23,18.8,639,21.61,8.7,Complete,Lab,HYPOM,,HYPOM,Hypomesus spp. unknown,18.6,n/p,2026-0108,None,n/p,n/p,n/p,,,,No,1
6500,3766,North,Lower Sacramento River Ship Channel,Sac DW Ship Channel,26-37-SSC03,2026-04-08,11:00:22,,L,38.36872,-121.63191,38.36855,-121.63090,38.37248,-121.62966,20mm,Surface,U,1,10,1,No,27853,1130.22544,1130.22544,,,1130.22544,,Ebb,CLD,32.4,0.23,18.8,639,21.61,8.7,Complete,Lab,HYPOM,,HYPOM,Hypomesus spp. unknown,18.7,n/p,2026-0428,None,n/p,n/p,n/p,,,,No,1
6500,3766,North,Lower Sacramento River Ship Channel,Sac DW Ship Channel,26-37-SSC03,2026-04-08,11:00:22,,L,38.36872,-121.63191,38.36855,-121.63090,38.37248,-121.62966,20mm,Surface,U,1,10,1,No,27853,1130.22544,1130.22544,,,1130.22544,,Ebb,CLD,32.4,0.23,18.8,639,21.61,8.7,Complete,Lab,HYPOM,,HYPOM,Hypomesus spp. unknown,18.8,n/p,2026-0506,None,n/p,n/p,n/p,,,,No,1
6500,3766,North,Lower Sacramento River Ship Channel,Sac DW Ship Channel,26-37-SSC03,2026-04-08,11:00:22,,L,38.36872,-121.63191,38.36855,-121.63090,38.37248,-121.62966,20mm,Surface,U,1,10,1,No,27853,1130.22544,1130.22544,,,1130.22544,,Ebb,CLD,32.4,0.23,18.8,639,21.61,8.7,Complete,Lab,HYPOM,,HYPOM,Hypomesus spp. unknown,19,n/p,2026-0421,None,n/p,n/p,n/p,,,,No,1
6500,3766,North,Lower Sacramento River Ship Channel,Sac DW Ship Channel,26-37-SSC03,2026-04-08,11:00:22,,L,38.36872,-121.63191,38.36855,-121.63090,38.37248,-121.62966,20mm,Surface,U,1,10,1,No,27853,1130.22544,1130.22544,,,1130.22544,,Ebb,CLD,32.4,0.23,18.8,639,21.61,8.7,Complete,Lab,HYPOM,,HYPOM,Hypomesus spp. unknown,19.2,n/p,2026-0434,None,n/p,n/p,n/p,,,,No,1
6500,3766,North,Lower Sacramento River Ship Channel,Sac DW Ship Channel,26-37-SSC03,2026-04-08,11:00:22,,L,38.36872,-121.63191,38.36855,-121.63090,38.37248,-121.62966,20mm,Surface,U,1,10,1,No,27853,1130.22544,1130.22544,,,1130.22544,,Ebb,CLD,32.4,0.23,18.8,639,21.61,8.7,Complete,Lab,HYPOM,,HYPOM,Hypomesus spp. unknown,19.2,n/p,2026-0557,None,n/p,n/p,n/p,,,,No,1
6500,3766,North,Lower Sacramento River Ship Channel,Sac DW Ship Channel,26-37-SSC03,2026-04-08,11:00:22,,L,38.36872,-121.63191,38.36855,-121.63090,38.37248,-121.62966,20mm,Surface,U,1,10,1,No,27853,1130.22544,1130.22544,,,1130.22544,,Ebb,CLD,32.4,0.23,18.8,639,21.61,8.7,Complete,Lab,HYPOM,,HYPOM,Hypomesus spp. unknown,19.8,n/p,2026-0156,None,n/p,n/p,n/p,,,,No,1
6500,3766,North,Lower Sacramento River Ship Channel,Sac DW Ship Channel,26-37-SSC03,2026-04-08,11:00:22,,L,38.36872,-121.63191,38.36855,-121.63090,38.37248,-121.62966,20mm,Surface,U,1,10,1,No,27853,1130.22544,1130.22544,,,1130.22544,,Ebb,CLD,32.4,0.23,18.8,639,21.61,8.7,Complete,Lab,HYPOM,,HYPOM,Hypomesus spp. unknown,19.9,n/p,2026-0320,None,n/p,n/p,n/p,,,,No,1
6500,3766,North,Lower Sacramento River Ship Channel,Sac DW Ship Channel,26-37-SSC03,2026-04-08,11:00:22,,L,38.36872,-121.63191,38.36855,-121.63090,38.37248,-121.62966,20mm,Surface,U,1,10,1,No,27853,1130.22544,1130.22544,,,1130.22544,,Ebb,CLD,32.4,0.23,18.8,639,21.61,8.7,Complete,Lab,HYPOM,,HYPOM,Hypomesus spp. unknown,20,n/p,2026-0192,None,n/p,n/p,n/p,,,,No,1
6500,3766,North,Lower Sacramento River Ship Channel,Sac DW Ship Channel,26-37-SSC03,2026-04-08,11:00:22,,L,38.36872,-121.63191,38.36855,-121.63090,38.37248,-121.62966,20mm,Surface,U,1,10,1,No,27853,1130.22544,1130.22544,,,1130.22544,,Ebb,CLD,32.4,0.23,18.8,639,21.61,8.7,Complete,Lab,HYPOM,,HYPOM,Hypomesus spp. unknown,20.4,n/p,2026-0326,None,n/p,n/p,n/p,,,,No,1
6500,3766,North,Lower Sacramento River Ship Channel,Sac DW Ship Channel,26-37-SSC03,2026-04-08,11:00:22,,L,38.36872,-121.63191,38.36855,-121.63090,38.37248,-121.62966,20mm,Surface,U,1,10,1,No,27853,1130.22544,1130.22544,,,1130.22544,,Ebb,CLD,32.4,0.23,18.8,639,21.61,8.7,Complete,Lab,HYPOM,,HYPOM,Hypomesus spp. unknown,20.7,n/p,2026-0445,None,n/p,n/p,n/p,,,,No,1
6500,3766,North,Lower Sacramento River Ship Channel,Sac DW Ship Channel,26-37-SSC03,2026-04-08,11:00:22,,L,38.36872,-121.63191,38.36855,-121.63090,38.37248,-121.62966,20mm,Surface,U,1,10,1,No,27853,1130.22544,1130.22544,,,1130.22544,,Ebb,CLD,32.4,0.23,18.8,639,21.61,8.7,Complete,Lab,HYPOM,,HYPOM,Hypomesus spp. unknown,21.2,n/p,2026-0345,None,n/p,n/p,n/p,,,,No,1
6500,3766,North,Lower Sacramento River Ship Channel,Sac DW Ship Channel,26-37-SSC03,2026-04-08,11:00:22,,L,38.36872,-121.63191,38.36855,-121.63090,38.37248,-121.62966,20mm,Surface,U,1,10,1,No,27853,1130.22544,1130.22544,,,1130.22544,,Ebb,CLD,32.4,0.23,18.8,639,21.61,8.7,Complete,Lab,HYPOM,,HYPOM,Hypomesus spp. unknown,21.4,n/p,2026-0386,None,n/p,n/p,n/p,,,,No,1
6500,3766,North,Lower Sacramento River Ship Channel,Sac DW Ship Channel,26-37-SSC03,2026-04-08,11:00:22,,L,38.36872,-121.63191,38.36855,-121.63090,38.37248,-121.62966,20mm,Surface,U,1,10,1,No,27853,1130.22544,1130.22544,,,1130.22544,,Ebb,CLD,32.4,0.23,18.8,639,21.61,8.7,Complete,Lab,HYPOM,,HYPOM,Hypomesus spp. unknown,21.5,n/p,2026-0530,None,n/p,n/p,n/p,,,,No,1
6500,3766,North,Lower Sacramento River Ship Channel,Sac DW Ship Channel,26-37-SSC03,2026-04-08,11:00:22,,L,38.36872,-121.63191,38.36855,-121.63090,38.37248,-121.62966,20mm,Surface,U,1,10,1,No,27853,1130.22544,1130.22544,,,1130.22544,,Ebb,CLD,32.4,0.23,18.8,639,21.61,8.7,Complete,Lab,HYPOM,,HYPOM,Hypomesus spp. unknown,21.6,n/p,2026-0358,None,n/p,n/p,n/p,,,,No,1
6500,3766,North,Lower Sacramento River Ship Channel,Sac DW Ship Channel,26-37-SSC03,2026-04-08,11:00:22,,L,38.36872,-121.63191,38.36855,-121.63090,38.37248,-121.62966,20mm,Surface,U,1,10,1,No,27853,1130.22544,1130.22544,,,1130.22544,,Ebb,CLD,32.4,0.23,18.8,639,21.61,8.7,Complete,Lab,HYPOM,,HYPOM,Hypomesus spp. unknown,23,n/p,2026-0301,None,n/p,n/p,n/p,,,,No,1
6500,3766,North,Lower Sacramento River Ship Channel,Sac DW Ship Channel,26-37-SSC03,2026-04-08,11:00:22,,L,38.36872,-121.63191,38.36855,-121.63090,38.37248,-121.62966,20mm,Surface,U,1,10,1,No,27853,1130.22544,1130.22544,,,1130.22544,,Ebb,CLD,32.4,0.23,18.8,639,21.61,8.7,Complete,Lab,HYPOM,,HYPOM,Hypomesus spp. unknown,23.1,n/p,2026-0348,None,n/p,n/p,n/p,,,,No,1
6500,3766,North,Lower Sacramento River Ship Channel,Sac DW Ship Channel,26-37-SSC03,2026-04-08,11:00:22,,L,38.36872,-121.63191,38.36855,-121.63090,38.37248,-121.62966,20mm,Surface,U,1,10,1,No,27853,1130.22544,1130.22544,,,1130.22544,,Ebb,CLD,32.4,0.23,18.8,639,21.61,8.7,Complete,Lab,HYPOM,,HYPOM,Hypomesus spp. unknown,23.5,n/p,2026-0240,None,n/p,n/p,n/p,,,,No,1
6500,3766,North,Lower Sacramento River Ship Channel,Sac DW Ship Channel,26-37-SSC03,2026-04-08,11:00:22,,L,38.36872,-121.63191,38.36855,-121.63090,38.37248,-121.62966,20mm,Surface,U,1,10,1,No,27853,1130.22544,1130.22544,,,1130.22544,,Ebb,CLD,32.4,0.23,18.8,639,21.61,8.7,Complete,Lab,HYPOM,,HYPOM,Hypomesus spp. unknown,24.3,n/p,2026-0215,None,n/p,n/p,n/p,,,,No,1
6500,3766,North,Lower Sacramento River Ship Channel,Sac DW Ship Channel,26-37-SSC03,2026-04-08,11:00:22,,L,38.36872,-121.63191,38.36855,-121.63090,38.37248,-121.62966,20mm,Surface,U,1,10,1,No,27853,1130.22544,1130.22544,,,1130.22544,,Ebb,CLD,32.4,0.23,18.8,639,21.61,8.7,Complete,Lab,HYPOM,,HYPOM,Hypomesus spp. unknown,24.3,n/p,2026-0457,None,n/p,n/p,n/p,,,,No,1
6501,3766,North,Lower Sacramento River Ship Channel,Sac DW Ship Channel,26-37-SSC03,2026-04-08,11:16:50,,L,38.36872,-121.63191,38.36852,-121.63090,38.37234,-121.62968,20mm,Surface,U,2,10,1,No,27574,1118.904114,1118.904114,,,1118.904114,,Ebb,CLD,32.5,0.3,19.3,646,21.52,8.95,Complete,Lab,HYPOM,,HYPOM,Hypomesus spp. unknown,9.7,n/p,2026-0111,None,n/p,n/p,n/p,,,,No,1
6501,3766,North,Lower Sacramento River Ship Channel,Sac DW Ship Channel,26-37-SSC03,2026-04-08,11:16:50,,L,38.36872,-121.63191,38.36852,-121.63090,38.37234,-121.62968,20mm,Surface,U,2,10,1,No,27574,1118.904114,1118.904114,,,1118.904114,,Ebb,CLD,32.5,0.3,19.3,646,21.52,8.95,Complete,Lab,HYPOM,,HYPOM,Hypomesus spp. unknown,9.9,n/p,2026-0115,None,n/p,n/p,n/p,,,,No,1
6501,3766,North,Lower Sacramento River Ship Channel,Sac DW Ship Channel,26-37-SSC03,2026-04-08,11:16:50,,L,38.36872,-121.63191,38.36852,-121.63090,38.37234,-121.62968,20mm,Surface,U,2,10,1,No,27574,1118.904114,1118.904114,,,1118.904114,,Ebb,CLD,32.5,0.3,19.3,646,21.52,8.95,Complete,Lab,HYPOM,,HYPOM,Hypomesus spp. unknown,13.3,n/p,2026-0091,None,n/p,n/p,n/p,,,,No,1
6501,3766,North,Lower Sacramento River Ship Channel,Sac DW Ship Channel,26-37-SSC03,2026-04-08,11:16:50,,L,38.36872,-121.63191,38.36852,-121.63090,38.37234,-121.62968,20mm,Surface,U,2,10,1,No,27574,1118.904114,1118.904114,,,1118.904114,,Ebb,CLD,32.5,0.3,19.3,646,21.52,8.95,Complete,Lab,HYPOM,,HYPOM,Hypomesus spp. unknown,14,n/p,2026-0243,None,n/p,n/p,n/p,,,,No,1
6501,3766,North,Lower Sacramento River Ship Channel,Sac DW Ship Channel,26-37-SSC03,2026-04-08,11:16:50,,L,38.36872,-121.63191,38.36852,-121.63090,38.37234,-121.62968,20mm,Surface,U,2,10,1,No,27574,1118.904114,1118.904114,,,1118.904114,,Ebb,CLD,32.5,0.3,19.3,646,21.52,8.95,Complete,Lab,HYPOM,,HYPOM,Hypomesus spp. unknown,14.2,n/p,2026-0104,None,n/p,n/p,n/p,,,,No,1
6501,3766,North,Lower Sacramento River Ship Channel,Sac DW Ship Channel,26-37-SSC03,2026-04-08,11:16:50,,L,38.36872,-121.63191,38.36852,-121.63090,38.37234,-121.62968,20mm,Surface,U,2,10,1,No,27574,1118.904114,1118.904114,,,1118.904114,,Ebb,CLD,32.5,0.3,19.3,646,21.52,8.95,Complete,Lab,HYPOM,,HYPOM,Hypomesus spp. unknown,16.2,n/p,2026-0218,None,n/p,n/p,n/p,,,,No,1
6501,3766,North,Lower Sacramento River Ship Channel,Sac DW Ship Channel,26-37-SSC03,2026-04-08,11:16:50,,L,38.36872,-121.63191,38.36852,-121.63090,38.37234,-121.62968,20mm,Surface,U,2,10,1,No,27574,1118.904114,1118.904114,,,1118.904114,,Ebb,CLD,32.5,0.3,19.3,646,21.52,8.95,Complete,Lab,HYPOM,,HYPOM,Hypomesus spp. unknown,16.9,n/p,2026-0120,None,n/p,n/p,n/p,,,,No,1
6501,3766,North,Lower Sacramento River Ship Channel,Sac DW Ship Channel,26-37-SSC03,2026-04-08,11:16:50,,L,38.36872,-121.63191,38.36852,-121.63090,38.37234,-121.62968,20mm,Surface,U,2,10,1,No,27574,1118.904114,1118.904114,,,1118.904114,,Ebb,CLD,32.5,0.3,19.3,646,21.52,8.95,Complete,Lab,HYPOM,,HYPOM,Hypomesus spp. unknown,18,n/p,2026-0033,None,n/p,n/p,n/p,,,,No,1
6501,3766,North,Lower Sacramento River Ship Channel,Sac DW Ship Channel,26-37-SSC03,2026-04-08,11:16:50,,L,38.36872,-121.63191,38.36852,-121.63090,38.37234,-121.62968,20mm,Surface,U,2,10,1,No,27574,1118.904114,1118.904114,,,1118.904114,,Ebb,CLD,32.5,0.3,19.3,646,21.52,8.95,Complete,Lab,HYPOM,,HYPOM,Hypomesus spp. unknown,18.4,n/p,2026-0290,None,n/p,n/p,n/p,,,,No,1
6501,3766,North,Lower Sacramento River Ship Channel,Sac DW Ship Channel,26-37-SSC03,2026-04-08,11:16:50,,L,38.36872,-121.63191,38.36852,-121.63090,38.37234,-121.62968,20mm,Surface,U,2,10,1,No,27574,1118.904114,1118.904114,,,1118.904114,,Ebb,CLD,32.5,0.3,19.3,646,21.52,8.95,Complete,Lab,HYPOM,,HYPOM,Hypomesus spp. unknown,19.2,n/p,2026-0490,None,n/p,n/p,n/p,,,,No,1
6501,3766,North,Lower Sacramento River Ship Channel,Sac DW Ship Channel,26-37-SSC03,2026-04-08,11:16:50,,L,38.36872,-121.63191,38.36852,-121.63090,38.37234,-121.62968,20mm,Surface,U,2,10,1,No,27574,1118.904114,1118.904114,,,1118.904114,,Ebb,CLD,32.5,0.3,19.3,646,21.52,8.95,Complete,Lab,HYPOM,,HYPOM,Hypomesus spp. unknown,19.7,n/p,2026-0055,None,n/p,n/p,n/p,,,,No,1
6501,3766,North,Lower Sacramento River Ship Channel,Sac DW Ship Channel,26-37-SSC03,2026-04-08,11:16:50,,L,38.36872,-121.63191,38.36852,-121.63090,38.37234,-121.62968,20mm,Surface,U,2,10,1,No,27574,1118.904114,1118.904114,,,1118.904114,,Ebb,CLD,32.5,0.3,19.3,646,21.52,8.95,Complete,Lab,HYPOM,,HYPOM,Hypomesus spp. unknown,20,n/p,2026-0491,None,n/p,n/p,n/p,,,,No,1
6501,3766,North,Lower Sacramento River Ship Channel,Sac DW Ship Channel,26-37-SSC03,2026-04-08,11:16:50,,L,38.36872,-121.63191,38.36852,-121.63090,38.37234,-121.62968,20mm,Surface,U,2,10,1,No,27574,1118.904114,1118.904114,,,1118.904114,,Ebb,CLD,32.5,0.3,19.3,646,21.52,8.95,Complete,Lab,HYPOM,,HYPOM,Hypomesus spp. unknown,21.6,n/p,2026-0062,None,n/p,n/p,n/p,,,,No,1
6501,3766,North,Lower Sacramento River Ship Channel,Sac DW Ship Channel,26-37-SSC03,2026-04-08,11:16:50,,L,38.36872,-121.63191,38.36852,-121.63090,38.37234,-121.62968,20mm,Surface,U,2,10,1,No,27574,1118.904114,1118.904114,,,1118.904114,,Ebb,CLD,32.5,0.3,19.3,646,21.52,8.95,Complete,Lab,HYPOM,,HYPOM,Hypomesus spp. unknown,21.6,n/p,2026-0393,None,n/p,n/p,n/p,,,,No,1
6501,3766,North,Lower Sacramento River Ship Channel,Sac DW Ship Channel,26-37-SSC03,2026-04-08,11:16:50,,L,38.36872,-121.63191,38.36852,-121.63090,38.37234,-121.62968,20mm,Surface,U,2,10,1,No,27574,1118.904114,1118.904114,,,1118.904114,,Ebb,CLD,32.5,0.3,19.3,646,21.52,8.95,Complete,Lab,HYPOM,,HYPOM,Hypomesus spp. unknown,22.2,n/p,2026-0139,None,n/p,n/p,n/p,,,,No,1
6511,3795,West,Lower San Joaquin River,Lower San Joaquin,26-37-LSJ02,2026-04-09,08:19:57,,L,38.02757,-121.74273,38.02721,-121.74229,38.02767,-121.74801,20mm,Surface,D,1,10,1,No,26396,1071.102959,1071.102959,,,1071.102959,,Flood,CLD,39.3,0.87,18.5,462.8,5.99,9.17,Complete,Lab,HYPOM,,HYPOM,Hypomesus spp. unknown,9.6,n/p,2026-0540,None,n/p,n/p,n/p,,,,No,1
6533,3819,West,Mid Suisun Bay,Suisun Bay,26-37-SB05,2026-04-10,09:58:25,,L,38.09908,-122.03388,38.09902,-122.03327,38.09963,-122.04250,20mm,Surface,D,1,10,1,No,27011,1096.058571,1096.058571,,,1096.058571,,Flood,CLD,22.8,0.62,17.7,9989,9.44,9.06,Complete,Lab,HYPOM,,HYPOM,Hypomesus spp. unknown,10.1,n/p,2026-0942,None,n/p,n/p,n/p,,,,No,1
6569,3874,North,Sacramento River near Rio Vista,Lower Sacramento,26-38-LSR04,2026-04-14,11:25:48,,L,38.15107,-121.68786,38.15107,-121.68674,38.14638,-121.68827,20mm,Surface,D,1,10,1,No,28110,1140.654045,1140.654045,,,1140.654045,,Flood,CLR,24,0.8,16,142.1,8.81,9.01,Complete,Lab,HYPOM,,HYPOM,Hypomesus spp. unknown,9.4,n/p,2026-1104,None,n/p,n/p,n/p,,,,No,1
6569,3874,North,Sacramento River near Rio Vista,Lower Sacramento,26-38-LSR04,2026-04-14,11:25:48,,L,38.15107,-121.68786,38.15107,-121.68674,38.14638,-121.68827,20mm,Surface,D,1,10,1,No,28110,1140.654045,1140.654045,,,1140.654045,,Flood,CLR,24,0.8,16,142.1,8.81,9.01,Complete,Lab,HYPOM,,HYPOM,Hypomesus spp. unknown,10.2,n/p,2026-1057,None,n/p,n/p,n/p,,,,No,1
6569,3874,North,Sacramento River near Rio Vista,Lower Sacramento,26-38-LSR04,2026-04-14,11:25:48,,L,38.15107,-121.68786,38.15107,-121.68674,38.14638,-121.68827,20mm,Surface,D,1,10,1,No,28110,1140.654045,1140.654045,,,1140.654045,,Flood,CLR,24,0.8,16,142.1,8.81,9.01,Complete,Lab,HYPOM,,HYPOM,Hypomesus spp. unknown,11.2,n/p,2026-1141,None,n/p,n/p,n/p,,,,No,1
6569,3874,North,Sacramento River near Rio Vista,Lower Sacramento,26-38-LSR04,2026-04-14,11:25:48,,L,38.15107,-121.68786,38.15107,-121.68674,38.14638,-121.68827,20mm,Surface,D,1,10,1,No,28110,1140.654045,1140.654045,,,1140.654045,,Flood,CLR,24,0.8,16,142.1,8.81,9.01,Complete,Lab,HYPOM,,HYPOM,Hypomesus spp. unknown,12,n/p,2026-1048,None,n/p,n/p,n/p,,,,No,1
6569,3874,North,Sacramento River near Rio Vista,Lower Sacramento,26-38-LSR04,2026-04-14,11:25:48,,L,38.15107,-121.68786,38.15107,-121.68674,38.14638,-121.68827,20mm,Surface,D,1,10,1,No,28110,1140.654045,1140.654045,,,1140.654045,,Flood,CLR,24,0.8,16,142.1,8.81,9.01,Complete,Lab,HYPOM,,HYPOM,Hypomesus spp. unknown,12,n/p,2026-1385,None,n/p,n/p,n/p,,,,No,1
6569,3874,North,Sacramento River near Rio Vista,Lower Sacramento,26-38-LSR04,2026-04-14,11:25:48,,L,38.15107,-121.68786,38.15107,-121.68674,38.14638,-121.68827,20mm,Surface,D,1,10,1,No,28110,1140.654045,1140.654045,,,1140.654045,,Flood,CLR,24,0.8,16,142.1,8.81,9.01,Complete,Lab,HYPOM,,HYPOM,Hypomesus spp. unknown,12.1,n/p,2026-0957,None,n/p,n/p,n/p,,,,No,1
6569,3874,North,Sacramento River near Rio Vista,Lower Sacramento,26-38-LSR04,2026-04-14,11:25:48,,L,38.15107,-121.68786,38.15107,-121.68674,38.14638,-121.68827,20mm,Surface,D,1,10,1,No,28110,1140.654045,1140.654045,,,1140.654045,,Flood,CLR,24,0.8,16,142.1,8.81,9.01,Complete,Lab,HYPOM,,HYPOM,Hypomesus spp. unknown,13,n/p,2026-0914,None,n/p,n/p,n/p,,,,No,1
6569,3874,North,Sacramento River near Rio Vista,Lower Sacramento,26-38-LSR04,2026-04-14,11:25:48,,L,38.15107,-121.68786,38.15107,-121.68674,38.14638,-121.68827,20mm,Surface,D,1,10,1,No,28110,1140.654045,1140.654045,,,1140.654045,,Flood,CLR,24,0.8,16,142.1,8.81,9.01,Complete,Lab,HYPOM,,HYPOM,Hypomesus spp. unknown,15.5,n/p,2026-1042,None,n/p,n/p,n/p,,,,No,1
6701,3874,North,Sacramento River near Rio Vista,Lower Sacramento,26-38-LSR04,2026-04-14,11:41:05,,L,38.15107,-121.68786,38.15127,-121.68665,38.14681,-121.68767,20mm,Surface,D,2,10,1,No,28358,1150.717446,1150.717446,,,1150.717446,,Flood,CLR,23.3,0.85,16.3,150.3,8.23,9.14,Complete,Lab,HYPOM,,HYPOM,Hypomesus spp. unknown,0,n/p,2026-0050,None,L,n/p,n/p,,,,No,1
6701,3874,North,Sacramento River near Rio Vista,Lower Sacramento,26-38-LSR04,2026-04-14,11:41:05,,L,38.15107,-121.68786,38.15127,-121.68665,38.14681,-121.68767,20mm,Surface,D,2,10,1,No,28358,1150.717446,1150.717446,,,1150.717446,,Flood,CLR,23.3,0.85,16.3,150.3,8.23,9.14,Complete,Lab,HYPOM,,HYPOM,Hypomesus spp. unknown,10.8,n/p,2026-0133,None,n/p,n/p,n/p,,,,No,1
6701,3874,North,Sacramento River near Rio Vista,Lower Sacramento,26-38-LSR04,2026-04-14,11:41:05,,L,38.15107,-121.68786,38.15127,-121.68665,38.14681,-121.68767,20mm,Surface,D,2,10,1,No,28358,1150.717446,1150.717446,,,1150.717446,,Flood,CLR,23.3,0.85,16.3,150.3,8.23,9.14,Complete,Lab,HYPOM,,HYPOM,Hypomesus spp. unknown,12.3,n/p,2026-0459,None,n/p,n/p,n/p,,,,No,1
6701,3874,North,Sacramento River near Rio Vista,Lower Sacramento,26-38-LSR04,2026-04-14,11:41:05,,L,38.15107,-121.68786,38.15127,-121.68665,38.14681,-121.68767,20mm,Surface,D,2,10,1,No,28358,1150.717446,1150.717446,,,1150.717446,,Flood,CLR,23.3,0.85,16.3,150.3,8.23,9.14,Complete,Lab,HYPOM,,HYPOM,Hypomesus spp. unknown,13.1,n/p,2026-0321,None,n/p,n/p,n/p,,,,No,1
6579,3903,North,Lower Sacramento River Ship Channel,Sac DW Ship Channel,26-38-SSC06,2026-04-15,09:41:27,,L,38.46877,-121.58634,38.46914,-121.58493,38.47421,-121.58337,20mm,Surface,U,1,10,1,No,26991,1095.247006,1095.247006,,,1095.247006,,Ebb,CLD,30,0.31,17.9,985,26.14,9.11,Complete,Lab,HYPOM,,HYPOM,Hypomesus spp. unknown,12.2,n/p,2026-0426,None,n/p,n/p,n/p,,,,No,1
6579,3903,North,Lower Sacramento River Ship Channel,Sac DW Ship Channel,26-38-SSC06,2026-04-15,09:41:27,,L,38.46877,-121.58634,38.46914,-121.58493,38.47421,-121.58337,20mm,Surface,U,1,10,1,No,26991,1095.247006,1095.247006,,,1095.247006,,Ebb,CLD,30,0.31,17.9,985,26.14,9.11,Complete,Lab,HYPOM,,HYPOM,Hypomesus spp. unknown,13.5,n/p,2026-0552,None,n/p,n/p,n/p,,,,No,1
6579,3903,North,Lower Sacramento River Ship Channel,Sac DW Ship Channel,26-38-SSC06,2026-04-15,09:41:27,,L,38.46877,-121.58634,38.46914,-121.58493,38.47421,-121.58337,20mm,Surface,U,1,10,1,No,26991,1095.247006,1095.247006,,,1095.247006,,Ebb,CLD,30,0.31,17.9,985,26.14,9.11,Complete,Lab,HYPOM,,HYPOM,Hypomesus spp. unknown,13.7,n/p,2026-0186,None,n/p,n/p,n/p,,,,No,1
6579,3903,North,Lower Sacramento River Ship Channel,Sac DW Ship Channel,26-38-SSC06,2026-04-15,09:41:27,,L,38.46877,-121.58634,38.46914,-121.58493,38.47421,-121.58337,20mm,Surface,U,1,10,1,No,26991,1095.247006,1095.247006,,,1095.247006,,Ebb,CLD,30,0.31,17.9,985,26.14,9.11,Complete,Lab,HYPOM,,HYPOM,Hypomesus spp. unknown,15.4,n/p,2026-0241,None,n/p,n/p,n/p,,,,No,1
6579,3903,North,Lower Sacramento River Ship Channel,Sac DW Ship Channel,26-38-SSC06,2026-04-15,09:41:27,,L,38.46877,-121.58634,38.46914,-121.58493,38.47421,-121.58337,20mm,Surface,U,1,10,1,No,26991,1095.247006,1095.247006,,,1095.247006,,Ebb,CLD,30,0.31,17.9,985,26.14,9.11,Complete,Lab,HYPOM,,HYPOM,Hypomesus spp. unknown,16,n/p,2026-0119,None,n/p,n/p,n/p,,,,No,1
6579,3903,North,Lower Sacramento River Ship Channel,Sac DW Ship Channel,26-38-SSC06,2026-04-15,09:41:27,,L,38.46877,-121.58634,38.46914,-121.58493,38.47421,-121.58337,20mm,Surface,U,1,10,1,No,26991,1095.247006,1095.247006,,,1095.247006,,Ebb,CLD,30,0.31,17.9,985,26.14,9.11,Complete,Lab,HYPOM,,HYPOM,Hypomesus spp. unknown,16.5,n/p,2026-0220,None,n/p,n/p,n/p,,,,No,1
6579,3903,North,Lower Sacramento River Ship Channel,Sac DW Ship Channel,26-38-SSC06,2026-04-15,09:41:27,,L,38.46877,-121.58634,38.46914,-121.58493,38.47421,-121.58337,20mm,Surface,U,1,10,1,No,26991,1095.247006,1095.247006,,,1095.247006,,Ebb,CLD,30,0.31,17.9,985,26.14,9.11,Complete,Lab,HYPOM,,HYPOM,Hypomesus spp. unknown,17.3,n/p,2026-0168,None,n/p,n/p,n/p,,,,No,1
6579,3903,North,Lower Sacramento River Ship Channel,Sac DW Ship Channel,26-38-SSC06,2026-04-15,09:41:27,,L,38.46877,-121.58634,38.46914,-121.58493,38.47421,-121.58337,20mm,Surface,U,1,10,1,No,26991,1095.247006,1095.247006,,,1095.247006,,Ebb,CLD,30,0.31,17.9,985,26.14,9.11,Complete,Lab,HYPOM,,HYPOM,Hypomesus spp. unknown,17.9,n/p,2026-0063,None,n/p,n/p,n/p,,,,No,1
6579,3903,North,Lower Sacramento River Ship Channel,Sac DW Ship Channel,26-38-SSC06,2026-04-15,09:41:27,,L,38.46877,-121.58634,38.46914,-121.58493,38.47421,-121.58337,20mm,Surface,U,1,10,1,No,26991,1095.247006,1095.247006,,,1095.247006,,Ebb,CLD,30,0.31,17.9,985,26.14,9.11,Complete,Lab,HYPOM,,HYPOM,Hypomesus spp. unknown,18.7,n/p,2026-0307,None,n/p,n/p,n/p,,,,No,1
6579,3903,North,Lower Sacramento River Ship Channel,Sac DW Ship Channel,26-38-SSC06,2026-04-15,09:41:27,,L,38.46877,-121.58634,38.46914,-121.58493,38.47421,-121.58337,20mm,Surface,U,1,10,1,No,26991,1095.247006,1095.247006,,,1095.247006,,Ebb,CLD,30,0.31,17.9,985,26.14,9.11,Complete,Lab,HYPOM,,HYPOM,Hypomesus spp. unknown,18.8,n/p,2026-0282,None,n/p,n/p,n/p,,,,No,1
6579,3903,North,Lower Sacramento River Ship Channel,Sac DW Ship Channel,26-38-SSC06,2026-04-15,09:41:27,,L,38.46877,-121.58634,38.46914,-121.58493,38.47421,-121.58337,20mm,Surface,U,1,10,1,No,26991,1095.247006,1095.247006,,,1095.247006,,Ebb,CLD,30,0.31,17.9,985,26.14,9.11,Complete,Lab,HYPOM,,HYPOM,Hypomesus spp. unknown,18.9,n/p,2026-0233,None,n/p,n/p,n/p,,,,No,1
6579,3903,North,Lower Sacramento River Ship Channel,Sac DW Ship Channel,26-38-SSC06,2026-04-15,09:41:27,,L,38.46877,-121.58634,38.46914,-121.58493,38.47421,-121.58337,20mm,Surface,U,1,10,1,No,26991,1095.247006,1095.247006,,,1095.247006,,Ebb,CLD,30,0.31,17.9,985,26.14,9.11,Complete,Lab,HYPOM,,HYPOM,Hypomesus spp. unknown,19.1,n/p,2026-0030,None,n/p,n/p,n/p,,,,No,1
6579,3903,North,Lower Sacramento River Ship Channel,Sac DW Ship Channel,26-38-SSC06,2026-04-15,09:41:27,,L,38.46877,-121.58634,38.46914,-121.58493,38.47421,-121.58337,20mm,Surface,U,1,10,1,No,26991,1095.247006,1095.247006,,,1095.247006,,Ebb,CLD,30,0.31,17.9,985,26.14,9.11,Complete,Lab,HYPOM,,HYPOM,Hypomesus spp. unknown,19.2,n/p,2026-0079,None,n/p,n/p,n/p,,,,No,1
6579,3903,North,Lower Sacramento River Ship Channel,Sac DW Ship Channel,26-38-SSC06,2026-04-15,09:41:27,,L,38.46877,-121.58634,38.46914,-121.58493,38.47421,-121.58337,20mm,Surface,U,1,10,1,No,26991,1095.247006,1095.247006,,,1095.247006,,Ebb,CLD,30,0.31,17.9,985,26.14,9.11,Complete,Lab,HYPOM,,HYPOM,Hypomesus spp. unknown,19.4,n/p,2026-0370,None,n/p,n/p,n/p,,,,No,1
6579,3903,North,Lower Sacramento River Ship Channel,Sac DW Ship Channel,26-38-SSC06,2026-04-15,09:41:27,,L,38.46877,-121.58634,38.46914,-121.58493,38.47421,-121.58337,20mm,Surface,U,1,10,1,No,26991,1095.247006,1095.247006,,,1095.247006,,Ebb,CLD,30,0.31,17.9,985,26.14,9.11,Complete,Lab,HYPOM,,HYPOM,Hypomesus spp. unknown,20.8,n/p,2026-0137,None,n/p,n/p,n/p,,,,No,1
6579,3903,North,Lower Sacramento River Ship Channel,Sac DW Ship Channel,26-38-SSC06,2026-04-15,09:41:27,,L,38.46877,-121.58634,38.46914,-121.58493,38.47421,-121.58337,20mm,Surface,U,1,10,1,No,26991,1095.247006,1095.247006,,,1095.247006,,Ebb,CLD,30,0.31,17.9,985,26.14,9.11,Complete,Lab,HYPOM,,HYPOM,Hypomesus spp. unknown,21.2,n/p,2026-0204,None,n/p,n/p,n/p,,,,No,1
6579,3903,North,Lower Sacramento River Ship Channel,Sac DW Ship Channel,26-38-SSC06,2026-04-15,09:41:27,,L,38.46877,-121.58634,38.46914,-121.58493,38.47421,-121.58337,20mm,Surface,U,1,10,1,No,26991,1095.247006,1095.247006,,,1095.247006,,Ebb,CLD,30,0.31,17.9,985,26.14,9.11,Complete,Lab,HYPOM,,HYPOM,Hypomesus spp. unknown,21.3,n/p,2026-0311,None,n/p,n/p,n/p,,,,No,1
6579,3903,North,Lower Sacramento River Ship Channel,Sac DW Ship Channel,26-38-SSC06,2026-04-15,09:41:27,,L,38.46877,-121.58634,38.46914,-121.58493,38.47421,-121.58337,20mm,Surface,U,1,10,1,No,26991,1095.247006,1095.247006,,,1095.247006,,Ebb,CLD,30,0.31,17.9,985,26.14,9.11,Complete,Lab,HYPOM,,HYPOM,Hypomesus spp. unknown,21.4,n/p,2026-0032,None,n/p,n/p,n/p,,,,No,1
6579,3903,North,Lower Sacramento River Ship Channel,Sac DW Ship Channel,26-38-SSC06,2026-04-15,09:41:27,,L,38.46877,-121.58634,38.46914,-121.58493,38.47421,-121.58337,20mm,Surface,U,1,10,1,No,26991,1095.247006,1095.247006,,,1095.247006,,Ebb,CLD,30,0.31,17.9,985,26.14,9.11,Complete,Lab,HYPOM,,HYPOM,Hypomesus spp. unknown,22.2,n/p,2026-0324,None,n/p,n/p,n/p,,,,No,1
6579,3903,North,Lower Sacramento River Ship Channel,Sac DW Ship Channel,26-38-SSC06,2026-04-15,09:41:27,,L,38.46877,-121.58634,38.46914,-121.58493,38.47421,-121.58337,20mm,Surface,U,1,10,1,No,26991,1095.247006,1095.247006,,,1095.247006,,Ebb,CLD,30,0.31,17.9,985,26.14,9.11,Complete,Lab,HYPOM,,HYPOM,Hypomesus spp. unknown,26,n/p,2026-0020,None,n/p,n/p,n/p,,,,No,1
6580,3903,North,Lower Sacramento River Ship Channel,Sac DW Ship Channel,26-38-SSC06,2026-04-15,09:57:48,,L,38.46877,-121.58634,38.46935,-121.58479,38.47440,-121.58325,20mm,Surface,U,2,10,1,No,26877,1090.621088,1090.621088,,,1090.621088,,Ebb,CLD,28.7,0.29,17.9,988,25.36,9.05,Complete,Lab,HYPOM,,HYPOM,Hypomesus spp. unknown,10.7,n/p,2026-0229,None,n/p,n/p,n/p,,,,No,1
6580,3903,North,Lower Sacramento River Ship Channel,Sac DW Ship Channel,26-38-SSC06,2026-04-15,09:57:48,,L,38.46877,-121.58634,38.46935,-121.58479,38.47440,-121.58325,20mm,Surface,U,2,10,1,No,26877,1090.621088,1090.621088,,,1090.621088,,Ebb,CLD,28.7,0.29,17.9,988,25.36,9.05,Complete,Lab,HYPOM,,HYPOM,Hypomesus spp. unknown,12.7,n/p,2026-0365,None,n/p,n/p,n/p,,,,No,1
6580,3903,North,Lower Sacramento River Ship Channel,Sac DW Ship Channel,26-38-SSC06,2026-04-15,09:57:48,,L,38.46877,-121.58634,38.46935,-121.58479,38.47440,-121.58325,20mm,Surface,U,2,10,1,No,26877,1090.621088,1090.621088,,,1090.621088,,Ebb,CLD,28.7,0.29,17.9,988,25.36,9.05,Complete,Lab,HYPOM,,HYPOM,Hypomesus spp. unknown,12.8,n/p,2026-0094,None,n/p,n/p,n/p,,,,No,1
6580,3903,North,Lower Sacramento River Ship Channel,Sac DW Ship Channel,26-38-SSC06,2026-04-15,09:57:48,,L,38.46877,-121.58634,38.46935,-121.58479,38.47440,-121.58325,20mm,Surface,U,2,10,1,No,26877,1090.621088,1090.621088,,,1090.621088,,Ebb,CLD,28.7,0.29,17.9,988,25.36,9.05,Complete,Lab,HYPOM,,HYPOM,Hypomesus spp. unknown,13,n/p,2026-0124,None,n/p,n/p,n/p,,,,No,1
6580,3903,North,Lower Sacramento River Ship Channel,Sac DW Ship Channel,26-38-SSC06,2026-04-15,09:57:48,,L,38.46877,-121.58634,38.46935,-121.58479,38.47440,-121.58325,20mm,Surface,U,2,10,1,No,26877,1090.621088,1090.621088,,,1090.621088,,Ebb,CLD,28.7,0.29,17.9,988,25.36,9.05,Complete,Lab,HYPOM,,HYPOM,Hypomesus spp. unknown,15.5,n/p,2026-0820,None,n/p,n/p,n/p,,,,No,1
6580,3903,North,Lower Sacramento River Ship Channel,Sac DW Ship Channel,26-38-SSC06,2026-04-15,09:57:48,,L,38.46877,-121.58634,38.46935,-121.58479,38.47440,-121.58325,20mm,Surface,U,2,10,1,No,26877,1090.621088,1090.621088,,,1090.621088,,Ebb,CLD,28.7,0.29,17.9,988,25.36,9.05,Complete,Lab,HYPOM,,HYPOM,Hypomesus spp. unknown,16,n/p,2026-0369,None,n/p,n/p,n/p,,,,No,1
6580,3903,North,Lower Sacramento River Ship Channel,Sac DW Ship Channel,26-38-SSC06,2026-04-15,09:57:48,,L,38.46877,-121.58634,38.46935,-121.58479,38.47440,-121.58325,20mm,Surface,U,2,10,1,No,26877,1090.621088,1090.621088,,,1090.621088,,Ebb,CLD,28.7,0.29,17.9,988,25.36,9.05,Complete,Lab,HYPOM,,HYPOM,Hypomesus spp. unknown,16.3,n/p,2026-0126,None,n/p,n/p,n/p,,,,No,1
6580,3903,North,Lower Sacramento River Ship Channel,Sac DW Ship Channel,26-38-SSC06,2026-04-15,09:57:48,,L,38.46877,-121.58634,38.46935,-121.58479,38.47440,-121.58325,20mm,Surface,U,2,10,1,No,26877,1090.621088,1090.621088,,,1090.621088,,Ebb,CLD,28.7,0.29,17.9,988,25.36,9.05,Complete,Lab,HYPOM,,HYPOM,Hypomesus spp. unknown,17.4,n/p,2026-0179,None,n/p,n/p,n/p,,,,No,1
6580,3903,North,Lower Sacramento River Ship Channel,Sac DW Ship Channel,26-38-SSC06,2026-04-15,09:57:48,,L,38.46877,-121.58634,38.46935,-121.58479,38.47440,-121.58325,20mm,Surface,U,2,10,1,No,26877,1090.621088,1090.621088,,,1090.621088,,Ebb,CLD,28.7,0.29,17.9,988,25.36,9.05,Complete,Lab,HYPOM,,HYPOM,Hypomesus spp. unknown,17.8,n/p,2026-0169,None,n/p,n/p,n/p,,,,No,1
6580,3903,North,Lower Sacramento River Ship Channel,Sac DW Ship Channel,26-38-SSC06,2026-04-15,09:57:48,,L,38.46877,-121.58634,38.46935,-121.58479,38.47440,-121.58325,20mm,Surface,U,2,10,1,No,26877,1090.621088,1090.621088,,,1090.621088,,Ebb,CLD,28.7,0.29,17.9,988,25.36,9.05,Complete,Lab,HYPOM,,HYPOM,Hypomesus spp. unknown,17.9,n/p,2026-0152,None,n/p,n/p,n/p,,,,No,1
6580,3903,North,Lower Sacramento River Ship Channel,Sac DW Ship Channel,26-38-SSC06,2026-04-15,09:57:48,,L,38.46877,-121.58634,38.46935,-121.58479,38.47440,-121.58325,20mm,Surface,U,2,10,1,No,26877,1090.621088,1090.621088,,,1090.621088,,Ebb,CLD,28.7,0.29,17.9,988,25.36,9.05,Complete,Lab,HYPOM,,HYPOM,Hypomesus spp. unknown,18.2,n/p,2026-0278,None,n/p,n/p,n/p,,,,No,1
6580,3903,North,Lower Sacramento River Ship Channel,Sac DW Ship Channel,26-38-SSC06,2026-04-15,09:57:48,,L,38.46877,-121.58634,38.46935,-121.58479,38.47440,-121.58325,20mm,Surface,U,2,10,1,No,26877,1090.621088,1090.621088,,,1090.621088,,Ebb,CLD,28.7,0.29,17.9,988,25.36,9.05,Complete,Lab,HYPOM,,HYPOM,Hypomesus spp. unknown,18.4,n/p,2026-0009,None,n/p,n/p,n/p,,,,No,1
6580,3903,North,Lower Sacramento River Ship Channel,Sac DW Ship Channel,26-38-SSC06,2026-04-15,09:57:48,,L,38.46877,-121.58634,38.46935,-121.58479,38.47440,-121.58325,20mm,Surface,U,2,10,1,No,26877,1090.621088,1090.621088,,,1090.621088,,Ebb,CLD,28.7,0.29,17.9,988,25.36,9.05,Complete,Lab,HYPOM,,HYPOM,Hypomesus spp. unknown,18.5,n/p,2026-0017,None,n/p,n/p,n/p,,,,No,1
6580,3903,North,Lower Sacramento River Ship Channel,Sac DW Ship Channel,26-38-SSC06,2026-04-15,09:57:48,,L,38.46877,-121.58634,38.46935,-121.58479,38.47440,-121.58325,20mm,Surface,U,2,10,1,No,26877,1090.621088,1090.621088,,,1090.621088,,Ebb,CLD,28.7,0.29,17.9,988,25.36,9.05,Complete,Lab,HYPOM,,HYPOM,Hypomesus spp. unknown,18.6,n/p,2026-1099,None,n/p,n/p,n/p,,,,No,1
6580,3903,North,Lower Sacramento River Ship Channel,Sac DW Ship Channel,26-38-SSC06,2026-04-15,09:57:48,,L,38.46877,-121.58634,38.46935,-121.58479,38.47440,-121.58325,20mm,Surface,U,2,10,1,No,26877,1090.621088,1090.621088,,,1090.621088,,Ebb,CLD,28.7,0.29,17.9,988,25.36,9.05,Complete,Lab,HYPOM,,HYPOM,Hypomesus spp. unknown,19.5,n/p,2026-0361,None,n/p,n/p,n/p,,,,No,1
6580,3903,North,Lower Sacramento River Ship Channel,Sac DW Ship Channel,26-38-SSC06,2026-04-15,09:57:48,,L,38.46877,-121.58634,38.46935,-121.58479,38.47440,-121.58325,20mm,Surface,U,2,10,1,No,26877,1090.621088,1090.621088,,,1090.621088,,Ebb,CLD,28.7,0.29,17.9,988,25.36,9.05,Complete,Lab,HYPOM,,HYPOM,Hypomesus spp. unknown,19.5,n/p,2026-0375,None,n/p,n/p,n/p,,,,No,1
6580,3903,North,Lower Sacramento River Ship Channel,Sac DW Ship Channel,26-38-SSC06,2026-04-15,09:57:48,,L,38.46877,-121.58634,38.46935,-121.58479,38.47440,-121.58325,20mm,Surface,U,2,10,1,No,26877,1090.621088,1090.621088,,,1090.621088,,Ebb,CLD,28.7,0.29,17.9,988,25.36,9.05,Complete,Lab,HYPOM,,HYPOM,Hypomesus spp. unknown,21.4,n/p,2026-0404,None,n/p,n/p,n/p,,,,No,1
6580,3903,North,Lower Sacramento River Ship Channel,Sac DW Ship Channel,26-38-SSC06,2026-04-15,09:57:48,,L,38.46877,-121.58634,38.46935,-121.58479,38.47440,-121.58325,20mm,Surface,U,2,10,1,No,26877,1090.621088,1090.621088,,,1090.621088,,Ebb,CLD,28.7,0.29,17.9,988,25.36,9.05,Complete,Lab,HYPOM,,HYPOM,Hypomesus spp. unknown,22.5,n/p,2026-0625,None,n/p,n/p,n/p,,,,No,1
6580,3903,North,Lower Sacramento River Ship Channel,Sac DW Ship Channel,26-38-SSC06,2026-04-15,09:57:48,,L,38.46877,-121.58634,38.46935,-121.58479,38.47440,-121.58325,20mm,Surface,U,2,10,1,No,26877,1090.621088,1090.621088,,,1090.621088,,Ebb,CLD,28.7,0.29,17.9,988,25.36,9.05,Complete,Lab,HYPOM,,HYPOM,Hypomesus spp. unknown,28,n/p,2026-0092,None,n/p,n/p,n/p,,,,No,1
6581,3904,North,Lower Sacramento River Ship Channel,Sac DW Ship Channel,26-38-SSC10,2026-04-15,10:32:16,,L,38.45289,-121.59368,38.45297,-121.59236,38.45832,-121.58989,20mm,Surface,U,1,10,1,No,29424,1193.97384,1193.97384,,,1193.97384,,Ebb,CLD,29.9,0.47,18,960,27.4,5,Complete,Lab,HYPOM,,HYPOM,Hypomesus spp. unknown,11.8,n/p,2026-0475,None,n/p,n/p,n/p,,,,No,1
6581,3904,North,Lower Sacramento River Ship Channel,Sac DW Ship Channel,26-38-SSC10,2026-04-15,10:32:16,,L,38.45289,-121.59368,38.45297,-121.59236,38.45832,-121.58989,20mm,Surface,U,1,10,1,No,29424,1193.97384,1193.97384,,,1193.97384,,Ebb,CLD,29.9,0.47,18,960,27.4,5,Complete,Lab,HYPOM,,HYPOM,Hypomesus spp. unknown,12,n/p,2026-0468,None,n/p,n/p,n/p,,,,No,1
6581,3904,North,Lower Sacramento River Ship Channel,Sac DW Ship Channel,26-38-SSC10,2026-04-15,10:32:16,,L,38.45289,-121.59368,38.45297,-121.59236,38.45832,-121.58989,20mm,Surface,U,1,10,1,No,29424,1193.97384,1193.97384,,,1193.97384,,Ebb,CLD,29.9,0.47,18,960,27.4,5,Complete,Lab,HYPOM,,HYPOM,Hypomesus spp. unknown,12.2,n/p,2026-0472,None,n/p,n/p,n/p,,,,No,1
6581,3904,North,Lower Sacramento River Ship Channel,Sac DW Ship Channel,26-38-SSC10,2026-04-15,10:32:16,,L,38.45289,-121.59368,38.45297,-121.59236,38.45832,-121.58989,20mm,Surface,U,1,10,1,No,29424,1193.97384,1193.97384,,,1193.97384,,Ebb,CLD,29.9,0.47,18,960,27.4,5,Complete,Lab,HYPOM,,HYPOM,Hypomesus spp. unknown,16,n/p,2026-0090,None,n/p,n/p,n/p,,,,No,1
6581,3904,North,Lower Sacramento River Ship Channel,Sac DW Ship Channel,26-38-SSC10,2026-04-15,10:32:16,,L,38.45289,-121.59368,38.45297,-121.59236,38.45832,-121.58989,20mm,Surface,U,1,10,1,No,29424,1193.97384,1193.97384,,,1193.97384,,Ebb,CLD,29.9,0.47,18,960,27.4,5,Complete,Lab,HYPOM,,HYPOM,Hypomesus spp. unknown,16.8,n/p,2026-0044,None,n/p,n/p,n/p,,,,No,1
6581,3904,North,Lower Sacramento River Ship Channel,Sac DW Ship Channel,26-38-SSC10,2026-04-15,10:32:16,,L,38.45289,-121.59368,38.45297,-121.59236,38.45832,-121.58989,20mm,Surface,U,1,10,1,No,29424,1193.97384,1193.97384,,,1193.97384,,Ebb,CLD,29.9,0.47,18,960,27.4,5,Complete,Lab,HYPOM,,HYPOM,Hypomesus spp. unknown,17,n/p,2026-0265,None,n/p,n/p,n/p,,,,No,1
6581,3904,North,Lower Sacramento River Ship Channel,Sac DW Ship Channel,26-38-SSC10,2026-04-15,10:32:16,,L,38.45289,-121.59368,38.45297,-121.59236,38.45832,-121.58989,20mm,Surface,U,1,10,1,No,29424,1193.97384,1193.97384,,,1193.97384,,Ebb,CLD,29.9,0.47,18,960,27.4,5,Complete,Lab,HYPOM,,HYPOM,Hypomesus spp. unknown,17.8,n/p,2026-0187,None,n/p,n/p,n/p,,,,No,1
6581,3904,North,Lower Sacramento River Ship Channel,Sac DW Ship Channel,26-38-SSC10,2026-04-15,10:32:16,,L,38.45289,-121.59368,38.45297,-121.59236,38.45832,-121.58989,20mm,Surface,U,1,10,1,No,29424,1193.97384,1193.97384,,,1193.97384,,Ebb,CLD,29.9,0.47,18,960,27.4,5,Complete,Lab,HYPOM,,HYPOM,Hypomesus spp. unknown,18.3,n/p,2026-0647,None,n/p,n/p,n/p,,,,No,1
6581,3904,North,Lower Sacramento River Ship Channel,Sac DW Ship Channel,26-38-SSC10,2026-04-15,10:32:16,,L,38.45289,-121.59368,38.45297,-121.59236,38.45832,-121.58989,20mm,Surface,U,1,10,1,No,29424,1193.97384,1193.97384,,,1193.97384,,Ebb,CLD,29.9,0.47,18,960,27.4,5,Complete,Lab,HYPOM,,HYPOM,Hypomesus spp. unknown,18.9,n/p,2026-0144,None,n/p,n/p,n/p,,,,No,1
6581,3904,North,Lower Sacramento River Ship Channel,Sac DW Ship Channel,26-38-SSC10,2026-04-15,10:32:16,,L,38.45289,-121.59368,38.45297,-121.59236,38.45832,-121.58989,20mm,Surface,U,1,10,1,No,29424,1193.97384,1193.97384,,,1193.97384,,Ebb,CLD,29.9,0.47,18,960,27.4,5,Complete,Lab,HYPOM,,HYPOM,Hypomesus spp. unknown,20,n/p,2026-0099,None,n/p,n/p,n/p,,,,No,1
6581,3904,North,Lower Sacramento River Ship Channel,Sac DW Ship Channel,26-38-SSC10,2026-04-15,10:32:16,,L,38.45289,-121.59368,38.45297,-121.59236,38.45832,-121.58989,20mm,Surface,U,1,10,1,No,29424,1193.97384,1193.97384,,,1193.97384,,Ebb,CLD,29.9,0.47,18,960,27.4,5,Complete,Lab,HYPOM,,HYPOM,Hypomesus spp. unknown,22.5,n/p,2026-0026,None,n/p,n/p,n/p,,,,No,1
6581,3904,North,Lower Sacramento River Ship Channel,Sac DW Ship Channel,26-38-SSC10,2026-04-15,10:32:16,,L,38.45289,-121.59368,38.45297,-121.59236,38.45832,-121.58989,20mm,Surface,U,1,10,1,No,29424,1193.97384,1193.97384,,,1193.97384,,Ebb,CLD,29.9,0.47,18,960,27.4,5,Complete,Lab,HYPOM,,HYPOM,Hypomesus spp. unknown,22.5,n/p,2026-0078,None,n/p,n/p,n/p,,,,No,1
6581,3904,North,Lower Sacramento River Ship Channel,Sac DW Ship Channel,26-38-SSC10,2026-04-15,10:32:16,,L,38.45289,-121.59368,38.45297,-121.59236,38.45832,-121.58989,20mm,Surface,U,1,10,1,No,29424,1193.97384,1193.97384,,,1193.97384,,Ebb,CLD,29.9,0.47,18,960,27.4,5,Complete,Lab,HYPOM,,HYPOM,Hypomesus spp. unknown,22.6,n/p,2026-0279,None,n/p,n/p,n/p,,,,No,1
6581,3904,North,Lower Sacramento River Ship Channel,Sac DW Ship Channel,26-38-SSC10,2026-04-15,10:32:16,,L,38.45289,-121.59368,38.45297,-121.59236,38.45832,-121.58989,20mm,Surface,U,1,10,1,No,29424,1193.97384,1193.97384,,,1193.97384,,Ebb,CLD,29.9,0.47,18,960,27.4,5,Complete,Lab,HYPOM,,HYPOM,Hypomesus spp. unknown,25.5,n/p,2026-0339,None,n/p,n/p,n/p,,,,No,1
6582,3904,North,Lower Sacramento River Ship Channel,Sac DW Ship Channel,26-38-SSC10,2026-04-15,10:49:29,,L,38.45289,-121.59368,38.45346,-121.59218,38.45844,-121.58948,20mm,Surface,U,2,10,1,No,28563,1159.035983,1159.035983,,,1159.035983,,Ebb,CLD,30,0.3,18,961,27.44,9.02,Complete,Lab,HYPOM,,HYPOM,Hypomesus spp. unknown,10.5,n/p,2026-0949,None,n/p,n/p,n/p,,,,No,1
6582,3904,North,Lower Sacramento River Ship Channel,Sac DW Ship Channel,26-38-SSC10,2026-04-15,10:49:29,,L,38.45289,-121.59368,38.45346,-121.59218,38.45844,-121.58948,20mm,Surface,U,2,10,1,No,28563,1159.035983,1159.035983,,,1159.035983,,Ebb,CLD,30,0.3,18,961,27.44,9.02,Complete,Lab,HYPOM,,HYPOM,Hypomesus spp. unknown,12.5,n/p,2026-0988,None,n/p,n/p,n/p,,,,No,1
6582,3904,North,Lower Sacramento River Ship Channel,Sac DW Ship Channel,26-38-SSC10,2026-04-15,10:49:29,,L,38.45289,-121.59368,38.45346,-121.59218,38.45844,-121.58948,20mm,Surface,U,2,10,1,No,28563,1159.035983,1159.035983,,,1159.035983,,Ebb,CLD,30,0.3,18,961,27.44,9.02,Complete,Lab,HYPOM,,HYPOM,Hypomesus spp. unknown,13.1,n/p,2026-1103,None,n/p,n/p,n/p,,,,No,1
6582,3904,North,Lower Sacramento River Ship Channel,Sac DW Ship Channel,26-38-SSC10,2026-04-15,10:49:29,,L,38.45289,-121.59368,38.45346,-121.59218,38.45844,-121.58948,20mm,Surface,U,2,10,1,No,28563,1159.035983,1159.035983,,,1159.035983,,Ebb,CLD,30,0.3,18,961,27.44,9.02,Complete,Lab,HYPOM,,HYPOM,Hypomesus spp. unknown,14.1,n/p,2026-1348,None,n/p,n/p,n/p,,,,No,1
6582,3904,North,Lower Sacramento River Ship Channel,Sac DW Ship Channel,26-38-SSC10,2026-04-15,10:49:29,,L,38.45289,-121.59368,38.45346,-121.59218,38.45844,-121.58948,20mm,Surface,U,2,10,1,No,28563,1159.035983,1159.035983,,,1159.035983,,Ebb,CLD,30,0.3,18,961,27.44,9.02,Complete,Lab,HYPOM,,HYPOM,Hypomesus spp. unknown,14.6,n/p,2026-1089,None,n/p,n/p,n/p,,,,No,1
6582,3904,North,Lower Sacramento River Ship Channel,Sac DW Ship Channel,26-38-SSC10,2026-04-15,10:49:29,,L,38.45289,-121.59368,38.45346,-121.59218,38.45844,-121.58948,20mm,Surface,U,2,10,1,No,28563,1159.035983,1159.035983,,,1159.035983,,Ebb,CLD,30,0.3,18,961,27.44,9.02,Complete,Lab,HYPOM,,HYPOM,Hypomesus spp. unknown,14.9,n/p,2026-1371,None,n/p,n/p,n/p,,,,No,1
6582,3904,North,Lower Sacramento River Ship Channel,Sac DW Ship Channel,26-38-SSC10,2026-04-15,10:49:29,,L,38.45289,-121.59368,38.45346,-121.59218,38.45844,-121.58948,20mm,Surface,U,2,10,1,No,28563,1159.035983,1159.035983,,,1159.035983,,Ebb,CLD,30,0.3,18,961,27.44,9.02,Complete,Lab,HYPOM,,HYPOM,Hypomesus spp. unknown,15,n/p,2026-0979,None,n/p,n/p,n/p,,,,No,1
6582,3904,North,Lower Sacramento River Ship Channel,Sac DW Ship Channel,26-38-SSC10,2026-04-15,10:49:29,,L,38.45289,-121.59368,38.45346,-121.59218,38.45844,-121.58948,20mm,Surface,U,2,10,1,No,28563,1159.035983,1159.035983,,,1159.035983,,Ebb,CLD,30,0.3,18,961,27.44,9.02,Complete,Lab,HYPOM,,HYPOM,Hypomesus spp. unknown,17.1,n/p,2026-1107,None,n/p,n/p,n/p,,,,No,1
6582,3904,North,Lower Sacramento River Ship Channel,Sac DW Ship Channel,26-38-SSC10,2026-04-15,10:49:29,,L,38.45289,-121.59368,38.45346,-121.59218,38.45844,-121.58948,20mm,Surface,U,2,10,1,No,28563,1159.035983,1159.035983,,,1159.035983,,Ebb,CLD,30,0.3,18,961,27.44,9.02,Complete,Lab,HYPOM,,HYPOM,Hypomesus spp. unknown,17.2,n/p,2026-0863,None,n/p,n/p,n/p,,,,No,1
6582,3904,North,Lower Sacramento River Ship Channel,Sac DW Ship Channel,26-38-SSC10,2026-04-15,10:49:29,,L,38.45289,-121.59368,38.45346,-121.59218,38.45844,-121.58948,20mm,Surface,U,2,10,1,No,28563,1159.035983,1159.035983,,,1159.035983,,Ebb,CLD,30,0.3,18,961,27.44,9.02,Complete,Lab,HYPOM,,HYPOM,Hypomesus spp. unknown,18,n/p,2026-0930,None,n/p,n/p,n/p,,,,No,1
6582,3904,North,Lower Sacramento River Ship Channel,Sac DW Ship Channel,26-38-SSC10,2026-04-15,10:49:29,,L,38.45289,-121.59368,38.45346,-121.59218,38.45844,-121.58948,20mm,Surface,U,2,10,1,No,28563,1159.035983,1159.035983,,,1159.035983,,Ebb,CLD,30,0.3,18,961,27.44,9.02,Complete,Lab,HYPOM,,HYPOM,Hypomesus spp. unknown,18.1,n/p,2026-0967,None,n/p,n/p,n/p,,,,No,1
6582,3904,North,Lower Sacramento River Ship Channel,Sac DW Ship Channel,26-38-SSC10,2026-04-15,10:49:29,,L,38.45289,-121.59368,38.45346,-121.59218,38.45844,-121.58948,20mm,Surface,U,2,10,1,No,28563,1159.035983,1159.035983,,,1159.035983,,Ebb,CLD,30,0.3,18,961,27.44,9.02,Complete,Lab,HYPOM,,HYPOM,Hypomesus spp. unknown,18.9,n/p,2026-1364,None,n/p,n/p,n/p,,,,No,1
6582,3904,North,Lower Sacramento River Ship Channel,Sac DW Ship Channel,26-38-SSC10,2026-04-15,10:49:29,,L,38.45289,-121.59368,38.45346,-121.59218,38.45844,-121.58948,20mm,Surface,U,2,10,1,No,28563,1159.035983,1159.035983,,,1159.035983,,Ebb,CLD,30,0.3,18,961,27.44,9.02,Complete,Lab,HYPOM,,HYPOM,Hypomesus spp. unknown,19.5,n/p,2026-0888,None,n/p,n/p,n/p,,,,No,1
6582,3904,North,Lower Sacramento River Ship Channel,Sac DW Ship Channel,26-38-SSC10,2026-04-15,10:49:29,,L,38.45289,-121.59368,38.45346,-121.59218,38.45844,-121.58948,20mm,Surface,U,2,10,1,No,28563,1159.035983,1159.035983,,,1159.035983,,Ebb,CLD,30,0.3,18,961,27.44,9.02,Complete,Lab,HYPOM,,HYPOM,Hypomesus spp. unknown,19.8,n/p,2026-0926,None,n/p,n/p,n/p,,,,No,1
6582,3904,North,Lower Sacramento River Ship Channel,Sac DW Ship Channel,26-38-SSC10,2026-04-15,10:49:29,,L,38.45289,-121.59368,38.45346,-121.59218,38.45844,-121.58948,20mm,Surface,U,2,10,1,No,28563,1159.035983,1159.035983,,,1159.035983,,Ebb,CLD,30,0.3,18,961,27.44,9.02,Complete,Lab,HYPOM,,HYPOM,Hypomesus spp. unknown,20,n/p,2026-0941,None,n/p,n/p,n/p,,,,No,1
6582,3904,North,Lower Sacramento River Ship Channel,Sac DW Ship Channel,26-38-SSC10,2026-04-15,10:49:29,,L,38.45289,-121.59368,38.45346,-121.59218,38.45844,-121.58948,20mm,Surface,U,2,10,1,No,28563,1159.035983,1159.035983,,,1159.035983,,Ebb,CLD,30,0.3,18,961,27.44,9.02,Complete,Lab,HYPOM,,HYPOM,Hypomesus spp. unknown,21.6,n/p,2026-0945,None,n/p,n/p,n/p,,,,No,1
6582,3904,North,Lower Sacramento River Ship Channel,Sac DW Ship Channel,26-38-SSC10,2026-04-15,10:49:29,,L,38.45289,-121.59368,38.45346,-121.59218,38.45844,-121.58948,20mm,Surface,U,2,10,1,No,28563,1159.035983,1159.035983,,,1159.035983,,Ebb,CLD,30,0.3,18,961,27.44,9.02,Complete,Lab,HYPOM,,HYPOM,Hypomesus spp. unknown,22.6,n/p,2026-1354,None,n/p,n/p,n/p,,,,No,1
6582,3904,North,Lower Sacramento River Ship Channel,Sac DW Ship Channel,26-38-SSC10,2026-04-15,10:49:29,,L,38.45289,-121.59368,38.45346,-121.59218,38.45844,-121.58948,20mm,Surface,U,2,10,1,No,28563,1159.035983,1159.035983,,,1159.035983,,Ebb,CLD,30,0.3,18,961,27.44,9.02,Complete,Lab,HYPOM,,HYPOM,Hypomesus spp. unknown,24.4,n/p,2026-0871,None,n/p,n/p,n/p,,,,No,1
6582,3904,North,Lower Sacramento River Ship Channel,Sac DW Ship Channel,26-38-SSC10,2026-04-15,10:49:29,,L,38.45289,-121.59368,38.45346,-121.59218,38.45844,-121.58948,20mm,Surface,U,2,10,1,No,28563,1159.035983,1159.035983,,,1159.035983,,Ebb,CLD,30,0.3,18,961,27.44,9.02,Complete,Lab,HYPOM,,HYPOM,Hypomesus spp. unknown,26.1,n/p,2026-0981,None,n/p,n/p,n/p,,,,No,1
6583,3905,North,Lower Sacramento River Ship Channel,Sac DW Ship Channel,26-38-SSC01,2026-04-15,11:19:43,,L,38.40526,-121.61569,38.40598,-121.61427,38.41104,-121.61194,20mm,Surface,U,1,10,1,No,26900,1091.554387,1091.554387,,,1091.554387,WAG from field retained for verification.,Ebb,CLR,29.5,0.29,17.8,856,38.74,9.19,Complete,Lab,HYPOM,,HYPOM,Hypomesus spp. unknown,0,n/p,2026-0897,None,n/p,n/p,n/p,,,,No,1
6583,3905,North,Lower Sacramento River Ship Channel,Sac DW Ship Channel,26-38-SSC01,2026-04-15,11:19:43,,L,38.40526,-121.61569,38.40598,-121.61427,38.41104,-121.61194,20mm,Surface,U,1,10,1,No,26900,1091.554387,1091.554387,,,1091.554387,WAG from field retained for verification.,Ebb,CLR,29.5,0.29,17.8,856,38.74,9.19,Complete,Lab,HYPOM,,HYPOM,Hypomesus spp. unknown,0,n/p,2026-1382,None,n/p,n/p,n/p,,,,No,1
6583,3905,North,Lower Sacramento River Ship Channel,Sac DW Ship Channel,26-38-SSC01,2026-04-15,11:19:43,,L,38.40526,-121.61569,38.40598,-121.61427,38.41104,-121.61194,20mm,Surface,U,1,10,1,No,26900,1091.554387,1091.554387,,,1091.554387,WAG from field retained for verification.,Ebb,CLR,29.5,0.29,17.8,856,38.74,9.19,Complete,Lab,HYPOM,,HYPOM,Hypomesus spp. unknown,12.3,n/p,2026-1152,None,n/p,n/p,n/p,,,,No,1
6583,3905,North,Lower Sacramento River Ship Channel,Sac DW Ship Channel,26-38-SSC01,2026-04-15,11:19:43,,L,38.40526,-121.61569,38.40598,-121.61427,38.41104,-121.61194,20mm,Surface,U,1,10,1,No,26900,1091.554387,1091.554387,,,1091.554387,WAG from field retained for verification.,Ebb,CLR,29.5,0.29,17.8,856,38.74,9.19,Complete,Lab,HYPOM,,HYPOM,Hypomesus spp. unknown,17,n/p,2026-1174,None,n/p,n/p,n/p,,,,No,1
6583,3905,North,Lower Sacramento River Ship Channel,Sac DW Ship Channel,26-38-SSC01,2026-04-15,11:19:43,,L,38.40526,-121.61569,38.40598,-121.61427,38.41104,-121.61194,20mm,Surface,U,1,10,1,No,26900,1091.554387,1091.554387,,,1091.554387,WAG from field retained for verification.,Ebb,CLR,29.5,0.29,17.8,856,38.74,9.19,Complete,Lab,HYPOM,,HYPOM,Hypomesus spp. unknown,17.5,n/p,2026-1035,None,n/p,n/p,n/p,,,,No,1
6583,3905,North,Lower Sacramento River Ship Channel,Sac DW Ship Channel,26-38-SSC01,2026-04-15,11:19:43,,L,38.40526,-121.61569,38.40598,-121.61427,38.41104,-121.61194,20mm,Surface,U,1,10,1,No,26900,1091.554387,1091.554387,,,1091.554387,WAG from field retained for verification.,Ebb,CLR,29.5,0.29,17.8,856,38.74,9.19,Complete,Lab,HYPOM,,HYPOM,Hypomesus spp. unknown,17.6,n/p,2026-1358,None,n/p,n/p,n/p,,,,No,1
6583,3905,North,Lower Sacramento River Ship Channel,Sac DW Ship Channel,26-38-SSC01,2026-04-15,11:19:43,,L,38.40526,-121.61569,38.40598,-121.61427,38.41104,-121.61194,20mm,Surface,U,1,10,1,No,26900,1091.554387,1091.554387,,,1091.554387,WAG from field retained for verification.,Ebb,CLR,29.5,0.29,17.8,856,38.74,9.19,Complete,Lab,HYPOM,,HYPOM,Hypomesus spp. unknown,18.2,n/p,2026-1357,None,n/p,n/p,n/p,,,,No,1
6583,3905,North,Lower Sacramento River Ship Channel,Sac DW Ship Channel,26-38-SSC01,2026-04-15,11:19:43,,L,38.40526,-121.61569,38.40598,-121.61427,38.41104,-121.61194,20mm,Surface,U,1,10,1,No,26900,1091.554387,1091.554387,,,1091.554387,WAG from field retained for verification.,Ebb,CLR,29.5,0.29,17.8,856,38.74,9.19,Complete,Lab,HYPOM,,HYPOM,Hypomesus spp. unknown,18.5,n/p,2026-1110,None,n/p,n/p,n/p,,,,No,1
6583,3905,North,Lower Sacramento River Ship Channel,Sac DW Ship Channel,26-38-SSC01,2026-04-15,11:19:43,,L,38.40526,-121.61569,38.40598,-121.61427,38.41104,-121.61194,20mm,Surface,U,1,10,1,No,26900,1091.554387,1091.554387,,,1091.554387,WAG from field retained for verification.,Ebb,CLR,29.5,0.29,17.8,856,38.74,9.19,Complete,Lab,HYPOM,,HYPOM,Hypomesus spp. unknown,19,n/p,2026-1127,None,n/p,n/p,n/p,,,,No,1
6583,3905,North,Lower Sacramento River Ship Channel,Sac DW Ship Channel,26-38-SSC01,2026-04-15,11:19:43,,L,38.40526,-121.61569,38.40598,-121.61427,38.41104,-121.61194,20mm,Surface,U,1,10,1,No,26900,1091.554387,1091.554387,,,1091.554387,WAG from field retained for verification.,Ebb,CLR,29.5,0.29,17.8,856,38.74,9.19,Complete,Lab,HYPOM,,HYPOM,Hypomesus spp. unknown,20.1,n/p,2026-1168,None,n/p,n/p,n/p,,,,No,1
6583,3905,North,Lower Sacramento River Ship Channel,Sac DW Ship Channel,26-38-SSC01,2026-04-15,11:19:43,,L,38.40526,-121.61569,38.40598,-121.61427,38.41104,-121.61194,20mm,Surface,U,1,10,1,No,26900,1091.554387,1091.554387,,,1091.554387,WAG from field retained for verification.,Ebb,CLR,29.5,0.29,17.8,856,38.74,9.19,Complete,Lab,HYPOM,,HYPOM,Hypomesus spp. unknown,20.4,n/p,2026-1052,None,n/p,n/p,n/p,,,,No,1
6583,3905,North,Lower Sacramento River Ship Channel,Sac DW Ship Channel,26-38-SSC01,2026-04-15,11:19:43,,L,38.40526,-121.61569,38.40598,-121.61427,38.41104,-121.61194,20mm,Surface,U,1,10,1,No,26900,1091.554387,1091.554387,,,1091.554387,WAG from field retained for verification.,Ebb,CLR,29.5,0.29,17.8,856,38.74,9.19,Complete,Lab,HYPOM,,HYPOM,Hypomesus spp. unknown,20.5,n/p,2026-0964,None,n/p,n/p,n/p,,,,No,1
6583,3905,North,Lower Sacramento River Ship Channel,Sac DW Ship Channel,26-38-SSC01,2026-04-15,11:19:43,,L,38.40526,-121.61569,38.40598,-121.61427,38.41104,-121.61194,20mm,Surface,U,1,10,1,No,26900,1091.554387,1091.554387,,,1091.554387,WAG from field retained for verification.,Ebb,CLR,29.5,0.29,17.8,856,38.74,9.19,Complete,Lab,HYPOM,,HYPOM,Hypomesus spp. unknown,20.6,n/p,2026-1096,None,n/p,n/p,n/p,,,,No,1
6583,3905,North,Lower Sacramento River Ship Channel,Sac DW Ship Channel,26-38-SSC01,2026-04-15,11:19:43,,L,38.40526,-121.61569,38.40598,-121.61427,38.41104,-121.61194,20mm,Surface,U,1,10,1,No,26900,1091.554387,1091.554387,,,1091.554387,WAG from field retained for verification.,Ebb,CLR,29.5,0.29,17.8,856,38.74,9.19,Complete,Lab,HYPOM,,HYPOM,Hypomesus spp. unknown,20.8,n/p,2026-1355,None,n/p,n/p,n/p,,,,No,1
6583,3905,North,Lower Sacramento River Ship Channel,Sac DW Ship Channel,26-38-SSC01,2026-04-15,11:19:43,,L,38.40526,-121.61569,38.40598,-121.61427,38.41104,-121.61194,20mm,Surface,U,1,10,1,No,26900,1091.554387,1091.554387,,,1091.554387,WAG from field retained for verification.,Ebb,CLR,29.5,0.29,17.8,856,38.74,9.19,Complete,Lab,HYPOM,,HYPOM,Hypomesus spp. unknown,21,n/p,2026-0925,None,n/p,n/p,n/p,,,,No,1
6583,3905,North,Lower Sacramento River Ship Channel,Sac DW Ship Channel,26-38-SSC01,2026-04-15,11:19:43,,L,38.40526,-121.61569,38.40598,-121.61427,38.41104,-121.61194,20mm,Surface,U,1,10,1,No,26900,1091.554387,1091.554387,,,1091.554387,WAG from field retained for verification.,Ebb,CLR,29.5,0.29,17.8,856,38.74,9.19,Complete,Lab,HYPOM,,HYPOM,Hypomesus spp. unknown,21.6,n/p,2026-1180,None,n/p,n/p,n/p,,,,No,1
6583,3905,North,Lower Sacramento River Ship Channel,Sac DW Ship Channel,26-38-SSC01,2026-04-15,11:19:43,,L,38.40526,-121.61569,38.40598,-121.61427,38.41104,-121.61194,20mm,Surface,U,1,10,1,No,26900,1091.554387,1091.554387,,,1091.554387,WAG from field retained for verification.,Ebb,CLR,29.5,0.29,17.8,856,38.74,9.19,Complete,Lab,HYPOM,,HYPOM,Hypomesus spp. unknown,22,n/p,2026-0929,None,n/p,n/p,n/p,,,,No,1
6583,3905,North,Lower Sacramento River Ship Channel,Sac DW Ship Channel,26-38-SSC01,2026-04-15,11:19:43,,L,38.40526,-121.61569,38.40598,-121.61427,38.41104,-121.61194,20mm,Surface,U,1,10,1,No,26900,1091.554387,1091.554387,,,1091.554387,WAG from field retained for verification.,Ebb,CLR,29.5,0.29,17.8,856,38.74,9.19,Complete,Lab,HYPOM,,HYPOM,Hypomesus spp. unknown,22.5,n/p,2026-1053,None,n/p,n/p,n/p,,,,No,1
6583,3905,North,Lower Sacramento River Ship Channel,Sac DW Ship Channel,26-38-SSC01,2026-04-15,11:19:43,,L,38.40526,-121.61569,38.40598,-121.61427,38.41104,-121.61194,20mm,Surface,U,1,10,1,No,26900,1091.554387,1091.554387,,,1091.554387,WAG from field retained for verification.,Ebb,CLR,29.5,0.29,17.8,856,38.74,9.19,Complete,Lab,HYPOM,,HYPOM,Hypomesus spp. unknown,22.5,n/p,2026-1087,None,n/p,n/p,n/p,,,,No,1
6583,3905,North,Lower Sacramento River Ship Channel,Sac DW Ship Channel,26-38-SSC01,2026-04-15,11:19:43,,L,38.40526,-121.61569,38.40598,-121.61427,38.41104,-121.61194,20mm,Surface,U,1,10,1,No,26900,1091.554387,1091.554387,,,1091.554387,WAG from field retained for verification.,Ebb,CLR,29.5,0.29,17.8,856,38.74,9.19,Complete,Lab,HYPOM,,HYPOM,Hypomesus spp. unknown,22.7,n/p,2026-0937,None,n/p,n/p,n/p,,,,No,1
6583,3905,North,Lower Sacramento River Ship Channel,Sac DW Ship Channel,26-38-SSC01,2026-04-15,11:19:43,,L,38.40526,-121.61569,38.40598,-121.61427,38.41104,-121.61194,20mm,Surface,U,1,10,1,No,26900,1091.554387,1091.554387,,,1091.554387,WAG from field retained for verification.,Ebb,CLR,29.5,0.29,17.8,856,38.74,9.19,Complete,Lab,HYPOM,,HYPOM,Hypomesus spp. unknown,23,n/p,2026-0920,None,n/p,n/p,n/p,,,,No,1
6583,3905,North,Lower Sacramento River Ship Channel,Sac DW Ship Channel,26-38-SSC01,2026-04-15,11:19:43,,L,38.40526,-121.61569,38.40598,-121.61427,38.41104,-121.61194,20mm,Surface,U,1,10,1,No,26900,1091.554387,1091.554387,,,1091.554387,WAG from field retained for verification.,Ebb,CLR,29.5,0.29,17.8,856,38.74,9.19,Complete,Lab,HYPOM,,HYPOM,Hypomesus spp. unknown,23,n/p,2026-0950,None,n/p,n/p,n/p,,,,No,1
6583,3905,North,Lower Sacramento River Ship Channel,Sac DW Ship Channel,26-38-SSC01,2026-04-15,11:19:43,,L,38.40526,-121.61569,38.40598,-121.61427,38.41104,-121.61194,20mm,Surface,U,1,10,1,No,26900,1091.554387,1091.554387,,,1091.554387,WAG from field retained for verification.,Ebb,CLR,29.5,0.29,17.8,856,38.74,9.19,Complete,Lab,HYPOM,,HYPOM,Hypomesus spp. unknown,23.1,n/p,2026-0924,None,n/p,n/p,n/p,,,,No,1
6583,3905,North,Lower Sacramento River Ship Channel,Sac DW Ship Channel,26-38-SSC01,2026-04-15,11:19:43,,L,38.40526,-121.61569,38.40598,-121.61427,38.41104,-121.61194,20mm,Surface,U,1,10,1,No,26900,1091.554387,1091.554387,,,1091.554387,WAG from field retained for verification.,Ebb,CLR,29.5,0.29,17.8,856,38.74,9.19,Complete,Lab,HYPOM,,HYPOM,Hypomesus spp. unknown,23.3,n/p,2026-0928,None,n/p,n/p,n/p,,,,No,1
6583,3905,North,Lower Sacramento River Ship Channel,Sac DW Ship Channel,26-38-SSC01,2026-04-15,11:19:43,,L,38.40526,-121.61569,38.40598,-121.61427,38.41104,-121.61194,20mm,Surface,U,1,10,1,No,26900,1091.554387,1091.554387,,,1091.554387,WAG from field retained for verification.,Ebb,CLR,29.5,0.29,17.8,856,38.74,9.19,Complete,Lab,HYPOM,,HYPOM,Hypomesus spp. unknown,23.5,n/p,2026-0933,None,n/p,n/p,n/p,,,,No,1
6583,3905,North,Lower Sacramento River Ship Channel,Sac DW Ship Channel,26-38-SSC01,2026-04-15,11:19:43,,L,38.40526,-121.61569,38.40598,-121.61427,38.41104,-121.61194,20mm,Surface,U,1,10,1,No,26900,1091.554387,1091.554387,,,1091.554387,WAG from field retained for verification.,Ebb,CLR,29.5,0.29,17.8,856,38.74,9.19,Complete,Lab,HYPOM,,HYPOM,Hypomesus spp. unknown,23.6,n/p,2026-1073,None,n/p,n/p,n/p,,,,No,1
6583,3905,North,Lower Sacramento River Ship Channel,Sac DW Ship Channel,26-38-SSC01,2026-04-15,11:19:43,,L,38.40526,-121.61569,38.40598,-121.61427,38.41104,-121.61194,20mm,Surface,U,1,10,1,No,26900,1091.554387,1091.554387,,,1091.554387,WAG from field retained for verification.,Ebb,CLR,29.5,0.29,17.8,856,38.74,9.19,Complete,Lab,HYPOM,,HYPOM,Hypomesus spp. unknown,24.5,n/p,2026-1167,None,n/p,n/p,n/p,,,,No,1
6583,3905,North,Lower Sacramento River Ship Channel,Sac DW Ship Channel,26-38-SSC01,2026-04-15,11:19:43,,L,38.40526,-121.61569,38.40598,-121.61427,38.41104,-121.61194,20mm,Surface,U,1,10,1,No,26900,1091.554387,1091.554387,,,1091.554387,WAG from field retained for verification.,Ebb,CLR,29.5,0.29,17.8,856,38.74,9.19,Complete,Lab,HYPOM,,HYPOM,Hypomesus spp. unknown,25.1,n/p,2026-1162,None,n/p,n/p,n/p,,,,No,1
6583,3905,North,Lower Sacramento River Ship Channel,Sac DW Ship Channel,26-38-SSC01,2026-04-15,11:19:43,,L,38.40526,-121.61569,38.40598,-121.61427,38.41104,-121.61194,20mm,Surface,U,1,10,1,No,26900,1091.554387,1091.554387,,,1091.554387,WAG from field retained for verification.,Ebb,CLR,29.5,0.29,17.8,856,38.74,9.19,Complete,Lab,HYPOM,,HYPOM,Hypomesus spp. unknown,25.1,n/p,2026-1394,None,n/p,n/p,n/p,,,,No,1
6583,3905,North,Lower Sacramento River Ship Channel,Sac DW Ship Channel,26-38-SSC01,2026-04-15,11:19:43,,L,38.40526,-121.61569,38.40598,-121.61427,38.41104,-121.61194,20mm,Surface,U,1,10,1,No,26900,1091.554387,1091.554387,,,1091.554387,WAG from field retained for verification.,Ebb,CLR,29.5,0.29,17.8,856,38.74,9.19,Complete,Lab,HYPOM,,HYPOM,Hypomesus spp. unknown,25.2,n/p,2026-1112,None,n/p,n/p,n/p,,,,No,1
6583,3905,North,Lower Sacramento River Ship Channel,Sac DW Ship Channel,26-38-SSC01,2026-04-15,11:19:43,,L,38.40526,-121.61569,38.40598,-121.61427,38.41104,-121.61194,20mm,Surface,U,1,10,1,No,26900,1091.554387,1091.554387,,,1091.554387,WAG from field retained for verification.,Ebb,CLR,29.5,0.29,17.8,856,38.74,9.19,Complete,Lab,HYPOM,,HYPOM,Hypomesus spp. unknown,25.3,n/p,2026-1158,None,n/p,n/p,n/p,,,,No,1
6583,3905,North,Lower Sacramento River Ship Channel,Sac DW Ship Channel,26-38-SSC01,2026-04-15,11:19:43,,L,38.40526,-121.61569,38.40598,-121.61427,38.41104,-121.61194,20mm,Surface,U,1,10,1,No,26900,1091.554387,1091.554387,,,1091.554387,WAG from field retained for verification.,Ebb,CLR,29.5,0.29,17.8,856,38.74,9.19,Complete,Lab,HYPOM,,HYPOM,Hypomesus spp. unknown,25.5,n/p,2026-0882,None,n/p,n/p,n/p,,,,No,1
6583,3905,North,Lower Sacramento River Ship Channel,Sac DW Ship Channel,26-38-SSC01,2026-04-15,11:19:43,,L,38.40526,-121.61569,38.40598,-121.61427,38.41104,-121.61194,20mm,Surface,U,1,10,1,No,26900,1091.554387,1091.554387,,,1091.554387,WAG from field retained for verification.,Ebb,CLR,29.5,0.29,17.8,856,38.74,9.19,Complete,Lab,HYPOM,,HYPOM,Hypomesus spp. unknown,26,n/p,2026-0943,None,n/p,n/p,n/p,,,,No,1
6583,3905,North,Lower Sacramento River Ship Channel,Sac DW Ship Channel,26-38-SSC01,2026-04-15,11:19:43,,L,38.40526,-121.61569,38.40598,-121.61427,38.41104,-121.61194,20mm,Surface,U,1,10,1,No,26900,1091.554387,1091.554387,,,1091.554387,WAG from field retained for verification.,Ebb,CLR,29.5,0.29,17.8,856,38.74,9.19,Complete,Lab,HYPOM,,HYPOM,Hypomesus spp. unknown,26,n/p,2026-1091,None,n/p,n/p,n/p,,,,No,1
6583,3905,North,Lower Sacramento River Ship Channel,Sac DW Ship Channel,26-38-SSC01,2026-04-15,11:19:43,,L,38.40526,-121.61569,38.40598,-121.61427,38.41104,-121.61194,20mm,Surface,U,1,10,1,No,26900,1091.554387,1091.554387,,,1091.554387,WAG from field retained for verification.,Ebb,CLR,29.5,0.29,17.8,856,38.74,9.19,Complete,Lab,HYPOM,,HYPOM,Hypomesus spp. unknown,26,n/p,2026-1113,None,n/p,n/p,n/p,,,,No,1
6583,3905,North,Lower Sacramento River Ship Channel,Sac DW Ship Channel,26-38-SSC01,2026-04-15,11:19:43,,L,38.40526,-121.61569,38.40598,-121.61427,38.41104,-121.61194,20mm,Surface,U,1,10,1,No,26900,1091.554387,1091.554387,,,1091.554387,WAG from field retained for verification.,Ebb,CLR,29.5,0.29,17.8,856,38.74,9.19,Complete,Lab,HYPOM,,HYPOM,Hypomesus spp. unknown,26.1,n/p,2026-0954,None,n/p,n/p,n/p,,,,No,1
6583,3905,North,Lower Sacramento River Ship Channel,Sac DW Ship Channel,26-38-SSC01,2026-04-15,11:19:43,,L,38.40526,-121.61569,38.40598,-121.61427,38.41104,-121.61194,20mm,Surface,U,1,10,1,No,26900,1091.554387,1091.554387,,,1091.554387,WAG from field retained for verification.,Ebb,CLR,29.5,0.29,17.8,856,38.74,9.19,Complete,Lab,HYPOM,,HYPOM,Hypomesus spp. unknown,27,n/p,2026-1121,None,n/p,n/p,n/p,,,,No,1
6583,3905,North,Lower Sacramento River Ship Channel,Sac DW Ship Channel,26-38-SSC01,2026-04-15,11:19:43,,L,38.40526,-121.61569,38.40598,-121.61427,38.41104,-121.61194,20mm,Surface,U,1,10,1,No,26900,1091.554387,1091.554387,,,1091.554387,WAG from field retained for verification.,Ebb,CLR,29.5,0.29,17.8,856,38.74,9.19,Complete,Lab,HYPOM,,HYPOM,Hypomesus spp. unknown,27.5,n/p,2026-1118,None,n/p,n/p,n/p,,,,No,1
6583,3905,North,Lower Sacramento River Ship Channel,Sac DW Ship Channel,26-38-SSC01,2026-04-15,11:19:43,,L,38.40526,-121.61569,38.40598,-121.61427,38.41104,-121.61194,20mm,Surface,U,1,10,1,No,26900,1091.554387,1091.554387,,,1091.554387,WAG from field retained for verification.,Ebb,CLR,29.5,0.29,17.8,856,38.74,9.19,Complete,Lab,HYPOM,,HYPOM,Hypomesus spp. unknown,28,n/p,2026-0935,None,n/p,n/p,n/p,,,,No,1
6583,3905,North,Lower Sacramento River Ship Channel,Sac DW Ship Channel,26-38-SSC01,2026-04-15,11:19:43,,L,38.40526,-121.61569,38.40598,-121.61427,38.41104,-121.61194,20mm,Surface,U,1,10,1,No,26900,1091.554387,1091.554387,,,1091.554387,WAG from field retained for verification.,Ebb,CLR,29.5,0.29,17.8,856,38.74,9.19,Complete,Lab,HYPOM,,HYPOM,Hypomesus spp. unknown,28,n/p,2026-1018,None,n/p,n/p,n/p,,,,No,1
6583,3905,North,Lower Sacramento River Ship Channel,Sac DW Ship Channel,26-38-SSC01,2026-04-15,11:19:43,,L,38.40526,-121.61569,38.40598,-121.61427,38.41104,-121.61194,20mm,Surface,U,1,10,1,No,26900,1091.554387,1091.554387,,,1091.554387,WAG from field retained for verification.,Ebb,CLR,29.5,0.29,17.8,856,38.74,9.19,Complete,Lab,HYPOM,,HYPOM,Hypomesus spp. unknown,28,n/p,2026-1070,None,n/p,n/p,n/p,,,,No,1
6583,3905,North,Lower Sacramento River Ship Channel,Sac DW Ship Channel,26-38-SSC01,2026-04-15,11:19:43,,L,38.40526,-121.61569,38.40598,-121.61427,38.41104,-121.61194,20mm,Surface,U,1,10,1,No,26900,1091.554387,1091.554387,,,1091.554387,WAG from field retained for verification.,Ebb,CLR,29.5,0.29,17.8,856,38.74,9.19,Complete,Lab,HYPOM,,HYPOM,Hypomesus spp. unknown,28,n/p,2026-1154,None,n/p,n/p,n/p,,,,No,1
6584,3905,North,Lower Sacramento River Ship Channel,Sac DW Ship Channel,26-38-SSC01,2026-04-15,11:36:31,,L,38.40526,-121.61569,38.40583,-121.61415,38.41127,-121.61155,20mm,Surface,U,2,10,1,No,27755,1126.248774,1126.248774,,,1126.248774,,Ebb,CLR,30,0.27,17.8,848,38.63,9.18,Complete,Lab,HYPOM,,HYPOM,Hypomesus spp. unknown,9.8,n/p,2026-0346,None,n/p,n/p,n/p,,,,No,1
6584,3905,North,Lower Sacramento River Ship Channel,Sac DW Ship Channel,26-38-SSC01,2026-04-15,11:36:31,,L,38.40526,-121.61569,38.40583,-121.61415,38.41127,-121.61155,20mm,Surface,U,2,10,1,No,27755,1126.248774,1126.248774,,,1126.248774,,Ebb,CLR,30,0.27,17.8,848,38.63,9.18,Complete,Lab,HYPOM,,HYPOM,Hypomesus spp. unknown,16.2,n/p,2026-0118,None,n/p,n/p,n/p,,,,No,1
6584,3905,North,Lower Sacramento River Ship Channel,Sac DW Ship Channel,26-38-SSC01,2026-04-15,11:36:31,,L,38.40526,-121.61569,38.40583,-121.61415,38.41127,-121.61155,20mm,Surface,U,2,10,1,No,27755,1126.248774,1126.248774,,,1126.248774,,Ebb,CLR,30,0.27,17.8,848,38.63,9.18,Complete,Lab,HYPOM,,HYPOM,Hypomesus spp. unknown,16.7,n/p,2026-0649,None,n/p,n/p,n/p,,,,No,1
6584,3905,North,Lower Sacramento River Ship Channel,Sac DW Ship Channel,26-38-SSC01,2026-04-15,11:36:31,,L,38.40526,-121.61569,38.40583,-121.61415,38.41127,-121.61155,20mm,Surface,U,2,10,1,No,27755,1126.248774,1126.248774,,,1126.248774,,Ebb,CLR,30,0.27,17.8,848,38.63,9.18,Complete,Lab,HYPOM,,HYPOM,Hypomesus spp. unknown,17.1,n/p,2026-0323,None,n/p,n/p,n/p,,,,No,1
6584,3905,North,Lower Sacramento River Ship Channel,Sac DW Ship Channel,26-38-SSC01,2026-04-15,11:36:31,,L,38.40526,-121.61569,38.40583,-121.61415,38.41127,-121.61155,20mm,Surface,U,2,10,1,No,27755,1126.248774,1126.248774,,,1126.248774,,Ebb,CLR,30,0.27,17.8,848,38.63,9.18,Complete,Lab,HYPOM,,HYPOM,Hypomesus spp. unknown,17.4,n/p,2026-0354,None,n/p,n/p,n/p,,,,No,1
6584,3905,North,Lower Sacramento River Ship Channel,Sac DW Ship Channel,26-38-SSC01,2026-04-15,11:36:31,,L,38.40526,-121.61569,38.40583,-121.61415,38.41127,-121.61155,20mm,Surface,U,2,10,1,No,27755,1126.248774,1126.248774,,,1126.248774,,Ebb,CLR,30,0.27,17.8,848,38.63,9.18,Complete,Lab,HYPOM,,HYPOM,Hypomesus spp. unknown,18.3,n/p,2026-0193,None,n/p,n/p,n/p,,,,No,1
6584,3905,North,Lower Sacramento River Ship Channel,Sac DW Ship Channel,26-38-SSC01,2026-04-15,11:36:31,,L,38.40526,-121.61569,38.40583,-121.61415,38.41127,-121.61155,20mm,Surface,U,2,10,1,No,27755,1126.248774,1126.248774,,,1126.248774,,Ebb,CLR,30,0.27,17.8,848,38.63,9.18,Complete,Lab,HYPOM,,HYPOM,Hypomesus spp. unknown,18.4,n/p,2026-0073,None,n/p,n/p,n/p,,,,No,1
6584,3905,North,Lower Sacramento River Ship Channel,Sac DW Ship Channel,26-38-SSC01,2026-04-15,11:36:31,,L,38.40526,-121.61569,38.40583,-121.61415,38.41127,-121.61155,20mm,Surface,U,2,10,1,No,27755,1126.248774,1126.248774,,,1126.248774,,Ebb,CLR,30,0.27,17.8,848,38.63,9.18,Complete,Lab,HYPOM,,HYPOM,Hypomesus spp. unknown,18.6,n/p,2026-0087,None,n/p,n/p,n/p,,,,No,1
6584,3905,North,Lower Sacramento River Ship Channel,Sac DW Ship Channel,26-38-SSC01,2026-04-15,11:36:31,,L,38.40526,-121.61569,38.40583,-121.61415,38.41127,-121.61155,20mm,Surface,U,2,10,1,No,27755,1126.248774,1126.248774,,,1126.248774,,Ebb,CLR,30,0.27,17.8,848,38.63,9.18,Complete,Lab,HYPOM,,HYPOM,Hypomesus spp. unknown,18.7,n/p,2026-0102,None,n/p,n/p,n/p,,,,No,1
6584,3905,North,Lower Sacramento River Ship Channel,Sac DW Ship Channel,26-38-SSC01,2026-04-15,11:36:31,,L,38.40526,-121.61569,38.40583,-121.61415,38.41127,-121.61155,20mm,Surface,U,2,10,1,No,27755,1126.248774,1126.248774,,,1126.248774,,Ebb,CLR,30,0.27,17.8,848,38.63,9.18,Complete,Lab,HYPOM,,HYPOM,Hypomesus spp. unknown,18.8,n/p,2026-0165,None,n/p,n/p,n/p,,,,No,1
6584,3905,North,Lower Sacramento River Ship Channel,Sac DW Ship Channel,26-38-SSC01,2026-04-15,11:36:31,,L,38.40526,-121.61569,38.40583,-121.61415,38.41127,-121.61155,20mm,Surface,U,2,10,1,No,27755,1126.248774,1126.248774,,,1126.248774,,Ebb,CLR,30,0.27,17.8,848,38.63,9.18,Complete,Lab,HYPOM,,HYPOM,Hypomesus spp. unknown,19.1,n/p,2026-0543,None,n/p,n/p,n/p,,,,No,1
6584,3905,North,Lower Sacramento River Ship Channel,Sac DW Ship Channel,26-38-SSC01,2026-04-15,11:36:31,,L,38.40526,-121.61569,38.40583,-121.61415,38.41127,-121.61155,20mm,Surface,U,2,10,1,No,27755,1126.248774,1126.248774,,,1126.248774,,Ebb,CLR,30,0.27,17.8,848,38.63,9.18,Complete,Lab,HYPOM,,HYPOM,Hypomesus spp. unknown,19.4,n/p,2026-0521,None,n/p,n/p,n/p,,,,No,1
6584,3905,North,Lower Sacramento River Ship Channel,Sac DW Ship Channel,26-38-SSC01,2026-04-15,11:36:31,,L,38.40526,-121.61569,38.40583,-121.61415,38.41127,-121.61155,20mm,Surface,U,2,10,1,No,27755,1126.248774,1126.248774,,,1126.248774,,Ebb,CLR,30,0.27,17.8,848,38.63,9.18,Complete,Lab,HYPOM,,HYPOM,Hypomesus spp. unknown,19.9,n/p,2026-0146,None,n/p,n/p,n/p,,,,No,1
6584,3905,North,Lower Sacramento River Ship Channel,Sac DW Ship Channel,26-38-SSC01,2026-04-15,11:36:31,,L,38.40526,-121.61569,38.40583,-121.61415,38.41127,-121.61155,20mm,Surface,U,2,10,1,No,27755,1126.248774,1126.248774,,,1126.248774,,Ebb,CLR,30,0.27,17.8,848,38.63,9.18,Complete,Lab,HYPOM,,HYPOM,Hypomesus spp. unknown,19.9,n/p,2026-0362,None,n/p,n/p,n/p,,,,No,1
6584,3905,North,Lower Sacramento River Ship Channel,Sac DW Ship Channel,26-38-SSC01,2026-04-15,11:36:31,,L,38.40526,-121.61569,38.40583,-121.61415,38.41127,-121.61155,20mm,Surface,U,2,10,1,No,27755,1126.248774,1126.248774,,,1126.248774,,Ebb,CLR,30,0.27,17.8,848,38.63,9.18,Complete,Lab,HYPOM,,HYPOM,Hypomesus spp. unknown,20,n/p,2026-0201,None,n/p,n/p,n/p,,,,No,1
6584,3905,North,Lower Sacramento River Ship Channel,Sac DW Ship Channel,26-38-SSC01,2026-04-15,11:36:31,,L,38.40526,-121.61569,38.40583,-121.61415,38.41127,-121.61155,20mm,Surface,U,2,10,1,No,27755,1126.248774,1126.248774,,,1126.248774,,Ebb,CLR,30,0.27,17.8,848,38.63,9.18,Complete,Lab,HYPOM,,HYPOM,Hypomesus spp. unknown,20.2,n/p,2026-0360,None,n/p,n/p,n/p,,,,No,1
6584,3905,North,Lower Sacramento River Ship Channel,Sac DW Ship Channel,26-38-SSC01,2026-04-15,11:36:31,,L,38.40526,-121.61569,38.40583,-121.61415,38.41127,-121.61155,20mm,Surface,U,2,10,1,No,27755,1126.248774,1126.248774,,,1126.248774,,Ebb,CLR,30,0.27,17.8,848,38.63,9.18,Complete,Lab,HYPOM,,HYPOM,Hypomesus spp. unknown,20.5,n/p,2026-0327,None,n/p,n/p,n/p,,,,No,1
6584,3905,North,Lower Sacramento River Ship Channel,Sac DW Ship Channel,26-38-SSC01,2026-04-15,11:36:31,,L,38.40526,-121.61569,38.40583,-121.61415,38.41127,-121.61155,20mm,Surface,U,2,10,1,No,27755,1126.248774,1126.248774,,,1126.248774,,Ebb,CLR,30,0.27,17.8,848,38.63,9.18,Complete,Lab,HYPOM,,HYPOM,Hypomesus spp. unknown,20.6,n/p,2026-0166,None,n/p,n/p,n/p,,,,No,1
6584,3905,North,Lower Sacramento River Ship Channel,Sac DW Ship Channel,26-38-SSC01,2026-04-15,11:36:31,,L,38.40526,-121.61569,38.40583,-121.61415,38.41127,-121.61155,20mm,Surface,U,2,10,1,No,27755,1126.248774,1126.248774,,,1126.248774,,Ebb,CLR,30,0.27,17.8,848,38.63,9.18,Complete,Lab,HYPOM,,HYPOM,Hypomesus spp. unknown,21.1,n/p,2026-0010,None,n/p,n/p,n/p,,,,No,1
6584,3905,North,Lower Sacramento River Ship Channel,Sac DW Ship Channel,26-38-SSC01,2026-04-15,11:36:31,,L,38.40526,-121.61569,38.40583,-121.61415,38.41127,-121.61155,20mm,Surface,U,2,10,1,No,27755,1126.248774,1126.248774,,,1126.248774,,Ebb,CLR,30,0.27,17.8,848,38.63,9.18,Complete,Lab,HYPOM,,HYPOM,Hypomesus spp. unknown,21.1,n/p,2026-0157,None,n/p,n/p,n/p,,,,No,1
6584,3905,North,Lower Sacramento River Ship Channel,Sac DW Ship Channel,26-38-SSC01,2026-04-15,11:36:31,,L,38.40526,-121.61569,38.40583,-121.61415,38.41127,-121.61155,20mm,Surface,U,2,10,1,No,27755,1126.248774,1126.248774,,,1126.248774,,Ebb,CLR,30,0.27,17.8,848,38.63,9.18,Complete,Lab,HYPOM,,HYPOM,Hypomesus spp. unknown,21.3,n/p,2026-0539,None,n/p,n/p,n/p,,,,No,1
6584,3905,North,Lower Sacramento River Ship Channel,Sac DW Ship Channel,26-38-SSC01,2026-04-15,11:36:31,,L,38.40526,-121.61569,38.40583,-121.61415,38.41127,-121.61155,20mm,Surface,U,2,10,1,No,27755,1126.248774,1126.248774,,,1126.248774,,Ebb,CLR,30,0.27,17.8,848,38.63,9.18,Complete,Lab,HYPOM,,HYPOM,Hypomesus spp. unknown,21.4,n/p,2026-0410,None,n/p,n/p,n/p,,,,No,1
6584,3905,North,Lower Sacramento River Ship Channel,Sac DW Ship Channel,26-38-SSC01,2026-04-15,11:36:31,,L,38.40526,-121.61569,38.40583,-121.61415,38.41127,-121.61155,20mm,Surface,U,2,10,1,No,27755,1126.248774,1126.248774,,,1126.248774,,Ebb,CLR,30,0.27,17.8,848,38.63,9.18,Complete,Lab,HYPOM,,HYPOM,Hypomesus spp. unknown,21.4,n/p,2026-0586,None,n/p,n/p,n/p,,,,No,1
6584,3905,North,Lower Sacramento River Ship Channel,Sac DW Ship Channel,26-38-SSC01,2026-04-15,11:36:31,,L,38.40526,-121.61569,38.40583,-121.61415,38.41127,-121.61155,20mm,Surface,U,2,10,1,No,27755,1126.248774,1126.248774,,,1126.248774,,Ebb,CLR,30,0.27,17.8,848,38.63,9.18,Complete,Lab,HYPOM,,HYPOM,Hypomesus spp. unknown,21.5,n/p,2026-0101,None,n/p,n/p,n/p,,,,No,1
6584,3905,North,Lower Sacramento River Ship Channel,Sac DW Ship Channel,26-38-SSC01,2026-04-15,11:36:31,,L,38.40526,-121.61569,38.40583,-121.61415,38.41127,-121.61155,20mm,Surface,U,2,10,1,No,27755,1126.248774,1126.248774,,,1126.248774,,Ebb,CLR,30,0.27,17.8,848,38.63,9.18,Complete,Lab,HYPOM,,HYPOM,Hypomesus spp. unknown,21.5,n/p,2026-0270,None,n/p,n/p,n/p,,,,No,1
6584,3905,North,Lower Sacramento River Ship Channel,Sac DW Ship Channel,26-38-SSC01,2026-04-15,11:36:31,,L,38.40526,-121.61569,38.40583,-121.61415,38.41127,-121.61155,20mm,Surface,U,2,10,1,No,27755,1126.248774,1126.248774,,,1126.248774,,Ebb,CLR,30,0.27,17.8,848,38.63,9.18,Complete,Lab,HYPOM,,HYPOM,Hypomesus spp. unknown,21.8,n/p,2026-0314,None,n/p,n/p,n/p,,,,No,1
6584,3905,North,Lower Sacramento River Ship Channel,Sac DW Ship Channel,26-38-SSC01,2026-04-15,11:36:31,,L,38.40526,-121.61569,38.40583,-121.61415,38.41127,-121.61155,20mm,Surface,U,2,10,1,No,27755,1126.248774,1126.248774,,,1126.248774,,Ebb,CLR,30,0.27,17.8,848,38.63,9.18,Complete,Lab,HYPOM,,HYPOM,Hypomesus spp. unknown,22.8,n/p,2026-0598,None,n/p,n/p,n/p,,,,No,1
6584,3905,North,Lower Sacramento River Ship Channel,Sac DW Ship Channel,26-38-SSC01,2026-04-15,11:36:31,,L,38.40526,-121.61569,38.40583,-121.61415,38.41127,-121.61155,20mm,Surface,U,2,10,1,No,27755,1126.248774,1126.248774,,,1126.248774,,Ebb,CLR,30,0.27,17.8,848,38.63,9.18,Complete,Lab,HYPOM,,HYPOM,Hypomesus spp. unknown,22.9,n/p,2026-0178,None,n/p,n/p,n/p,,,,No,1
6584,3905,North,Lower Sacramento River Ship Channel,Sac DW Ship Channel,26-38-SSC01,2026-04-15,11:36:31,,L,38.40526,-121.61569,38.40583,-121.61415,38.41127,-121.61155,20mm,Surface,U,2,10,1,No,27755,1126.248774,1126.248774,,,1126.248774,,Ebb,CLR,30,0.27,17.8,848,38.63,9.18,Complete,Lab,HYPOM,,HYPOM,Hypomesus spp. unknown,23.2,n/p,2026-0080,None,n/p,n/p,n/p,,,,No,1
6584,3905,North,Lower Sacramento River Ship Channel,Sac DW Ship Channel,26-38-SSC01,2026-04-15,11:36:31,,L,38.40526,-121.61569,38.40583,-121.61415,38.41127,-121.61155,20mm,Surface,U,2,10,1,No,27755,1126.248774,1126.248774,,,1126.248774,,Ebb,CLR,30,0.27,17.8,848,38.63,9.18,Complete,Lab,HYPOM,,HYPOM,Hypomesus spp. unknown,23.2,n/p,2026-0526,None,n/p,n/p,n/p,,,,No,1
6584,3905,North,Lower Sacramento River Ship Channel,Sac DW Ship Channel,26-38-SSC01,2026-04-15,11:36:31,,L,38.40526,-121.61569,38.40583,-121.61415,38.41127,-121.61155,20mm,Surface,U,2,10,1,No,27755,1126.248774,1126.248774,,,1126.248774,,Ebb,CLR,30,0.27,17.8,848,38.63,9.18,Complete,Lab,HYPOM,,HYPOM,Hypomesus spp. unknown,23.4,n/p,2026-0281,None,n/p,n/p,n/p,,,,No,1
6584,3905,North,Lower Sacramento River Ship Channel,Sac DW Ship Channel,26-38-SSC01,2026-04-15,11:36:31,,L,38.40526,-121.61569,38.40583,-121.61415,38.41127,-121.61155,20mm,Surface,U,2,10,1,No,27755,1126.248774,1126.248774,,,1126.248774,,Ebb,CLR,30,0.27,17.8,848,38.63,9.18,Complete,Lab,HYPOM,,HYPOM,Hypomesus spp. unknown,23.8,n/p,2026-0436,None,n/p,n/p,n/p,,,,No,1
6584,3905,North,Lower Sacramento River Ship Channel,Sac DW Ship Channel,26-38-SSC01,2026-04-15,11:36:31,,L,38.40526,-121.61569,38.40583,-121.61415,38.41127,-121.61155,20mm,Surface,U,2,10,1,No,27755,1126.248774,1126.248774,,,1126.248774,,Ebb,CLR,30,0.27,17.8,848,38.63,9.18,Complete,Lab,HYPOM,,HYPOM,Hypomesus spp. unknown,24.3,n/p,2026-0289,None,n/p,n/p,n/p,,,,No,1
6584,3905,North,Lower Sacramento River Ship Channel,Sac DW Ship Channel,26-38-SSC01,2026-04-15,11:36:31,,L,38.40526,-121.61569,38.40583,-121.61415,38.41127,-121.61155,20mm,Surface,U,2,10,1,No,27755,1126.248774,1126.248774,,,1126.248774,,Ebb,CLR,30,0.27,17.8,848,38.63,9.18,Complete,Lab,HYPOM,,HYPOM,Hypomesus spp. unknown,24.3,n/p,2026-0509,None,n/p,n/p,n/p,,,,No,1
6584,3905,North,Lower Sacramento River Ship Channel,Sac DW Ship Channel,26-38-SSC01,2026-04-15,11:36:31,,L,38.40526,-121.61569,38.40583,-121.61415,38.41127,-121.61155,20mm,Surface,U,2,10,1,No,27755,1126.248774,1126.248774,,,1126.248774,,Ebb,CLR,30,0.27,17.8,848,38.63,9.18,Complete,Lab,HYPOM,,HYPOM,Hypomesus spp. unknown,24.5,n/p,2026-0334,None,n/p,n/p,n/p,,,,No,1
6584,3905,North,Lower Sacramento River Ship Channel,Sac DW Ship Channel,26-38-SSC01,2026-04-15,11:36:31,,L,38.40526,-121.61569,38.40583,-121.61415,38.41127,-121.61155,20mm,Surface,U,2,10,1,No,27755,1126.248774,1126.248774,,,1126.248774,,Ebb,CLR,30,0.27,17.8,848,38.63,9.18,Complete,Lab,HYPOM,,HYPOM,Hypomesus spp. unknown,24.9,n/p,2026-0042,None,n/p,n/p,n/p,,,,No,1
6584,3905,North,Lower Sacramento River Ship Channel,Sac DW Ship Channel,26-38-SSC01,2026-04-15,11:36:31,,L,38.40526,-121.61569,38.40583,-121.61415,38.41127,-121.61155,20mm,Surface,U,2,10,1,No,27755,1126.248774,1126.248774,,,1126.248774,,Ebb,CLR,30,0.27,17.8,848,38.63,9.18,Complete,Lab,HYPOM,,HYPOM,Hypomesus spp. unknown,24.9,n/p,2026-0458,None,n/p,n/p,n/p,,,,No,1
6584,3905,North,Lower Sacramento River Ship Channel,Sac DW Ship Channel,26-38-SSC01,2026-04-15,11:36:31,,L,38.40526,-121.61569,38.40583,-121.61415,38.41127,-121.61155,20mm,Surface,U,2,10,1,No,27755,1126.248774,1126.248774,,,1126.248774,,Ebb,CLR,30,0.27,17.8,848,38.63,9.18,Complete,Lab,HYPOM,,HYPOM,Hypomesus spp. unknown,25,n/p,2026-0068,None,n/p,n/p,n/p,,,,No,1
6584,3905,North,Lower Sacramento River Ship Channel,Sac DW Ship Channel,26-38-SSC01,2026-04-15,11:36:31,,L,38.40526,-121.61569,38.40583,-121.61415,38.41127,-121.61155,20mm,Surface,U,2,10,1,No,27755,1126.248774,1126.248774,,,1126.248774,,Ebb,CLR,30,0.27,17.8,848,38.63,9.18,Complete,Lab,HYPOM,,HYPOM,Hypomesus spp. unknown,25,n/p,2026-0347,None,n/p,n/p,n/p,,,,No,1
6584,3905,North,Lower Sacramento River Ship Channel,Sac DW Ship Channel,26-38-SSC01,2026-04-15,11:36:31,,L,38.40526,-121.61569,38.40583,-121.61415,38.41127,-121.61155,20mm,Surface,U,2,10,1,No,27755,1126.248774,1126.248774,,,1126.248774,,Ebb,CLR,30,0.27,17.8,848,38.63,9.18,Complete,Lab,HYPOM,,HYPOM,Hypomesus spp. unknown,25.3,n/p,2026-0058,None,n/p,n/p,n/p,,,,No,1
6584,3905,North,Lower Sacramento River Ship Channel,Sac DW Ship Channel,26-38-SSC01,2026-04-15,11:36:31,,L,38.40526,-121.61569,38.40583,-121.61415,38.41127,-121.61155,20mm,Surface,U,2,10,1,No,27755,1126.248774,1126.248774,,,1126.248774,,Ebb,CLR,30,0.27,17.8,848,38.63,9.18,Complete,Lab,HYPOM,,HYPOM,Hypomesus spp. unknown,25.3,n/p,2026-0117,None,n/p,n/p,n/p,,,,No,1
6584,3905,North,Lower Sacramento River Ship Channel,Sac DW Ship Channel,26-38-SSC01,2026-04-15,11:36:31,,L,38.40526,-121.61569,38.40583,-121.61415,38.41127,-121.61155,20mm,Surface,U,2,10,1,No,27755,1126.248774,1126.248774,,,1126.248774,,Ebb,CLR,30,0.27,17.8,848,38.63,9.18,Complete,Lab,HYPOM,,HYPOM,Hypomesus spp. unknown,25.8,n/p,2026-0574,None,n/p,n/p,n/p,,,,No,1
6584,3905,North,Lower Sacramento River Ship Channel,Sac DW Ship Channel,26-38-SSC01,2026-04-15,11:36:31,,L,38.40526,-121.61569,38.40583,-121.61415,38.41127,-121.61155,20mm,Surface,U,2,10,1,No,27755,1126.248774,1126.248774,,,1126.248774,,Ebb,CLR,30,0.27,17.8,848,38.63,9.18,Complete,Lab,HYPOM,,HYPOM,Hypomesus spp. unknown,27.4,n/p,2026-0390,None,n/p,n/p,n/p,,,,No,1
6585,3906,West,Lower San Joaquin River,Lower San Joaquin,26-38-LSJ02,2026-04-15,08:33:56,,L,38.04173,-121.70772,38.04221,-121.70798,38.04366,-121.70459,20mm,Surface,U,1,10,1,No,24569,996.9665329,996.9665329,,,996.9665329,,Ebb,CLD,12.9,1.13,17.3,201.2,6.29,9.36,Complete,Lab,HYPOM,,HYPOM,Hypomesus spp. unknown,9.7,n/p,2026-0266,None,n/p,n/p,n/p,,,,No,1
6585,3906,West,Lower San Joaquin River,Lower San Joaquin,26-38-LSJ02,2026-04-15,08:33:56,,L,38.04173,-121.70772,38.04221,-121.70798,38.04366,-121.70459,20mm,Surface,U,1,10,1,No,24569,996.9665329,996.9665329,,,996.9665329,,Ebb,CLD,12.9,1.13,17.3,201.2,6.29,9.36,Complete,Lab,HYPOM,,HYPOM,Hypomesus spp. unknown,13.6,n/p,2026-0437,None,n/p,n/p,n/p,,,,No,1
6586,3906,West,Lower San Joaquin River,Lower San Joaquin,26-38-LSJ02,2026-04-15,08:50:49,,L,38.04173,-121.70772,38.04226,-121.70810,38.04406,-121.70525,20mm,Surface,U,2,10,1,No,24139,979.517894,979.517894,,,979.517894,,Ebb,CLD,8.79,1.28,17.4,197.3,6.62,9.31,Complete,Lab,HYPOM,,HYPOM,Hypomesus spp. unknown,11.9,n/p,2026-0430,None,n/p,n/p,n/p,,,,No,1
6592,3908,South,San Joaquin River at Twitchell Island,Lower San Joaquin,26-38-LSJ05,2026-04-15,10:07:48,,L,38.09326,-121.65705,38.09307,-121.65687,38.09199,-121.65404,20mm,Surface,U,1,10,1,No,24308,986.3756148,986.3756148,,,986.3756148,,Ebb,CLD,44.5,1.11,17.7,184.8,5.75,9.09,Complete,Lab,HYPOM,,HYPOM,Hypomesus spp. unknown,10.7,n/p,2026-0039,None,n/p,n/p,n/p,,,,No,1
6592,3908,South,San Joaquin River at Twitchell Island,Lower San Joaquin,26-38-LSJ05,2026-04-15,10:07:48,,L,38.09326,-121.65705,38.09307,-121.65687,38.09199,-121.65404,20mm,Surface,U,1,10,1,No,24308,986.3756148,986.3756148,,,986.3756148,,Ebb,CLD,44.5,1.11,17.7,184.8,5.75,9.09,Complete,Lab,HYPOM,,HYPOM,Hypomesus spp. unknown,11.6,n/p,2026-0571,None,n/p,n/p,n/p,,,,No,1
6592,3908,South,San Joaquin River at Twitchell Island,Lower San Joaquin,26-38-LSJ05,2026-04-15,10:07:48,,L,38.09326,-121.65705,38.09307,-121.65687,38.09199,-121.65404,20mm,Surface,U,1,10,1,No,24308,986.3756148,986.3756148,,,986.3756148,,Ebb,CLD,44.5,1.11,17.7,184.8,5.75,9.09,Complete,Lab,HYPOM,,HYPOM,Hypomesus spp. unknown,12.7,n/p,2026-0630,None,n/p,n/p,n/p,,,,No,1
6592,3908,South,San Joaquin River at Twitchell Island,Lower San Joaquin,26-38-LSJ05,2026-04-15,10:07:48,,L,38.09326,-121.65705,38.09307,-121.65687,38.09199,-121.65404,20mm,Surface,U,1,10,1,No,24308,986.3756148,986.3756148,,,986.3756148,,Ebb,CLD,44.5,1.11,17.7,184.8,5.75,9.09,Complete,Lab,HYPOM,,HYPOM,Hypomesus spp. unknown,13.1,n/p,2026-0319,None,n/p,n/p,n/p,,,,No,1
6576,3900,North,Upper Sacramento River Ship Channel,Sac DW Ship Channel,26-38-SSC02,2026-04-15,08:35:28,,L,38.55013,-121.58123,38.55041,-121.57998,38.55477,-121.57593,20mm,Surface,U,2,10,1,No,26732,1084.737244,1084.737244,,,1084.737244,,Ebb,CLD,33.7,1.1,18.3,10.55,5.38,8.93,Complete,Lab,HYPOM,,HYPOM,Hypomesus spp. unknown,13.1,n/p,2026-1076,None,n/p,n/p,n/p,,,,No,1
6577,3901,North,Upper Sacramento River Ship Channel,Sac DW Ship Channel,26-38-SSC09,2026-04-15,09:04:55,,L,38.47513,-121.58387,38.47591,-121.58304,38.48130,-121.58327,20mm,Surface,U,1,10,1,No,27699,1123.976393,1123.976393,,,1123.976393,,Ebb,CLD,26.5,0.33,17.9,992,25.51,9.2,Complete,Lab,HYPOM,,HYPOM,Hypomesus spp. unknown,12.6,n/p,2026-0973,None,n/p,n/p,n/p,,,,No,1
6577,3901,North,Upper Sacramento River Ship Channel,Sac DW Ship Channel,26-38-SSC09,2026-04-15,09:04:55,,L,38.47513,-121.58387,38.47591,-121.58304,38.48130,-121.58327,20mm,Surface,U,1,10,1,No,27699,1123.976393,1123.976393,,,1123.976393,,Ebb,CLD,26.5,0.33,17.9,992,25.51,9.2,Complete,Lab,HYPOM,,HYPOM,Hypomesus spp. unknown,13,n/p,2026-0986,None,n/p,n/p,n/p,,,,No,1
6577,3901,North,Upper Sacramento River Ship Channel,Sac DW Ship Channel,26-38-SSC09,2026-04-15,09:04:55,,L,38.47513,-121.58387,38.47591,-121.58304,38.48130,-121.58327,20mm,Surface,U,1,10,1,No,27699,1123.976393,1123.976393,,,1123.976393,,Ebb,CLD,26.5,0.33,17.9,992,25.51,9.2,Complete,Lab,HYPOM,,HYPOM,Hypomesus spp. unknown,13.1,n/p,2026-0993,None,n/p,n/p,n/p,,,,No,1
6577,3901,North,Upper Sacramento River Ship Channel,Sac DW Ship Channel,26-38-SSC09,2026-04-15,09:04:55,,L,38.47513,-121.58387,38.47591,-121.58304,38.48130,-121.58327,20mm,Surface,U,1,10,1,No,27699,1123.976393,1123.976393,,,1123.976393,,Ebb,CLD,26.5,0.33,17.9,992,25.51,9.2,Complete,Lab,HYPOM,,HYPOM,Hypomesus spp. unknown,13.6,n/p,2026-0867,None,n/p,n/p,n/p,,,,No,1
6577,3901,North,Upper Sacramento River Ship Channel,Sac DW Ship Channel,26-38-SSC09,2026-04-15,09:04:55,,L,38.47513,-121.58387,38.47591,-121.58304,38.48130,-121.58327,20mm,Surface,U,1,10,1,No,27699,1123.976393,1123.976393,,,1123.976393,,Ebb,CLD,26.5,0.33,17.9,992,25.51,9.2,Complete,Lab,HYPOM,,HYPOM,Hypomesus spp. unknown,14.2,n/p,2026-1063,None,n/p,n/p,n/p,,,,No,1
6577,3901,North,Upper Sacramento River Ship Channel,Sac DW Ship Channel,26-38-SSC09,2026-04-15,09:04:55,,L,38.47513,-121.58387,38.47591,-121.58304,38.48130,-121.58327,20mm,Surface,U,1,10,1,No,27699,1123.976393,1123.976393,,,1123.976393,,Ebb,CLD,26.5,0.33,17.9,992,25.51,9.2,Complete,Lab,HYPOM,,HYPOM,Hypomesus spp. unknown,14.3,n/p,2026-0989,None,n/p,n/p,n/p,,,,No,1
6577,3901,North,Upper Sacramento River Ship Channel,Sac DW Ship Channel,26-38-SSC09,2026-04-15,09:04:55,,L,38.47513,-121.58387,38.47591,-121.58304,38.48130,-121.58327,20mm,Surface,U,1,10,1,No,27699,1123.976393,1123.976393,,,1123.976393,,Ebb,CLD,26.5,0.33,17.9,992,25.51,9.2,Complete,Lab,HYPOM,,HYPOM,Hypomesus spp. unknown,15.1,n/p,2026-1378,None,n/p,n/p,n/p,,,,No,1
6577,3901,North,Upper Sacramento River Ship Channel,Sac DW Ship Channel,26-38-SSC09,2026-04-15,09:04:55,,L,38.47513,-121.58387,38.47591,-121.58304,38.48130,-121.58327,20mm,Surface,U,1,10,1,No,27699,1123.976393,1123.976393,,,1123.976393,,Ebb,CLD,26.5,0.33,17.9,992,25.51,9.2,Complete,Lab,HYPOM,,HYPOM,Hypomesus spp. unknown,15.8,n/p,2026-0855,None,n/p,n/p,n/p,,,,No,1
6577,3901,North,Upper Sacramento River Ship Channel,Sac DW Ship Channel,26-38-SSC09,2026-04-15,09:04:55,,L,38.47513,-121.58387,38.47591,-121.58304,38.48130,-121.58327,20mm,Surface,U,1,10,1,No,27699,1123.976393,1123.976393,,,1123.976393,,Ebb,CLD,26.5,0.33,17.9,992,25.51,9.2,Complete,Lab,HYPOM,,HYPOM,Hypomesus spp. unknown,16.1,n/p,2026-0885,None,n/p,n/p,n/p,,,,No,1
6577,3901,North,Upper Sacramento River Ship Channel,Sac DW Ship Channel,26-38-SSC09,2026-04-15,09:04:55,,L,38.47513,-121.58387,38.47591,-121.58304,38.48130,-121.58327,20mm,Surface,U,1,10,1,No,27699,1123.976393,1123.976393,,,1123.976393,,Ebb,CLD,26.5,0.33,17.9,992,25.51,9.2,Complete,Lab,HYPOM,,HYPOM,Hypomesus spp. unknown,16.5,n/p,2026-1003,None,n/p,n/p,n/p,,,,No,1
6577,3901,North,Upper Sacramento River Ship Channel,Sac DW Ship Channel,26-38-SSC09,2026-04-15,09:04:55,,L,38.47513,-121.58387,38.47591,-121.58304,38.48130,-121.58327,20mm,Surface,U,1,10,1,No,27699,1123.976393,1123.976393,,,1123.976393,,Ebb,CLD,26.5,0.33,17.9,992,25.51,9.2,Complete,Lab,HYPOM,,HYPOM,Hypomesus spp. unknown,16.9,n/p,2026-1092,None,n/p,n/p,n/p,,,,No,1
6577,3901,North,Upper Sacramento River Ship Channel,Sac DW Ship Channel,26-38-SSC09,2026-04-15,09:04:55,,L,38.47513,-121.58387,38.47591,-121.58304,38.48130,-121.58327,20mm,Surface,U,1,10,1,No,27699,1123.976393,1123.976393,,,1123.976393,,Ebb,CLD,26.5,0.33,17.9,992,25.51,9.2,Complete,Lab,HYPOM,,HYPOM,Hypomesus spp. unknown,17,n/p,2026-0978,None,n/p,n/p,n/p,,,,No,1
6577,3901,North,Upper Sacramento River Ship Channel,Sac DW Ship Channel,26-38-SSC09,2026-04-15,09:04:55,,L,38.47513,-121.58387,38.47591,-121.58304,38.48130,-121.58327,20mm,Surface,U,1,10,1,No,27699,1123.976393,1123.976393,,,1123.976393,,Ebb,CLD,26.5,0.33,17.9,992,25.51,9.2,Complete,Lab,HYPOM,,HYPOM,Hypomesus spp. unknown,17.1,n/p,2026-1367,None,n/p,n/p,n/p,,,,No,1
6577,3901,North,Upper Sacramento River Ship Channel,Sac DW Ship Channel,26-38-SSC09,2026-04-15,09:04:55,,L,38.47513,-121.58387,38.47591,-121.58304,38.48130,-121.58327,20mm,Surface,U,1,10,1,No,27699,1123.976393,1123.976393,,,1123.976393,,Ebb,CLD,26.5,0.33,17.9,992,25.51,9.2,Complete,Lab,HYPOM,,HYPOM,Hypomesus spp. unknown,17.5,n/p,2026-1178,None,n/p,n/p,n/p,,,,No,1
6577,3901,North,Upper Sacramento River Ship Channel,Sac DW Ship Channel,26-38-SSC09,2026-04-15,09:04:55,,L,38.47513,-121.58387,38.47591,-121.58304,38.48130,-121.58327,20mm,Surface,U,1,10,1,No,27699,1123.976393,1123.976393,,,1123.976393,,Ebb,CLD,26.5,0.33,17.9,992,25.51,9.2,Complete,Lab,HYPOM,,HYPOM,Hypomesus spp. unknown,18.1,n/p,2026-1155,None,n/p,n/p,n/p,,,,No,1
6577,3901,North,Upper Sacramento River Ship Channel,Sac DW Ship Channel,26-38-SSC09,2026-04-15,09:04:55,,L,38.47513,-121.58387,38.47591,-121.58304,38.48130,-121.58327,20mm,Surface,U,1,10,1,No,27699,1123.976393,1123.976393,,,1123.976393,,Ebb,CLD,26.5,0.33,17.9,992,25.51,9.2,Complete,Lab,HYPOM,,HYPOM,Hypomesus spp. unknown,18.2,n/p,2026-1051,None,n/p,n/p,n/p,,,,No,1
6577,3901,North,Upper Sacramento River Ship Channel,Sac DW Ship Channel,26-38-SSC09,2026-04-15,09:04:55,,L,38.47513,-121.58387,38.47591,-121.58304,38.48130,-121.58327,20mm,Surface,U,1,10,1,No,27699,1123.976393,1123.976393,,,1123.976393,,Ebb,CLD,26.5,0.33,17.9,992,25.51,9.2,Complete,Lab,HYPOM,,HYPOM,Hypomesus spp. unknown,18.8,n/p,2026-1007,None,n/p,n/p,n/p,,,,No,1
6577,3901,North,Upper Sacramento River Ship Channel,Sac DW Ship Channel,26-38-SSC09,2026-04-15,09:04:55,,L,38.47513,-121.58387,38.47591,-121.58304,38.48130,-121.58327,20mm,Surface,U,1,10,1,No,27699,1123.976393,1123.976393,,,1123.976393,,Ebb,CLD,26.5,0.33,17.9,992,25.51,9.2,Complete,Lab,HYPOM,,HYPOM,Hypomesus spp. unknown,19.5,n/p,2026-1033,None,n/p,n/p,n/p,,,,No,1
6577,3901,North,Upper Sacramento River Ship Channel,Sac DW Ship Channel,26-38-SSC09,2026-04-15,09:04:55,,L,38.47513,-121.58387,38.47591,-121.58304,38.48130,-121.58327,20mm,Surface,U,1,10,1,No,27699,1123.976393,1123.976393,,,1123.976393,,Ebb,CLD,26.5,0.33,17.9,992,25.51,9.2,Complete,Lab,HYPOM,,HYPOM,Hypomesus spp. unknown,20.5,n/p,2026-0869,None,n/p,n/p,n/p,,,,No,1
6577,3901,North,Upper Sacramento River Ship Channel,Sac DW Ship Channel,26-38-SSC09,2026-04-15,09:04:55,,L,38.47513,-121.58387,38.47591,-121.58304,38.48130,-121.58327,20mm,Surface,U,1,10,1,No,27699,1123.976393,1123.976393,,,1123.976393,,Ebb,CLD,26.5,0.33,17.9,992,25.51,9.2,Complete,Lab,HYPOM,,HYPOM,Hypomesus spp. unknown,21.1,n/p,2026-0948,None,n/p,n/p,n/p,,,,No,1
6577,3901,North,Upper Sacramento River Ship Channel,Sac DW Ship Channel,26-38-SSC09,2026-04-15,09:04:55,,L,38.47513,-121.58387,38.47591,-121.58304,38.48130,-121.58327,20mm,Surface,U,1,10,1,No,27699,1123.976393,1123.976393,,,1123.976393,,Ebb,CLD,26.5,0.33,17.9,992,25.51,9.2,Complete,Lab,HYPOM,,HYPOM,Hypomesus spp. unknown,21.4,n/p,2026-1172,None,n/p,n/p,n/p,,,,No,1
6577,3901,North,Upper Sacramento River Ship Channel,Sac DW Ship Channel,26-38-SSC09,2026-04-15,09:04:55,,L,38.47513,-121.58387,38.47591,-121.58304,38.48130,-121.58327,20mm,Surface,U,1,10,1,No,27699,1123.976393,1123.976393,,,1123.976393,,Ebb,CLD,26.5,0.33,17.9,992,25.51,9.2,Complete,Lab,HYPOM,,HYPOM,Hypomesus spp. unknown,21.5,n/p,2026-0996,None,n/p,n/p,n/p,,,,No,1
6577,3901,North,Upper Sacramento River Ship Channel,Sac DW Ship Channel,26-38-SSC09,2026-04-15,09:04:55,,L,38.47513,-121.58387,38.47591,-121.58304,38.48130,-121.58327,20mm,Surface,U,1,10,1,No,27699,1123.976393,1123.976393,,,1123.976393,,Ebb,CLD,26.5,0.33,17.9,992,25.51,9.2,Complete,Lab,HYPOM,,HYPOM,Hypomesus spp. unknown,22,n/p,2026-0853,None,n/p,n/p,n/p,,,,No,1
6577,3901,North,Upper Sacramento River Ship Channel,Sac DW Ship Channel,26-38-SSC09,2026-04-15,09:04:55,,L,38.47513,-121.58387,38.47591,-121.58304,38.48130,-121.58327,20mm,Surface,U,1,10,1,No,27699,1123.976393,1123.976393,,,1123.976393,,Ebb,CLD,26.5,0.33,17.9,992,25.51,9.2,Complete,Lab,HYPOM,,HYPOM,Hypomesus spp. unknown,22.4,n/p,2026-0995,None,n/p,n/p,n/p,,,,No,1
6577,3901,North,Upper Sacramento River Ship Channel,Sac DW Ship Channel,26-38-SSC09,2026-04-15,09:04:55,,L,38.47513,-121.58387,38.47591,-121.58304,38.48130,-121.58327,20mm,Surface,U,1,10,1,No,27699,1123.976393,1123.976393,,,1123.976393,,Ebb,CLD,26.5,0.33,17.9,992,25.51,9.2,Complete,Lab,HYPOM,,HYPOM,Hypomesus spp. unknown,28,n/p,2026-1131,None,n/p,n/p,n/p,,,,No,1
6578,3901,North,Upper Sacramento River Ship Channel,Sac DW Ship Channel,26-38-SSC09,2026-04-15,09:21:33,,L,38.47513,-121.58387,38.47571,-121.58300,38.48199,-121.58335,20mm,Surface,U,2,10,1,No,28640,1162.160507,1162.160507,,,1162.160507,,Ebb,CLD,25.4,0.29,17.9,993,24.77,9.07,Complete,Lab,HYPOM,,HYPOM,Hypomesus spp. unknown,11.5,n/p,2026-1078,None,n/p,n/p,n/p,,,,No,1
6578,3901,North,Upper Sacramento River Ship Channel,Sac DW Ship Channel,26-38-SSC09,2026-04-15,09:21:33,,L,38.47513,-121.58387,38.47571,-121.58300,38.48199,-121.58335,20mm,Surface,U,2,10,1,No,28640,1162.160507,1162.160507,,,1162.160507,,Ebb,CLD,25.4,0.29,17.9,993,24.77,9.07,Complete,Lab,HYPOM,,HYPOM,Hypomesus spp. unknown,15.5,n/p,2026-0944,None,n/p,n/p,n/p,,,,No,1
6578,3901,North,Upper Sacramento River Ship Channel,Sac DW Ship Channel,26-38-SSC09,2026-04-15,09:21:33,,L,38.47513,-121.58387,38.47571,-121.58300,38.48199,-121.58335,20mm,Surface,U,2,10,1,No,28640,1162.160507,1162.160507,,,1162.160507,,Ebb,CLD,25.4,0.29,17.9,993,24.77,9.07,Complete,Lab,HYPOM,,HYPOM,Hypomesus spp. unknown,15.9,n/p,2026-1028,None,n/p,n/p,n/p,,,,No,1
6578,3901,North,Upper Sacramento River Ship Channel,Sac DW Ship Channel,26-38-SSC09,2026-04-15,09:21:33,,L,38.47513,-121.58387,38.47571,-121.58300,38.48199,-121.58335,20mm,Surface,U,2,10,1,No,28640,1162.160507,1162.160507,,,1162.160507,,Ebb,CLD,25.4,0.29,17.9,993,24.77,9.07,Complete,Lab,HYPOM,,HYPOM,Hypomesus spp. unknown,16,n/p,2026-0870,None,n/p,n/p,n/p,,,,No,1
6578,3901,North,Upper Sacramento River Ship Channel,Sac DW Ship Channel,26-38-SSC09,2026-04-15,09:21:33,,L,38.47513,-121.58387,38.47571,-121.58300,38.48199,-121.58335,20mm,Surface,U,2,10,1,No,28640,1162.160507,1162.160507,,,1162.160507,,Ebb,CLD,25.4,0.29,17.9,993,24.77,9.07,Complete,Lab,HYPOM,,HYPOM,Hypomesus spp. unknown,16.1,n/p,2026-1129,None,n/p,n/p,n/p,,,,No,1
6578,3901,North,Upper Sacramento River Ship Channel,Sac DW Ship Channel,26-38-SSC09,2026-04-15,09:21:33,,L,38.47513,-121.58387,38.47571,-121.58300,38.48199,-121.58335,20mm,Surface,U,2,10,1,No,28640,1162.160507,1162.160507,,,1162.160507,,Ebb,CLD,25.4,0.29,17.9,993,24.77,9.07,Complete,Lab,HYPOM,,HYPOM,Hypomesus spp. unknown,17.9,n/p,2026-1391,None,n/p,n/p,n/p,,,,No,1
6578,3901,North,Upper Sacramento River Ship Channel,Sac DW Ship Channel,26-38-SSC09,2026-04-15,09:21:33,,L,38.47513,-121.58387,38.47571,-121.58300,38.48199,-121.58335,20mm,Surface,U,2,10,1,No,28640,1162.160507,1162.160507,,,1162.160507,,Ebb,CLD,25.4,0.29,17.9,993,24.77,9.07,Complete,Lab,HYPOM,,HYPOM,Hypomesus spp. unknown,18.6,n/p,2026-1166,None,n/p,n/p,n/p,,,,No,1
6578,3901,North,Upper Sacramento River Ship Channel,Sac DW Ship Channel,26-38-SSC09,2026-04-15,09:21:33,,L,38.47513,-121.58387,38.47571,-121.58300,38.48199,-121.58335,20mm,Surface,U,2,10,1,No,28640,1162.160507,1162.160507,,,1162.160507,,Ebb,CLD,25.4,0.29,17.9,993,24.77,9.07,Complete,Lab,HYPOM,,HYPOM,Hypomesus spp. unknown,19.6,n/p,2026-1165,None,n/p,n/p,n/p,,,,No,1
6578,3901,North,Upper Sacramento River Ship Channel,Sac DW Ship Channel,26-38-SSC09,2026-04-15,09:21:33,,L,38.47513,-121.58387,38.47571,-121.58300,38.48199,-121.58335,20mm,Surface,U,2,10,1,No,28640,1162.160507,1162.160507,,,1162.160507,,Ebb,CLD,25.4,0.29,17.9,993,24.77,9.07,Complete,Lab,HYPOM,,HYPOM,Hypomesus spp. unknown,20.2,n/p,2026-1032,None,n/p,n/p,n/p,,,,No,1
6578,3901,North,Upper Sacramento River Ship Channel,Sac DW Ship Channel,26-38-SSC09,2026-04-15,09:21:33,,L,38.47513,-121.58387,38.47571,-121.58300,38.48199,-121.58335,20mm,Surface,U,2,10,1,No,28640,1162.160507,1162.160507,,,1162.160507,,Ebb,CLD,25.4,0.29,17.9,993,24.77,9.07,Complete,Lab,HYPOM,,HYPOM,Hypomesus spp. unknown,20.3,n/p,2026-0900,None,n/p,n/p,n/p,,,,No,1
6593,3908,South,San Joaquin River at Twitchell Island,Lower San Joaquin,26-38-LSJ05,2026-04-15,10:23:40,,L,38.09326,-121.65705,38.09314,-121.65686,38.09155,-121.65350,20mm,Surface,U,2,10,1,No,25702,1042.941667,1042.941667,,,1042.941667,,Ebb,CLD,44.5,1.12,17.7,183.4,4.71,9.11,Complete,Lab,HYPOM,,HYPOM,Hypomesus spp. unknown,11,n/p,2026-1058,None,n/p,n/p,n/p,,,,No,1
6593,3908,South,San Joaquin River at Twitchell Island,Lower San Joaquin,26-38-LSJ05,2026-04-15,10:23:40,,L,38.09326,-121.65705,38.09314,-121.65686,38.09155,-121.65350,20mm,Surface,U,2,10,1,No,25702,1042.941667,1042.941667,,,1042.941667,,Ebb,CLD,44.5,1.12,17.7,183.4,4.71,9.11,Complete,Lab,HYPOM,,HYPOM,Hypomesus spp. unknown,11.2,n/p,2026-0975,None,n/p,n/p,n/p,,,,No,1
6593,3908,South,San Joaquin River at Twitchell Island,Lower San Joaquin,26-38-LSJ05,2026-04-15,10:23:40,,L,38.09326,-121.65705,38.09314,-121.65686,38.09155,-121.65350,20mm,Surface,U,2,10,1,No,25702,1042.941667,1042.941667,,,1042.941667,,Ebb,CLD,44.5,1.12,17.7,183.4,4.71,9.11,Complete,Lab,HYPOM,,HYPOM,Hypomesus spp. unknown,12.7,n/p,2026-1375,None,n/p,n/p,n/p,,,,No,1
6593,3908,South,San Joaquin River at Twitchell Island,Lower San Joaquin,26-38-LSJ05,2026-04-15,10:23:40,,L,38.09326,-121.65705,38.09314,-121.65686,38.09155,-121.65350,20mm,Surface,U,2,10,1,No,25702,1042.941667,1042.941667,,,1042.941667,,Ebb,CLD,44.5,1.12,17.7,183.4,4.71,9.11,Complete,Lab,HYPOM,,HYPOM,Hypomesus spp. unknown,13,n/p,2026-1153,None,n/p,n/p,n/p,,,,No,1
6613,3932,North,Lower Sacramento River Ship Channel,Sac DW Ship Channel,26-38-SSC11,2026-04-16,12:09:08,,L,38.18864,-121.65951,38.18839,-121.65859,38.19340,-121.65688,20mm,Surface,U,1,10,1,No,26727,1084.534353,1084.534353,,,1084.534353,,Ebb,CLR,40.1,0.63,15.9,207.4,8.45,9.3,Complete,Lab,HYPOM,,HYPOM,Hypomesus spp. unknown,10.8,n/p,2026-0633,None,n/p,n/p,n/p,,,,No,1
6613,3932,North,Lower Sacramento River Ship Channel,Sac DW Ship Channel,26-38-SSC11,2026-04-16,12:09:08,,L,38.18864,-121.65951,38.18839,-121.65859,38.19340,-121.65688,20mm,Surface,U,1,10,1,No,26727,1084.534353,1084.534353,,,1084.534353,,Ebb,CLR,40.1,0.63,15.9,207.4,8.45,9.3,Complete,Lab,HYPOM,,HYPOM,Hypomesus spp. unknown,17,n/p,2026-0372,None,n/p,n/p,n/p,,,,No,1
6614,3932,North,Lower Sacramento River Ship Channel,Sac DW Ship Channel,26-38-SSC11,2026-04-16,12:26:36,,L,38.18864,-121.65951,38.18880,-121.65820,38.19495,-121.65650,20mm,Surface,U,2,10,1,No,25859,1049.31245,1049.31245,,,1049.31245,,Ebb,CLR,40.6,0.92,15.9,212.2,8.08,9.46,Complete,Lab,HYPOM,,HYPOM,Hypomesus spp. unknown,9,n/p,2026-0515,None,n/p,n/p,n/p,,,,No,1
6614,3932,North,Lower Sacramento River Ship Channel,Sac DW Ship Channel,26-38-SSC11,2026-04-16,12:26:36,,L,38.18864,-121.65951,38.18880,-121.65820,38.19495,-121.65650,20mm,Surface,U,2,10,1,No,25859,1049.31245,1049.31245,,,1049.31245,,Ebb,CLR,40.6,0.92,15.9,212.2,8.08,9.46,Complete,Lab,HYPOM,,HYPOM,Hypomesus spp. unknown,9.7,n/p,2026-0045,None,n/p,n/p,n/p,,,,No,1
6614,3932,North,Lower Sacramento River Ship Channel,Sac DW Ship Channel,26-38-SSC11,2026-04-16,12:26:36,,L,38.18864,-121.65951,38.18880,-121.65820,38.19495,-121.65650,20mm,Surface,U,2,10,1,No,25859,1049.31245,1049.31245,,,1049.31245,,Ebb,CLR,40.6,0.92,15.9,212.2,8.08,9.46,Complete,Lab,HYPOM,,HYPOM,Hypomesus spp. unknown,9.9,n/p,2026-0150,None,n/p,n/p,n/p,,,,No,1
6614,3932,North,Lower Sacramento River Ship Channel,Sac DW Ship Channel,26-38-SSC11,2026-04-16,12:26:36,,L,38.18864,-121.65951,38.18880,-121.65820,38.19495,-121.65650,20mm,Surface,U,2,10,1,No,25859,1049.31245,1049.31245,,,1049.31245,,Ebb,CLR,40.6,0.92,15.9,212.2,8.08,9.46,Complete,Lab,HYPOM,,HYPOM,Hypomesus spp. unknown,11.4,n/p,2026-0493,None,n/p,n/p,n/p,,,,No,1
6614,3932,North,Lower Sacramento River Ship Channel,Sac DW Ship Channel,26-38-SSC11,2026-04-16,12:26:36,,L,38.18864,-121.65951,38.18880,-121.65820,38.19495,-121.65650,20mm,Surface,U,2,10,1,No,25859,1049.31245,1049.31245,,,1049.31245,,Ebb,CLR,40.6,0.92,15.9,212.2,8.08,9.46,Complete,Lab,HYPOM,,HYPOM,Hypomesus spp. unknown,12,n/p,2026-1000,None,n/p,n/p,n/p,,,,No,1
6610,3925,North,Lower Sacramento River Ship Channel,Sac DW Ship Channel,26-38-SSC03,2026-04-16,08:26:14,,L,38.30354,-121.65506,38.30316,-121.65399,38.30673,-121.65330,20mm,Surface,U,2,10,1,No,26473,1074.227483,1074.227483,,,1074.227483,,Ebb,CLR,35.9,0.34,17.6,454.9,23.58,9.56,Complete,Lab,HYPOM,,HYPOM,Hypomesus spp. unknown,10.5,n/p,2026-0343,None,n/p,n/p,n/p,,,,No,1
6610,3925,North,Lower Sacramento River Ship Channel,Sac DW Ship Channel,26-38-SSC03,2026-04-16,08:26:14,,L,38.30354,-121.65506,38.30316,-121.65399,38.30673,-121.65330,20mm,Surface,U,2,10,1,No,26473,1074.227483,1074.227483,,,1074.227483,,Ebb,CLR,35.9,0.34,17.6,454.9,23.58,9.56,Complete,Lab,HYPOM,,HYPOM,Hypomesus spp. unknown,11.2,n/p,2026-0130,None,n/p,n/p,n/p,,,,No,1
6610,3925,North,Lower Sacramento River Ship Channel,Sac DW Ship Channel,26-38-SSC03,2026-04-16,08:26:14,,L,38.30354,-121.65506,38.30316,-121.65399,38.30673,-121.65330,20mm,Surface,U,2,10,1,No,26473,1074.227483,1074.227483,,,1074.227483,,Ebb,CLR,35.9,0.34,17.6,454.9,23.58,9.56,Complete,Lab,HYPOM,,HYPOM,Hypomesus spp. unknown,11.3,n/p,2026-0053,None,n/p,n/p,n/p,,,,No,1
6610,3925,North,Lower Sacramento River Ship Channel,Sac DW Ship Channel,26-38-SSC03,2026-04-16,08:26:14,,L,38.30354,-121.65506,38.30316,-121.65399,38.30673,-121.65330,20mm,Surface,U,2,10,1,No,26473,1074.227483,1074.227483,,,1074.227483,,Ebb,CLR,35.9,0.34,17.6,454.9,23.58,9.56,Complete,Lab,HYPOM,,HYPOM,Hypomesus spp. unknown,11.6,n/p,2026-0553,None,n/p,n/p,n/p,,,,No,1
6610,3925,North,Lower Sacramento River Ship Channel,Sac DW Ship Channel,26-38-SSC03,2026-04-16,08:26:14,,L,38.30354,-121.65506,38.30316,-121.65399,38.30673,-121.65330,20mm,Surface,U,2,10,1,No,26473,1074.227483,1074.227483,,,1074.227483,,Ebb,CLR,35.9,0.34,17.6,454.9,23.58,9.56,Complete,Lab,HYPOM,,HYPOM,Hypomesus spp. unknown,12,n/p,2026-0518,None,n/p,n/p,n/p,,,,No,1
6610,3925,North,Lower Sacramento River Ship Channel,Sac DW Ship Channel,26-38-SSC03,2026-04-16,08:26:14,,L,38.30354,-121.65506,38.30316,-121.65399,38.30673,-121.65330,20mm,Surface,U,2,10,1,No,26473,1074.227483,1074.227483,,,1074.227483,,Ebb,CLR,35.9,0.34,17.6,454.9,23.58,9.56,Complete,Lab,HYPOM,,HYPOM,Hypomesus spp. unknown,12.6,n/p,2026-0129,None,n/p,n/p,n/p,,,,No,1
6610,3925,North,Lower Sacramento River Ship Channel,Sac DW Ship Channel,26-38-SSC03,2026-04-16,08:26:14,,L,38.30354,-121.65506,38.30316,-121.65399,38.30673,-121.65330,20mm,Surface,U,2,10,1,No,26473,1074.227483,1074.227483,,,1074.227483,,Ebb,CLR,35.9,0.34,17.6,454.9,23.58,9.56,Complete,Lab,HYPOM,,HYPOM,Hypomesus spp. unknown,12.7,n/p,2026-0066,None,n/p,n/p,n/p,,,,No,1
6610,3925,North,Lower Sacramento River Ship Channel,Sac DW Ship Channel,26-38-SSC03,2026-04-16,08:26:14,,L,38.30354,-121.65506,38.30316,-121.65399,38.30673,-121.65330,20mm,Surface,U,2,10,1,No,26473,1074.227483,1074.227483,,,1074.227483,,Ebb,CLR,35.9,0.34,17.6,454.9,23.58,9.56,Complete,Lab,HYPOM,,HYPOM,Hypomesus spp. unknown,13,n/p,2026-0492,None,n/p,n/p,n/p,,,,No,1
6610,3925,North,Lower Sacramento River Ship Channel,Sac DW Ship Channel,26-38-SSC03,2026-04-16,08:26:14,,L,38.30354,-121.65506,38.30316,-121.65399,38.30673,-121.65330,20mm,Surface,U,2,10,1,No,26473,1074.227483,1074.227483,,,1074.227483,,Ebb,CLR,35.9,0.34,17.6,454.9,23.58,9.56,Complete,Lab,HYPOM,,HYPOM,Hypomesus spp. unknown,13.5,n/p,2026-0158,None,n/p,n/p,n/p,,,,No,1
6610,3925,North,Lower Sacramento River Ship Channel,Sac DW Ship Channel,26-38-SSC03,2026-04-16,08:26:14,,L,38.30354,-121.65506,38.30316,-121.65399,38.30673,-121.65330,20mm,Surface,U,2,10,1,No,26473,1074.227483,1074.227483,,,1074.227483,,Ebb,CLR,35.9,0.34,17.6,454.9,23.58,9.56,Complete,Lab,HYPOM,,HYPOM,Hypomesus spp. unknown,13.8,n/p,2026-0109,None,n/p,n/p,n/p,,,,No,1
6610,3925,North,Lower Sacramento River Ship Channel,Sac DW Ship Channel,26-38-SSC03,2026-04-16,08:26:14,,L,38.30354,-121.65506,38.30316,-121.65399,38.30673,-121.65330,20mm,Surface,U,2,10,1,No,26473,1074.227483,1074.227483,,,1074.227483,,Ebb,CLR,35.9,0.34,17.6,454.9,23.58,9.56,Complete,Lab,HYPOM,,HYPOM,Hypomesus spp. unknown,15,n/p,2026-0015,None,n/p,n/p,n/p,,,,No,1
6610,3925,North,Lower Sacramento River Ship Channel,Sac DW Ship Channel,26-38-SSC03,2026-04-16,08:26:14,,L,38.30354,-121.65506,38.30316,-121.65399,38.30673,-121.65330,20mm,Surface,U,2,10,1,No,26473,1074.227483,1074.227483,,,1074.227483,,Ebb,CLR,35.9,0.34,17.6,454.9,23.58,9.56,Complete,Lab,HYPOM,,HYPOM,Hypomesus spp. unknown,15.1,n/p,2026-0384,None,n/p,n/p,n/p,,,,No,1
6610,3925,North,Lower Sacramento River Ship Channel,Sac DW Ship Channel,26-38-SSC03,2026-04-16,08:26:14,,L,38.30354,-121.65506,38.30316,-121.65399,38.30673,-121.65330,20mm,Surface,U,2,10,1,No,26473,1074.227483,1074.227483,,,1074.227483,,Ebb,CLR,35.9,0.34,17.6,454.9,23.58,9.56,Complete,Lab,HYPOM,,HYPOM,Hypomesus spp. unknown,15.5,n/p,2026-0085,None,n/p,n/p,n/p,,,,No,1
6610,3925,North,Lower Sacramento River Ship Channel,Sac DW Ship Channel,26-38-SSC03,2026-04-16,08:26:14,,L,38.30354,-121.65506,38.30316,-121.65399,38.30673,-121.65330,20mm,Surface,U,2,10,1,No,26473,1074.227483,1074.227483,,,1074.227483,,Ebb,CLR,35.9,0.34,17.6,454.9,23.58,9.56,Complete,Lab,HYPOM,,HYPOM,Hypomesus spp. unknown,16.6,n/p,2026-0568,None,n/p,n/p,n/p,,,,No,1
6610,3925,North,Lower Sacramento River Ship Channel,Sac DW Ship Channel,26-38-SSC03,2026-04-16,08:26:14,,L,38.30354,-121.65506,38.30316,-121.65399,38.30673,-121.65330,20mm,Surface,U,2,10,1,No,26473,1074.227483,1074.227483,,,1074.227483,,Ebb,CLR,35.9,0.34,17.6,454.9,23.58,9.56,Complete,Lab,HYPOM,,HYPOM,Hypomesus spp. unknown,19.5,n/p,2026-0038,None,n/p,n/p,n/p,,,,No,1
6610,3925,North,Lower Sacramento River Ship Channel,Sac DW Ship Channel,26-38-SSC03,2026-04-16,08:26:14,,L,38.30354,-121.65506,38.30316,-121.65399,38.30673,-121.65330,20mm,Surface,U,2,10,1,No,26473,1074.227483,1074.227483,,,1074.227483,,Ebb,CLR,35.9,0.34,17.6,454.9,23.58,9.56,Complete,Lab,HYPOM,,HYPOM,Hypomesus spp. unknown,20.9,n/p,2026-0502,None,n/p,n/p,n/p,,,,No,1
6610,3925,North,Lower Sacramento River Ship Channel,Sac DW Ship Channel,26-38-SSC03,2026-04-16,08:26:14,,L,38.30354,-121.65506,38.30316,-121.65399,38.30673,-121.65330,20mm,Surface,U,2,10,1,No,26473,1074.227483,1074.227483,,,1074.227483,,Ebb,CLR,35.9,0.34,17.6,454.9,23.58,9.56,Complete,Lab,HYPOM,,HYPOM,Hypomesus spp. unknown,22.5,n/p,2026-0548,None,n/p,n/p,n/p,,,,No,1
6610,3925,North,Lower Sacramento River Ship Channel,Sac DW Ship Channel,26-38-SSC03,2026-04-16,08:26:14,,L,38.30354,-121.65506,38.30316,-121.65399,38.30673,-121.65330,20mm,Surface,U,2,10,1,No,26473,1074.227483,1074.227483,,,1074.227483,,Ebb,CLR,35.9,0.34,17.6,454.9,23.58,9.56,Complete,Lab,HYPOM,,HYPOM,Hypomesus spp. unknown,22.7,n/p,2026-0413,None,n/p,n/p,n/p,,,,No,1
6610,3925,North,Lower Sacramento River Ship Channel,Sac DW Ship Channel,26-38-SSC03,2026-04-16,08:26:14,,L,38.30354,-121.65506,38.30316,-121.65399,38.30673,-121.65330,20mm,Surface,U,2,10,1,No,26473,1074.227483,1074.227483,,,1074.227483,,Ebb,CLR,35.9,0.34,17.6,454.9,23.58,9.56,Complete,Lab,HYPOM,,HYPOM,Hypomesus spp. unknown,23,n/p,2026-0071,None,n/p,n/p,n/p,,,,No,1
6610,3925,North,Lower Sacramento River Ship Channel,Sac DW Ship Channel,26-38-SSC03,2026-04-16,08:26:14,,L,38.30354,-121.65506,38.30316,-121.65399,38.30673,-121.65330,20mm,Surface,U,2,10,1,No,26473,1074.227483,1074.227483,,,1074.227483,,Ebb,CLR,35.9,0.34,17.6,454.9,23.58,9.56,Complete,Lab,HYPOM,,HYPOM,Hypomesus spp. unknown,24,n/p,2026-0441,None,n/p,n/p,n/p,,,,No,1
6610,3925,North,Lower Sacramento River Ship Channel,Sac DW Ship Channel,26-38-SSC03,2026-04-16,08:26:14,,L,38.30354,-121.65506,38.30316,-121.65399,38.30673,-121.65330,20mm,Surface,U,2,10,1,No,26473,1074.227483,1074.227483,,,1074.227483,,Ebb,CLR,35.9,0.34,17.6,454.9,23.58,9.56,Complete,Lab,HYPOM,,HYPOM,Hypomesus spp. unknown,25,n/p,2026-0776,None,n/p,n/p,n/p,,,,No,1
6599,3918,West,Confluence,Suisun Bay,26-38-SB01,2026-04-16,08:43:50,,L,38.05299,-121.84335,38.05297,-121.84365,38.04900,-121.84268,20mm,Surface,U,1,10,1,No,28248,1146.253841,1146.253841,,,1146.253841,,Ebb,CLR,15.5,0.7,17.1,316.7,16.32,9.38,Complete,Lab,HYPOM,,HYPOM,Hypomesus spp. unknown,11.1,n/p,2026-0352,None,n/p,n/p,n/p,,,,No,1
6601,3919,West,Confluence,Suisun Bay,26-38-SB05,2026-04-16,09:37:45,,L,38.04874,-121.88788,38.04823,-121.88825,38.04792,-121.88499,20mm,Surface,U,1,10,1,No,24645,1000.050478,1000.050478,,,1000.050478,,Ebb,CLR,39.4,0.62,16.6,246,12.94,9.28,Complete,Lab,HYPOM,,HYPOM,Hypomesus spp. unknown,12,n/p,2026-1366,None,n/p,n/p,n/p,,,,No,1
6603,3922,North,Lower Sacramento River Ship Channel,Sac DW Ship Channel,26-38-SSC04,2026-04-16,10:33:30,,L,38.24782,-121.66894,38.24858,-121.66816,38.25238,-121.66732,20mm,Surface,U,1,10,1,No,27074,1098.614999,1098.614999,,,1098.614999,,Ebb,CLR,30.6,0.46,16.9,294.8,13.66,9.34,Complete,Lab,HYPOM,,HYPOM,Hypomesus spp. unknown,11.6,n/p,2026-0035,None,n/p,n/p,n/p,,,,No,1
6603,3922,North,Lower Sacramento River Ship Channel,Sac DW Ship Channel,26-38-SSC04,2026-04-16,10:33:30,,L,38.24782,-121.66894,38.24858,-121.66816,38.25238,-121.66732,20mm,Surface,U,1,10,1,No,27074,1098.614999,1098.614999,,,1098.614999,,Ebb,CLR,30.6,0.46,16.9,294.8,13.66,9.34,Complete,Lab,HYPOM,,HYPOM,Hypomesus spp. unknown,12.5,n/p,2026-0056,None,n/p,n/p,n/p,,,,No,1
6603,3922,North,Lower Sacramento River Ship Channel,Sac DW Ship Channel,26-38-SSC04,2026-04-16,10:33:30,,L,38.24782,-121.66894,38.24858,-121.66816,38.25238,-121.66732,20mm,Surface,U,1,10,1,No,27074,1098.614999,1098.614999,,,1098.614999,,Ebb,CLR,30.6,0.46,16.9,294.8,13.66,9.34,Complete,Lab,HYPOM,,HYPOM,Hypomesus spp. unknown,13,n/p,2026-0415,None,n/p,n/p,n/p,,,,No,1
6603,3922,North,Lower Sacramento River Ship Channel,Sac DW Ship Channel,26-38-SSC04,2026-04-16,10:33:30,,L,38.24782,-121.66894,38.24858,-121.66816,38.25238,-121.66732,20mm,Surface,U,1,10,1,No,27074,1098.614999,1098.614999,,,1098.614999,,Ebb,CLR,30.6,0.46,16.9,294.8,13.66,9.34,Complete,Lab,HYPOM,,HYPOM,Hypomesus spp. unknown,14.3,n/p,2026-0170,None,n/p,n/p,n/p,,,,No,1
6603,3922,North,Lower Sacramento River Ship Channel,Sac DW Ship Channel,26-38-SSC04,2026-04-16,10:33:30,,L,38.24782,-121.66894,38.24858,-121.66816,38.25238,-121.66732,20mm,Surface,U,1,10,1,No,27074,1098.614999,1098.614999,,,1098.614999,,Ebb,CLR,30.6,0.46,16.9,294.8,13.66,9.34,Complete,Lab,HYPOM,,HYPOM,Hypomesus spp. unknown,16,n/p,2026-0470,None,n/p,n/p,n/p,,,,No,1
6603,3922,North,Lower Sacramento River Ship Channel,Sac DW Ship Channel,26-38-SSC04,2026-04-16,10:33:30,,L,38.24782,-121.66894,38.24858,-121.66816,38.25238,-121.66732,20mm,Surface,U,1,10,1,No,27074,1098.614999,1098.614999,,,1098.614999,,Ebb,CLR,30.6,0.46,16.9,294.8,13.66,9.34,Complete,Lab,HYPOM,,HYPOM,Hypomesus spp. unknown,21.2,n/p,2026-0603,None,n/p,n/p,n/p,,,,No,1
6604,3922,North,Lower Sacramento River Ship Channel,Sac DW Ship Channel,26-38-SSC04,2026-04-16,10:48:41,,L,38.24782,-121.66894,38.24807,-121.66846,38.25182,-121.66763,20mm,Surface,U,2,10,1,No,25702,1042.941667,1042.941667,,,1042.941667,,Ebb,CLR,33.5,0.54,17,302,13.94,9.08,Complete,Lab,HYPOM,,HYPOM,Hypomesus spp. unknown,12.6,n/p,2026-0065,None,n/p,n/p,n/p,,,,No,1
6604,3922,North,Lower Sacramento River Ship Channel,Sac DW Ship Channel,26-38-SSC04,2026-04-16,10:48:41,,L,38.24782,-121.66894,38.24807,-121.66846,38.25182,-121.66763,20mm,Surface,U,2,10,1,No,25702,1042.941667,1042.941667,,,1042.941667,,Ebb,CLR,33.5,0.54,17,302,13.94,9.08,Complete,Lab,HYPOM,,HYPOM,Hypomesus spp. unknown,22.6,n/p,2026-0341,None,n/p,n/p,n/p,,,,No,1
6605,3923,North,Lower Sacramento River Ship Channel,Sac DW Ship Channel,26-38-SSC07,2026-04-16,09:50:41,,L,38.27806,-121.66021,38.27829,-121.65973,38.28198,-121.65915,20mm,Surface,U,1,10,1,No,25677,1041.927212,1041.927212,,,1041.927212,,Ebb,CLR,34.8,0.34,17.5,406.8,20.58,9.42,Complete,Lab,HYPOM,,HYPOM,Hypomesus spp. unknown,11.6,n/p,2026-0494,None,n/p,n/p,n/p,,,,No,1
6605,3923,North,Lower Sacramento River Ship Channel,Sac DW Ship Channel,26-38-SSC07,2026-04-16,09:50:41,,L,38.27806,-121.66021,38.27829,-121.65973,38.28198,-121.65915,20mm,Surface,U,1,10,1,No,25677,1041.927212,1041.927212,,,1041.927212,,Ebb,CLR,34.8,0.34,17.5,406.8,20.58,9.42,Complete,Lab,HYPOM,,HYPOM,Hypomesus spp. unknown,12.3,n/p,2026-0398,None,n/p,n/p,n/p,,,,No,1
6605,3923,North,Lower Sacramento River Ship Channel,Sac DW Ship Channel,26-38-SSC07,2026-04-16,09:50:41,,L,38.27806,-121.66021,38.27829,-121.65973,38.28198,-121.65915,20mm,Surface,U,1,10,1,No,25677,1041.927212,1041.927212,,,1041.927212,,Ebb,CLR,34.8,0.34,17.5,406.8,20.58,9.42,Complete,Lab,HYPOM,,HYPOM,Hypomesus spp. unknown,12.6,n/p,2026-0363,None,n/p,n/p,n/p,,,,No,1
6605,3923,North,Lower Sacramento River Ship Channel,Sac DW Ship Channel,26-38-SSC07,2026-04-16,09:50:41,,L,38.27806,-121.66021,38.27829,-121.65973,38.28198,-121.65915,20mm,Surface,U,1,10,1,No,25677,1041.927212,1041.927212,,,1041.927212,,Ebb,CLR,34.8,0.34,17.5,406.8,20.58,9.42,Complete,Lab,HYPOM,,HYPOM,Hypomesus spp. unknown,12.8,n/p,2026-0417,None,n/p,n/p,n/p,,,,No,1
6605,3923,North,Lower Sacramento River Ship Channel,Sac DW Ship Channel,26-38-SSC07,2026-04-16,09:50:41,,L,38.27806,-121.66021,38.27829,-121.65973,38.28198,-121.65915,20mm,Surface,U,1,10,1,No,25677,1041.927212,1041.927212,,,1041.927212,,Ebb,CLR,34.8,0.34,17.5,406.8,20.58,9.42,Complete,Lab,HYPOM,,HYPOM,Hypomesus spp. unknown,12.9,n/p,2026-0478,None,n/p,n/p,n/p,,,,No,1
6605,3923,North,Lower Sacramento River Ship Channel,Sac DW Ship Channel,26-38-SSC07,2026-04-16,09:50:41,,L,38.27806,-121.66021,38.27829,-121.65973,38.28198,-121.65915,20mm,Surface,U,1,10,1,No,25677,1041.927212,1041.927212,,,1041.927212,,Ebb,CLR,34.8,0.34,17.5,406.8,20.58,9.42,Complete,Lab,HYPOM,,HYPOM,Hypomesus spp. unknown,13.6,n/p,2026-0420,None,n/p,n/p,n/p,,,,No,1
6605,3923,North,Lower Sacramento River Ship Channel,Sac DW Ship Channel,26-38-SSC07,2026-04-16,09:50:41,,L,38.27806,-121.66021,38.27829,-121.65973,38.28198,-121.65915,20mm,Surface,U,1,10,1,No,25677,1041.927212,1041.927212,,,1041.927212,,Ebb,CLR,34.8,0.34,17.5,406.8,20.58,9.42,Complete,Lab,HYPOM,,HYPOM,Hypomesus spp. unknown,13.8,n/p,2026-0247,None,n/p,n/p,n/p,,,,No,1
6605,3923,North,Lower Sacramento River Ship Channel,Sac DW Ship Channel,26-38-SSC07,2026-04-16,09:50:41,,L,38.27806,-121.66021,38.27829,-121.65973,38.28198,-121.65915,20mm,Surface,U,1,10,1,No,25677,1041.927212,1041.927212,,,1041.927212,,Ebb,CLR,34.8,0.34,17.5,406.8,20.58,9.42,Complete,Lab,HYPOM,,HYPOM,Hypomesus spp. unknown,15.2,n/p,2026-0264,None,n/p,n/p,n/p,,,,No,1
6605,3923,North,Lower Sacramento River Ship Channel,Sac DW Ship Channel,26-38-SSC07,2026-04-16,09:50:41,,L,38.27806,-121.66021,38.27829,-121.65973,38.28198,-121.65915,20mm,Surface,U,1,10,1,No,25677,1041.927212,1041.927212,,,1041.927212,,Ebb,CLR,34.8,0.34,17.5,406.8,20.58,9.42,Complete,Lab,HYPOM,,HYPOM,Hypomesus spp. unknown,15.8,n/p,2026-0616,None,n/p,n/p,n/p,,,,No,1
6605,3923,North,Lower Sacramento River Ship Channel,Sac DW Ship Channel,26-38-SSC07,2026-04-16,09:50:41,,L,38.27806,-121.66021,38.27829,-121.65973,38.28198,-121.65915,20mm,Surface,U,1,10,1,No,25677,1041.927212,1041.927212,,,1041.927212,,Ebb,CLR,34.8,0.34,17.5,406.8,20.58,9.42,Complete,Lab,HYPOM,,HYPOM,Hypomesus spp. unknown,17.2,n/p,2026-0444,None,n/p,n/p,n/p,,,,No,1
6605,3923,North,Lower Sacramento River Ship Channel,Sac DW Ship Channel,26-38-SSC07,2026-04-16,09:50:41,,L,38.27806,-121.66021,38.27829,-121.65973,38.28198,-121.65915,20mm,Surface,U,1,10,1,No,25677,1041.927212,1041.927212,,,1041.927212,,Ebb,CLR,34.8,0.34,17.5,406.8,20.58,9.42,Complete,Lab,HYPOM,,HYPOM,Hypomesus spp. unknown,17.6,n/p,2026-0317,None,n/p,n/p,n/p,,,,No,1
6605,3923,North,Lower Sacramento River Ship Channel,Sac DW Ship Channel,26-38-SSC07,2026-04-16,09:50:41,,L,38.27806,-121.66021,38.27829,-121.65973,38.28198,-121.65915,20mm,Surface,U,1,10,1,No,25677,1041.927212,1041.927212,,,1041.927212,,Ebb,CLR,34.8,0.34,17.5,406.8,20.58,9.42,Complete,Lab,HYPOM,,HYPOM,Hypomesus spp. unknown,18.2,n/p,2026-0219,None,n/p,n/p,n/p,,,,No,1
6605,3923,North,Lower Sacramento River Ship Channel,Sac DW Ship Channel,26-38-SSC07,2026-04-16,09:50:41,,L,38.27806,-121.66021,38.27829,-121.65973,38.28198,-121.65915,20mm,Surface,U,1,10,1,No,25677,1041.927212,1041.927212,,,1041.927212,,Ebb,CLR,34.8,0.34,17.5,406.8,20.58,9.42,Complete,Lab,HYPOM,,HYPOM,Hypomesus spp. unknown,19.5,n/p,2026-0333,None,n/p,n/p,n/p,,,,No,1
6605,3923,North,Lower Sacramento River Ship Channel,Sac DW Ship Channel,26-38-SSC07,2026-04-16,09:50:41,,L,38.27806,-121.66021,38.27829,-121.65973,38.28198,-121.65915,20mm,Surface,U,1,10,1,No,25677,1041.927212,1041.927212,,,1041.927212,,Ebb,CLR,34.8,0.34,17.5,406.8,20.58,9.42,Complete,Lab,HYPOM,,HYPOM,Hypomesus spp. unknown,21.8,n/p,2026-0051,None,n/p,n/p,n/p,,,,No,1
6605,3923,North,Lower Sacramento River Ship Channel,Sac DW Ship Channel,26-38-SSC07,2026-04-16,09:50:41,,L,38.27806,-121.66021,38.27829,-121.65973,38.28198,-121.65915,20mm,Surface,U,1,10,1,No,25677,1041.927212,1041.927212,,,1041.927212,,Ebb,CLR,34.8,0.34,17.5,406.8,20.58,9.42,Complete,Lab,HYPOM,,HYPOM,Hypomesus spp. unknown,25,n/p,2026-0028,None,n/p,n/p,n/p,,,,No,1
6606,3923,North,Lower Sacramento River Ship Channel,Sac DW Ship Channel,26-38-SSC07,2026-04-16,10:07:04,,L,38.27806,-121.66021,38.27798,-121.66006,38.28178,-121.65915,20mm,Surface,U,2,10,1,No,26378,1070.372551,1070.372551,,,1070.372551,,Ebb,CLR,34.3,0.33,17.5,413.3,19.82,8.86,Complete,Lab,HYPOM,,HYPOM,Hypomesus spp. unknown,7.9,n/p,2026-0466,None,n/p,n/p,n/p,,,,No,1
6606,3923,North,Lower Sacramento River Ship Channel,Sac DW Ship Channel,26-38-SSC07,2026-04-16,10:07:04,,L,38.27806,-121.66021,38.27798,-121.66006,38.28178,-121.65915,20mm,Surface,U,2,10,1,No,26378,1070.372551,1070.372551,,,1070.372551,,Ebb,CLR,34.3,0.33,17.5,413.3,19.82,8.86,Complete,Lab,HYPOM,,HYPOM,Hypomesus spp. unknown,10.1,n/p,2026-0551,None,n/p,n/p,n/p,,,,No,1
6606,3923,North,Lower Sacramento River Ship Channel,Sac DW Ship Channel,26-38-SSC07,2026-04-16,10:07:04,,L,38.27806,-121.66021,38.27798,-121.66006,38.28178,-121.65915,20mm,Surface,U,2,10,1,No,26378,1070.372551,1070.372551,,,1070.372551,,Ebb,CLR,34.3,0.33,17.5,413.3,19.82,8.86,Complete,Lab,HYPOM,,HYPOM,Hypomesus spp. unknown,10.3,n/p,2026-0245,None,n/p,n/p,n/p,,,,No,1
6606,3923,North,Lower Sacramento River Ship Channel,Sac DW Ship Channel,26-38-SSC07,2026-04-16,10:07:04,,L,38.27806,-121.66021,38.27798,-121.66006,38.28178,-121.65915,20mm,Surface,U,2,10,1,No,26378,1070.372551,1070.372551,,,1070.372551,,Ebb,CLR,34.3,0.33,17.5,413.3,19.82,8.86,Complete,Lab,HYPOM,,HYPOM,Hypomesus spp. unknown,10.6,n/p,2026-0272,None,n/p,n/p,n/p,,,,No,1
6606,3923,North,Lower Sacramento River Ship Channel,Sac DW Ship Channel,26-38-SSC07,2026-04-16,10:07:04,,L,38.27806,-121.66021,38.27798,-121.66006,38.28178,-121.65915,20mm,Surface,U,2,10,1,No,26378,1070.372551,1070.372551,,,1070.372551,,Ebb,CLR,34.3,0.33,17.5,413.3,19.82,8.86,Complete,Lab,HYPOM,,HYPOM,Hypomesus spp. unknown,11,n/p,2026-0385,None,n/p,n/p,n/p,,,,No,1
6606,3923,North,Lower Sacramento River Ship Channel,Sac DW Ship Channel,26-38-SSC07,2026-04-16,10:07:04,,L,38.27806,-121.66021,38.27798,-121.66006,38.28178,-121.65915,20mm,Surface,U,2,10,1,No,26378,1070.372551,1070.372551,,,1070.372551,,Ebb,CLR,34.3,0.33,17.5,413.3,19.82,8.86,Complete,Lab,HYPOM,,HYPOM,Hypomesus spp. unknown,11.1,n/p,2026-0443,None,n/p,n/p,n/p,,,,No,1
6606,3923,North,Lower Sacramento River Ship Channel,Sac DW Ship Channel,26-38-SSC07,2026-04-16,10:07:04,,L,38.27806,-121.66021,38.27798,-121.66006,38.28178,-121.65915,20mm,Surface,U,2,10,1,No,26378,1070.372551,1070.372551,,,1070.372551,,Ebb,CLR,34.3,0.33,17.5,413.3,19.82,8.86,Complete,Lab,HYPOM,,HYPOM,Hypomesus spp. unknown,11.1,n/p,2026-0575,None,n/p,n/p,n/p,,,,No,1
6606,3923,North,Lower Sacramento River Ship Channel,Sac DW Ship Channel,26-38-SSC07,2026-04-16,10:07:04,,L,38.27806,-121.66021,38.27798,-121.66006,38.28178,-121.65915,20mm,Surface,U,2,10,1,No,26378,1070.372551,1070.372551,,,1070.372551,,Ebb,CLR,34.3,0.33,17.5,413.3,19.82,8.86,Complete,Lab,HYPOM,,HYPOM,Hypomesus spp. unknown,12.5,n/p,2026-0446,None,n/p,n/p,n/p,,,,No,1
6606,3923,North,Lower Sacramento River Ship Channel,Sac DW Ship Channel,26-38-SSC07,2026-04-16,10:07:04,,L,38.27806,-121.66021,38.27798,-121.66006,38.28178,-121.65915,20mm,Surface,U,2,10,1,No,26378,1070.372551,1070.372551,,,1070.372551,,Ebb,CLR,34.3,0.33,17.5,413.3,19.82,8.86,Complete,Lab,HYPOM,,HYPOM,Hypomesus spp. unknown,12.5,n/p,2026-0503,None,n/p,n/p,n/p,,,,No,1
6606,3923,North,Lower Sacramento River Ship Channel,Sac DW Ship Channel,26-38-SSC07,2026-04-16,10:07:04,,L,38.27806,-121.66021,38.27798,-121.66006,38.28178,-121.65915,20mm,Surface,U,2,10,1,No,26378,1070.372551,1070.372551,,,1070.372551,,Ebb,CLR,34.3,0.33,17.5,413.3,19.82,8.86,Complete,Lab,HYPOM,,HYPOM,Hypomesus spp. unknown,12.7,n/p,2026-0287,None,n/p,n/p,n/p,,,,No,1
6606,3923,North,Lower Sacramento River Ship Channel,Sac DW Ship Channel,26-38-SSC07,2026-04-16,10:07:04,,L,38.27806,-121.66021,38.27798,-121.66006,38.28178,-121.65915,20mm,Surface,U,2,10,1,No,26378,1070.372551,1070.372551,,,1070.372551,,Ebb,CLR,34.3,0.33,17.5,413.3,19.82,8.86,Complete,Lab,HYPOM,,HYPOM,Hypomesus spp. unknown,13.2,n/p,2026-0236,None,n/p,n/p,n/p,,,,No,1
6606,3923,North,Lower Sacramento River Ship Channel,Sac DW Ship Channel,26-38-SSC07,2026-04-16,10:07:04,,L,38.27806,-121.66021,38.27798,-121.66006,38.28178,-121.65915,20mm,Surface,U,2,10,1,No,26378,1070.372551,1070.372551,,,1070.372551,,Ebb,CLR,34.3,0.33,17.5,413.3,19.82,8.86,Complete,Lab,HYPOM,,HYPOM,Hypomesus spp. unknown,13.9,n/p,2026-0439,None,n/p,n/p,n/p,,,,No,1
6606,3923,North,Lower Sacramento River Ship Channel,Sac DW Ship Channel,26-38-SSC07,2026-04-16,10:07:04,,L,38.27806,-121.66021,38.27798,-121.66006,38.28178,-121.65915,20mm,Surface,U,2,10,1,No,26378,1070.372551,1070.372551,,,1070.372551,,Ebb,CLR,34.3,0.33,17.5,413.3,19.82,8.86,Complete,Lab,HYPOM,,HYPOM,Hypomesus spp. unknown,15.1,n/p,2026-0939,None,n/p,n/p,n/p,,,,No,1
6606,3923,North,Lower Sacramento River Ship Channel,Sac DW Ship Channel,26-38-SSC07,2026-04-16,10:07:04,,L,38.27806,-121.66021,38.27798,-121.66006,38.28178,-121.65915,20mm,Surface,U,2,10,1,No,26378,1070.372551,1070.372551,,,1070.372551,,Ebb,CLR,34.3,0.33,17.5,413.3,19.82,8.86,Complete,Lab,HYPOM,,HYPOM,Hypomesus spp. unknown,15.8,n/p,2026-0456,None,n/p,n/p,n/p,,,,No,1
6606,3923,North,Lower Sacramento River Ship Channel,Sac DW Ship Channel,26-38-SSC07,2026-04-16,10:07:04,,L,38.27806,-121.66021,38.27798,-121.66006,38.28178,-121.65915,20mm,Surface,U,2,10,1,No,26378,1070.372551,1070.372551,,,1070.372551,,Ebb,CLR,34.3,0.33,17.5,413.3,19.82,8.86,Complete,Lab,HYPOM,,HYPOM,Hypomesus spp. unknown,17.2,n/p,2026-0216,None,n/p,n/p,n/p,,,,No,1
6606,3923,North,Lower Sacramento River Ship Channel,Sac DW Ship Channel,26-38-SSC07,2026-04-16,10:07:04,,L,38.27806,-121.66021,38.27798,-121.66006,38.28178,-121.65915,20mm,Surface,U,2,10,1,No,26378,1070.372551,1070.372551,,,1070.372551,,Ebb,CLR,34.3,0.33,17.5,413.3,19.82,8.86,Complete,Lab,HYPOM,,HYPOM,Hypomesus spp. unknown,19,n/p,2026-0565,None,n/p,n/p,n/p,,,,No,1
6606,3923,North,Lower Sacramento River Ship Channel,Sac DW Ship Channel,26-38-SSC07,2026-04-16,10:07:04,,L,38.27806,-121.66021,38.27798,-121.66006,38.28178,-121.65915,20mm,Surface,U,2,10,1,No,26378,1070.372551,1070.372551,,,1070.372551,,Ebb,CLR,34.3,0.33,17.5,413.3,19.82,8.86,Complete,Lab,HYPOM,,HYPOM,Hypomesus spp. unknown,20.5,n/p,2026-0260,None,n/p,n/p,n/p,,,,No,1
6606,3923,North,Lower Sacramento River Ship Channel,Sac DW Ship Channel,26-38-SSC07,2026-04-16,10:07:04,,L,38.27806,-121.66021,38.27798,-121.66006,38.28178,-121.65915,20mm,Surface,U,2,10,1,No,26378,1070.372551,1070.372551,,,1070.372551,,Ebb,CLR,34.3,0.33,17.5,413.3,19.82,8.86,Complete,Lab,HYPOM,,HYPOM,Hypomesus spp. unknown,20.7,n/p,2026-0296,None,n/p,n/p,n/p,,,,No,1
6606,3923,North,Lower Sacramento River Ship Channel,Sac DW Ship Channel,26-38-SSC07,2026-04-16,10:07:04,,L,38.27806,-121.66021,38.27798,-121.66006,38.28178,-121.65915,20mm,Surface,U,2,10,1,No,26378,1070.372551,1070.372551,,,1070.372551,,Ebb,CLR,34.3,0.33,17.5,413.3,19.82,8.86,Complete,Lab,HYPOM,,HYPOM,Hypomesus spp. unknown,21.2,n/p,2026-0088,None,n/p,n/p,n/p,,,,No,1
6606,3923,North,Lower Sacramento River Ship Channel,Sac DW Ship Channel,26-38-SSC07,2026-04-16,10:07:04,,L,38.27806,-121.66021,38.27798,-121.66006,38.28178,-121.65915,20mm,Surface,U,2,10,1,No,26378,1070.372551,1070.372551,,,1070.372551,,Ebb,CLR,34.3,0.33,17.5,413.3,19.82,8.86,Complete,Lab,HYPOM,,HYPOM,Hypomesus spp. unknown,21.3,n/p,2026-0536,None,n/p,n/p,n/p,,,,No,1
6606,3923,North,Lower Sacramento River Ship Channel,Sac DW Ship Channel,26-38-SSC07,2026-04-16,10:07:04,,L,38.27806,-121.66021,38.27798,-121.66006,38.28178,-121.65915,20mm,Surface,U,2,10,1,No,26378,1070.372551,1070.372551,,,1070.372551,,Ebb,CLR,34.3,0.33,17.5,413.3,19.82,8.86,Complete,Lab,HYPOM,,HYPOM,Hypomesus spp. unknown,21.5,n/p,2026-0207,None,n/p,n/p,n/p,,,,No,1
6606,3923,North,Lower Sacramento River Ship Channel,Sac DW Ship Channel,26-38-SSC07,2026-04-16,10:07:04,,L,38.27806,-121.66021,38.27798,-121.66006,38.28178,-121.65915,20mm,Surface,U,2,10,1,No,26378,1070.372551,1070.372551,,,1070.372551,,Ebb,CLR,34.3,0.33,17.5,413.3,19.82,8.86,Complete,Lab,HYPOM,,HYPOM,Hypomesus spp. unknown,23.5,n/p,2026-0356,None,n/p,n/p,n/p,,,,No,1
6606,3923,North,Lower Sacramento River Ship Channel,Sac DW Ship Channel,26-38-SSC07,2026-04-16,10:07:04,,L,38.27806,-121.66021,38.27798,-121.66006,38.28178,-121.65915,20mm,Surface,U,2,10,1,No,26378,1070.372551,1070.372551,,,1070.372551,,Ebb,CLR,34.3,0.33,17.5,413.3,19.82,8.86,Complete,Lab,HYPOM,,HYPOM,Hypomesus spp. unknown,25,n/p,2026-0297,None,n/p,n/p,n/p,,,,No,1
6606,3923,North,Lower Sacramento River Ship Channel,Sac DW Ship Channel,26-38-SSC07,2026-04-16,10:07:04,,L,38.27806,-121.66021,38.27798,-121.66006,38.28178,-121.65915,20mm,Surface,U,2,10,1,No,26378,1070.372551,1070.372551,,,1070.372551,,Ebb,CLR,34.3,0.33,17.5,413.3,19.82,8.86,Complete,Lab,HYPOM,,HYPOM,Hypomesus spp. unknown,29.1,n/p,2026-0221,None,n/p,n/p,n/p,,,,No,1
6607,3924,North,Lower Sacramento River Ship Channel,Sac DW Ship Channel,26-38-SSC05,2026-04-16,09:01:26,,L,38.38144,-121.62668,38.38102,-121.62564,38.38506,-121.62404,20mm,Surface,U,1,10,1,No,26022,1055.926701,1055.926701,,,1055.926701,,Ebb,CLR,32.8,0.21,17.5,763,40.61,9.67,Complete,Lab,HYPOM,,HYPOM,Hypomesus spp. unknown,11.2,n/p,2026-0322,None,n/p,n/p,n/p,,,,No,1
6607,3924,North,Lower Sacramento River Ship Channel,Sac DW Ship Channel,26-38-SSC05,2026-04-16,09:01:26,,L,38.38144,-121.62668,38.38102,-121.62564,38.38506,-121.62404,20mm,Surface,U,1,10,1,No,26022,1055.926701,1055.926701,,,1055.926701,,Ebb,CLR,32.8,0.21,17.5,763,40.61,9.67,Complete,Lab,HYPOM,,HYPOM,Hypomesus spp. unknown,13.1,n/p,2026-0242,None,n/p,n/p,n/p,,,,No,1
6607,3924,North,Lower Sacramento River Ship Channel,Sac DW Ship Channel,26-38-SSC05,2026-04-16,09:01:26,,L,38.38144,-121.62668,38.38102,-121.62564,38.38506,-121.62404,20mm,Surface,U,1,10,1,No,26022,1055.926701,1055.926701,,,1055.926701,,Ebb,CLR,32.8,0.21,17.5,763,40.61,9.67,Complete,Lab,HYPOM,,HYPOM,Hypomesus spp. unknown,13.7,n/p,2026-0212,None,n/p,n/p,n/p,,,,No,1
6607,3924,North,Lower Sacramento River Ship Channel,Sac DW Ship Channel,26-38-SSC05,2026-04-16,09:01:26,,L,38.38144,-121.62668,38.38102,-121.62564,38.38506,-121.62404,20mm,Surface,U,1,10,1,No,26022,1055.926701,1055.926701,,,1055.926701,,Ebb,CLR,32.8,0.21,17.5,763,40.61,9.67,Complete,Lab,HYPOM,,HYPOM,Hypomesus spp. unknown,17.9,n/p,2026-0332,None,n/p,n/p,n/p,,,,No,1
6607,3924,North,Lower Sacramento River Ship Channel,Sac DW Ship Channel,26-38-SSC05,2026-04-16,09:01:26,,L,38.38144,-121.62668,38.38102,-121.62564,38.38506,-121.62404,20mm,Surface,U,1,10,1,No,26022,1055.926701,1055.926701,,,1055.926701,,Ebb,CLR,32.8,0.21,17.5,763,40.61,9.67,Complete,Lab,HYPOM,,HYPOM,Hypomesus spp. unknown,18.3,n/p,2026-0316,None,n/p,n/p,n/p,,,,No,1
6607,3924,North,Lower Sacramento River Ship Channel,Sac DW Ship Channel,26-38-SSC05,2026-04-16,09:01:26,,L,38.38144,-121.62668,38.38102,-121.62564,38.38506,-121.62404,20mm,Surface,U,1,10,1,No,26022,1055.926701,1055.926701,,,1055.926701,,Ebb,CLR,32.8,0.21,17.5,763,40.61,9.67,Complete,Lab,HYPOM,,HYPOM,Hypomesus spp. unknown,20.2,n/p,2026-0438,None,n/p,n/p,n/p,,,,No,1
6607,3924,North,Lower Sacramento River Ship Channel,Sac DW Ship Channel,26-38-SSC05,2026-04-16,09:01:26,,L,38.38144,-121.62668,38.38102,-121.62564,38.38506,-121.62404,20mm,Surface,U,1,10,1,No,26022,1055.926701,1055.926701,,,1055.926701,,Ebb,CLR,32.8,0.21,17.5,763,40.61,9.67,Complete,Lab,HYPOM,,HYPOM,Hypomesus spp. unknown,21.2,n/p,2026-0275,None,n/p,n/p,n/p,,,,No,1
6607,3924,North,Lower Sacramento River Ship Channel,Sac DW Ship Channel,26-38-SSC05,2026-04-16,09:01:26,,L,38.38144,-121.62668,38.38102,-121.62564,38.38506,-121.62404,20mm,Surface,U,1,10,1,No,26022,1055.926701,1055.926701,,,1055.926701,,Ebb,CLR,32.8,0.21,17.5,763,40.61,9.67,Complete,Lab,HYPOM,,HYPOM,Hypomesus spp. unknown,21.2,n/p,2026-0313,None,n/p,n/p,n/p,,,,No,1
6607,3924,North,Lower Sacramento River Ship Channel,Sac DW Ship Channel,26-38-SSC05,2026-04-16,09:01:26,,L,38.38144,-121.62668,38.38102,-121.62564,38.38506,-121.62404,20mm,Surface,U,1,10,1,No,26022,1055.926701,1055.926701,,,1055.926701,,Ebb,CLR,32.8,0.21,17.5,763,40.61,9.67,Complete,Lab,HYPOM,,HYPOM,Hypomesus spp. unknown,22.3,n/p,2026-0257,None,n/p,n/p,n/p,,,,No,1
6607,3924,North,Lower Sacramento River Ship Channel,Sac DW Ship Channel,26-38-SSC05,2026-04-16,09:01:26,,L,38.38144,-121.62668,38.38102,-121.62564,38.38506,-121.62404,20mm,Surface,U,1,10,1,No,26022,1055.926701,1055.926701,,,1055.926701,,Ebb,CLR,32.8,0.21,17.5,763,40.61,9.67,Complete,Lab,HYPOM,,HYPOM,Hypomesus spp. unknown,22.5,n/p,2026-0315,None,n/p,n/p,n/p,,,,No,1
6607,3924,North,Lower Sacramento River Ship Channel,Sac DW Ship Channel,26-38-SSC05,2026-04-16,09:01:26,,L,38.38144,-121.62668,38.38102,-121.62564,38.38506,-121.62404,20mm,Surface,U,1,10,1,No,26022,1055.926701,1055.926701,,,1055.926701,,Ebb,CLR,32.8,0.21,17.5,763,40.61,9.67,Complete,Lab,HYPOM,,HYPOM,Hypomesus spp. unknown,23.2,n/p,2026-0223,None,n/p,n/p,n/p,,,,No,1
6607,3924,North,Lower Sacramento River Ship Channel,Sac DW Ship Channel,26-38-SSC05,2026-04-16,09:01:26,,L,38.38144,-121.62668,38.38102,-121.62564,38.38506,-121.62404,20mm,Surface,U,1,10,1,No,26022,1055.926701,1055.926701,,,1055.926701,,Ebb,CLR,32.8,0.21,17.5,763,40.61,9.67,Complete,Lab,HYPOM,,HYPOM,Hypomesus spp. unknown,24,n/p,2026-0533,None,n/p,n/p,n/p,,,,No,1
6607,3924,North,Lower Sacramento River Ship Channel,Sac DW Ship Channel,26-38-SSC05,2026-04-16,09:01:26,,L,38.38144,-121.62668,38.38102,-121.62564,38.38506,-121.62404,20mm,Surface,U,1,10,1,No,26022,1055.926701,1055.926701,,,1055.926701,,Ebb,CLR,32.8,0.21,17.5,763,40.61,9.67,Complete,Lab,HYPOM,,HYPOM,Hypomesus spp. unknown,24.3,n/p,2026-0442,None,n/p,n/p,n/p,,,,No,1
6607,3924,North,Lower Sacramento River Ship Channel,Sac DW Ship Channel,26-38-SSC05,2026-04-16,09:01:26,,L,38.38144,-121.62668,38.38102,-121.62564,38.38506,-121.62404,20mm,Surface,U,1,10,1,No,26022,1055.926701,1055.926701,,,1055.926701,,Ebb,CLR,32.8,0.21,17.5,763,40.61,9.67,Complete,Lab,HYPOM,,HYPOM,Hypomesus spp. unknown,24.7,n/p,2026-0452,None,n/p,n/p,n/p,,,,No,1
6607,3924,North,Lower Sacramento River Ship Channel,Sac DW Ship Channel,26-38-SSC05,2026-04-16,09:01:26,,L,38.38144,-121.62668,38.38102,-121.62564,38.38506,-121.62404,20mm,Surface,U,1,10,1,No,26022,1055.926701,1055.926701,,,1055.926701,,Ebb,CLR,32.8,0.21,17.5,763,40.61,9.67,Complete,Lab,HYPOM,,HYPOM,Hypomesus spp. unknown,25,n/p,2026-0239,None,n/p,n/p,n/p,,,,No,1
6607,3924,North,Lower Sacramento River Ship Channel,Sac DW Ship Channel,26-38-SSC05,2026-04-16,09:01:26,,L,38.38144,-121.62668,38.38102,-121.62564,38.38506,-121.62404,20mm,Surface,U,1,10,1,No,26022,1055.926701,1055.926701,,,1055.926701,,Ebb,CLR,32.8,0.21,17.5,763,40.61,9.67,Complete,Lab,HYPOM,,HYPOM,Hypomesus spp. unknown,26,n/p,2026-0519,None,n/p,n/p,n/p,,,,No,1
6607,3924,North,Lower Sacramento River Ship Channel,Sac DW Ship Channel,26-38-SSC05,2026-04-16,09:01:26,,L,38.38144,-121.62668,38.38102,-121.62564,38.38506,-121.62404,20mm,Surface,U,1,10,1,No,26022,1055.926701,1055.926701,,,1055.926701,,Ebb,CLR,32.8,0.21,17.5,763,40.61,9.67,Complete,Lab,HYPOM,,HYPOM,Hypomesus spp. unknown,26.2,n/p,2026-0431,None,n/p,n/p,n/p,,,,No,1
6607,3924,North,Lower Sacramento River Ship Channel,Sac DW Ship Channel,26-38-SSC05,2026-04-16,09:01:26,,L,38.38144,-121.62668,38.38102,-121.62564,38.38506,-121.62404,20mm,Surface,U,1,10,1,No,26022,1055.926701,1055.926701,,,1055.926701,,Ebb,CLR,32.8,0.21,17.5,763,40.61,9.67,Complete,Lab,HYPOM,,HYPOM,Hypomesus spp. unknown,26.5,n/p,2026-0306,None,n/p,n/p,n/p,,,,No,1
6607,3924,North,Lower Sacramento River Ship Channel,Sac DW Ship Channel,26-38-SSC05,2026-04-16,09:01:26,,L,38.38144,-121.62668,38.38102,-121.62564,38.38506,-121.62404,20mm,Surface,U,1,10,1,No,26022,1055.926701,1055.926701,,,1055.926701,,Ebb,CLR,32.8,0.21,17.5,763,40.61,9.67,Complete,Lab,HYPOM,,HYPOM,Hypomesus spp. unknown,27.4,n/p,2026-0567,None,n/p,n/p,n/p,,,,No,1
6607,3924,North,Lower Sacramento River Ship Channel,Sac DW Ship Channel,26-38-SSC05,2026-04-16,09:01:26,,L,38.38144,-121.62668,38.38102,-121.62564,38.38506,-121.62404,20mm,Surface,U,1,10,1,No,26022,1055.926701,1055.926701,,,1055.926701,,Ebb,CLR,32.8,0.21,17.5,763,40.61,9.67,Complete,Lab,HYPOM,,HYPOM,Hypomesus spp. unknown,28,n/p,2026-0304,None,n/p,n/p,n/p,,,,No,1
6607,3924,North,Lower Sacramento River Ship Channel,Sac DW Ship Channel,26-38-SSC05,2026-04-16,09:01:26,,L,38.38144,-121.62668,38.38102,-121.62564,38.38506,-121.62404,20mm,Surface,U,1,10,1,No,26022,1055.926701,1055.926701,,,1055.926701,,Ebb,CLR,32.8,0.21,17.5,763,40.61,9.67,Complete,Lab,HYPOM,,HYPOM,Hypomesus spp. unknown,28,n/p,2026-0516,None,n/p,n/p,n/p,,,,No,1
6607,3924,North,Lower Sacramento River Ship Channel,Sac DW Ship Channel,26-38-SSC05,2026-04-16,09:01:26,,L,38.38144,-121.62668,38.38102,-121.62564,38.38506,-121.62404,20mm,Surface,U,1,10,1,No,26022,1055.926701,1055.926701,,,1055.926701,,Ebb,CLR,32.8,0.21,17.5,763,40.61,9.67,Complete,Lab,HYPOM,,HYPOM,Hypomesus spp. unknown,28.5,n/p,2026-0211,None,n/p,n/p,n/p,,,,No,1
6607,3924,North,Lower Sacramento River Ship Channel,Sac DW Ship Channel,26-38-SSC05,2026-04-16,09:01:26,,L,38.38144,-121.62668,38.38102,-121.62564,38.38506,-121.62404,20mm,Surface,U,1,10,1,No,26022,1055.926701,1055.926701,,,1055.926701,,Ebb,CLR,32.8,0.21,17.5,763,40.61,9.67,Complete,Lab,HYPOM,,HYPOM,Hypomesus spp. unknown,28.5,n/p,2026-0224,None,n/p,n/p,n/p,,,,No,1
6607,3924,North,Lower Sacramento River Ship Channel,Sac DW Ship Channel,26-38-SSC05,2026-04-16,09:01:26,,L,38.38144,-121.62668,38.38102,-121.62564,38.38506,-121.62404,20mm,Surface,U,1,10,1,No,26022,1055.926701,1055.926701,,,1055.926701,,Ebb,CLR,32.8,0.21,17.5,763,40.61,9.67,Complete,Lab,HYPOM,,HYPOM,Hypomesus spp. unknown,33,n/p,2026-0228,None,n/p,n/p,n/p,,,,No,1
6608,3924,North,Lower Sacramento River Ship Channel,Sac DW Ship Channel,26-38-SSC05,2026-04-16,09:18:11,,L,38.38144,-121.62668,38.38099,-121.62572,38.38495,-121.62409,20mm,Surface,U,2,10,1,No,25272,1025.493029,1025.493029,,,1025.493029,,Ebb,CLR,31.8,0.28,17.5,765,41.88,9.48,Complete,Lab,HYPOM,,HYPOM,Hypomesus spp. unknown,17.7,n/p,2026-0562,None,n/p,n/p,n/p,,,,No,1
6608,3924,North,Lower Sacramento River Ship Channel,Sac DW Ship Channel,26-38-SSC05,2026-04-16,09:18:11,,L,38.38144,-121.62668,38.38099,-121.62572,38.38495,-121.62409,20mm,Surface,U,2,10,1,No,25272,1025.493029,1025.493029,,,1025.493029,,Ebb,CLR,31.8,0.28,17.5,765,41.88,9.48,Complete,Lab,HYPOM,,HYPOM,Hypomesus spp. unknown,18.2,n/p,2026-0082,None,n/p,n/p,n/p,,,,No,1
6608,3924,North,Lower Sacramento River Ship Channel,Sac DW Ship Channel,26-38-SSC05,2026-04-16,09:18:11,,L,38.38144,-121.62668,38.38099,-121.62572,38.38495,-121.62409,20mm,Surface,U,2,10,1,No,25272,1025.493029,1025.493029,,,1025.493029,,Ebb,CLR,31.8,0.28,17.5,765,41.88,9.48,Complete,Lab,HYPOM,,HYPOM,Hypomesus spp. unknown,19,n/p,2026-0136,None,n/p,n/p,n/p,,,,No,1
6608,3924,North,Lower Sacramento River Ship Channel,Sac DW Ship Channel,26-38-SSC05,2026-04-16,09:18:11,,L,38.38144,-121.62668,38.38099,-121.62572,38.38495,-121.62409,20mm,Surface,U,2,10,1,No,25272,1025.493029,1025.493029,,,1025.493029,,Ebb,CLR,31.8,0.28,17.5,765,41.88,9.48,Complete,Lab,HYPOM,,HYPOM,Hypomesus spp. unknown,19.1,n/p,2026-0810,None,n/p,n/p,n/p,,,,No,1
6608,3924,North,Lower Sacramento River Ship Channel,Sac DW Ship Channel,26-38-SSC05,2026-04-16,09:18:11,,L,38.38144,-121.62668,38.38099,-121.62572,38.38495,-121.62409,20mm,Surface,U,2,10,1,No,25272,1025.493029,1025.493029,,,1025.493029,,Ebb,CLR,31.8,0.28,17.5,765,41.88,9.48,Complete,Lab,HYPOM,,HYPOM,Hypomesus spp. unknown,19.5,n/p,2026-0037,None,n/p,n/p,n/p,,,,No,1
6608,3924,North,Lower Sacramento River Ship Channel,Sac DW Ship Channel,26-38-SSC05,2026-04-16,09:18:11,,L,38.38144,-121.62668,38.38099,-121.62572,38.38495,-121.62409,20mm,Surface,U,2,10,1,No,25272,1025.493029,1025.493029,,,1025.493029,,Ebb,CLR,31.8,0.28,17.5,765,41.88,9.48,Complete,Lab,HYPOM,,HYPOM,Hypomesus spp. unknown,20.1,n/p,2026-0538,None,n/p,n/p,n/p,,,,No,1
6608,3924,North,Lower Sacramento River Ship Channel,Sac DW Ship Channel,26-38-SSC05,2026-04-16,09:18:11,,L,38.38144,-121.62668,38.38099,-121.62572,38.38495,-121.62409,20mm,Surface,U,2,10,1,No,25272,1025.493029,1025.493029,,,1025.493029,,Ebb,CLR,31.8,0.28,17.5,765,41.88,9.48,Complete,Lab,HYPOM,,HYPOM,Hypomesus spp. unknown,21.3,n/p,2026-0043,None,n/p,n/p,n/p,,,,No,1
6608,3924,North,Lower Sacramento River Ship Channel,Sac DW Ship Channel,26-38-SSC05,2026-04-16,09:18:11,,L,38.38144,-121.62668,38.38099,-121.62572,38.38495,-121.62409,20mm,Surface,U,2,10,1,No,25272,1025.493029,1025.493029,,,1025.493029,,Ebb,CLR,31.8,0.28,17.5,765,41.88,9.48,Complete,Lab,HYPOM,,HYPOM,Hypomesus spp. unknown,21.5,n/p,2026-0174,None,n/p,n/p,n/p,,,,No,1
6608,3924,North,Lower Sacramento River Ship Channel,Sac DW Ship Channel,26-38-SSC05,2026-04-16,09:18:11,,L,38.38144,-121.62668,38.38099,-121.62572,38.38495,-121.62409,20mm,Surface,U,2,10,1,No,25272,1025.493029,1025.493029,,,1025.493029,,Ebb,CLR,31.8,0.28,17.5,765,41.88,9.48,Complete,Lab,HYPOM,,HYPOM,Hypomesus spp. unknown,22.7,n/p,2026-0232,None,n/p,n/p,n/p,,,,No,1
6608,3924,North,Lower Sacramento River Ship Channel,Sac DW Ship Channel,26-38-SSC05,2026-04-16,09:18:11,,L,38.38144,-121.62668,38.38099,-121.62572,38.38495,-121.62409,20mm,Surface,U,2,10,1,No,25272,1025.493029,1025.493029,,,1025.493029,,Ebb,CLR,31.8,0.28,17.5,765,41.88,9.48,Complete,Lab,HYPOM,,HYPOM,Hypomesus spp. unknown,23,n/p,2026-0528,None,n/p,n/p,n/p,,,,No,1
6608,3924,North,Lower Sacramento River Ship Channel,Sac DW Ship Channel,26-38-SSC05,2026-04-16,09:18:11,,L,38.38144,-121.62668,38.38099,-121.62572,38.38495,-121.62409,20mm,Surface,U,2,10,1,No,25272,1025.493029,1025.493029,,,1025.493029,,Ebb,CLR,31.8,0.28,17.5,765,41.88,9.48,Complete,Lab,HYPOM,,HYPOM,Hypomesus spp. unknown,23.5,n/p,2026-0269,None,n/p,n/p,n/p,,,,No,1
6608,3924,North,Lower Sacramento River Ship Channel,Sac DW Ship Channel,26-38-SSC05,2026-04-16,09:18:11,,L,38.38144,-121.62668,38.38099,-121.62572,38.38495,-121.62409,20mm,Surface,U,2,10,1,No,25272,1025.493029,1025.493029,,,1025.493029,,Ebb,CLR,31.8,0.28,17.5,765,41.88,9.48,Complete,Lab,HYPOM,,HYPOM,Hypomesus spp. unknown,27.7,n/p,2026-0507,None,n/p,n/p,n/p,,,,No,1
6608,3924,North,Lower Sacramento River Ship Channel,Sac DW Ship Channel,26-38-SSC05,2026-04-16,09:18:11,,L,38.38144,-121.62668,38.38099,-121.62572,38.38495,-121.62409,20mm,Surface,U,2,10,1,No,25272,1025.493029,1025.493029,,,1025.493029,,Ebb,CLR,31.8,0.28,17.5,765,41.88,9.48,Complete,Lab,HYPOM,,HYPOM,Hypomesus spp. unknown,29,n/p,2026-0246,None,n/p,n/p,n/p,,,,No,1
6608,3924,North,Lower Sacramento River Ship Channel,Sac DW Ship Channel,26-38-SSC05,2026-04-16,09:18:11,,L,38.38144,-121.62668,38.38099,-121.62572,38.38495,-121.62409,20mm,Surface,U,2,10,1,No,25272,1025.493029,1025.493029,,,1025.493029,,Ebb,CLR,31.8,0.28,17.5,765,41.88,9.48,Complete,Lab,HYPOM,,HYPOM,Hypomesus spp. unknown,30,n/p,2026-0408,None,n/p,n/p,n/p,,,,No,1
6608,3924,North,Lower Sacramento River Ship Channel,Sac DW Ship Channel,26-38-SSC05,2026-04-16,09:18:11,,L,38.38144,-121.62668,38.38099,-121.62572,38.38495,-121.62409,20mm,Surface,U,2,10,1,No,25272,1025.493029,1025.493029,,,1025.493029,,Ebb,CLR,31.8,0.28,17.5,765,41.88,9.48,Complete,Lab,HYPOM,,HYPOM,Hypomesus spp. unknown,33.5,n/p,2026-1133,None,n/p,n/p,n/p,,,,No,1
6609,3925,North,Lower Sacramento River Ship Channel,Sac DW Ship Channel,26-38-SSC03,2026-04-16,08:10:25,,L,38.30354,-121.65506,38.30327,-121.65397,38.30687,-121.65335,20mm,Surface,U,1,10,1,No,25810,1047.324116,1047.324116,,,1047.324116,,Ebb,CLR,35.7,0.35,17.6,441,25.78,9.58,Complete,Lab,HYPOM,,HYPOM,Hypomesus spp. unknown,11.6,n/p,2026-0351,None,n/p,n/p,n/p,,,,No,1
6609,3925,North,Lower Sacramento River Ship Channel,Sac DW Ship Channel,26-38-SSC03,2026-04-16,08:10:25,,L,38.30354,-121.65506,38.30327,-121.65397,38.30687,-121.65335,20mm,Surface,U,1,10,1,No,25810,1047.324116,1047.324116,,,1047.324116,,Ebb,CLR,35.7,0.35,17.6,441,25.78,9.58,Complete,Lab,HYPOM,,HYPOM,Hypomesus spp. unknown,12.2,n/p,2026-0113,None,n/p,n/p,n/p,,,,No,1
6609,3925,North,Lower Sacramento River Ship Channel,Sac DW Ship Channel,26-38-SSC03,2026-04-16,08:10:25,,L,38.30354,-121.65506,38.30327,-121.65397,38.30687,-121.65335,20mm,Surface,U,1,10,1,No,25810,1047.324116,1047.324116,,,1047.324116,,Ebb,CLR,35.7,0.35,17.6,441,25.78,9.58,Complete,Lab,HYPOM,,HYPOM,Hypomesus spp. unknown,12.5,n/p,2026-0569,None,n/p,n/p,n/p,,,,No,1
6609,3925,North,Lower Sacramento River Ship Channel,Sac DW Ship Channel,26-38-SSC03,2026-04-16,08:10:25,,L,38.30354,-121.65506,38.30327,-121.65397,38.30687,-121.65335,20mm,Surface,U,1,10,1,No,25810,1047.324116,1047.324116,,,1047.324116,,Ebb,CLR,35.7,0.35,17.6,441,25.78,9.58,Complete,Lab,HYPOM,,HYPOM,Hypomesus spp. unknown,12.6,n/p,2026-0016,None,n/p,n/p,n/p,,,,No,1
6609,3925,North,Lower Sacramento River Ship Channel,Sac DW Ship Channel,26-38-SSC03,2026-04-16,08:10:25,,L,38.30354,-121.65506,38.30327,-121.65397,38.30687,-121.65335,20mm,Surface,U,1,10,1,No,25810,1047.324116,1047.324116,,,1047.324116,,Ebb,CLR,35.7,0.35,17.6,441,25.78,9.58,Complete,Lab,HYPOM,,HYPOM,Hypomesus spp. unknown,13.1,n/p,2026-0303,None,n/p,n/p,n/p,,,,No,1
6609,3925,North,Lower Sacramento River Ship Channel,Sac DW Ship Channel,26-38-SSC03,2026-04-16,08:10:25,,L,38.30354,-121.65506,38.30327,-121.65397,38.30687,-121.65335,20mm,Surface,U,1,10,1,No,25810,1047.324116,1047.324116,,,1047.324116,,Ebb,CLR,35.7,0.35,17.6,441,25.78,9.58,Complete,Lab,HYPOM,,HYPOM,Hypomesus spp. unknown,13.6,n/p,2026-0383,None,n/p,n/p,n/p,,,,No,1
6609,3925,North,Lower Sacramento River Ship Channel,Sac DW Ship Channel,26-38-SSC03,2026-04-16,08:10:25,,L,38.30354,-121.65506,38.30327,-121.65397,38.30687,-121.65335,20mm,Surface,U,1,10,1,No,25810,1047.324116,1047.324116,,,1047.324116,,Ebb,CLR,35.7,0.35,17.6,441,25.78,9.58,Complete,Lab,HYPOM,,HYPOM,Hypomesus spp. unknown,13.9,n/p,2026-0631,None,n/p,n/p,n/p,,,,No,1
6609,3925,North,Lower Sacramento River Ship Channel,Sac DW Ship Channel,26-38-SSC03,2026-04-16,08:10:25,,L,38.30354,-121.65506,38.30327,-121.65397,38.30687,-121.65335,20mm,Surface,U,1,10,1,No,25810,1047.324116,1047.324116,,,1047.324116,,Ebb,CLR,35.7,0.35,17.6,441,25.78,9.58,Complete,Lab,HYPOM,,HYPOM,Hypomesus spp. unknown,14.1,n/p,2026-0019,None,n/p,n/p,n/p,,,,No,1
6609,3925,North,Lower Sacramento River Ship Channel,Sac DW Ship Channel,26-38-SSC03,2026-04-16,08:10:25,,L,38.30354,-121.65506,38.30327,-121.65397,38.30687,-121.65335,20mm,Surface,U,1,10,1,No,25810,1047.324116,1047.324116,,,1047.324116,,Ebb,CLR,35.7,0.35,17.6,441,25.78,9.58,Complete,Lab,HYPOM,,HYPOM,Hypomesus spp. unknown,14.1,n/p,2026-0025,None,n/p,n/p,n/p,,,,No,1
6609,3925,North,Lower Sacramento River Ship Channel,Sac DW Ship Channel,26-38-SSC03,2026-04-16,08:10:25,,L,38.30354,-121.65506,38.30327,-121.65397,38.30687,-121.65335,20mm,Surface,U,1,10,1,No,25810,1047.324116,1047.324116,,,1047.324116,,Ebb,CLR,35.7,0.35,17.6,441,25.78,9.58,Complete,Lab,HYPOM,,HYPOM,Hypomesus spp. unknown,15.8,n/p,2026-0432,None,n/p,n/p,n/p,,,,No,1
6609,3925,North,Lower Sacramento River Ship Channel,Sac DW Ship Channel,26-38-SSC03,2026-04-16,08:10:25,,L,38.30354,-121.65506,38.30327,-121.65397,38.30687,-121.65335,20mm,Surface,U,1,10,1,No,25810,1047.324116,1047.324116,,,1047.324116,,Ebb,CLR,35.7,0.35,17.6,441,25.78,9.58,Complete,Lab,HYPOM,,HYPOM,Hypomesus spp. unknown,16,n/p,2026-0234,None,n/p,n/p,n/p,,,,No,1
6609,3925,North,Lower Sacramento River Ship Channel,Sac DW Ship Channel,26-38-SSC03,2026-04-16,08:10:25,,L,38.30354,-121.65506,38.30327,-121.65397,38.30687,-121.65335,20mm,Surface,U,1,10,1,No,25810,1047.324116,1047.324116,,,1047.324116,,Ebb,CLR,35.7,0.35,17.6,441,25.78,9.58,Complete,Lab,HYPOM,,HYPOM,Hypomesus spp. unknown,21.1,n/p,2026-0052,None,n/p,n/p,n/p,,,,No,1
6609,3925,North,Lower Sacramento River Ship Channel,Sac DW Ship Channel,26-38-SSC03,2026-04-16,08:10:25,,L,38.30354,-121.65506,38.30327,-121.65397,38.30687,-121.65335,20mm,Surface,U,1,10,1,No,25810,1047.324116,1047.324116,,,1047.324116,,Ebb,CLR,35.7,0.35,17.6,441,25.78,9.58,Complete,Lab,HYPOM,,HYPOM,Hypomesus spp. unknown,22.1,n/p,2026-0112,None,n/p,n/p,n/p,,,,No,1
6609,3925,North,Lower Sacramento River Ship Channel,Sac DW Ship Channel,26-38-SSC03,2026-04-16,08:10:25,,L,38.30354,-121.65506,38.30327,-121.65397,38.30687,-121.65335,20mm,Surface,U,1,10,1,No,25810,1047.324116,1047.324116,,,1047.324116,,Ebb,CLR,35.7,0.35,17.6,441,25.78,9.58,Complete,Lab,HYPOM,,HYPOM,Hypomesus spp. unknown,22.6,n/p,2026-0353,None,n/p,n/p,n/p,,,,No,1
6609,3925,North,Lower Sacramento River Ship Channel,Sac DW Ship Channel,26-38-SSC03,2026-04-16,08:10:25,,L,38.30354,-121.65506,38.30327,-121.65397,38.30687,-121.65335,20mm,Surface,U,1,10,1,No,25810,1047.324116,1047.324116,,,1047.324116,,Ebb,CLR,35.7,0.35,17.6,441,25.78,9.58,Complete,Lab,HYPOM,,HYPOM,Hypomesus spp. unknown,26,n/p,2026-0400,None,n/p,n/p,n/p,,,,No,1
6609,3925,North,Lower Sacramento River Ship Channel,Sac DW Ship Channel,26-38-SSC03,2026-04-16,08:10:25,,L,38.30354,-121.65506,38.30327,-121.65397,38.30687,-121.65335,20mm,Surface,U,1,10,1,No,25810,1047.324116,1047.324116,,,1047.324116,,Ebb,CLR,35.7,0.35,17.6,441,25.78,9.58,Complete,Lab,HYPOM,,HYPOM,Hypomesus spp. unknown,26.2,n/p,2026-0083,None,n/p,n/p,n/p,,,,No,1
6609,3925,North,Lower Sacramento River Ship Channel,Sac DW Ship Channel,26-38-SSC03,2026-04-16,08:10:25,,L,38.30354,-121.65506,38.30327,-121.65397,38.30687,-121.65335,20mm,Surface,U,1,10,1,No,25810,1047.324116,1047.324116,,,1047.324116,,Ebb,CLR,35.7,0.35,17.6,441,25.78,9.58,Complete,Lab,HYPOM,,HYPOM,Hypomesus spp. unknown,30,n/p,2026-0396,None,n/p,n/p,n/p,,,,No,1
6617,3944,West,Suisun Marsh,Suisun Marsh,26-38-SM04,2026-04-17,09:31:28,,L,38.13935,-122.06073,38.13878,-122.06075,38.14204,-122.06060,20mm,Surface,U,2,10,1,No,25153,1020.664219,1020.664219,,,1020.664219,,Ebb,CLR,26.2,0.21,16.9,4159,61.82,8.21,Complete,Lab,HYPOM,,HYPOM,Hypomesus spp. unknown,0,n/p,2026-0938,None,n/p,n/p,n/p,,,,No,1
6642,3999,North,Lower Sacramento River Ship Channel,Sac DW Ship Channel,26-39-SSC01,2026-04-21,09:39:32,,L,38.39987,-121.61697,38.40030,-121.61629,38.40438,-121.61438,20mm,Surface,U,1,10,1,No,28631,1161.795303,1161.795303,,,1161.795303,,Ebb,CLD,33.6,0.25,17.5,702,31.7,9.32,Complete,Lab,HYPOM,,HYPOM,Hypomesus spp. unknown,9.2,n/p,2026-0196,None,n/p,n/p,n/p,,,,No,1
6642,3999,North,Lower Sacramento River Ship Channel,Sac DW Ship Channel,26-39-SSC01,2026-04-21,09:39:32,,L,38.39987,-121.61697,38.40030,-121.61629,38.40438,-121.61438,20mm,Surface,U,1,10,1,No,28631,1161.795303,1161.795303,,,1161.795303,,Ebb,CLD,33.6,0.25,17.5,702,31.7,9.32,Complete,Lab,HYPOM,,HYPOM,Hypomesus spp. unknown,14.5,n/p,2026-0544,None,n/p,n/p,n/p,,,,No,1
6642,3999,North,Lower Sacramento River Ship Channel,Sac DW Ship Channel,26-39-SSC01,2026-04-21,09:39:32,,L,38.39987,-121.61697,38.40030,-121.61629,38.40438,-121.61438,20mm,Surface,U,1,10,1,No,28631,1161.795303,1161.795303,,,1161.795303,,Ebb,CLD,33.6,0.25,17.5,702,31.7,9.32,Complete,Lab,HYPOM,,HYPOM,Hypomesus spp. unknown,16.9,n/p,2026-0397,None,n/p,n/p,n/p,,,,No,1
6642,3999,North,Lower Sacramento River Ship Channel,Sac DW Ship Channel,26-39-SSC01,2026-04-21,09:39:32,,L,38.39987,-121.61697,38.40030,-121.61629,38.40438,-121.61438,20mm,Surface,U,1,10,1,No,28631,1161.795303,1161.795303,,,1161.795303,,Ebb,CLD,33.6,0.25,17.5,702,31.7,9.32,Complete,Lab,HYPOM,,HYPOM,Hypomesus spp. unknown,17.4,n/p,2026-0632,None,n/p,n/p,n/p,,,,No,1
6642,3999,North,Lower Sacramento River Ship Channel,Sac DW Ship Channel,26-39-SSC01,2026-04-21,09:39:32,,L,38.39987,-121.61697,38.40030,-121.61629,38.40438,-121.61438,20mm,Surface,U,1,10,1,No,28631,1161.795303,1161.795303,,,1161.795303,,Ebb,CLD,33.6,0.25,17.5,702,31.7,9.32,Complete,Lab,HYPOM,,HYPOM,Hypomesus spp. unknown,23.2,n/p,2026-0517,None,n/p,n/p,n/p,,,,No,1
6642,3999,North,Lower Sacramento River Ship Channel,Sac DW Ship Channel,26-39-SSC01,2026-04-21,09:39:32,,L,38.39987,-121.61697,38.40030,-121.61629,38.40438,-121.61438,20mm,Surface,U,1,10,1,No,28631,1161.795303,1161.795303,,,1161.795303,,Ebb,CLD,33.6,0.25,17.5,702,31.7,9.32,Complete,Lab,HYPOM,,HYPOM,Hypomesus spp. unknown,25,n/p,2026-0966,None,n/p,n/p,n/p,,,,No,1
6642,3999,North,Lower Sacramento River Ship Channel,Sac DW Ship Channel,26-39-SSC01,2026-04-21,09:39:32,,L,38.39987,-121.61697,38.40030,-121.61629,38.40438,-121.61438,20mm,Surface,U,1,10,1,No,28631,1161.795303,1161.795303,,,1161.795303,,Ebb,CLD,33.6,0.25,17.5,702,31.7,9.32,Complete,Lab,HYPOM,,HYPOM,Hypomesus spp. unknown,26,n/p,2026-0310,None,n/p,n/p,n/p,,,,No,1
6642,3999,North,Lower Sacramento River Ship Channel,Sac DW Ship Channel,26-39-SSC01,2026-04-21,09:39:32,,L,38.39987,-121.61697,38.40030,-121.61629,38.40438,-121.61438,20mm,Surface,U,1,10,1,No,28631,1161.795303,1161.795303,,,1161.795303,,Ebb,CLD,33.6,0.25,17.5,702,31.7,9.32,Complete,Lab,HYPOM,,HYPOM,Hypomesus spp. unknown,26.7,n/p,2026-0389,None,n/p,n/p,n/p,,,,No,1
6642,3999,North,Lower Sacramento River Ship Channel,Sac DW Ship Channel,26-39-SSC01,2026-04-21,09:39:32,,L,38.39987,-121.61697,38.40030,-121.61629,38.40438,-121.61438,20mm,Surface,U,1,10,1,No,28631,1161.795303,1161.795303,,,1161.795303,,Ebb,CLD,33.6,0.25,17.5,702,31.7,9.32,Complete,Lab,HYPOM,,HYPOM,Hypomesus spp. unknown,28.5,n/p,2026-1075,None,n/p,n/p,n/p,,,,No,1
6643,3999,North,Lower Sacramento River Ship Channel,Sac DW Ship Channel,26-39-SSC01,2026-04-21,09:56:07,,L,38.39987,-121.61697,38.40021,-121.61630,38.40439,-121.61425,20mm,Surface,U,2,10,1,No,30514,1238.20411,1238.20411,,,1238.20411,,Ebb,CLR,33.2,0.27,17.5,709,32.32,9.32,Complete,Lab,HYPOM,,HYPOM,Hypomesus spp. unknown,9.5,n/p,2026-0887,None,n/p,n/p,n/p,,,,No,1
6643,3999,North,Lower Sacramento River Ship Channel,Sac DW Ship Channel,26-39-SSC01,2026-04-21,09:56:07,,L,38.39987,-121.61697,38.40021,-121.61630,38.40439,-121.61425,20mm,Surface,U,2,10,1,No,30514,1238.20411,1238.20411,,,1238.20411,,Ebb,CLR,33.2,0.27,17.5,709,32.32,9.32,Complete,Lab,HYPOM,,HYPOM,Hypomesus spp. unknown,10.2,n/p,2026-1372,None,n/p,n/p,n/p,,,,No,1
6643,3999,North,Lower Sacramento River Ship Channel,Sac DW Ship Channel,26-39-SSC01,2026-04-21,09:56:07,,L,38.39987,-121.61697,38.40021,-121.61630,38.40439,-121.61425,20mm,Surface,U,2,10,1,No,30514,1238.20411,1238.20411,,,1238.20411,,Ebb,CLR,33.2,0.27,17.5,709,32.32,9.32,Complete,Lab,HYPOM,,HYPOM,Hypomesus spp. unknown,11.2,n/p,2026-0963,None,n/p,n/p,n/p,,,,No,1
6643,3999,North,Lower Sacramento River Ship Channel,Sac DW Ship Channel,26-39-SSC01,2026-04-21,09:56:07,,L,38.39987,-121.61697,38.40021,-121.61630,38.40439,-121.61425,20mm,Surface,U,2,10,1,No,30514,1238.20411,1238.20411,,,1238.20411,,Ebb,CLR,33.2,0.27,17.5,709,32.32,9.32,Complete,Lab,HYPOM,,HYPOM,Hypomesus spp. unknown,11.3,n/p,2026-0962,None,n/p,n/p,n/p,,,,No,1
6643,3999,North,Lower Sacramento River Ship Channel,Sac DW Ship Channel,26-39-SSC01,2026-04-21,09:56:07,,L,38.39987,-121.61697,38.40021,-121.61630,38.40439,-121.61425,20mm,Surface,U,2,10,1,No,30514,1238.20411,1238.20411,,,1238.20411,,Ebb,CLR,33.2,0.27,17.5,709,32.32,9.32,Complete,Lab,HYPOM,,HYPOM,Hypomesus spp. unknown,12.9,n/p,2026-1013,None,n/p,n/p,n/p,,,,No,1
6643,3999,North,Lower Sacramento River Ship Channel,Sac DW Ship Channel,26-39-SSC01,2026-04-21,09:56:07,,L,38.39987,-121.61697,38.40021,-121.61630,38.40439,-121.61425,20mm,Surface,U,2,10,1,No,30514,1238.20411,1238.20411,,,1238.20411,,Ebb,CLR,33.2,0.27,17.5,709,32.32,9.32,Complete,Lab,HYPOM,,HYPOM,Hypomesus spp. unknown,13,n/p,2026-0952,None,n/p,n/p,n/p,,,,No,1
6643,3999,North,Lower Sacramento River Ship Channel,Sac DW Ship Channel,26-39-SSC01,2026-04-21,09:56:07,,L,38.39987,-121.61697,38.40021,-121.61630,38.40439,-121.61425,20mm,Surface,U,2,10,1,No,30514,1238.20411,1238.20411,,,1238.20411,,Ebb,CLR,33.2,0.27,17.5,709,32.32,9.32,Complete,Lab,HYPOM,,HYPOM,Hypomesus spp. unknown,13,n/p,2026-1116,None,n/p,n/p,n/p,,,,No,1
6643,3999,North,Lower Sacramento River Ship Channel,Sac DW Ship Channel,26-39-SSC01,2026-04-21,09:56:07,,L,38.39987,-121.61697,38.40021,-121.61630,38.40439,-121.61425,20mm,Surface,U,2,10,1,No,30514,1238.20411,1238.20411,,,1238.20411,,Ebb,CLR,33.2,0.27,17.5,709,32.32,9.32,Complete,Lab,HYPOM,,HYPOM,Hypomesus spp. unknown,13.2,n/p,2026-1117,None,n/p,n/p,n/p,,,,No,1
6643,3999,North,Lower Sacramento River Ship Channel,Sac DW Ship Channel,26-39-SSC01,2026-04-21,09:56:07,,L,38.39987,-121.61697,38.40021,-121.61630,38.40439,-121.61425,20mm,Surface,U,2,10,1,No,30514,1238.20411,1238.20411,,,1238.20411,,Ebb,CLR,33.2,0.27,17.5,709,32.32,9.32,Complete,Lab,HYPOM,,HYPOM,Hypomesus spp. unknown,13.9,n/p,2026-1017,None,n/p,n/p,n/p,,,,No,1
6643,3999,North,Lower Sacramento River Ship Channel,Sac DW Ship Channel,26-39-SSC01,2026-04-21,09:56:07,,L,38.39987,-121.61697,38.40021,-121.61630,38.40439,-121.61425,20mm,Surface,U,2,10,1,No,30514,1238.20411,1238.20411,,,1238.20411,,Ebb,CLR,33.2,0.27,17.5,709,32.32,9.32,Complete,Lab,HYPOM,,HYPOM,Hypomesus spp. unknown,14.3,n/p,2026-0970,None,n/p,n/p,n/p,,,,No,1
6643,3999,North,Lower Sacramento River Ship Channel,Sac DW Ship Channel,26-39-SSC01,2026-04-21,09:56:07,,L,38.39987,-121.61697,38.40021,-121.61630,38.40439,-121.61425,20mm,Surface,U,2,10,1,No,30514,1238.20411,1238.20411,,,1238.20411,,Ebb,CLR,33.2,0.27,17.5,709,32.32,9.32,Complete,Lab,HYPOM,,HYPOM,Hypomesus spp. unknown,14.5,n/p,2026-1024,None,n/p,n/p,n/p,,,,No,1
6643,3999,North,Lower Sacramento River Ship Channel,Sac DW Ship Channel,26-39-SSC01,2026-04-21,09:56:07,,L,38.39987,-121.61697,38.40021,-121.61630,38.40439,-121.61425,20mm,Surface,U,2,10,1,No,30514,1238.20411,1238.20411,,,1238.20411,,Ebb,CLR,33.2,0.27,17.5,709,32.32,9.32,Complete,Lab,HYPOM,,HYPOM,Hypomesus spp. unknown,15,n/p,2026-1157,None,n/p,n/p,n/p,,,,No,1
6643,3999,North,Lower Sacramento River Ship Channel,Sac DW Ship Channel,26-39-SSC01,2026-04-21,09:56:07,,L,38.39987,-121.61697,38.40021,-121.61630,38.40439,-121.61425,20mm,Surface,U,2,10,1,No,30514,1238.20411,1238.20411,,,1238.20411,,Ebb,CLR,33.2,0.27,17.5,709,32.32,9.32,Complete,Lab,HYPOM,,HYPOM,Hypomesus spp. unknown,15.5,n/p,2026-1160,None,n/p,n/p,n/p,,,,No,1
6643,3999,North,Lower Sacramento River Ship Channel,Sac DW Ship Channel,26-39-SSC01,2026-04-21,09:56:07,,L,38.39987,-121.61697,38.40021,-121.61630,38.40439,-121.61425,20mm,Surface,U,2,10,1,No,30514,1238.20411,1238.20411,,,1238.20411,,Ebb,CLR,33.2,0.27,17.5,709,32.32,9.32,Complete,Lab,HYPOM,,HYPOM,Hypomesus spp. unknown,16.5,n/p,2026-1026,None,n/p,n/p,n/p,,,,No,1
6643,3999,North,Lower Sacramento River Ship Channel,Sac DW Ship Channel,26-39-SSC01,2026-04-21,09:56:07,,L,38.39987,-121.61697,38.40021,-121.61630,38.40439,-121.61425,20mm,Surface,U,2,10,1,No,30514,1238.20411,1238.20411,,,1238.20411,,Ebb,CLR,33.2,0.27,17.5,709,32.32,9.32,Complete,Lab,HYPOM,,HYPOM,Hypomesus spp. unknown,16.8,n/p,2026-1023,None,n/p,n/p,n/p,,,,No,1
6643,3999,North,Lower Sacramento River Ship Channel,Sac DW Ship Channel,26-39-SSC01,2026-04-21,09:56:07,,L,38.39987,-121.61697,38.40021,-121.61630,38.40439,-121.61425,20mm,Surface,U,2,10,1,No,30514,1238.20411,1238.20411,,,1238.20411,,Ebb,CLR,33.2,0.27,17.5,709,32.32,9.32,Complete,Lab,HYPOM,,HYPOM,Hypomesus spp. unknown,17.2,n/p,2026-0983,None,n/p,n/p,n/p,,,,No,1
6643,3999,North,Lower Sacramento River Ship Channel,Sac DW Ship Channel,26-39-SSC01,2026-04-21,09:56:07,,L,38.39987,-121.61697,38.40021,-121.61630,38.40439,-121.61425,20mm,Surface,U,2,10,1,No,30514,1238.20411,1238.20411,,,1238.20411,,Ebb,CLR,33.2,0.27,17.5,709,32.32,9.32,Complete,Lab,HYPOM,,HYPOM,Hypomesus spp. unknown,17.6,n/p,2026-0999,None,n/p,n/p,n/p,,,,No,1
6643,3999,North,Lower Sacramento River Ship Channel,Sac DW Ship Channel,26-39-SSC01,2026-04-21,09:56:07,,L,38.39987,-121.61697,38.40021,-121.61630,38.40439,-121.61425,20mm,Surface,U,2,10,1,No,30514,1238.20411,1238.20411,,,1238.20411,,Ebb,CLR,33.2,0.27,17.5,709,32.32,9.32,Complete,Lab,HYPOM,,HYPOM,Hypomesus spp. unknown,18.2,n/p,2026-1376,None,n/p,n/p,n/p,,,,No,1
6643,3999,North,Lower Sacramento River Ship Channel,Sac DW Ship Channel,26-39-SSC01,2026-04-21,09:56:07,,L,38.39987,-121.61697,38.40021,-121.61630,38.40439,-121.61425,20mm,Surface,U,2,10,1,No,30514,1238.20411,1238.20411,,,1238.20411,,Ebb,CLR,33.2,0.27,17.5,709,32.32,9.32,Complete,Lab,HYPOM,,HYPOM,Hypomesus spp. unknown,19.5,n/p,2026-1164,None,n/p,n/p,n/p,,,,No,1
6643,3999,North,Lower Sacramento River Ship Channel,Sac DW Ship Channel,26-39-SSC01,2026-04-21,09:56:07,,L,38.39987,-121.61697,38.40021,-121.61630,38.40439,-121.61425,20mm,Surface,U,2,10,1,No,30514,1238.20411,1238.20411,,,1238.20411,,Ebb,CLR,33.2,0.27,17.5,709,32.32,9.32,Complete,Lab,HYPOM,,HYPOM,Hypomesus spp. unknown,22.5,n/p,2026-1056,None,n/p,n/p,n/p,,,,No,1
6643,3999,North,Lower Sacramento River Ship Channel,Sac DW Ship Channel,26-39-SSC01,2026-04-21,09:56:07,,L,38.39987,-121.61697,38.40021,-121.61630,38.40439,-121.61425,20mm,Surface,U,2,10,1,No,30514,1238.20411,1238.20411,,,1238.20411,,Ebb,CLR,33.2,0.27,17.5,709,32.32,9.32,Complete,Lab,HYPOM,,HYPOM,Hypomesus spp. unknown,23.5,n/p,2026-1055,None,n/p,n/p,n/p,,,,No,1
6643,3999,North,Lower Sacramento River Ship Channel,Sac DW Ship Channel,26-39-SSC01,2026-04-21,09:56:07,,L,38.39987,-121.61697,38.40021,-121.61630,38.40439,-121.61425,20mm,Surface,U,2,10,1,No,30514,1238.20411,1238.20411,,,1238.20411,,Ebb,CLR,33.2,0.27,17.5,709,32.32,9.32,Complete,Lab,HYPOM,,HYPOM,Hypomesus spp. unknown,24.5,n/p,2026-1161,None,n/p,n/p,n/p,,,,No,1
6643,3999,North,Lower Sacramento River Ship Channel,Sac DW Ship Channel,26-39-SSC01,2026-04-21,09:56:07,,L,38.39987,-121.61697,38.40021,-121.61630,38.40439,-121.61425,20mm,Surface,U,2,10,1,No,30514,1238.20411,1238.20411,,,1238.20411,,Ebb,CLR,33.2,0.27,17.5,709,32.32,9.32,Complete,Lab,HYPOM,,HYPOM,Hypomesus spp. unknown,27,n/p,2026-0892,None,n/p,n/p,n/p,,,,No,1
6644,4000,North,Lower Sacramento River Ship Channel,Sac DW Ship Channel,26-39-SSC02,2026-04-21,10:23:57,,L,38.36708,-121.63270,38.36693,-121.63176,38.37096,-121.62993,20mm,Surface,U,1,10,1,No,31079,1261.13081,1261.13081,,,1261.13081,,Ebb,CLR,34.8,0.39,17.5,596,26.86,9.15,Complete,Lab,HYPOM,,HYPOM,Hypomesus spp. unknown,8.8,n/p,2026-0263,None,n/p,n/p,n/p,,,,No,1
6644,4000,North,Lower Sacramento River Ship Channel,Sac DW Ship Channel,26-39-SSC02,2026-04-21,10:23:57,,L,38.36708,-121.63270,38.36693,-121.63176,38.37096,-121.62993,20mm,Surface,U,1,10,1,No,31079,1261.13081,1261.13081,,,1261.13081,,Ebb,CLR,34.8,0.39,17.5,596,26.86,9.15,Complete,Lab,HYPOM,,HYPOM,Hypomesus spp. unknown,10.1,n/p,2026-0531,None,n/p,n/p,n/p,,,,No,1
6644,4000,North,Lower Sacramento River Ship Channel,Sac DW Ship Channel,26-39-SSC02,2026-04-21,10:23:57,,L,38.36708,-121.63270,38.36693,-121.63176,38.37096,-121.62993,20mm,Surface,U,1,10,1,No,31079,1261.13081,1261.13081,,,1261.13081,,Ebb,CLR,34.8,0.39,17.5,596,26.86,9.15,Complete,Lab,HYPOM,,HYPOM,Hypomesus spp. unknown,11.4,n/p,2026-0280,None,n/p,n/p,n/p,,,,No,1
6644,4000,North,Lower Sacramento River Ship Channel,Sac DW Ship Channel,26-39-SSC02,2026-04-21,10:23:57,,L,38.36708,-121.63270,38.36693,-121.63176,38.37096,-121.62993,20mm,Surface,U,1,10,1,No,31079,1261.13081,1261.13081,,,1261.13081,,Ebb,CLR,34.8,0.39,17.5,596,26.86,9.15,Complete,Lab,HYPOM,,HYPOM,Hypomesus spp. unknown,11.9,n/p,2026-0070,None,n/p,n/p,n/p,,,,No,1
6644,4000,North,Lower Sacramento River Ship Channel,Sac DW Ship Channel,26-39-SSC02,2026-04-21,10:23:57,,L,38.36708,-121.63270,38.36693,-121.63176,38.37096,-121.62993,20mm,Surface,U,1,10,1,No,31079,1261.13081,1261.13081,,,1261.13081,,Ebb,CLR,34.8,0.39,17.5,596,26.86,9.15,Complete,Lab,HYPOM,,HYPOM,Hypomesus spp. unknown,12.4,n/p,2026-0200,None,n/p,n/p,n/p,,,,No,1
6644,4000,North,Lower Sacramento River Ship Channel,Sac DW Ship Channel,26-39-SSC02,2026-04-21,10:23:57,,L,38.36708,-121.63270,38.36693,-121.63176,38.37096,-121.62993,20mm,Surface,U,1,10,1,No,31079,1261.13081,1261.13081,,,1261.13081,,Ebb,CLR,34.8,0.39,17.5,596,26.86,9.15,Complete,Lab,HYPOM,,HYPOM,Hypomesus spp. unknown,13.5,n/p,2026-0308,None,n/p,n/p,n/p,,,,No,1
6644,4000,North,Lower Sacramento River Ship Channel,Sac DW Ship Channel,26-39-SSC02,2026-04-21,10:23:57,,L,38.36708,-121.63270,38.36693,-121.63176,38.37096,-121.62993,20mm,Surface,U,1,10,1,No,31079,1261.13081,1261.13081,,,1261.13081,,Ebb,CLR,34.8,0.39,17.5,596,26.86,9.15,Complete,Lab,HYPOM,,HYPOM,Hypomesus spp. unknown,13.8,n/p,2026-0463,None,n/p,n/p,n/p,,,,No,1
6644,4000,North,Lower Sacramento River Ship Channel,Sac DW Ship Channel,26-39-SSC02,2026-04-21,10:23:57,,L,38.36708,-121.63270,38.36693,-121.63176,38.37096,-121.62993,20mm,Surface,U,1,10,1,No,31079,1261.13081,1261.13081,,,1261.13081,,Ebb,CLR,34.8,0.39,17.5,596,26.86,9.15,Complete,Lab,HYPOM,,HYPOM,Hypomesus spp. unknown,13.9,n/p,n/p,None,n/p,n/p,n/p,,,,No,1
6644,4000,North,Lower Sacramento River Ship Channel,Sac DW Ship Channel,26-39-SSC02,2026-04-21,10:23:57,,L,38.36708,-121.63270,38.36693,-121.63176,38.37096,-121.62993,20mm,Surface,U,1,10,1,No,31079,1261.13081,1261.13081,,,1261.13081,,Ebb,CLR,34.8,0.39,17.5,596,26.86,9.15,Complete,Lab,HYPOM,,HYPOM,Hypomesus spp. unknown,14.2,n/p,2026-0337,None,n/p,n/p,n/p,,,,No,1
6644,4000,North,Lower Sacramento River Ship Channel,Sac DW Ship Channel,26-39-SSC02,2026-04-21,10:23:57,,L,38.36708,-121.63270,38.36693,-121.63176,38.37096,-121.62993,20mm,Surface,U,1,10,1,No,31079,1261.13081,1261.13081,,,1261.13081,,Ebb,CLR,34.8,0.39,17.5,596,26.86,9.15,Complete,Lab,HYPOM,,HYPOM,Hypomesus spp. unknown,15,n/p,2026-0771,None,n/p,n/p,n/p,,,,No,1
6644,4000,North,Lower Sacramento River Ship Channel,Sac DW Ship Channel,26-39-SSC02,2026-04-21,10:23:57,,L,38.36708,-121.63270,38.36693,-121.63176,38.37096,-121.62993,20mm,Surface,U,1,10,1,No,31079,1261.13081,1261.13081,,,1261.13081,,Ebb,CLR,34.8,0.39,17.5,596,26.86,9.15,Complete,Lab,HYPOM,,HYPOM,Hypomesus spp. unknown,15.3,n/p,2026-0453,None,n/p,n/p,n/p,,,,No,1
6644,4000,North,Lower Sacramento River Ship Channel,Sac DW Ship Channel,26-39-SSC02,2026-04-21,10:23:57,,L,38.36708,-121.63270,38.36693,-121.63176,38.37096,-121.62993,20mm,Surface,U,1,10,1,No,31079,1261.13081,1261.13081,,,1261.13081,,Ebb,CLR,34.8,0.39,17.5,596,26.86,9.15,Complete,Lab,HYPOM,,HYPOM,Hypomesus spp. unknown,15.5,n/p,2026-0049,None,n/p,n/p,n/p,,,,No,1
6644,4000,North,Lower Sacramento River Ship Channel,Sac DW Ship Channel,26-39-SSC02,2026-04-21,10:23:57,,L,38.36708,-121.63270,38.36693,-121.63176,38.37096,-121.62993,20mm,Surface,U,1,10,1,No,31079,1261.13081,1261.13081,,,1261.13081,,Ebb,CLR,34.8,0.39,17.5,596,26.86,9.15,Complete,Lab,HYPOM,,HYPOM,Hypomesus spp. unknown,15.6,n/p,2026-0546,None,n/p,n/p,n/p,,,,No,1
6644,4000,North,Lower Sacramento River Ship Channel,Sac DW Ship Channel,26-39-SSC02,2026-04-21,10:23:57,,L,38.36708,-121.63270,38.36693,-121.63176,38.37096,-121.62993,20mm,Surface,U,1,10,1,No,31079,1261.13081,1261.13081,,,1261.13081,,Ebb,CLR,34.8,0.39,17.5,596,26.86,9.15,Complete,Lab,HYPOM,,HYPOM,Hypomesus spp. unknown,16,n/p,2026-0566,None,n/p,n/p,n/p,,,,No,1
6644,4000,North,Lower Sacramento River Ship Channel,Sac DW Ship Channel,26-39-SSC02,2026-04-21,10:23:57,,L,38.36708,-121.63270,38.36693,-121.63176,38.37096,-121.62993,20mm,Surface,U,1,10,1,No,31079,1261.13081,1261.13081,,,1261.13081,,Ebb,CLR,34.8,0.39,17.5,596,26.86,9.15,Complete,Lab,HYPOM,,HYPOM,Hypomesus spp. unknown,16.3,n/p,2026-0180,None,n/p,n/p,n/p,,,,No,1
6644,4000,North,Lower Sacramento River Ship Channel,Sac DW Ship Channel,26-39-SSC02,2026-04-21,10:23:57,,L,38.36708,-121.63270,38.36693,-121.63176,38.37096,-121.62993,20mm,Surface,U,1,10,1,No,31079,1261.13081,1261.13081,,,1261.13081,,Ebb,CLR,34.8,0.39,17.5,596,26.86,9.15,Complete,Lab,HYPOM,,HYPOM,Hypomesus spp. unknown,17.1,n/p,2026-0406,None,n/p,n/p,n/p,,,,No,1
6644,4000,North,Lower Sacramento River Ship Channel,Sac DW Ship Channel,26-39-SSC02,2026-04-21,10:23:57,,L,38.36708,-121.63270,38.36693,-121.63176,38.37096,-121.62993,20mm,Surface,U,1,10,1,No,31079,1261.13081,1261.13081,,,1261.13081,,Ebb,CLR,34.8,0.39,17.5,596,26.86,9.15,Complete,Lab,HYPOM,,HYPOM,Hypomesus spp. unknown,17.6,n/p,2026-0391,None,n/p,n/p,n/p,,,,No,1
6644,4000,North,Lower Sacramento River Ship Channel,Sac DW Ship Channel,26-39-SSC02,2026-04-21,10:23:57,,L,38.36708,-121.63270,38.36693,-121.63176,38.37096,-121.62993,20mm,Surface,U,1,10,1,No,31079,1261.13081,1261.13081,,,1261.13081,,Ebb,CLR,34.8,0.39,17.5,596,26.86,9.15,Complete,Lab,HYPOM,,HYPOM,Hypomesus spp. unknown,21.6,n/p,2026-0262,None,n/p,n/p,n/p,,,,No,1
6644,4000,North,Lower Sacramento River Ship Channel,Sac DW Ship Channel,26-39-SSC02,2026-04-21,10:23:57,,L,38.36708,-121.63270,38.36693,-121.63176,38.37096,-121.62993,20mm,Surface,U,1,10,1,No,31079,1261.13081,1261.13081,,,1261.13081,,Ebb,CLR,34.8,0.39,17.5,596,26.86,9.15,Complete,Lab,HYPOM,,HYPOM,Hypomesus spp. unknown,24.6,n/p,2026-0268,None,n/p,n/p,n/p,,,,No,1
6644,4000,North,Lower Sacramento River Ship Channel,Sac DW Ship Channel,26-39-SSC02,2026-04-21,10:23:57,,L,38.36708,-121.63270,38.36693,-121.63176,38.37096,-121.62993,20mm,Surface,U,1,10,1,No,31079,1261.13081,1261.13081,,,1261.13081,,Ebb,CLR,34.8,0.39,17.5,596,26.86,9.15,Complete,Lab,HYPOM,,HYPOM,Hypomesus spp. unknown,25.2,n/p,2026-0253,None,n/p,n/p,n/p,,,,No,1
6644,4000,North,Lower Sacramento River Ship Channel,Sac DW Ship Channel,26-39-SSC02,2026-04-21,10:23:57,,L,38.36708,-121.63270,38.36693,-121.63176,38.37096,-121.62993,20mm,Surface,U,1,10,1,No,31079,1261.13081,1261.13081,,,1261.13081,,Ebb,CLR,34.8,0.39,17.5,596,26.86,9.15,Complete,Lab,HYPOM,,HYPOM,Hypomesus spp. unknown,27.5,n/p,2026-0367,None,n/p,n/p,n/p,,,,No,1
6645,4000,North,Lower Sacramento River Ship Channel,Sac DW Ship Channel,26-39-SSC02,2026-04-21,10:41:00,,L,38.36708,-121.63270,38.36765,-121.63140,38.37132,-121.62970,20mm,Surface,U,2,10,1,No,28974,1175.713636,1175.713636,,,1175.713636,,Ebb,CLD,34,0.39,17.6,596,26.27,9.23,Complete,Lab,HYPOM,,HYPOM,Hypomesus spp. unknown,9.8,n/p,2026-0380,None,n/p,n/p,n/p,,,,No,1
6645,4000,North,Lower Sacramento River Ship Channel,Sac DW Ship Channel,26-39-SSC02,2026-04-21,10:41:00,,L,38.36708,-121.63270,38.36765,-121.63140,38.37132,-121.62970,20mm,Surface,U,2,10,1,No,28974,1175.713636,1175.713636,,,1175.713636,,Ebb,CLD,34,0.39,17.6,596,26.27,9.23,Complete,Lab,HYPOM,,HYPOM,Hypomesus spp. unknown,10.3,n/p,2026-0210,None,n/p,n/p,n/p,,,,No,1
6645,4000,North,Lower Sacramento River Ship Channel,Sac DW Ship Channel,26-39-SSC02,2026-04-21,10:41:00,,L,38.36708,-121.63270,38.36765,-121.63140,38.37132,-121.62970,20mm,Surface,U,2,10,1,No,28974,1175.713636,1175.713636,,,1175.713636,,Ebb,CLD,34,0.39,17.6,596,26.27,9.23,Complete,Lab,HYPOM,,HYPOM,Hypomesus spp. unknown,10.9,n/p,2026-1393,None,n/p,n/p,n/p,,,,No,1
6645,4000,North,Lower Sacramento River Ship Channel,Sac DW Ship Channel,26-39-SSC02,2026-04-21,10:41:00,,L,38.36708,-121.63270,38.36765,-121.63140,38.37132,-121.62970,20mm,Surface,U,2,10,1,No,28974,1175.713636,1175.713636,,,1175.713636,,Ebb,CLD,34,0.39,17.6,596,26.27,9.23,Complete,Lab,HYPOM,,HYPOM,Hypomesus spp. unknown,11.5,n/p,2026-1156,None,n/p,n/p,n/p,,,,No,1
6645,4000,North,Lower Sacramento River Ship Channel,Sac DW Ship Channel,26-39-SSC02,2026-04-21,10:41:00,,L,38.36708,-121.63270,38.36765,-121.63140,38.37132,-121.62970,20mm,Surface,U,2,10,1,No,28974,1175.713636,1175.713636,,,1175.713636,,Ebb,CLD,34,0.39,17.6,596,26.27,9.23,Complete,Lab,HYPOM,,HYPOM,Hypomesus spp. unknown,11.5,n/p,2026-1377,None,n/p,n/p,n/p,,,,No,1
6645,4000,North,Lower Sacramento River Ship Channel,Sac DW Ship Channel,26-39-SSC02,2026-04-21,10:41:00,,L,38.36708,-121.63270,38.36765,-121.63140,38.37132,-121.62970,20mm,Surface,U,2,10,1,No,28974,1175.713636,1175.713636,,,1175.713636,,Ebb,CLD,34,0.39,17.6,596,26.27,9.23,Complete,Lab,HYPOM,,HYPOM,Hypomesus spp. unknown,11.7,n/p,2026-1169,None,n/p,n/p,n/p,,,,No,1
6645,4000,North,Lower Sacramento River Ship Channel,Sac DW Ship Channel,26-39-SSC02,2026-04-21,10:41:00,,L,38.36708,-121.63270,38.36765,-121.63140,38.37132,-121.62970,20mm,Surface,U,2,10,1,No,28974,1175.713636,1175.713636,,,1175.713636,,Ebb,CLD,34,0.39,17.6,596,26.27,9.23,Complete,Lab,HYPOM,,HYPOM,Hypomesus spp. unknown,12,n/p,2026-1144,None,n/p,n/p,n/p,,,,No,1
6645,4000,North,Lower Sacramento River Ship Channel,Sac DW Ship Channel,26-39-SSC02,2026-04-21,10:41:00,,L,38.36708,-121.63270,38.36765,-121.63140,38.37132,-121.62970,20mm,Surface,U,2,10,1,No,28974,1175.713636,1175.713636,,,1175.713636,,Ebb,CLD,34,0.39,17.6,596,26.27,9.23,Complete,Lab,HYPOM,,HYPOM,Hypomesus spp. unknown,12,n/p,2026-1177,None,n/p,n/p,n/p,,,,No,1
6645,4000,North,Lower Sacramento River Ship Channel,Sac DW Ship Channel,26-39-SSC02,2026-04-21,10:41:00,,L,38.36708,-121.63270,38.36765,-121.63140,38.37132,-121.62970,20mm,Surface,U,2,10,1,No,28974,1175.713636,1175.713636,,,1175.713636,,Ebb,CLD,34,0.39,17.6,596,26.27,9.23,Complete,Lab,HYPOM,,HYPOM,Hypomesus spp. unknown,12.1,n/p,2026-1002,None,n/p,n/p,n/p,,,,No,1
6645,4000,North,Lower Sacramento River Ship Channel,Sac DW Ship Channel,26-39-SSC02,2026-04-21,10:41:00,,L,38.36708,-121.63270,38.36765,-121.63140,38.37132,-121.62970,20mm,Surface,U,2,10,1,No,28974,1175.713636,1175.713636,,,1175.713636,,Ebb,CLD,34,0.39,17.6,596,26.27,9.23,Complete,Lab,HYPOM,,HYPOM,Hypomesus spp. unknown,12.9,n/p,2026-1097,None,n/p,n/p,n/p,,,,No,1
6645,4000,North,Lower Sacramento River Ship Channel,Sac DW Ship Channel,26-39-SSC02,2026-04-21,10:41:00,,L,38.36708,-121.63270,38.36765,-121.63140,38.37132,-121.62970,20mm,Surface,U,2,10,1,No,28974,1175.713636,1175.713636,,,1175.713636,,Ebb,CLD,34,0.39,17.6,596,26.27,9.23,Complete,Lab,HYPOM,,HYPOM,Hypomesus spp. unknown,13.5,n/p,2026-0886,None,n/p,n/p,n/p,,,,No,1
6645,4000,North,Lower Sacramento River Ship Channel,Sac DW Ship Channel,26-39-SSC02,2026-04-21,10:41:00,,L,38.36708,-121.63270,38.36765,-121.63140,38.37132,-121.62970,20mm,Surface,U,2,10,1,No,28974,1175.713636,1175.713636,,,1175.713636,,Ebb,CLD,34,0.39,17.6,596,26.27,9.23,Complete,Lab,HYPOM,,HYPOM,Hypomesus spp. unknown,13.5,n/p,2026-1119,None,n/p,n/p,n/p,,,,No,1
6645,4000,North,Lower Sacramento River Ship Channel,Sac DW Ship Channel,26-39-SSC02,2026-04-21,10:41:00,,L,38.36708,-121.63270,38.36765,-121.63140,38.37132,-121.62970,20mm,Surface,U,2,10,1,No,28974,1175.713636,1175.713636,,,1175.713636,,Ebb,CLD,34,0.39,17.6,596,26.27,9.23,Complete,Lab,HYPOM,,HYPOM,Hypomesus spp. unknown,14.5,n/p,2026-0972,None,n/p,n/p,n/p,,,,No,1
6645,4000,North,Lower Sacramento River Ship Channel,Sac DW Ship Channel,26-39-SSC02,2026-04-21,10:41:00,,L,38.36708,-121.63270,38.36765,-121.63140,38.37132,-121.62970,20mm,Surface,U,2,10,1,No,28974,1175.713636,1175.713636,,,1175.713636,,Ebb,CLD,34,0.39,17.6,596,26.27,9.23,Complete,Lab,HYPOM,,HYPOM,Hypomesus spp. unknown,14.9,n/p,2026-1101,None,n/p,n/p,n/p,,,,No,1
6645,4000,North,Lower Sacramento River Ship Channel,Sac DW Ship Channel,26-39-SSC02,2026-04-21,10:41:00,,L,38.36708,-121.63270,38.36765,-121.63140,38.37132,-121.62970,20mm,Surface,U,2,10,1,No,28974,1175.713636,1175.713636,,,1175.713636,,Ebb,CLD,34,0.39,17.6,596,26.27,9.23,Complete,Lab,HYPOM,,HYPOM,Hypomesus spp. unknown,15,n/p,2026-0990,None,n/p,n/p,n/p,,,,No,1
6645,4000,North,Lower Sacramento River Ship Channel,Sac DW Ship Channel,26-39-SSC02,2026-04-21,10:41:00,,L,38.36708,-121.63270,38.36765,-121.63140,38.37132,-121.62970,20mm,Surface,U,2,10,1,No,28974,1175.713636,1175.713636,,,1175.713636,,Ebb,CLD,34,0.39,17.6,596,26.27,9.23,Complete,Lab,HYPOM,,HYPOM,Hypomesus spp. unknown,16,n/p,2026-1044,None,n/p,n/p,n/p,,,,No,1
6645,4000,North,Lower Sacramento River Ship Channel,Sac DW Ship Channel,26-39-SSC02,2026-04-21,10:41:00,,L,38.36708,-121.63270,38.36765,-121.63140,38.37132,-121.62970,20mm,Surface,U,2,10,1,No,28974,1175.713636,1175.713636,,,1175.713636,,Ebb,CLD,34,0.39,17.6,596,26.27,9.23,Complete,Lab,HYPOM,,HYPOM,Hypomesus spp. unknown,16.8,n/p,2026-0854,None,n/p,n/p,n/p,,,,No,1
6645,4000,North,Lower Sacramento River Ship Channel,Sac DW Ship Channel,26-39-SSC02,2026-04-21,10:41:00,,L,38.36708,-121.63270,38.36765,-121.63140,38.37132,-121.62970,20mm,Surface,U,2,10,1,No,28974,1175.713636,1175.713636,,,1175.713636,,Ebb,CLD,34,0.39,17.6,596,26.27,9.23,Complete,Lab,HYPOM,,HYPOM,Hypomesus spp. unknown,17.5,n/p,2026-0862,None,n/p,n/p,n/p,,,,No,1
6645,4000,North,Lower Sacramento River Ship Channel,Sac DW Ship Channel,26-39-SSC02,2026-04-21,10:41:00,,L,38.36708,-121.63270,38.36765,-121.63140,38.37132,-121.62970,20mm,Surface,U,2,10,1,No,28974,1175.713636,1175.713636,,,1175.713636,,Ebb,CLD,34,0.39,17.6,596,26.27,9.23,Complete,Lab,HYPOM,,HYPOM,Hypomesus spp. unknown,19,n/p,2026-0907,None,n/p,n/p,n/p,,,,No,1
6645,4000,North,Lower Sacramento River Ship Channel,Sac DW Ship Channel,26-39-SSC02,2026-04-21,10:41:00,,L,38.36708,-121.63270,38.36765,-121.63140,38.37132,-121.62970,20mm,Surface,U,2,10,1,No,28974,1175.713636,1175.713636,,,1175.713636,,Ebb,CLD,34,0.39,17.6,596,26.27,9.23,Complete,Lab,HYPOM,,HYPOM,Hypomesus spp. unknown,19,n/p,2026-0932,None,n/p,n/p,n/p,,,,No,1
6645,4000,North,Lower Sacramento River Ship Channel,Sac DW Ship Channel,26-39-SSC02,2026-04-21,10:41:00,,L,38.36708,-121.63270,38.36765,-121.63140,38.37132,-121.62970,20mm,Surface,U,2,10,1,No,28974,1175.713636,1175.713636,,,1175.713636,,Ebb,CLD,34,0.39,17.6,596,26.27,9.23,Complete,Lab,HYPOM,,HYPOM,Hypomesus spp. unknown,21.8,n/p,2026-1095,None,n/p,n/p,n/p,,,,No,1
6645,4000,North,Lower Sacramento River Ship Channel,Sac DW Ship Channel,26-39-SSC02,2026-04-21,10:41:00,,L,38.36708,-121.63270,38.36765,-121.63140,38.37132,-121.62970,20mm,Surface,U,2,10,1,No,28974,1175.713636,1175.713636,,,1175.713636,,Ebb,CLD,34,0.39,17.6,596,26.27,9.23,Complete,Lab,HYPOM,,HYPOM,Hypomesus spp. unknown,22.1,n/p,2026-0835,None,n/p,n/p,n/p,,,,No,1
6645,4000,North,Lower Sacramento River Ship Channel,Sac DW Ship Channel,26-39-SSC02,2026-04-21,10:41:00,,L,38.36708,-121.63270,38.36765,-121.63140,38.37132,-121.62970,20mm,Surface,U,2,10,1,No,28974,1175.713636,1175.713636,,,1175.713636,,Ebb,CLD,34,0.39,17.6,596,26.27,9.23,Complete,Lab,HYPOM,,HYPOM,Hypomesus spp. unknown,22.6,n/p,2026-0992,None,n/p,n/p,n/p,,,,No,1
6645,4000,North,Lower Sacramento River Ship Channel,Sac DW Ship Channel,26-39-SSC02,2026-04-21,10:41:00,,L,38.36708,-121.63270,38.36765,-121.63140,38.37132,-121.62970,20mm,Surface,U,2,10,1,No,28974,1175.713636,1175.713636,,,1175.713636,,Ebb,CLD,34,0.39,17.6,596,26.27,9.23,Complete,Lab,HYPOM,,HYPOM,Hypomesus spp. unknown,26.5,n/p,2026-1012,None,n/p,n/p,n/p,,,,No,1
6646,4001,North,Lower Sacramento River Ship Channel,Sac DW Ship Channel,26-39-SSC05,2026-04-21,11:09:52,,L,38.29522,-121.65670,38.29515,-121.65549,38.29903,-121.65433,20mm,Surface,U,1,10,1,No,30165,1224.042308,1224.042308,,,1224.042308,,Ebb,RAN,39.2,0.44,16.9,319.9,19.07,9.12,Complete,Lab,HYPOM,,HYPOM,Hypomesus spp. unknown,6,n/p,2026-1362,None,n/p,n/p,n/p,,,,No,1
6646,4001,North,Lower Sacramento River Ship Channel,Sac DW Ship Channel,26-39-SSC05,2026-04-21,11:09:52,,L,38.29522,-121.65670,38.29515,-121.65549,38.29903,-121.65433,20mm,Surface,U,1,10,1,No,30165,1224.042308,1224.042308,,,1224.042308,,Ebb,RAN,39.2,0.44,16.9,319.9,19.07,9.12,Complete,Lab,HYPOM,,HYPOM,Hypomesus spp. unknown,8,n/p,2026-1138,None,n/p,n/p,n/p,,,,No,1
6646,4001,North,Lower Sacramento River Ship Channel,Sac DW Ship Channel,26-39-SSC05,2026-04-21,11:09:52,,L,38.29522,-121.65670,38.29515,-121.65549,38.29903,-121.65433,20mm,Surface,U,1,10,1,No,30165,1224.042308,1224.042308,,,1224.042308,,Ebb,RAN,39.2,0.44,16.9,319.9,19.07,9.12,Complete,Lab,HYPOM,,HYPOM,Hypomesus spp. unknown,10,n/p,2026-0841,None,n/p,n/p,n/p,,,,No,1
6646,4001,North,Lower Sacramento River Ship Channel,Sac DW Ship Channel,26-39-SSC05,2026-04-21,11:09:52,,L,38.29522,-121.65670,38.29515,-121.65549,38.29903,-121.65433,20mm,Surface,U,1,10,1,No,30165,1224.042308,1224.042308,,,1224.042308,,Ebb,RAN,39.2,0.44,16.9,319.9,19.07,9.12,Complete,Lab,HYPOM,,HYPOM,Hypomesus spp. unknown,13,n/p,2026-1077,None,n/p,n/p,n/p,,,,No,1
6646,4001,North,Lower Sacramento River Ship Channel,Sac DW Ship Channel,26-39-SSC05,2026-04-21,11:09:52,,L,38.29522,-121.65670,38.29515,-121.65549,38.29903,-121.65433,20mm,Surface,U,1,10,1,No,30165,1224.042308,1224.042308,,,1224.042308,,Ebb,RAN,39.2,0.44,16.9,319.9,19.07,9.12,Complete,Lab,HYPOM,,HYPOM,Hypomesus spp. unknown,17.1,n/p,2026-0946,None,n/p,n/p,n/p,,,,No,1
6647,4001,North,Lower Sacramento River Ship Channel,Sac DW Ship Channel,26-39-SSC05,2026-04-21,11:25:56,,L,38.29522,-121.65670,38.29508,-121.65528,38.29924,-121.65436,20mm,Surface,U,2,10,1,No,29868,1211.990574,1211.990574,,,1211.990574,,Ebb,RAN,31.5,0.47,16.9,326.5,18.34,9.2,Complete,Lab,HYPOM,,HYPOM,Hypomesus spp. unknown,8.4,n/p,2026-1351,None,n/p,n/p,n/p,,,,No,1
6647,4001,North,Lower Sacramento River Ship Channel,Sac DW Ship Channel,26-39-SSC05,2026-04-21,11:25:56,,L,38.29522,-121.65670,38.29508,-121.65528,38.29924,-121.65436,20mm,Surface,U,2,10,1,No,29868,1211.990574,1211.990574,,,1211.990574,,Ebb,RAN,31.5,0.47,16.9,326.5,18.34,9.2,Complete,Lab,HYPOM,,HYPOM,Hypomesus spp. unknown,11.4,n/p,2026-1368,None,n/p,n/p,n/p,,,,No,1
6647,4001,North,Lower Sacramento River Ship Channel,Sac DW Ship Channel,26-39-SSC05,2026-04-21,11:25:56,,L,38.29522,-121.65670,38.29508,-121.65528,38.29924,-121.65436,20mm,Surface,U,2,10,1,No,29868,1211.990574,1211.990574,,,1211.990574,,Ebb,RAN,31.5,0.47,16.9,326.5,18.34,9.2,Complete,Lab,HYPOM,,HYPOM,Hypomesus spp. unknown,15.1,n/p,2026-1125,None,n/p,n/p,n/p,,,,No,1
6647,4001,North,Lower Sacramento River Ship Channel,Sac DW Ship Channel,26-39-SSC05,2026-04-21,11:25:56,,L,38.29522,-121.65670,38.29508,-121.65528,38.29924,-121.65436,20mm,Surface,U,2,10,1,No,29868,1211.990574,1211.990574,,,1211.990574,,Ebb,RAN,31.5,0.47,16.9,326.5,18.34,9.2,Complete,Lab,HYPOM,,HYPOM,Hypomesus spp. unknown,15.9,n/p,2026-1349,None,n/p,n/p,n/p,,,,No,1
6647,4001,North,Lower Sacramento River Ship Channel,Sac DW Ship Channel,26-39-SSC05,2026-04-21,11:25:56,,L,38.29522,-121.65670,38.29508,-121.65528,38.29924,-121.65436,20mm,Surface,U,2,10,1,No,29868,1211.990574,1211.990574,,,1211.990574,,Ebb,RAN,31.5,0.47,16.9,326.5,18.34,9.2,Complete,Lab,HYPOM,,HYPOM,Hypomesus spp. unknown,18,n/p,2026-1102,None,n/p,n/p,n/p,,,,No,1
6648,4002,North,Lower Sacramento River Ship Channel,Sac DW Ship Channel,26-39-SSC03,2026-04-21,11:52:19,,L,38.23769,-121.67285,38.23770,-121.67118,38.24223,-121.67033,20mm,Surface,U,1,10,1,No,29880,1212.477512,1212.477512,,,1212.477512,,Ebb,CLD,11.5,1.14,16,169.7,6.97,9.29,Complete,Lab,HYPOM,,HYPOM,Hypomesus spp. unknown,9.7,n/p,2026-0974,None,n/p,n/p,n/p,,,,No,1
6648,4002,North,Lower Sacramento River Ship Channel,Sac DW Ship Channel,26-39-SSC03,2026-04-21,11:52:19,,L,38.23769,-121.67285,38.23770,-121.67118,38.24223,-121.67033,20mm,Surface,U,1,10,1,No,29880,1212.477512,1212.477512,,,1212.477512,,Ebb,CLD,11.5,1.14,16,169.7,6.97,9.29,Complete,Lab,HYPOM,,HYPOM,Hypomesus spp. unknown,14,n/p,2026-1115,None,n/p,n/p,n/p,,,,No,1
6649,4002,North,Lower Sacramento River Ship Channel,Sac DW Ship Channel,26-39-SSC03,2026-04-21,12:08:50,,L,38.23769,-121.67285,38.23777,-121.67151,38.24230,-121.67051,20mm,Surface,U,2,10,1,No,31914,1295.013632,1295.013632,,,1295.013632,,Ebb,RAN,32.9,0.9,16.1,181.1,7.66,9.3,Complete,Lab,HYPOM,,HYPOM,Hypomesus spp. unknown,11.3,n/p,2026-0312,None,n/p,n/p,n/p,,,,No,1
6649,4002,North,Lower Sacramento River Ship Channel,Sac DW Ship Channel,26-39-SSC03,2026-04-21,12:08:50,,L,38.23769,-121.67285,38.23777,-121.67151,38.24230,-121.67051,20mm,Surface,U,2,10,1,No,31914,1295.013632,1295.013632,,,1295.013632,,Ebb,RAN,32.9,0.9,16.1,181.1,7.66,9.3,Complete,Lab,HYPOM,,HYPOM,Hypomesus spp. unknown,12.5,n/p,2026-0249,None,n/p,n/p,n/p,,,,No,1
6649,4002,North,Lower Sacramento River Ship Channel,Sac DW Ship Channel,26-39-SSC03,2026-04-21,12:08:50,,L,38.23769,-121.67285,38.23777,-121.67151,38.24230,-121.67051,20mm,Surface,U,2,10,1,No,31914,1295.013632,1295.013632,,,1295.013632,,Ebb,RAN,32.9,0.9,16.1,181.1,7.66,9.3,Complete,Lab,HYPOM,,HYPOM,Hypomesus spp. unknown,12.5,n/p,2026-0604,None,n/p,n/p,n/p,,,,No,1
6650,4006,West,Suisun Marsh,Suisun Marsh,26-39-SM05,2026-04-21,11:29:57,,L,38.10989,-121.89064,38.11039,-121.89075,38.10637,-121.88919,20mm,Surface,U,1,10,1,No,27937,1133.634012,1133.634012,,,1133.634012,,Ebb,CLD,11.1,0.42,16.3,970,22.74,7.87,Complete,Lab,HYPOM,,HYPOM,Hypomesus spp. unknown,8.7,n/p,2026-0286,None,n/p,n/p,n/p,,,,No,1
6650,4006,West,Suisun Marsh,Suisun Marsh,26-39-SM05,2026-04-21,11:29:57,,L,38.10989,-121.89064,38.11039,-121.89075,38.10637,-121.88919,20mm,Surface,U,1,10,1,No,27937,1133.634012,1133.634012,,,1133.634012,,Ebb,CLD,11.1,0.42,16.3,970,22.74,7.87,Complete,Lab,HYPOM,,HYPOM,Hypomesus spp. unknown,10.3,n/p,2026-0199,None,n/p,n/p,n/p,,,,No,1
6650,4006,West,Suisun Marsh,Suisun Marsh,26-39-SM05,2026-04-21,11:29:57,,L,38.10989,-121.89064,38.11039,-121.89075,38.10637,-121.88919,20mm,Surface,U,1,10,1,No,27937,1133.634012,1133.634012,,,1133.634012,,Ebb,CLD,11.1,0.42,16.3,970,22.74,7.87,Complete,Lab,HYPOM,,HYPOM,Hypomesus spp. unknown,10.5,n/p,2026-0336,None,n/p,n/p,n/p,,,,No,1
6650,4006,West,Suisun Marsh,Suisun Marsh,26-39-SM05,2026-04-21,11:29:57,,L,38.10989,-121.89064,38.11039,-121.89075,38.10637,-121.88919,20mm,Surface,U,1,10,1,No,27937,1133.634012,1133.634012,,,1133.634012,,Ebb,CLD,11.1,0.42,16.3,970,22.74,7.87,Complete,Lab,HYPOM,,HYPOM,Hypomesus spp. unknown,11.6,n/p,2026-0525,None,n/p,n/p,n/p,,,,No,1
6650,4006,West,Suisun Marsh,Suisun Marsh,26-39-SM05,2026-04-21,11:29:57,,L,38.10989,-121.89064,38.11039,-121.89075,38.10637,-121.88919,20mm,Surface,U,1,10,1,No,27937,1133.634012,1133.634012,,,1133.634012,,Ebb,CLD,11.1,0.42,16.3,970,22.74,7.87,Complete,Lab,HYPOM,,HYPOM,Hypomesus spp. unknown,11.7,n/p,2026-0577,None,n/p,n/p,n/p,,,,No,1
6650,4006,West,Suisun Marsh,Suisun Marsh,26-39-SM05,2026-04-21,11:29:57,,L,38.10989,-121.89064,38.11039,-121.89075,38.10637,-121.88919,20mm,Surface,U,1,10,1,No,27937,1133.634012,1133.634012,,,1133.634012,,Ebb,CLD,11.1,0.42,16.3,970,22.74,7.87,Complete,Lab,HYPOM,,HYPOM,Hypomesus spp. unknown,12.2,n/p,2026-0815,None,n/p,n/p,n/p,,,,No,1
6651,4006,West,Suisun Marsh,Suisun Marsh,26-39-SM05,2026-04-21,11:46:30,,L,38.10989,-121.89064,38.11004,-121.89029,38.10617,-121.88931,20mm,Surface,U,2,10,1,No,26322,1068.10017,1068.10017,,,1068.10017,,Ebb,RAN,14.8,0.44,16.2,915,22.61,7.86,Complete,Lab,HYPOM,,HYPOM,Hypomesus spp. unknown,11,n/p,2026-1346,None,n/p,n/p,n/p,,,,No,1
6651,4006,West,Suisun Marsh,Suisun Marsh,26-39-SM05,2026-04-21,11:46:30,,L,38.10989,-121.89064,38.11004,-121.89029,38.10617,-121.88931,20mm,Surface,U,2,10,1,No,26322,1068.10017,1068.10017,,,1068.10017,,Ebb,RAN,14.8,0.44,16.2,915,22.61,7.86,Complete,Lab,HYPOM,,HYPOM,Hypomesus spp. unknown,12.5,n/p,2026-0861,None,n/p,n/p,n/p,,,,No,1
6652,4007,West,Suisun Marsh,Suisun Marsh,26-39-SM01,2026-04-21,10:56:54,,L,38.12516,-121.89041,38.12541,-121.89030,38.12156,-121.88837,20mm,Surface,U,1,10,1,No,28033,1137.529522,1137.529522,,,1137.529522,,Ebb,CLD,14.3,0.41,16.5,1184,23.86,7.98,Complete,Lab,HYPOM,,HYPOM,Hypomesus spp. unknown,21.6,n/p,2026-0222,None,n/p,n/p,n/p,,,,No,1
6652,4007,West,Suisun Marsh,Suisun Marsh,26-39-SM01,2026-04-21,10:56:54,,L,38.12516,-121.89041,38.12541,-121.89030,38.12156,-121.88837,20mm,Surface,U,1,10,1,No,28033,1137.529522,1137.529522,,,1137.529522,,Ebb,CLD,14.3,0.41,16.5,1184,23.86,7.98,Complete,Lab,HYPOM,,HYPOM,Hypomesus spp. unknown,21.7,n/p,2026-0480,None,n/p,n/p,n/p,,,,No,1
6653,4007,West,Suisun Marsh,Suisun Marsh,26-39-SM01,2026-04-21,11:12:59,,L,38.12516,-121.89041,38.12499,-121.88994,38.12154,-121.88837,20mm,Surface,U,2,10,1,No,27960,1134.567311,1134.567311,,,1134.567311,,Ebb,CLR,12,0.4,16.5,1170,23.71,8.02,Complete,Lab,HYPOM,,HYPOM,Hypomesus spp. unknown,10,n/p,2026-1072,None,n/p,n/p,n/p,,,,No,1
6653,4007,West,Suisun Marsh,Suisun Marsh,26-39-SM01,2026-04-21,11:12:59,,L,38.12516,-121.89041,38.12499,-121.88994,38.12154,-121.88837,20mm,Surface,U,2,10,1,No,27960,1134.567311,1134.567311,,,1134.567311,,Ebb,CLR,12,0.4,16.5,1170,23.71,8.02,Complete,Lab,HYPOM,,HYPOM,Hypomesus spp. unknown,13.5,n/p,2026-1069,None,n/p,n/p,n/p,,,,No,1
6655,4008,West,Suisun Marsh,Suisun Marsh,26-39-SM03,2026-04-21,10:31:52,,L,38.15024,-121.91656,38.14998,-121.91631,38.14766,-121.91154,20mm,Surface,U,2,10,1,No,28301,1148.404487,1148.404487,,,1148.404487,,Ebb,RAN,14,0.32,16.5,2183,30.44,7.49,Complete,Lab,HYPOM,,HYPOM,Hypomesus spp. unknown,11.5,n/p,2026-1126,None,n/p,n/p,n/p,,,,No,1
6657,4009,West,Suisun Marsh,Suisun Marsh,26-39-SM07,2026-04-21,09:53:37,,L,38.16761,-121.93725,38.16764,-121.93685,38.16827,-121.93441,20mm,Surface,U,2,10,1,No,28356,1150.63629,1150.63629,,,1150.63629,,Ebb,CLR,32.4,0.23,16.4,2481,45.02,7.33,Complete,Lab,HYPOM,,HYPOM,Hypomesus spp. unknown,12.9,n/p,2026-0366,None,n/p,n/p,n/p,,,,No,1
6658,4010,West,Suisun Marsh,Suisun Marsh,26-39-SM04,2026-04-21,08:42:23,,L,38.18336,-121.99010,38.18302,-121.99034,38.18375,-121.98832,20mm,Surface,U,1,10,1,No,26802,1087.57772,1087.57772,,,1087.57772,,Ebb,CLD,48.1,0.18,17.1,3089,65.38,8.11,Complete,Lab,HYPOM,,HYPOM,Hypomesus spp. unknown,10.6,n/p,2026-0830,None,n/p,n/p,n/p,,,,No,1
6658,4010,West,Suisun Marsh,Suisun Marsh,26-39-SM04,2026-04-21,08:42:23,,L,38.18336,-121.99010,38.18302,-121.99034,38.18375,-121.98832,20mm,Surface,U,1,10,1,No,26802,1087.57772,1087.57772,,,1087.57772,,Ebb,CLD,48.1,0.18,17.1,3089,65.38,8.11,Complete,Lab,HYPOM,,HYPOM,Hypomesus spp. unknown,13.2,n/p,2026-0877,None,n/p,n/p,n/p,,,,No,1
6658,4010,West,Suisun Marsh,Suisun Marsh,26-39-SM04,2026-04-21,08:42:23,,L,38.18336,-121.99010,38.18302,-121.99034,38.18375,-121.98832,20mm,Surface,U,1,10,1,No,26802,1087.57772,1087.57772,,,1087.57772,,Ebb,CLD,48.1,0.18,17.1,3089,65.38,8.11,Complete,Lab,HYPOM,,HYPOM,Hypomesus spp. unknown,22.1,n/p,2026-0542,None,n/p,n/p,n/p,,,,No,1
6659,4010,West,Suisun Marsh,Suisun Marsh,26-39-SM04,2026-04-21,08:58:24,,L,38.18336,-121.99010,38.18312,-121.99054,38.18376,-121.98861,20mm,Surface,U,2,10,1,No,26053,1057.184626,1057.184626,,,1057.184626,,Ebb,CLD,44.1,0.21,17.1,3086,56.38,7.88,Complete,Lab,HYPOM,,HYPOM,Hypomesus spp. unknown,9,n/p,2026-0411,None,n/p,n/p,n/p,,,,No,1
6659,4010,West,Suisun Marsh,Suisun Marsh,26-39-SM04,2026-04-21,08:58:24,,L,38.18336,-121.99010,38.18312,-121.99054,38.18376,-121.98861,20mm,Surface,U,2,10,1,No,26053,1057.184626,1057.184626,,,1057.184626,,Ebb,CLD,44.1,0.21,17.1,3086,56.38,7.88,Complete,Lab,HYPOM,,HYPOM,Hypomesus spp. unknown,11,n/p,2026-0046,None,n/p,n/p,n/p,,,,No,1
6660,4020,West,Confluence,Suisun Bay,26-39-SB04,2026-04-22,07:53:19,,L,38.04746,-121.86548,38.04825,-121.86589,38.05349,-121.86831,20mm,Surface,U,1,10,1,No,26013,1055.561497,1055.561497,,,1055.561497,,Ebb,CLD,8.3,0.82,16.4,272.1,10.53,9.38,Complete,Lab,HYPOM,,HYPOM,Hypomesus spp. unknown,10.5,n/p,2026-0419,None,n/p,n/p,n/p,,,,No,1
6670,4027,North,Sacramento River near Rio Vista,Lower Sacramento,26-39-LSR03,2026-04-22,07:50:47,,L,38.14218,-121.68870,38.14265,-121.68709,38.14854,-121.68608,20mm,Surface,U,1,10,1,No,30781,1249.038498,1249.038498,,,1249.038498,,Ebb,RAN,20.9,1.68,15.7,138.7,4.41,9.31,Complete,Lab,HYPOM,,HYPOM,Hypomesus spp. unknown,10,n/p,2026-0040,None,n/p,n/p,n/p,,,,No,1
6670,4027,North,Sacramento River near Rio Vista,Lower Sacramento,26-39-LSR03,2026-04-22,07:50:47,,L,38.14218,-121.68870,38.14265,-121.68709,38.14854,-121.68608,20mm,Surface,U,1,10,1,No,30781,1249.038498,1249.038498,,,1249.038498,,Ebb,RAN,20.9,1.68,15.7,138.7,4.41,9.31,Complete,Lab,HYPOM,,HYPOM,Hypomesus spp. unknown,11,n/p,2026-1425,None,n/p,n/p,n/p,,,,No,1
6670,4027,North,Sacramento River near Rio Vista,Lower Sacramento,26-39-LSR03,2026-04-22,07:50:47,,L,38.14218,-121.68870,38.14265,-121.68709,38.14854,-121.68608,20mm,Surface,U,1,10,1,No,30781,1249.038498,1249.038498,,,1249.038498,,Ebb,RAN,20.9,1.68,15.7,138.7,4.41,9.31,Complete,Lab,HYPOM,,HYPOM,Hypomesus spp. unknown,14.4,n/p,2026-0331,None,n/p,n/p,n/p,,,,No,1
6671,4027,North,Sacramento River near Rio Vista,Lower Sacramento,26-39-LSR03,2026-04-22,08:09:55,,L,38.14218,-121.68870,38.14294,-121.68765,38.14947,-121.68605,20mm,Surface,U,2,10,1,No,29154,1183.017717,1183.017717,,,1183.017717,,Ebb,RAN,19.6,1.7,15.7,138.2,3.92,9.35,Complete,Lab,HYPOM,,HYPOM,Hypomesus spp. unknown,8.9,n/p,2026-0084,None,n/p,n/p,n/p,,,,No,1
6671,4027,North,Sacramento River near Rio Vista,Lower Sacramento,26-39-LSR03,2026-04-22,08:09:55,,L,38.14218,-121.68870,38.14294,-121.68765,38.14947,-121.68605,20mm,Surface,U,2,10,1,No,29154,1183.017717,1183.017717,,,1183.017717,,Ebb,RAN,19.6,1.7,15.7,138.2,3.92,9.35,Complete,Lab,HYPOM,,HYPOM,Hypomesus spp. unknown,9,n/p,2026-0454,None,n/p,n/p,n/p,,,,No,1
6671,4027,North,Sacramento River near Rio Vista,Lower Sacramento,26-39-LSR03,2026-04-22,08:09:55,,L,38.14218,-121.68870,38.14294,-121.68765,38.14947,-121.68605,20mm,Surface,U,2,10,1,No,29154,1183.017717,1183.017717,,,1183.017717,,Ebb,RAN,19.6,1.7,15.7,138.2,3.92,9.35,Complete,Lab,HYPOM,,HYPOM,Hypomesus spp. unknown,10.4,n/p,2026-0173,None,n/p,n/p,n/p,,,,No,1
6671,4027,North,Sacramento River near Rio Vista,Lower Sacramento,26-39-LSR03,2026-04-22,08:09:55,,L,38.14218,-121.68870,38.14294,-121.68765,38.14947,-121.68605,20mm,Surface,U,2,10,1,No,29154,1183.017717,1183.017717,,,1183.017717,,Ebb,RAN,19.6,1.7,15.7,138.2,3.92,9.35,Complete,Lab,HYPOM,,HYPOM,Hypomesus spp. unknown,11.2,n/p,2026-0093,None,n/p,n/p,n/p,,,,No,1
6671,4027,North,Sacramento River near Rio Vista,Lower Sacramento,26-39-LSR03,2026-04-22,08:09:55,,L,38.14218,-121.68870,38.14294,-121.68765,38.14947,-121.68605,20mm,Surface,U,2,10,1,No,29154,1183.017717,1183.017717,,,1183.017717,,Ebb,RAN,19.6,1.7,15.7,138.2,3.92,9.35,Complete,Lab,HYPOM,,HYPOM,Hypomesus spp. unknown,11.9,n/p,2026-0541,None,n/p,n/p,n/p,,,,No,1
6671,4027,North,Sacramento River near Rio Vista,Lower Sacramento,26-39-LSR03,2026-04-22,08:09:55,,L,38.14218,-121.68870,38.14294,-121.68765,38.14947,-121.68605,20mm,Surface,U,2,10,1,No,29154,1183.017717,1183.017717,,,1183.017717,,Ebb,RAN,19.6,1.7,15.7,138.2,3.92,9.35,Complete,Lab,HYPOM,,HYPOM,Hypomesus spp. unknown,12.1,n/p,2026-0412,None,n/p,n/p,n/p,,,,No,1
6672,4028,North,Sacramento River near Rio Vista,Lower Sacramento,26-39-LSR10,2026-04-22,08:31:41,,L,38.13682,-121.68879,38.13697,-121.68782,38.14311,-121.68732,20mm,Surface,U,1,10,1,No,30266,1228.140709,1228.140709,,,1228.140709,,Ebb,RAN,16.8,1.77,15.8,138.9,4.12,9.39,Complete,Lab,HYPOM,,HYPOM,Hypomesus spp. unknown,8.5,n/p,2026-0371,None,n/p,n/p,n/p,,,,No,1
6672,4028,North,Sacramento River near Rio Vista,Lower Sacramento,26-39-LSR10,2026-04-22,08:31:41,,L,38.13682,-121.68879,38.13697,-121.68782,38.14311,-121.68732,20mm,Surface,U,1,10,1,No,30266,1228.140709,1228.140709,,,1228.140709,,Ebb,RAN,16.8,1.77,15.8,138.9,4.12,9.39,Complete,Lab,HYPOM,,HYPOM,Hypomesus spp. unknown,13,n/p,2026-0795,None,n/p,n/p,n/p,,,,No,1
6673,4028,North,Sacramento River near Rio Vista,Lower Sacramento,26-39-LSR10,2026-04-22,08:50:38,,L,38.13682,-121.68879,38.13795,-121.68753,38.14354,-121.68755,20mm,Surface,U,2,10,1,No,30627,1242.78945,1242.78945,,,1242.78945,,Ebb,RAN,16.9,1.52,15.8,138.6,3.85,9.33,Complete,Lab,HYPOM,,HYPOM,Hypomesus spp. unknown,8.5,n/p,2026-0302,None,n/p,n/p,n/p,,,,No,1
6673,4028,North,Sacramento River near Rio Vista,Lower Sacramento,26-39-LSR10,2026-04-22,08:50:38,,L,38.13682,-121.68879,38.13795,-121.68753,38.14354,-121.68755,20mm,Surface,U,2,10,1,No,30627,1242.78945,1242.78945,,,1242.78945,,Ebb,RAN,16.9,1.52,15.8,138.6,3.85,9.33,Complete,Lab,HYPOM,,HYPOM,Hypomesus spp. unknown,14.8,n/p,2026-0252,None,n/p,n/p,n/p,,,,No,1
6674,4029,North,Sacramento River near Rio Vista,Lower Sacramento,26-39-LSR06,2026-04-22,09:17:54,,L,38.10731,-121.68345,38.10812,-121.68253,38.11484,-121.68213,20mm,Surface,U,1,10,1,No,28799,1168.612446,1168.612446,,,1168.612446,,Ebb,RAN,27.8,1.41,16,144.7,4.62,9.3,Complete,Lab,HYPOM,,HYPOM,Hypomesus spp. unknown,9.5,n/p,2026-1043,None,n/p,n/p,n/p,,,,No,1
6674,4029,North,Sacramento River near Rio Vista,Lower Sacramento,26-39-LSR06,2026-04-22,09:17:54,,L,38.10731,-121.68345,38.10812,-121.68253,38.11484,-121.68213,20mm,Surface,U,1,10,1,No,28799,1168.612446,1168.612446,,,1168.612446,,Ebb,RAN,27.8,1.41,16,144.7,4.62,9.3,Complete,Lab,HYPOM,,HYPOM,Hypomesus spp. unknown,9.8,n/p,2026-0155,None,n/p,n/p,n/p,,,,No,1
6675,4029,North,Sacramento River near Rio Vista,Lower Sacramento,26-39-LSR06,2026-04-22,09:35:00,,L,38.10731,-121.68345,38.10772,-121.68273,38.11503,-121.68198,20mm,Surface,U,2,10,1,No,28228,1145.442276,1145.442276,,,1145.442276,,Ebb,RAN,11.7,1.21,16,144.8,4.72,9.35,Complete,Lab,HYPOM,,HYPOM,Hypomesus spp. unknown,6,n/p,2026-1424,None,n/p,n/p,n/p,,,,No,1
6675,4029,North,Sacramento River near Rio Vista,Lower Sacramento,26-39-LSR06,2026-04-22,09:35:00,,L,38.10731,-121.68345,38.10772,-121.68273,38.11503,-121.68198,20mm,Surface,U,2,10,1,No,28228,1145.442276,1145.442276,,,1145.442276,,Ebb,RAN,11.7,1.21,16,144.8,4.72,9.35,Complete,Lab,HYPOM,,HYPOM,Hypomesus spp. unknown,7,n/p,2026-1256,None,n/p,n/p,n/p,,,,No,1
6675,4029,North,Sacramento River near Rio Vista,Lower Sacramento,26-39-LSR06,2026-04-22,09:35:00,,L,38.10731,-121.68345,38.10772,-121.68273,38.11503,-121.68198,20mm,Surface,U,2,10,1,No,28228,1145.442276,1145.442276,,,1145.442276,,Ebb,RAN,11.7,1.21,16,144.8,4.72,9.35,Complete,Lab,HYPOM,,HYPOM,Hypomesus spp. unknown,9.7,n/p,2026-1319,None,n/p,n/p,n/p,,,,No,1
6675,4029,North,Sacramento River near Rio Vista,Lower Sacramento,26-39-LSR06,2026-04-22,09:35:00,,L,38.10731,-121.68345,38.10772,-121.68273,38.11503,-121.68198,20mm,Surface,U,2,10,1,No,28228,1145.442276,1145.442276,,,1145.442276,,Ebb,RAN,11.7,1.21,16,144.8,4.72,9.35,Complete,Lab,HYPOM,,HYPOM,Hypomesus spp. unknown,11,n/p,2026-1295,None,n/p,n/p,n/p,,,,No,1
6677,4030,North,Sacramento River near Rio Vista,Lower Sacramento,26-39-LSR02,2026-04-22,10:14:45,,L,38.11023,-121.70492,38.11005,-121.70395,38.11312,-121.70265,20mm,Surface,U,2,10,1,No,29205,1185.087207,1185.087207,,,1185.087207,,Ebb,CLD,15.3,1.29,15.8,135.7,4.84,9.35,Complete,Lab,HYPOM,,HYPOM,Hypomesus spp. unknown,11.3,n/p,2026-1046,None,n/p,n/p,n/p,,,,No,1
6682,4036,South,San Joaquin River at Prisoners Pt,Lower San Joaquin,26-39-LSJ04,2026-04-23,08:42:56,,L,38.06144,-121.55938,38.06151,-121.55923,38.06576,-121.55960,20mm,Surface,D,2,10,1,No,26340,1068.830578,1068.830578,,,1068.830578,,Flood,CLR,50.6,1.43,16.9,172.5,3.98,9.43,Complete,Lab,HYPOM,,HYPOM,Hypomesus spp. unknown,10.7,n/p,2026-0958,None,n/p,n/p,n/p,,,,No,1
6682,4036,South,San Joaquin River at Prisoners Pt,Lower San Joaquin,26-39-LSJ04,2026-04-23,08:42:56,,L,38.06144,-121.55938,38.06151,-121.55923,38.06576,-121.55960,20mm,Surface,D,2,10,1,No,26340,1068.830578,1068.830578,,,1068.830578,,Flood,CLR,50.6,1.43,16.9,172.5,3.98,9.43,Complete,Lab,HYPOM,,HYPOM,Hypomesus spp. unknown,11.3,n/p,2026-0922,None,n/p,n/p,n/p,,,,No,1
6683,4040,West,Lower Sacramento River,Lower Sacramento,26-39-LSR08,2026-04-23,07:42:12,,L,38.07334,-121.76033,38.07397,-121.75916,38.07252,-121.76394,20mm,Surface,D,1,10,1,No,28522,1157.372276,1157.372276,,,1157.372276,,Flood,CLR,33.5,1.09,16.1,152.6,5.77,9.37,Complete,Lab,HYPOM,,HYPOM,Hypomesus spp. unknown,8,n/p,2026-1171,None,n/p,n/p,n/p,,,,No,1
6683,4040,West,Lower Sacramento River,Lower Sacramento,26-39-LSR08,2026-04-23,07:42:12,,L,38.07334,-121.76033,38.07397,-121.75916,38.07252,-121.76394,20mm,Surface,D,1,10,1,No,28522,1157.372276,1157.372276,,,1157.372276,,Flood,CLR,33.5,1.09,16.1,152.6,5.77,9.37,Complete,Lab,HYPOM,,HYPOM,Hypomesus spp. unknown,9.9,n/p,2026-0959,None,n/p,n/p,n/p,,,,No,1
6683,4040,West,Lower Sacramento River,Lower Sacramento,26-39-LSR08,2026-04-23,07:42:12,,L,38.07334,-121.76033,38.07397,-121.75916,38.07252,-121.76394,20mm,Surface,D,1,10,1,No,28522,1157.372276,1157.372276,,,1157.372276,,Flood,CLR,33.5,1.09,16.1,152.6,5.77,9.37,Complete,Lab,HYPOM,,HYPOM,Hypomesus spp. unknown,10.1,n/p,2026-0921,None,n/p,n/p,n/p,,,,No,1
6683,4040,West,Lower Sacramento River,Lower Sacramento,26-39-LSR08,2026-04-23,07:42:12,,L,38.07334,-121.76033,38.07397,-121.75916,38.07252,-121.76394,20mm,Surface,D,1,10,1,No,28522,1157.372276,1157.372276,,,1157.372276,,Flood,CLR,33.5,1.09,16.1,152.6,5.77,9.37,Complete,Lab,HYPOM,,HYPOM,Hypomesus spp. unknown,10.8,n/p,2026-1128,None,n/p,n/p,n/p,,,,No,1
6683,4040,West,Lower Sacramento River,Lower Sacramento,26-39-LSR08,2026-04-23,07:42:12,,L,38.07334,-121.76033,38.07397,-121.75916,38.07252,-121.76394,20mm,Surface,D,1,10,1,No,28522,1157.372276,1157.372276,,,1157.372276,,Flood,CLR,33.5,1.09,16.1,152.6,5.77,9.37,Complete,Lab,HYPOM,,HYPOM,Hypomesus spp. unknown,11.3,n/p,2026-0890,None,n/p,n/p,n/p,,,,No,1
6683,4040,West,Lower Sacramento River,Lower Sacramento,26-39-LSR08,2026-04-23,07:42:12,,L,38.07334,-121.76033,38.07397,-121.75916,38.07252,-121.76394,20mm,Surface,D,1,10,1,No,28522,1157.372276,1157.372276,,,1157.372276,,Flood,CLR,33.5,1.09,16.1,152.6,5.77,9.37,Complete,Lab,HYPOM,,HYPOM,Hypomesus spp. unknown,12.4,n/p,2026-0955,None,n/p,n/p,n/p,,,,No,1
6684,4040,West,Lower Sacramento River,Lower Sacramento,26-39-LSR08,2026-04-23,08:00:20,,L,38.07334,-121.76033,38.07391,-121.75898,38.07255,-121.76430,20mm,Surface,D,2,10,1,No,28450,1154.450644,1154.450644,,,1154.450644,,Flood,CLR,32.9,1.12,16.1,151.8,5.26,9.53,Complete,Lab,HYPOM,,HYPOM,Hypomesus spp. unknown,8,n/p,2026-1435,None,n/p,n/p,n/p,,,,No,1
6686,4045,South,San Joaquin River at Twitchell Island,Lower San Joaquin,26-39-LSJ03,2026-04-23,09:41:07,,L,38.09466,-121.65826,38.09432,-121.65862,38.09533,-121.66488,20mm,Surface,D,2,10,1,No,27353,1109.936325,1109.936325,,,1109.936325,,High Slack,CLR,45.7,1.15,17,172.7,4.61,9.52,Complete,Lab,HYPOM,,HYPOM,Hypomesus spp. unknown,9,n/p,2026-1224,None,n/p,n/p,n/p,,,,No,1
6691,4046,West,Lower Sacramento River,Lower Sacramento,26-39-LSR04,2026-04-23,08:19:10,,L,38.07604,-121.76224,38.07626,-121.76051,38.07307,-121.76514,20mm,Surface,D,1,10,1,No,30434,1234.957852,1234.957852,,,1234.957852,,Flood,CLR,32.5,1.16,16.1,147.8,5.06,9.45,Complete,Lab,HYPOM,,HYPOM,Hypomesus spp. unknown,10.6,n/p,2026-0433,None,n/p,n/p,n/p,,,,No,1
6691,4046,West,Lower Sacramento River,Lower Sacramento,26-39-LSR04,2026-04-23,08:19:10,,L,38.07604,-121.76224,38.07626,-121.76051,38.07307,-121.76514,20mm,Surface,D,1,10,1,No,30434,1234.957852,1234.957852,,,1234.957852,,Flood,CLR,32.5,1.16,16.1,147.8,5.06,9.45,Complete,Lab,HYPOM,,HYPOM,Hypomesus spp. unknown,10.8,n/p,2026-1179,None,n/p,n/p,n/p,,,,No,1
6692,4046,West,Lower Sacramento River,Lower Sacramento,26-39-LSR04,2026-04-23,08:38:16,,L,38.07604,-121.76224,38.07621,-121.76107,38.07332,-121.76619,20mm,Surface,D,2,10,1,No,30118,1222.135131,1222.135131,,,1222.135131,,Flood,CLR,32.4,1.15,16.1,149,5.18,9.41,Complete,Lab,HYPOM,,HYPOM,Hypomesus spp. unknown,8.1,n/p,2026-1120,None,n/p,n/p,n/p,,,,No,1
6692,4046,West,Lower Sacramento River,Lower Sacramento,26-39-LSR04,2026-04-23,08:38:16,,L,38.07604,-121.76224,38.07621,-121.76107,38.07332,-121.76619,20mm,Surface,D,2,10,1,No,30118,1222.135131,1222.135131,,,1222.135131,,Flood,CLR,32.4,1.15,16.1,149,5.18,9.41,Complete,Lab,HYPOM,,HYPOM,Hypomesus spp. unknown,8.7,n/p,2026-1392,None,n/p,n/p,n/p,,,,No,1
6692,4046,West,Lower Sacramento River,Lower Sacramento,26-39-LSR04,2026-04-23,08:38:16,,L,38.07604,-121.76224,38.07621,-121.76107,38.07332,-121.76619,20mm,Surface,D,2,10,1,No,30118,1222.135131,1222.135131,,,1222.135131,,Flood,CLR,32.4,1.15,16.1,149,5.18,9.41,Complete,Lab,HYPOM,,HYPOM,Hypomesus spp. unknown,10.1,n/p,2026-0237,None,n/p,n/p,n/p,,,,No,1
6692,4046,West,Lower Sacramento River,Lower Sacramento,26-39-LSR04,2026-04-23,08:38:16,,L,38.07604,-121.76224,38.07621,-121.76107,38.07332,-121.76619,20mm,Surface,D,2,10,1,No,30118,1222.135131,1222.135131,,,1222.135131,,Flood,CLR,32.4,1.15,16.1,149,5.18,9.41,Complete,Lab,HYPOM,,HYPOM,Hypomesus spp. unknown,10.9,n/p,2026-1025,None,n/p,n/p,n/p,,,,No,1
6692,4046,West,Lower Sacramento River,Lower Sacramento,26-39-LSR04,2026-04-23,08:38:16,,L,38.07604,-121.76224,38.07621,-121.76107,38.07332,-121.76619,20mm,Surface,D,2,10,1,No,30118,1222.135131,1222.135131,,,1222.135131,,Flood,CLR,32.4,1.15,16.1,149,5.18,9.41,Complete,Lab,HYPOM,,HYPOM,Hypomesus spp. unknown,10.9,n/p,2026-1094,None,n/p,n/p,n/p,,,,No,1
6692,4046,West,Lower Sacramento River,Lower Sacramento,26-39-LSR04,2026-04-23,08:38:16,,L,38.07604,-121.76224,38.07621,-121.76107,38.07332,-121.76619,20mm,Surface,D,2,10,1,No,30118,1222.135131,1222.135131,,,1222.135131,,Flood,CLR,32.4,1.15,16.1,149,5.18,9.41,Complete,Lab,HYPOM,,HYPOM,Hypomesus spp. unknown,12.3,n/p,2026-0368,None,n/p,n/p,n/p,,,,No,1
6692,4046,West,Lower Sacramento River,Lower Sacramento,26-39-LSR04,2026-04-23,08:38:16,,L,38.07604,-121.76224,38.07621,-121.76107,38.07332,-121.76619,20mm,Surface,D,2,10,1,No,30118,1222.135131,1222.135131,,,1222.135131,,Flood,CLR,32.4,1.15,16.1,149,5.18,9.41,Complete,Lab,HYPOM,,HYPOM,Hypomesus spp. unknown,13.7,n/p,2026-1064,None,n/p,n/p,n/p,,,,No,1
6693,4052,West,Lower Sacramento River,Lower Sacramento,26-39-LSR09,2026-04-23,08:58:00,,L,38.08122,-121.74650,38.08137,-121.74525,38.07858,-121.75105,20mm,Surface,D,1,10,1,No,30337,1231.021764,1231.021764,,,1231.021764,,Flood,CLR,32,1.1,16.1,149.4,5,9.29,Complete,Lab,HYPOM,,HYPOM,Hypomesus spp. unknown,11,n/p,2026-1243,None,n/p,n/p,n/p,,,,No,1
6693,4052,West,Lower Sacramento River,Lower Sacramento,26-39-LSR09,2026-04-23,08:58:00,,L,38.08122,-121.74650,38.08137,-121.74525,38.07858,-121.75105,20mm,Surface,D,1,10,1,No,30337,1231.021764,1231.021764,,,1231.021764,,Flood,CLR,32,1.1,16.1,149.4,5,9.29,Complete,Lab,HYPOM,,HYPOM,Hypomesus spp. unknown,12,n/p,2026-1237,None,n/p,n/p,n/p,,,,No,1
6693,4052,West,Lower Sacramento River,Lower Sacramento,26-39-LSR09,2026-04-23,08:58:00,,L,38.08122,-121.74650,38.08137,-121.74525,38.07858,-121.75105,20mm,Surface,D,1,10,1,No,30337,1231.021764,1231.021764,,,1231.021764,,Flood,CLR,32,1.1,16.1,149.4,5,9.29,Complete,Lab,HYPOM,,HYPOM,Hypomesus spp. unknown,12.7,n/p,2026-0730,None,n/p,n/p,n/p,,,,No,1
6694,4052,West,Lower Sacramento River,Lower Sacramento,26-39-LSR09,2026-04-23,09:15:21,,L,38.08122,-121.74650,38.08158,-121.74512,38.07861,-121.75099,20mm,Surface,D,2,10,1,No,28883,1172.021017,1172.021017,,,1172.021017,,Flood,CLR,33.5,1.09,16.1,148.9,4.92,9.37,Complete,Lab,HYPOM,,HYPOM,Hypomesus spp. unknown,8,n/p,2026-1443,None,n/p,n/p,n/p,,,,No,1
6695,4053,North,Sacramento River near Rio Vista,Lower Sacramento,26-39-LSR05,2026-04-23,09:36:33,,L,38.09438,-121.72476,38.09476,-121.72414,38.09819,-121.71858,20mm,Surface,U,1,10,1,No,27488,1115.414386,1115.414386,,,1115.414386,,Ebb,CLR,16.7,1.27,16,138,4.47,9.38,Complete,Lab,HYPOM,,HYPOM,Hypomesus spp. unknown,11.8,n/p,2026-1330,None,n/p,n/p,n/p,,,,No,1
6695,4053,North,Sacramento River near Rio Vista,Lower Sacramento,26-39-LSR05,2026-04-23,09:36:33,,L,38.09438,-121.72476,38.09476,-121.72414,38.09819,-121.71858,20mm,Surface,U,1,10,1,No,27488,1115.414386,1115.414386,,,1115.414386,,Ebb,CLR,16.7,1.27,16,138,4.47,9.38,Complete,Lab,HYPOM,,HYPOM,Hypomesus spp. unknown,12,n/p,2026-1239,None,n/p,n/p,n/p,,,,No,1
6697,4054,North,Sacramento River near Rio Vista,Lower Sacramento,26-39-LSR01,2026-04-23,10:11:25,,L,38.10235,-121.71875,38.10200,-121.71815,38.10456,-121.71370,20mm,Surface,U,1,10,1,No,28580,1159.725813,1159.725813,,,1159.725813,,Ebb,CLR,17.5,1.8,16,138.5,3.64,9.22,Complete,Lab,HYPOM,,HYPOM,Hypomesus spp. unknown,6.9,n/p,2026-1163,None,n/p,n/p,n/p,,,,No,1
6698,4054,North,Sacramento River near Rio Vista,Lower Sacramento,26-39-LSR01,2026-04-23,10:28:13,,L,38.10235,-121.71875,38.10199,-121.71885,38.10435,-121.71454,20mm,Surface,U,2,10,1,No,28336,1149.824725,1149.824725,,,1149.824725,,Ebb,CLR,14,1.6,15.9,138.1,3.86,9.29,Complete,Lab,HYPOM,,HYPOM,Hypomesus spp. unknown,6.6,n/p,2026-0894,None,n/p,n/p,n/p,,,,No,1
6699,4056,West,Lower San Joaquin River,Lower San Joaquin,26-39-LSJ02,2026-04-23,11:37:08,,L,38.02015,-121.80877,38.02008,-121.80877,38.01993,-121.80575,20mm,Surface,U,1,10,1,No,26366,1069.885612,1069.885612,,,1069.885612,,Ebb,CLR,47.5,1.14,17.1,190.6,6.03,9.29,Complete,Lab,HYPOM,,HYPOM,Hypomesus spp. unknown,10,n/p,2026-0852,None,n/p,n/p,n/p,,,,No,1
6702,4070,West,Suisun Marsh,Suisun Marsh,26-39-SM08,2026-04-24,10:54:28,,L,38.17820,-122.05862,38.17834,-122.05839,38.17939,-122.05418,20mm,Surface,U,1,10,1,No,24704,1002.444594,1002.444594,,,1002.444594,,Ebb,CLD,25.8,0.28,17.5,1235,32.57,8.96,Complete,Lab,HYPOM,,HYPOM,Hypomesus spp. unknown,7.9,n/p,2026-0159,None,n/p,n/p,n/p,,,,No,1
6702,4070,West,Suisun Marsh,Suisun Marsh,26-39-SM08,2026-04-24,10:54:28,,L,38.17820,-122.05862,38.17834,-122.05839,38.17939,-122.05418,20mm,Surface,U,1,10,1,No,24704,1002.444594,1002.444594,,,1002.444594,,Ebb,CLD,25.8,0.28,17.5,1235,32.57,8.96,Complete,Lab,HYPOM,,HYPOM,Hypomesus spp. unknown,9,n/p,2026-0357,None,n/p,n/p,n/p,,,,No,1
6702,4070,West,Suisun Marsh,Suisun Marsh,26-39-SM08,2026-04-24,10:54:28,,L,38.17820,-122.05862,38.17834,-122.05839,38.17939,-122.05418,20mm,Surface,U,1,10,1,No,24704,1002.444594,1002.444594,,,1002.444594,,Ebb,CLD,25.8,0.28,17.5,1235,32.57,8.96,Complete,Lab,HYPOM,,HYPOM,Hypomesus spp. unknown,9.2,n/p,2026-0514,None,n/p,n/p,n/p,,,,No,1
6702,4070,West,Suisun Marsh,Suisun Marsh,26-39-SM08,2026-04-24,10:54:28,,L,38.17820,-122.05862,38.17834,-122.05839,38.17939,-122.05418,20mm,Surface,U,1,10,1,No,24704,1002.444594,1002.444594,,,1002.444594,,Ebb,CLD,25.8,0.28,17.5,1235,32.57,8.96,Complete,Lab,HYPOM,,HYPOM,Hypomesus spp. unknown,9.4,n/p,2026-0834,None,n/p,n/p,n/p,,,,No,1
6702,4070,West,Suisun Marsh,Suisun Marsh,26-39-SM08,2026-04-24,10:54:28,,L,38.17820,-122.05862,38.17834,-122.05839,38.17939,-122.05418,20mm,Surface,U,1,10,1,No,24704,1002.444594,1002.444594,,,1002.444594,,Ebb,CLD,25.8,0.28,17.5,1235,32.57,8.96,Complete,Lab,HYPOM,,HYPOM,Hypomesus spp. unknown,9.7,n/p,2026-0205,None,n/p,n/p,n/p,,,,No,1
6702,4070,West,Suisun Marsh,Suisun Marsh,26-39-SM08,2026-04-24,10:54:28,,L,38.17820,-122.05862,38.17834,-122.05839,38.17939,-122.05418,20mm,Surface,U,1,10,1,No,24704,1002.444594,1002.444594,,,1002.444594,,Ebb,CLD,25.8,0.28,17.5,1235,32.57,8.96,Complete,Lab,HYPOM,,HYPOM,Hypomesus spp. unknown,13,n/p,2026-0110,None,n/p,n/p,n/p,,,,No,1
6703,4070,West,Suisun Marsh,Suisun Marsh,26-39-SM08,2026-04-24,11:11:51,,L,38.17820,-122.05862,38.17829,-122.05833,38.17953,-122.05482,20mm,Surface,U,2,10,1,No,25827,1048.013946,1048.013946,,,1048.013946,,Ebb,CLD,26.6,0.32,17.7,1371,33.97,8.95,Complete,Lab,HYPOM,,HYPOM,Hypomesus spp. unknown,8.4,n/p,2026-1255,None,n/p,n/p,n/p,,,,No,1
6713,4093,North,Cache Slough and Liberty Island,Cache Slough/LI,26-40-CS04,2026-04-27,09:12:10,,L,38.26639,-121.67007,38.26607,-121.66947,38.26926,-121.66764,20mm,Surface,U,2,10,1,No,26167,1061.810544,1061.810544,,,1061.810544,,Low Slack,CLR,21.3,0.96,16.4,411.3,6.14,9.31,Complete,Lab,HYPOM,,HYPOM,Hypomesus spp. unknown,10.4,n/p,2026-1021,None,n/p,n/p,n/p,,,,No,1
6714,4094,North,Cache Slough and Liberty Island,Cache Slough/LI,26-40-CS05,2026-04-27,09:37:44,,L,38.24018,-121.68471,38.24013,-121.68404,38.23455,-121.67832,20mm,Surface,D,1,10,1,No,26783,1086.806734,1086.806734,,,1086.806734,,Low Slack,CLR,34.4,1.18,16.3,230.7,6.22,9.42,Complete,Lab,HYPOM,,HYPOM,Hypomesus spp. unknown,0,n/p,2026-1082,None,n/p,n/p,n/p,,,,No,1
6715,4094,North,Cache Slough and Liberty Island,Cache Slough/LI,26-40-CS05,2026-04-27,09:57:22,,L,38.24018,-121.68471,38.24052,-121.68406,38.23514,-121.67945,20mm,Surface,D,2,10,1,No,26267,1065.868367,1065.868367,,,1065.868367,,Flood,CLR,43.5,1.25,16.2,223.3,5.86,9.55,Complete,Lab,HYPOM,,HYPOM,Hypomesus spp. unknown,10,n/p,2026-0161,None,n/p,n/p,n/p,,,,No,1
6728,4105,South,San Joaquin River at Prisoners Pt,Lower San Joaquin,26-40-LSJ06,2026-04-27,12:15:50,,L,38.09590,-121.56622,38.09602,-121.56638,38.09338,-121.57198,20mm,Surface,D,1,10,1,No,26130,1060.30915,1060.30915,,,1060.30915,,Flood,CLR,20.6,0.87,16,126.2,6.84,9.01,Complete,Lab,HYPOM,,HYPOM,Hypomesus spp. unknown,9.9,n/p,2026-0683,None,n/p,n/p,n/p,,,,No,1
6729,4105,South,San Joaquin River at Prisoners Pt,Lower San Joaquin,26-40-LSJ06,2026-04-27,12:35:59,,L,38.09590,-121.56622,38.09601,-121.56647,38.09362,-121.57173,20mm,Surface,D,2,10,1,No,25265,1025.208981,1025.208981,,,1025.208981,,Flood,CLR,21.5,0.97,16.5,125.8,6.98,9.12,Complete,Lab,HYPOM,,HYPOM,Hypomesus spp. unknown,11.8,n/p,2026-1436,None,n/p,n/p,n/p,,,,No,1
6734,4109,North,Lower Sacramento River Ship Channel,Sac DW Ship Channel,26-40-SSC06,2026-04-27,10:22:18,,L,38.21641,-121.67095,38.21669,-121.66963,38.21259,-121.66534,20mm,Surface,D,1,10,1,No,27260,1106.16255,1106.16255,,,1106.16255,,Flood,CLD,51.9,1.05,16.3,212.4,7.01,9.48,Complete,Lab,HYPOM,,HYPOM,Hypomesus spp. unknown,9.1,n/p,2026-0283,None,n/p,n/p,n/p,,,,No,1
6734,4109,North,Lower Sacramento River Ship Channel,Sac DW Ship Channel,26-40-SSC06,2026-04-27,10:22:18,,L,38.21641,-121.67095,38.21669,-121.66963,38.21259,-121.66534,20mm,Surface,D,1,10,1,No,27260,1106.16255,1106.16255,,,1106.16255,,Flood,CLD,51.9,1.05,16.3,212.4,7.01,9.48,Complete,Lab,HYPOM,,HYPOM,Hypomesus spp. unknown,10.5,n/p,2026-1067,None,n/p,n/p,n/p,,,,No,1
6735,4109,North,Lower Sacramento River Ship Channel,Sac DW Ship Channel,26-40-SSC06,2026-04-27,10:40:35,,L,38.21641,-121.67095,38.21681,-121.66998,38.21349,-121.66680,20mm,Surface,D,2,10,1,No,27189,1103.281495,1103.281495,,,1103.281495,,Flood,CLD,43.5,0.92,16.2,206.1,6.83,9.46,Complete,Lab,HYPOM,,HYPOM,Hypomesus spp. unknown,10.1,n/p,2026-1428,None,n/p,n/p,n/p,,,,No,1
6735,4109,North,Lower Sacramento River Ship Channel,Sac DW Ship Channel,26-40-SSC06,2026-04-27,10:40:35,,L,38.21641,-121.67095,38.21681,-121.66998,38.21349,-121.66680,20mm,Surface,D,2,10,1,No,27189,1103.281495,1103.281495,,,1103.281495,,Flood,CLD,43.5,0.92,16.2,206.1,6.83,9.46,Complete,Lab,HYPOM,,HYPOM,Hypomesus spp. unknown,10.4,n/p,2026-0690,None,n/p,n/p,n/p,,,,No,1
6735,4109,North,Lower Sacramento River Ship Channel,Sac DW Ship Channel,26-40-SSC06,2026-04-27,10:40:35,,L,38.21641,-121.67095,38.21681,-121.66998,38.21349,-121.66680,20mm,Surface,D,2,10,1,No,27189,1103.281495,1103.281495,,,1103.281495,,Flood,CLD,43.5,0.92,16.2,206.1,6.83,9.46,Complete,Lab,HYPOM,,HYPOM,Hypomesus spp. unknown,14.7,n/p,2026-0860,None,n/p,n/p,n/p,,,,No,1
6738,4128,North,Lower Sacramento River Ship Channel,Sac DW Ship Channel,26-40-SSC10,2026-04-28,08:12:57,,L,38.34065,-121.64528,38.34087,-121.64410,38.34501,-121.64213,20mm,Surface,U,1,10,1,No,26902,1091.635543,1091.635543,,,1091.635543,,Ebb,CLR,34.2,0.28,17.1,608,29.4,9.62,Complete,Lab,HYPOM,,HYPOM,Hypomesus spp. unknown,9.2,n/p,2026-0977,None,n/p,n/p,n/p,,,,No,1
6738,4128,North,Lower Sacramento River Ship Channel,Sac DW Ship Channel,26-40-SSC10,2026-04-28,08:12:57,,L,38.34065,-121.64528,38.34087,-121.64410,38.34501,-121.64213,20mm,Surface,U,1,10,1,No,26902,1091.635543,1091.635543,,,1091.635543,,Ebb,CLR,34.2,0.28,17.1,608,29.4,9.62,Complete,Lab,HYPOM,,HYPOM,Hypomesus spp. unknown,10.5,n/p,2026-1030,None,n/p,n/p,n/p,,,,No,1
6738,4128,North,Lower Sacramento River Ship Channel,Sac DW Ship Channel,26-40-SSC10,2026-04-28,08:12:57,,L,38.34065,-121.64528,38.34087,-121.64410,38.34501,-121.64213,20mm,Surface,U,1,10,1,No,26902,1091.635543,1091.635543,,,1091.635543,,Ebb,CLR,34.2,0.28,17.1,608,29.4,9.62,Complete,Lab,HYPOM,,HYPOM,Hypomesus spp. unknown,10.6,n/p,2026-1347,None,n/p,n/p,n/p,,,,No,1
6738,4128,North,Lower Sacramento River Ship Channel,Sac DW Ship Channel,26-40-SSC10,2026-04-28,08:12:57,,L,38.34065,-121.64528,38.34087,-121.64410,38.34501,-121.64213,20mm,Surface,U,1,10,1,No,26902,1091.635543,1091.635543,,,1091.635543,,Ebb,CLR,34.2,0.28,17.1,608,29.4,9.62,Complete,Lab,HYPOM,,HYPOM,Hypomesus spp. unknown,10.8,n/p,2026-1088,None,n/p,n/p,n/p,,,,No,1
6738,4128,North,Lower Sacramento River Ship Channel,Sac DW Ship Channel,26-40-SSC10,2026-04-28,08:12:57,,L,38.34065,-121.64528,38.34087,-121.64410,38.34501,-121.64213,20mm,Surface,U,1,10,1,No,26902,1091.635543,1091.635543,,,1091.635543,,Ebb,CLR,34.2,0.28,17.1,608,29.4,9.62,Complete,Lab,HYPOM,,HYPOM,Hypomesus spp. unknown,11,n/p,2026-0874,None,n/p,n/p,n/p,,,,No,1
6738,4128,North,Lower Sacramento River Ship Channel,Sac DW Ship Channel,26-40-SSC10,2026-04-28,08:12:57,,L,38.34065,-121.64528,38.34087,-121.64410,38.34501,-121.64213,20mm,Surface,U,1,10,1,No,26902,1091.635543,1091.635543,,,1091.635543,,Ebb,CLR,34.2,0.28,17.1,608,29.4,9.62,Complete,Lab,HYPOM,,HYPOM,Hypomesus spp. unknown,11.2,n/p,2026-0349,None,n/p,n/p,n/p,,,,No,1
6738,4128,North,Lower Sacramento River Ship Channel,Sac DW Ship Channel,26-40-SSC10,2026-04-28,08:12:57,,L,38.34065,-121.64528,38.34087,-121.64410,38.34501,-121.64213,20mm,Surface,U,1,10,1,No,26902,1091.635543,1091.635543,,,1091.635543,,Ebb,CLR,34.2,0.28,17.1,608,29.4,9.62,Complete,Lab,HYPOM,,HYPOM,Hypomesus spp. unknown,11.5,n/p,2026-0495,None,n/p,n/p,n/p,,,,No,1
6738,4128,North,Lower Sacramento River Ship Channel,Sac DW Ship Channel,26-40-SSC10,2026-04-28,08:12:57,,L,38.34065,-121.64528,38.34087,-121.64410,38.34501,-121.64213,20mm,Surface,U,1,10,1,No,26902,1091.635543,1091.635543,,,1091.635543,,Ebb,CLR,34.2,0.28,17.1,608,29.4,9.62,Complete,Lab,HYPOM,,HYPOM,Hypomesus spp. unknown,12,n/p,2026-0982,None,n/p,n/p,n/p,,,,No,1
6738,4128,North,Lower Sacramento River Ship Channel,Sac DW Ship Channel,26-40-SSC10,2026-04-28,08:12:57,,L,38.34065,-121.64528,38.34087,-121.64410,38.34501,-121.64213,20mm,Surface,U,1,10,1,No,26902,1091.635543,1091.635543,,,1091.635543,,Ebb,CLR,34.2,0.28,17.1,608,29.4,9.62,Complete,Lab,HYPOM,,HYPOM,Hypomesus spp. unknown,12.1,n/p,2026-0107,None,n/p,n/p,n/p,,,,No,1
6738,4128,North,Lower Sacramento River Ship Channel,Sac DW Ship Channel,26-40-SSC10,2026-04-28,08:12:57,,L,38.34065,-121.64528,38.34087,-121.64410,38.34501,-121.64213,20mm,Surface,U,1,10,1,No,26902,1091.635543,1091.635543,,,1091.635543,,Ebb,CLR,34.2,0.28,17.1,608,29.4,9.62,Complete,Lab,HYPOM,,HYPOM,Hypomesus spp. unknown,12.6,n/p,2026-0994,None,n/p,n/p,n/p,,,,No,1
6738,4128,North,Lower Sacramento River Ship Channel,Sac DW Ship Channel,26-40-SSC10,2026-04-28,08:12:57,,L,38.34065,-121.64528,38.34087,-121.64410,38.34501,-121.64213,20mm,Surface,U,1,10,1,No,26902,1091.635543,1091.635543,,,1091.635543,,Ebb,CLR,34.2,0.28,17.1,608,29.4,9.62,Complete,Lab,HYPOM,,HYPOM,Hypomesus spp. unknown,12.8,n/p,2026-0850,None,n/p,n/p,n/p,,,,No,1
6738,4128,North,Lower Sacramento River Ship Channel,Sac DW Ship Channel,26-40-SSC10,2026-04-28,08:12:57,,L,38.34065,-121.64528,38.34087,-121.64410,38.34501,-121.64213,20mm,Surface,U,1,10,1,No,26902,1091.635543,1091.635543,,,1091.635543,,Ebb,CLR,34.2,0.28,17.1,608,29.4,9.62,Complete,Lab,HYPOM,,HYPOM,Hypomesus spp. unknown,13.6,n/p,2026-0501,None,n/p,n/p,n/p,,,,No,1
6738,4128,North,Lower Sacramento River Ship Channel,Sac DW Ship Channel,26-40-SSC10,2026-04-28,08:12:57,,L,38.34065,-121.64528,38.34087,-121.64410,38.34501,-121.64213,20mm,Surface,U,1,10,1,No,26902,1091.635543,1091.635543,,,1091.635543,,Ebb,CLR,34.2,0.28,17.1,608,29.4,9.62,Complete,Lab,HYPOM,,HYPOM,Hypomesus spp. unknown,14,n/p,2026-0057,None,n/p,n/p,n/p,,,,No,1
6738,4128,North,Lower Sacramento River Ship Channel,Sac DW Ship Channel,26-40-SSC10,2026-04-28,08:12:57,,L,38.34065,-121.64528,38.34087,-121.64410,38.34501,-121.64213,20mm,Surface,U,1,10,1,No,26902,1091.635543,1091.635543,,,1091.635543,,Ebb,CLR,34.2,0.28,17.1,608,29.4,9.62,Complete,Lab,HYPOM,,HYPOM,Hypomesus spp. unknown,14.6,n/p,2026-0902,None,n/p,n/p,n/p,,,,No,1
6738,4128,North,Lower Sacramento River Ship Channel,Sac DW Ship Channel,26-40-SSC10,2026-04-28,08:12:57,,L,38.34065,-121.64528,38.34087,-121.64410,38.34501,-121.64213,20mm,Surface,U,1,10,1,No,26902,1091.635543,1091.635543,,,1091.635543,,Ebb,CLR,34.2,0.28,17.1,608,29.4,9.62,Complete,Lab,HYPOM,,HYPOM,Hypomesus spp. unknown,14.9,n/p,2026-0529,None,n/p,n/p,n/p,,,,No,1
6738,4128,North,Lower Sacramento River Ship Channel,Sac DW Ship Channel,26-40-SSC10,2026-04-28,08:12:57,,L,38.34065,-121.64528,38.34087,-121.64410,38.34501,-121.64213,20mm,Surface,U,1,10,1,No,26902,1091.635543,1091.635543,,,1091.635543,,Ebb,CLR,34.2,0.28,17.1,608,29.4,9.62,Complete,Lab,HYPOM,,HYPOM,Hypomesus spp. unknown,15.3,n/p,2026-1379,None,n/p,n/p,n/p,,,,No,1
6738,4128,North,Lower Sacramento River Ship Channel,Sac DW Ship Channel,26-40-SSC10,2026-04-28,08:12:57,,L,38.34065,-121.64528,38.34087,-121.64410,38.34501,-121.64213,20mm,Surface,U,1,10,1,No,26902,1091.635543,1091.635543,,,1091.635543,,Ebb,CLR,34.2,0.28,17.1,608,29.4,9.62,Complete,Lab,HYPOM,,HYPOM,Hypomesus spp. unknown,16,n/p,2026-0899,None,n/p,n/p,n/p,,,,No,1
6738,4128,North,Lower Sacramento River Ship Channel,Sac DW Ship Channel,26-40-SSC10,2026-04-28,08:12:57,,L,38.34065,-121.64528,38.34087,-121.64410,38.34501,-121.64213,20mm,Surface,U,1,10,1,No,26902,1091.635543,1091.635543,,,1091.635543,,Ebb,CLR,34.2,0.28,17.1,608,29.4,9.62,Complete,Lab,HYPOM,,HYPOM,Hypomesus spp. unknown,16.7,n/p,2026-0589,None,n/p,n/p,n/p,,,,No,1
6738,4128,North,Lower Sacramento River Ship Channel,Sac DW Ship Channel,26-40-SSC10,2026-04-28,08:12:57,,L,38.34065,-121.64528,38.34087,-121.64410,38.34501,-121.64213,20mm,Surface,U,1,10,1,No,26902,1091.635543,1091.635543,,,1091.635543,,Ebb,CLR,34.2,0.28,17.1,608,29.4,9.62,Complete,Lab,HYPOM,,HYPOM,Hypomesus spp. unknown,18,n/p,2026-1054,None,n/p,n/p,n/p,,,,No,1
6738,4128,North,Lower Sacramento River Ship Channel,Sac DW Ship Channel,26-40-SSC10,2026-04-28,08:12:57,,L,38.34065,-121.64528,38.34087,-121.64410,38.34501,-121.64213,20mm,Surface,U,1,10,1,No,26902,1091.635543,1091.635543,,,1091.635543,,Ebb,CLR,34.2,0.28,17.1,608,29.4,9.62,Complete,Lab,HYPOM,,HYPOM,Hypomesus spp. unknown,18.8,n/p,2026-1386,None,n/p,n/p,n/p,,,,No,1
6738,4128,North,Lower Sacramento River Ship Channel,Sac DW Ship Channel,26-40-SSC10,2026-04-28,08:12:57,,L,38.34065,-121.64528,38.34087,-121.64410,38.34501,-121.64213,20mm,Surface,U,1,10,1,No,26902,1091.635543,1091.635543,,,1091.635543,,Ebb,CLR,34.2,0.28,17.1,608,29.4,9.62,Complete,Lab,HYPOM,,HYPOM,Hypomesus spp. unknown,18.9,n/p,2026-0976,None,n/p,n/p,n/p,,,,No,1
6738,4128,North,Lower Sacramento River Ship Channel,Sac DW Ship Channel,26-40-SSC10,2026-04-28,08:12:57,,L,38.34065,-121.64528,38.34087,-121.64410,38.34501,-121.64213,20mm,Surface,U,1,10,1,No,26902,1091.635543,1091.635543,,,1091.635543,,Ebb,CLR,34.2,0.28,17.1,608,29.4,9.62,Complete,Lab,HYPOM,,HYPOM,Hypomesus spp. unknown,19.4,n/p,2026-1356,None,n/p,n/p,n/p,,,,No,1
6738,4128,North,Lower Sacramento River Ship Channel,Sac DW Ship Channel,26-40-SSC10,2026-04-28,08:12:57,,L,38.34065,-121.64528,38.34087,-121.64410,38.34501,-121.64213,20mm,Surface,U,1,10,1,No,26902,1091.635543,1091.635543,,,1091.635543,,Ebb,CLR,34.2,0.28,17.1,608,29.4,9.62,Complete,Lab,HYPOM,,HYPOM,Hypomesus spp. unknown,20.6,n/p,2026-0549,None,n/p,n/p,n/p,,,,No,1
6738,4128,North,Lower Sacramento River Ship Channel,Sac DW Ship Channel,26-40-SSC10,2026-04-28,08:12:57,,L,38.34065,-121.64528,38.34087,-121.64410,38.34501,-121.64213,20mm,Surface,U,1,10,1,No,26902,1091.635543,1091.635543,,,1091.635543,,Ebb,CLR,34.2,0.28,17.1,608,29.4,9.62,Complete,Lab,HYPOM,,HYPOM,Hypomesus spp. unknown,22.2,n/p,2026-0423,None,n/p,n/p,n/p,,,,No,1
6738,4128,North,Lower Sacramento River Ship Channel,Sac DW Ship Channel,26-40-SSC10,2026-04-28,08:12:57,,L,38.34065,-121.64528,38.34087,-121.64410,38.34501,-121.64213,20mm,Surface,U,1,10,1,No,26902,1091.635543,1091.635543,,,1091.635543,,Ebb,CLR,34.2,0.28,17.1,608,29.4,9.62,Complete,Lab,HYPOM,,HYPOM,Hypomesus spp. unknown,24.2,n/p,2026-0872,None,n/p,n/p,n/p,,,,No,1
6738,4128,North,Lower Sacramento River Ship Channel,Sac DW Ship Channel,26-40-SSC10,2026-04-28,08:12:57,,L,38.34065,-121.64528,38.34087,-121.64410,38.34501,-121.64213,20mm,Surface,U,1,10,1,No,26902,1091.635543,1091.635543,,,1091.635543,,Ebb,CLR,34.2,0.28,17.1,608,29.4,9.62,Complete,Lab,HYPOM,,HYPOM,Hypomesus spp. unknown,24.4,n/p,2026-0077,None,n/p,n/p,n/p,,,,No,1
6739,4128,North,Lower Sacramento River Ship Channel,Sac DW Ship Channel,26-40-SSC10,2026-04-28,08:32:11,,L,38.34065,-121.64528,38.34092,-121.64410,38.34495,-121.64215,20mm,Surface,U,2,10,1,No,27816,1128.724046,1128.724046,,,1128.724046,,Ebb,CLR,33.7,0.28,17.1,615,30.08,9.4,Complete,Lab,HYPOM,,HYPOM,Hypomesus spp. unknown,8.6,n/p,2026-1036,None,n/p,n/p,n/p,,,,No,1
6739,4128,North,Lower Sacramento River Ship Channel,Sac DW Ship Channel,26-40-SSC10,2026-04-28,08:32:11,,L,38.34065,-121.64528,38.34092,-121.64410,38.34495,-121.64215,20mm,Surface,U,2,10,1,No,27816,1128.724046,1128.724046,,,1128.724046,,Ebb,CLR,33.7,0.28,17.1,615,30.08,9.4,Complete,Lab,HYPOM,,HYPOM,Hypomesus spp. unknown,9.2,n/p,2026-0467,None,n/p,n/p,n/p,,,,No,1
6739,4128,North,Lower Sacramento River Ship Channel,Sac DW Ship Channel,26-40-SSC10,2026-04-28,08:32:11,,L,38.34065,-121.64528,38.34092,-121.64410,38.34495,-121.64215,20mm,Surface,U,2,10,1,No,27816,1128.724046,1128.724046,,,1128.724046,,Ebb,CLR,33.7,0.28,17.1,615,30.08,9.4,Complete,Lab,HYPOM,,HYPOM,Hypomesus spp. unknown,12.1,n/p,2026-0141,None,n/p,n/p,n/p,,,,No,1
6739,4128,North,Lower Sacramento River Ship Channel,Sac DW Ship Channel,26-40-SSC10,2026-04-28,08:32:11,,L,38.34065,-121.64528,38.34092,-121.64410,38.34495,-121.64215,20mm,Surface,U,2,10,1,No,27816,1128.724046,1128.724046,,,1128.724046,,Ebb,CLR,33.7,0.28,17.1,615,30.08,9.4,Complete,Lab,HYPOM,,HYPOM,Hypomesus spp. unknown,12.7,n/p,2026-0524,None,n/p,n/p,n/p,,,,No,1
6739,4128,North,Lower Sacramento River Ship Channel,Sac DW Ship Channel,26-40-SSC10,2026-04-28,08:32:11,,L,38.34065,-121.64528,38.34092,-121.64410,38.34495,-121.64215,20mm,Surface,U,2,10,1,No,27816,1128.724046,1128.724046,,,1128.724046,,Ebb,CLR,33.7,0.28,17.1,615,30.08,9.4,Complete,Lab,HYPOM,,HYPOM,Hypomesus spp. unknown,14,n/p,2026-0138,None,n/p,n/p,n/p,,,,No,1
6739,4128,North,Lower Sacramento River Ship Channel,Sac DW Ship Channel,26-40-SSC10,2026-04-28,08:32:11,,L,38.34065,-121.64528,38.34092,-121.64410,38.34495,-121.64215,20mm,Surface,U,2,10,1,No,27816,1128.724046,1128.724046,,,1128.724046,,Ebb,CLR,33.7,0.28,17.1,615,30.08,9.4,Complete,Lab,HYPOM,,HYPOM,Hypomesus spp. unknown,14,n/p,2026-0382,None,n/p,n/p,n/p,,,,No,1
6739,4128,North,Lower Sacramento River Ship Channel,Sac DW Ship Channel,26-40-SSC10,2026-04-28,08:32:11,,L,38.34065,-121.64528,38.34092,-121.64410,38.34495,-121.64215,20mm,Surface,U,2,10,1,No,27816,1128.724046,1128.724046,,,1128.724046,,Ebb,CLR,33.7,0.28,17.1,615,30.08,9.4,Complete,Lab,HYPOM,,HYPOM,Hypomesus spp. unknown,14.8,n/p,2026-1151,None,n/p,n/p,n/p,,,,No,1
6739,4128,North,Lower Sacramento River Ship Channel,Sac DW Ship Channel,26-40-SSC10,2026-04-28,08:32:11,,L,38.34065,-121.64528,38.34092,-121.64410,38.34495,-121.64215,20mm,Surface,U,2,10,1,No,27816,1128.724046,1128.724046,,,1128.724046,,Ebb,CLR,33.7,0.28,17.1,615,30.08,9.4,Complete,Lab,HYPOM,,HYPOM,Hypomesus spp. unknown,15.7,n/p,2026-1114,None,n/p,n/p,n/p,,,,No,1
6739,4128,North,Lower Sacramento River Ship Channel,Sac DW Ship Channel,26-40-SSC10,2026-04-28,08:32:11,,L,38.34065,-121.64528,38.34092,-121.64410,38.34495,-121.64215,20mm,Surface,U,2,10,1,No,27816,1128.724046,1128.724046,,,1128.724046,,Ebb,CLR,33.7,0.28,17.1,615,30.08,9.4,Complete,Lab,HYPOM,,HYPOM,Hypomesus spp. unknown,17.5,n/p,2026-0163,None,n/p,n/p,n/p,,,,No,1
6739,4128,North,Lower Sacramento River Ship Channel,Sac DW Ship Channel,26-40-SSC10,2026-04-28,08:32:11,,L,38.34065,-121.64528,38.34092,-121.64410,38.34495,-121.64215,20mm,Surface,U,2,10,1,No,27816,1128.724046,1128.724046,,,1128.724046,,Ebb,CLR,33.7,0.28,17.1,615,30.08,9.4,Complete,Lab,HYPOM,,HYPOM,Hypomesus spp. unknown,18.3,n/p,2026-0573,None,n/p,n/p,n/p,,,,No,1
6739,4128,North,Lower Sacramento River Ship Channel,Sac DW Ship Channel,26-40-SSC10,2026-04-28,08:32:11,,L,38.34065,-121.64528,38.34092,-121.64410,38.34495,-121.64215,20mm,Surface,U,2,10,1,No,27816,1128.724046,1128.724046,,,1128.724046,,Ebb,CLR,33.7,0.28,17.1,615,30.08,9.4,Complete,Lab,HYPOM,,HYPOM,Hypomesus spp. unknown,19.2,n/p,2026-0909,None,n/p,n/p,n/p,,,,No,1
6739,4128,North,Lower Sacramento River Ship Channel,Sac DW Ship Channel,26-40-SSC10,2026-04-28,08:32:11,,L,38.34065,-121.64528,38.34092,-121.64410,38.34495,-121.64215,20mm,Surface,U,2,10,1,No,27816,1128.724046,1128.724046,,,1128.724046,,Ebb,CLR,33.7,0.28,17.1,615,30.08,9.4,Complete,Lab,HYPOM,,HYPOM,Hypomesus spp. unknown,23.5,n/p,2026-0335,None,n/p,n/p,n/p,,,,No,1
6740,4129,North,Lower Sacramento River Ship Channel,Sac DW Ship Channel,26-40-SSC01,2026-04-28,08:55:56,,L,38.36447,-121.63430,38.36466,-121.63319,38.36875,-121.63104,20mm,Surface,U,1,10,1,No,26908,1091.879013,1091.879013,,,1091.879013,,Ebb,CLR,31.9,0.27,17.1,708,33.65,9.35,Complete,Lab,HYPOM,,HYPOM,Hypomesus spp. unknown,0,n/p,2026-1318,None,n/p,n/p,n/p,,,,No,1
6740,4129,North,Lower Sacramento River Ship Channel,Sac DW Ship Channel,26-40-SSC01,2026-04-28,08:55:56,,L,38.36447,-121.63430,38.36466,-121.63319,38.36875,-121.63104,20mm,Surface,U,1,10,1,No,26908,1091.879013,1091.879013,,,1091.879013,,Ebb,CLR,31.9,0.27,17.1,708,33.65,9.35,Complete,Lab,HYPOM,,HYPOM,Hypomesus spp. unknown,11.2,n/p,2026-1401,None,n/p,n/p,n/p,,,,No,1
6740,4129,North,Lower Sacramento River Ship Channel,Sac DW Ship Channel,26-40-SSC01,2026-04-28,08:55:56,,L,38.36447,-121.63430,38.36466,-121.63319,38.36875,-121.63104,20mm,Surface,U,1,10,1,No,26908,1091.879013,1091.879013,,,1091.879013,,Ebb,CLR,31.9,0.27,17.1,708,33.65,9.35,Complete,Lab,HYPOM,,HYPOM,Hypomesus spp. unknown,13,n/p,2026-1242,None,n/p,n/p,n/p,,,,No,1
6740,4129,North,Lower Sacramento River Ship Channel,Sac DW Ship Channel,26-40-SSC01,2026-04-28,08:55:56,,L,38.36447,-121.63430,38.36466,-121.63319,38.36875,-121.63104,20mm,Surface,U,1,10,1,No,26908,1091.879013,1091.879013,,,1091.879013,,Ebb,CLR,31.9,0.27,17.1,708,33.65,9.35,Complete,Lab,HYPOM,,HYPOM,Hypomesus spp. unknown,14,n/p,2026-0762,None,n/p,n/p,n/p,,,,No,1
6740,4129,North,Lower Sacramento River Ship Channel,Sac DW Ship Channel,26-40-SSC01,2026-04-28,08:55:56,,L,38.36447,-121.63430,38.36466,-121.63319,38.36875,-121.63104,20mm,Surface,U,1,10,1,No,26908,1091.879013,1091.879013,,,1091.879013,,Ebb,CLR,31.9,0.27,17.1,708,33.65,9.35,Complete,Lab,HYPOM,,HYPOM,Hypomesus spp. unknown,14.2,n/p,2026-1304,None,n/p,n/p,n/p,,,,No,1
6740,4129,North,Lower Sacramento River Ship Channel,Sac DW Ship Channel,26-40-SSC01,2026-04-28,08:55:56,,L,38.36447,-121.63430,38.36466,-121.63319,38.36875,-121.63104,20mm,Surface,U,1,10,1,No,26908,1091.879013,1091.879013,,,1091.879013,,Ebb,CLR,31.9,0.27,17.1,708,33.65,9.35,Complete,Lab,HYPOM,,HYPOM,Hypomesus spp. unknown,15,n/p,2026-0213,None,n/p,n/p,n/p,,,,No,1
6740,4129,North,Lower Sacramento River Ship Channel,Sac DW Ship Channel,26-40-SSC01,2026-04-28,08:55:56,,L,38.36447,-121.63430,38.36466,-121.63319,38.36875,-121.63104,20mm,Surface,U,1,10,1,No,26908,1091.879013,1091.879013,,,1091.879013,,Ebb,CLR,31.9,0.27,17.1,708,33.65,9.35,Complete,Lab,HYPOM,,HYPOM,Hypomesus spp. unknown,15.3,n/p,2026-1353,None,n/p,n/p,n/p,,,,No,1
6740,4129,North,Lower Sacramento River Ship Channel,Sac DW Ship Channel,26-40-SSC01,2026-04-28,08:55:56,,L,38.36447,-121.63430,38.36466,-121.63319,38.36875,-121.63104,20mm,Surface,U,1,10,1,No,26908,1091.879013,1091.879013,,,1091.879013,,Ebb,CLR,31.9,0.27,17.1,708,33.65,9.35,Complete,Lab,HYPOM,,HYPOM,Hypomesus spp. unknown,17.2,n/p,2026-0231,None,n/p,n/p,n/p,,,,No,1
6740,4129,North,Lower Sacramento River Ship Channel,Sac DW Ship Channel,26-40-SSC01,2026-04-28,08:55:56,,L,38.36447,-121.63430,38.36466,-121.63319,38.36875,-121.63104,20mm,Surface,U,1,10,1,No,26908,1091.879013,1091.879013,,,1091.879013,,Ebb,CLR,31.9,0.27,17.1,708,33.65,9.35,Complete,Lab,HYPOM,,HYPOM,Hypomesus spp. unknown,19.3,n/p,2026-1439,None,n/p,n/p,n/p,,,,No,1
6740,4129,North,Lower Sacramento River Ship Channel,Sac DW Ship Channel,26-40-SSC01,2026-04-28,08:55:56,,L,38.36447,-121.63430,38.36466,-121.63319,38.36875,-121.63104,20mm,Surface,U,1,10,1,No,26908,1091.879013,1091.879013,,,1091.879013,,Ebb,CLR,31.9,0.27,17.1,708,33.65,9.35,Complete,Lab,HYPOM,,HYPOM,Hypomesus spp. unknown,19.5,n/p,2026-1122,None,n/p,n/p,n/p,,,,No,1
6740,4129,North,Lower Sacramento River Ship Channel,Sac DW Ship Channel,26-40-SSC01,2026-04-28,08:55:56,,L,38.36447,-121.63430,38.36466,-121.63319,38.36875,-121.63104,20mm,Surface,U,1,10,1,No,26908,1091.879013,1091.879013,,,1091.879013,,Ebb,CLR,31.9,0.27,17.1,708,33.65,9.35,Complete,Lab,HYPOM,,HYPOM,Hypomesus spp. unknown,19.5,n/p,2026-1431,None,n/p,n/p,n/p,,,,No,1
6740,4129,North,Lower Sacramento River Ship Channel,Sac DW Ship Channel,26-40-SSC01,2026-04-28,08:55:56,,L,38.36447,-121.63430,38.36466,-121.63319,38.36875,-121.63104,20mm,Surface,U,1,10,1,No,26908,1091.879013,1091.879013,,,1091.879013,,Ebb,CLR,31.9,0.27,17.1,708,33.65,9.35,Complete,Lab,HYPOM,,HYPOM,Hypomesus spp. unknown,19.9,n/p,2026-0859,None,n/p,n/p,n/p,,,,No,1
6740,4129,North,Lower Sacramento River Ship Channel,Sac DW Ship Channel,26-40-SSC01,2026-04-28,08:55:56,,L,38.36447,-121.63430,38.36466,-121.63319,38.36875,-121.63104,20mm,Surface,U,1,10,1,No,26908,1091.879013,1091.879013,,,1091.879013,,Ebb,CLR,31.9,0.27,17.1,708,33.65,9.35,Complete,Lab,HYPOM,,HYPOM,Hypomesus spp. unknown,22,n/p,2026-0116,None,n/p,n/p,n/p,,,,No,1
6740,4129,North,Lower Sacramento River Ship Channel,Sac DW Ship Channel,26-40-SSC01,2026-04-28,08:55:56,,L,38.36447,-121.63430,38.36466,-121.63319,38.36875,-121.63104,20mm,Surface,U,1,10,1,No,26908,1091.879013,1091.879013,,,1091.879013,,Ebb,CLR,31.9,0.27,17.1,708,33.65,9.35,Complete,Lab,HYPOM,,HYPOM,Hypomesus spp. unknown,24,n/p,2026-1252,None,n/p,n/p,n/p,,,,No,1
6740,4129,North,Lower Sacramento River Ship Channel,Sac DW Ship Channel,26-40-SSC01,2026-04-28,08:55:56,,L,38.36447,-121.63430,38.36466,-121.63319,38.36875,-121.63104,20mm,Surface,U,1,10,1,No,26908,1091.879013,1091.879013,,,1091.879013,,Ebb,CLR,31.9,0.27,17.1,708,33.65,9.35,Complete,Lab,HYPOM,,HYPOM,Hypomesus spp. unknown,24,n/p,2026-1450,None,n/p,n/p,n/p,,,,No,1
6740,4129,North,Lower Sacramento River Ship Channel,Sac DW Ship Channel,26-40-SSC01,2026-04-28,08:55:56,,L,38.36447,-121.63430,38.36466,-121.63319,38.36875,-121.63104,20mm,Surface,U,1,10,1,No,26908,1091.879013,1091.879013,,,1091.879013,,Ebb,CLR,31.9,0.27,17.1,708,33.65,9.35,Complete,Lab,HYPOM,,HYPOM,Hypomesus spp. unknown,24.3,n/p,2026-0373,None,n/p,n/p,n/p,,,,No,1
6740,4129,North,Lower Sacramento River Ship Channel,Sac DW Ship Channel,26-40-SSC01,2026-04-28,08:55:56,,L,38.36447,-121.63430,38.36466,-121.63319,38.36875,-121.63104,20mm,Surface,U,1,10,1,No,26908,1091.879013,1091.879013,,,1091.879013,,Ebb,CLR,31.9,0.27,17.1,708,33.65,9.35,Complete,Lab,HYPOM,,HYPOM,Hypomesus spp. unknown,24.3,n/p,2026-0535,None,n/p,n/p,n/p,,,,No,1
6740,4129,North,Lower Sacramento River Ship Channel,Sac DW Ship Channel,26-40-SSC01,2026-04-28,08:55:56,,L,38.36447,-121.63430,38.36466,-121.63319,38.36875,-121.63104,20mm,Surface,U,1,10,1,No,26908,1091.879013,1091.879013,,,1091.879013,,Ebb,CLR,31.9,0.27,17.1,708,33.65,9.35,Complete,Lab,HYPOM,,HYPOM,Hypomesus spp. unknown,24.5,n/p,2026-0971,None,n/p,n/p,n/p,,,,No,1
6740,4129,North,Lower Sacramento River Ship Channel,Sac DW Ship Channel,26-40-SSC01,2026-04-28,08:55:56,,L,38.36447,-121.63430,38.36466,-121.63319,38.36875,-121.63104,20mm,Surface,U,1,10,1,No,26908,1091.879013,1091.879013,,,1091.879013,,Ebb,CLR,31.9,0.27,17.1,708,33.65,9.35,Complete,Lab,HYPOM,,HYPOM,Hypomesus spp. unknown,26,n/p,2026-0851,None,n/p,n/p,n/p,,,,No,1
6740,4129,North,Lower Sacramento River Ship Channel,Sac DW Ship Channel,26-40-SSC01,2026-04-28,08:55:56,,L,38.36447,-121.63430,38.36466,-121.63319,38.36875,-121.63104,20mm,Surface,U,1,10,1,No,26908,1091.879013,1091.879013,,,1091.879013,,Ebb,CLR,31.9,0.27,17.1,708,33.65,9.35,Complete,Lab,HYPOM,,HYPOM,Hypomesus spp. unknown,26.5,n/p,2026-1374,None,n/p,n/p,n/p,,,,No,1
6740,4129,North,Lower Sacramento River Ship Channel,Sac DW Ship Channel,26-40-SSC01,2026-04-28,08:55:56,,L,38.36447,-121.63430,38.36466,-121.63319,38.36875,-121.63104,20mm,Surface,U,1,10,1,No,26908,1091.879013,1091.879013,,,1091.879013,,Ebb,CLR,31.9,0.27,17.1,708,33.65,9.35,Complete,Lab,HYPOM,,HYPOM,Hypomesus spp. unknown,30,n/p,2026-1135,None,n/p,n/p,n/p,,,,No,1
6741,4129,North,Lower Sacramento River Ship Channel,Sac DW Ship Channel,26-40-SSC01,2026-04-28,09:15:09,,L,38.36447,-121.63430,38.36459,-121.63320,38.36883,-121.63105,20mm,Surface,U,2,10,1,No,26875,1090.539931,1090.539931,,,1090.539931,,Ebb,CLR,31.8,0.28,17.1,717,33.32,9.28,Complete,Lab,HYPOM,,HYPOM,Hypomesus spp. unknown,13.7,n/p,2026-1187,None,n/p,n/p,n/p,,,,No,1
6741,4129,North,Lower Sacramento River Ship Channel,Sac DW Ship Channel,26-40-SSC01,2026-04-28,09:15:09,,L,38.36447,-121.63430,38.36459,-121.63320,38.36883,-121.63105,20mm,Surface,U,2,10,1,No,26875,1090.539931,1090.539931,,,1090.539931,,Ebb,CLR,31.8,0.28,17.1,717,33.32,9.28,Complete,Lab,HYPOM,,HYPOM,Hypomesus spp. unknown,17.2,n/p,2026-0746,None,n/p,n/p,n/p,,,,No,1
6741,4129,North,Lower Sacramento River Ship Channel,Sac DW Ship Channel,26-40-SSC01,2026-04-28,09:15:09,,L,38.36447,-121.63430,38.36459,-121.63320,38.36883,-121.63105,20mm,Surface,U,2,10,1,No,26875,1090.539931,1090.539931,,,1090.539931,,Ebb,CLR,31.8,0.28,17.1,717,33.32,9.28,Complete,Lab,HYPOM,,HYPOM,Hypomesus spp. unknown,17.5,n/p,2026-0703,None,n/p,n/p,n/p,,,,No,1
6741,4129,North,Lower Sacramento River Ship Channel,Sac DW Ship Channel,26-40-SSC01,2026-04-28,09:15:09,,L,38.36447,-121.63430,38.36459,-121.63320,38.36883,-121.63105,20mm,Surface,U,2,10,1,No,26875,1090.539931,1090.539931,,,1090.539931,,Ebb,CLR,31.8,0.28,17.1,717,33.32,9.28,Complete,Lab,HYPOM,,HYPOM,Hypomesus spp. unknown,20,n/p,2026-1434,None,n/p,n/p,n/p,,,,No,1
6741,4129,North,Lower Sacramento River Ship Channel,Sac DW Ship Channel,26-40-SSC01,2026-04-28,09:15:09,,L,38.36447,-121.63430,38.36459,-121.63320,38.36883,-121.63105,20mm,Surface,U,2,10,1,No,26875,1090.539931,1090.539931,,,1090.539931,,Ebb,CLR,31.8,0.28,17.1,717,33.32,9.28,Complete,Lab,HYPOM,,HYPOM,Hypomesus spp. unknown,21,n/p,2026-1452,None,n/p,n/p,n/p,,,,No,1
6741,4129,North,Lower Sacramento River Ship Channel,Sac DW Ship Channel,26-40-SSC01,2026-04-28,09:15:09,,L,38.36447,-121.63430,38.36459,-121.63320,38.36883,-121.63105,20mm,Surface,U,2,10,1,No,26875,1090.539931,1090.539931,,,1090.539931,,Ebb,CLR,31.8,0.28,17.1,717,33.32,9.28,Complete,Lab,HYPOM,,HYPOM,Hypomesus spp. unknown,23,n/p,2026-1241,None,n/p,n/p,n/p,,,,No,1
6741,4129,North,Lower Sacramento River Ship Channel,Sac DW Ship Channel,26-40-SSC01,2026-04-28,09:15:09,,L,38.36447,-121.63430,38.36459,-121.63320,38.36883,-121.63105,20mm,Surface,U,2,10,1,No,26875,1090.539931,1090.539931,,,1090.539931,,Ebb,CLR,31.8,0.28,17.1,717,33.32,9.28,Complete,Lab,HYPOM,,HYPOM,Hypomesus spp. unknown,23.2,n/p,2026-1409,None,n/p,n/p,n/p,,,,No,1
6741,4129,North,Lower Sacramento River Ship Channel,Sac DW Ship Channel,26-40-SSC01,2026-04-28,09:15:09,,L,38.36447,-121.63430,38.36459,-121.63320,38.36883,-121.63105,20mm,Surface,U,2,10,1,No,26875,1090.539931,1090.539931,,,1090.539931,,Ebb,CLR,31.8,0.28,17.1,717,33.32,9.28,Complete,Lab,HYPOM,,HYPOM,Hypomesus spp. unknown,24,n/p,2026-0681,None,n/p,n/p,n/p,,,,No,1
6741,4129,North,Lower Sacramento River Ship Channel,Sac DW Ship Channel,26-40-SSC01,2026-04-28,09:15:09,,L,38.36447,-121.63430,38.36459,-121.63320,38.36883,-121.63105,20mm,Surface,U,2,10,1,No,26875,1090.539931,1090.539931,,,1090.539931,,Ebb,CLR,31.8,0.28,17.1,717,33.32,9.28,Complete,Lab,HYPOM,,HYPOM,Hypomesus spp. unknown,25.2,n/p,2026-0764,None,n/p,n/p,n/p,,,,No,1
6741,4129,North,Lower Sacramento River Ship Channel,Sac DW Ship Channel,26-40-SSC01,2026-04-28,09:15:09,,L,38.36447,-121.63430,38.36459,-121.63320,38.36883,-121.63105,20mm,Surface,U,2,10,1,No,26875,1090.539931,1090.539931,,,1090.539931,,Ebb,CLR,31.8,0.28,17.1,717,33.32,9.28,Complete,Lab,HYPOM,,HYPOM,Hypomesus spp. unknown,29.7,n/p,2026-1238,None,n/p,n/p,n/p,,,,No,1
6750,4136,West,Suisun Marsh,Suisun Marsh,26-40-SM01,2026-04-28,11:06:22,,L,38.16882,-122.06809,38.16902,-122.06873,38.16740,-122.06719,20mm,Surface,D,2,10,1,No,25515,1035.353538,1035.353538,,,1035.353538,,Flood,CLR,31.8,0.16,16.7,2491.2,65.42,8.02,Complete,Lab,HYPOM,,HYPOM,Hypomesus spp. unknown,8.1,n/p,2026-1390,None,n/p,n/p,n/p,,,,No,1
6750,4136,West,Suisun Marsh,Suisun Marsh,26-40-SM01,2026-04-28,11:06:22,,L,38.16882,-122.06809,38.16902,-122.06873,38.16740,-122.06719,20mm,Surface,D,2,10,1,No,25515,1035.353538,1035.353538,,,1035.353538,,Flood,CLR,31.8,0.16,16.7,2491.2,65.42,8.02,Complete,Lab,HYPOM,,HYPOM,Hypomesus spp. unknown,11.4,n/p,2026-0027,None,n/p,n/p,n/p,,,,No,1
6753,4139,North,Lower Sacramento River Ship Channel,Sac DW Ship Channel,26-40-SSC02,2026-04-28,11:37:21,,L,38.18438,-121.66219,38.18474,-121.66089,38.18192,-121.66282,20mm,Surface,D,2,10,1,No,26747,1085.345918,1085.345918,,,1085.345918,,Low Slack,CLR,32.7,1.18,16.7,189.8,5.64,9.34,Complete,Lab,HYPOM,,HYPOM,Hypomesus spp. unknown,14.7,n/p,2026-0768,None,n/p,n/p,n/p,,,,No,1
6754,4140,West,Suisun Marsh,Suisun Marsh,26-40-SM02,2026-04-28,11:36:27,,L,38.17818,-122.00666,38.17847,-122.00612,38.17739,-122.00905,20mm,Surface,D,1,10,1,No,23499,953.5478268,953.5478268,,,953.5478268,,Flood,CLR,21,0.2,16.9,2586,57.85,8.05,Complete,Lab,HYPOM,,HYPOM,Hypomesus spp. unknown,10.4,n/p,2026-0096,None,n/p,n/p,n/p,,,,No,1
6755,4140,West,Suisun Marsh,Suisun Marsh,26-40-SM02,2026-04-28,11:51:56,,L,38.17818,-122.00666,38.17852,-122.00613,38.17764,-122.00881,20mm,Surface,D,2,10,1,No,23221,942.2670788,942.2670788,,,942.2670788,,Flood,CLR,21.5,0.25,16.9,2596,58.95,8.03,Complete,Lab,HYPOM,,HYPOM,Hypomesus spp. unknown,9.1,n/p,2026-0876,None,n/p,n/p,n/p,,,,No,1
6755,4140,West,Suisun Marsh,Suisun Marsh,26-40-SM02,2026-04-28,11:51:56,,L,38.17818,-122.00666,38.17852,-122.00613,38.17764,-122.00881,20mm,Surface,D,2,10,1,No,23221,942.2670788,942.2670788,,,942.2670788,,Flood,CLR,21.5,0.25,16.9,2596,58.95,8.03,Complete,Lab,HYPOM,,HYPOM,Hypomesus spp. unknown,9.2,n/p,2026-1123,None,n/p,n/p,n/p,,,,No,1
6758,4142,West,Suisun Marsh,Suisun Marsh,26-40-SM06,2026-04-28,12:38:44,,L,38.18525,-121.96869,38.18519,-121.96807,38.18513,-121.96804,20mm,Surface,D,2,10,1,No,23767,964.4227924,964.4227924,,,964.4227924,,Flood,CLR,36.5,0.25,17.4,2443,49.29,8.25,Complete,Lab,HYPOM,,HYPOM,Hypomesus spp. unknown,16.6,n/p,2026-0195,None,n/p,n/p,n/p,,,,No,1
6761,4160,North,Upper Sacramento River Ship Channel,Sac DW Ship Channel,26-40-SSC08,2026-04-29,08:15:15,,L,38.53630,-121.58411,38.53700,-121.58309,38.54208,-121.58273,20mm,Surface,U,1,10,1,No,25902,1051.057313,1051.057313,,,1051.057313,,Ebb,CLR,30.6,0.99,18.8,1089,6.77,9.61,Complete,Lab,HYPOM,,HYPOM,Hypomesus spp. unknown,14.5,n/p,2026-0274,None,n/p,n/p,n/p,,,,No,1
6762,4160,North,Upper Sacramento River Ship Channel,Sac DW Ship Channel,26-40-SSC08,2026-04-29,08:31:18,,L,38.53630,-121.58411,38.53622,-121.58318,38.54158,-121.58285,20mm,Surface,U,2,10,1,No,26789,1087.050203,1087.050203,,,1087.050203,,Ebb,CLR,31.4,0.89,18.8,1087,6.35,9.7,Complete,Lab,HYPOM,,HYPOM,Hypomesus spp. unknown,13.1,n/p,2026-0685,None,n/p,n/p,n/p,,,,No,1
6763,4161,North,Lower Sacramento River Ship Channel,Sac DW Ship Channel,26-40-SSC04,2026-04-29,09:01:35,,L,38.43751,-121.60011,38.43744,-121.59891,38.44225,-121.59690,20mm,Surface,U,1,10,1,No,27019,1096.383196,1096.383196,,,1096.383196,,Ebb,CLR,28.4,0.28,17.7,895,22.43,9.51,Complete,Lab,HYPOM,,HYPOM,Hypomesus spp. unknown,11.5,n/p,2026-1192,None,n/p,n/p,n/p,,,,No,1
6763,4161,North,Lower Sacramento River Ship Channel,Sac DW Ship Channel,26-40-SSC04,2026-04-29,09:01:35,,L,38.43751,-121.60011,38.43744,-121.59891,38.44225,-121.59690,20mm,Surface,U,1,10,1,No,27019,1096.383196,1096.383196,,,1096.383196,,Ebb,CLR,28.4,0.28,17.7,895,22.43,9.51,Complete,Lab,HYPOM,,HYPOM,Hypomesus spp. unknown,11.8,n/p,2026-1415,None,n/p,n/p,n/p,,,,No,1
6763,4161,North,Lower Sacramento River Ship Channel,Sac DW Ship Channel,26-40-SSC04,2026-04-29,09:01:35,,L,38.43751,-121.60011,38.43744,-121.59891,38.44225,-121.59690,20mm,Surface,U,1,10,1,No,27019,1096.383196,1096.383196,,,1096.383196,,Ebb,CLR,28.4,0.28,17.7,895,22.43,9.51,Complete,Lab,HYPOM,,HYPOM,Hypomesus spp. unknown,12,n/p,2026-0717,None,n/p,n/p,n/p,,,,No,1
6763,4161,North,Lower Sacramento River Ship Channel,Sac DW Ship Channel,26-40-SSC04,2026-04-29,09:01:35,,L,38.43751,-121.60011,38.43744,-121.59891,38.44225,-121.59690,20mm,Surface,U,1,10,1,No,27019,1096.383196,1096.383196,,,1096.383196,,Ebb,CLR,28.4,0.28,17.7,895,22.43,9.51,Complete,Lab,HYPOM,,HYPOM,Hypomesus spp. unknown,12.2,n/p,2026-1326,None,n/p,n/p,n/p,,,,No,1
6763,4161,North,Lower Sacramento River Ship Channel,Sac DW Ship Channel,26-40-SSC04,2026-04-29,09:01:35,,L,38.43751,-121.60011,38.43744,-121.59891,38.44225,-121.59690,20mm,Surface,U,1,10,1,No,27019,1096.383196,1096.383196,,,1096.383196,,Ebb,CLR,28.4,0.28,17.7,895,22.43,9.51,Complete,Lab,HYPOM,,HYPOM,Hypomesus spp. unknown,12.5,n/p,2026-1441,None,n/p,n/p,n/p,,,,No,1
6763,4161,North,Lower Sacramento River Ship Channel,Sac DW Ship Channel,26-40-SSC04,2026-04-29,09:01:35,,L,38.43751,-121.60011,38.43744,-121.59891,38.44225,-121.59690,20mm,Surface,U,1,10,1,No,27019,1096.383196,1096.383196,,,1096.383196,,Ebb,CLR,28.4,0.28,17.7,895,22.43,9.51,Complete,Lab,HYPOM,,HYPOM,Hypomesus spp. unknown,13.4,n/p,2026-0751,None,n/p,n/p,n/p,,,,No,1
6763,4161,North,Lower Sacramento River Ship Channel,Sac DW Ship Channel,26-40-SSC04,2026-04-29,09:01:35,,L,38.43751,-121.60011,38.43744,-121.59891,38.44225,-121.59690,20mm,Surface,U,1,10,1,No,27019,1096.383196,1096.383196,,,1096.383196,,Ebb,CLR,28.4,0.28,17.7,895,22.43,9.51,Complete,Lab,HYPOM,,HYPOM,Hypomesus spp. unknown,14.2,n/p,2026-0713,None,n/p,n/p,n/p,,,,No,1
6763,4161,North,Lower Sacramento River Ship Channel,Sac DW Ship Channel,26-40-SSC04,2026-04-29,09:01:35,,L,38.43751,-121.60011,38.43744,-121.59891,38.44225,-121.59690,20mm,Surface,U,1,10,1,No,27019,1096.383196,1096.383196,,,1096.383196,,Ebb,CLR,28.4,0.28,17.7,895,22.43,9.51,Complete,Lab,HYPOM,,HYPOM,Hypomesus spp. unknown,14.7,n/p,2026-0738,None,n/p,n/p,n/p,,,,No,1
6763,4161,North,Lower Sacramento River Ship Channel,Sac DW Ship Channel,26-40-SSC04,2026-04-29,09:01:35,,L,38.43751,-121.60011,38.43744,-121.59891,38.44225,-121.59690,20mm,Surface,U,1,10,1,No,27019,1096.383196,1096.383196,,,1096.383196,,Ebb,CLR,28.4,0.28,17.7,895,22.43,9.51,Complete,Lab,HYPOM,,HYPOM,Hypomesus spp. unknown,15.1,n/p,2026-1244,None,n/p,n/p,n/p,,,,No,1
6763,4161,North,Lower Sacramento River Ship Channel,Sac DW Ship Channel,26-40-SSC04,2026-04-29,09:01:35,,L,38.43751,-121.60011,38.43744,-121.59891,38.44225,-121.59690,20mm,Surface,U,1,10,1,No,27019,1096.383196,1096.383196,,,1096.383196,,Ebb,CLR,28.4,0.28,17.7,895,22.43,9.51,Complete,Lab,HYPOM,,HYPOM,Hypomesus spp. unknown,16,n/p,2026-0735,None,n/p,n/p,n/p,,,,No,1
6763,4161,North,Lower Sacramento River Ship Channel,Sac DW Ship Channel,26-40-SSC04,2026-04-29,09:01:35,,L,38.43751,-121.60011,38.43744,-121.59891,38.44225,-121.59690,20mm,Surface,U,1,10,1,No,27019,1096.383196,1096.383196,,,1096.383196,,Ebb,CLR,28.4,0.28,17.7,895,22.43,9.51,Complete,Lab,HYPOM,,HYPOM,Hypomesus spp. unknown,17,n/p,2026-1427,None,n/p,n/p,n/p,,,,No,1
6763,4161,North,Lower Sacramento River Ship Channel,Sac DW Ship Channel,26-40-SSC04,2026-04-29,09:01:35,,L,38.43751,-121.60011,38.43744,-121.59891,38.44225,-121.59690,20mm,Surface,U,1,10,1,No,27019,1096.383196,1096.383196,,,1096.383196,,Ebb,CLR,28.4,0.28,17.7,895,22.43,9.51,Complete,Lab,HYPOM,,HYPOM,Hypomesus spp. unknown,19.2,n/p,2026-1207,None,n/p,n/p,n/p,,,,No,1
6763,4161,North,Lower Sacramento River Ship Channel,Sac DW Ship Channel,26-40-SSC04,2026-04-29,09:01:35,,L,38.43751,-121.60011,38.43744,-121.59891,38.44225,-121.59690,20mm,Surface,U,1,10,1,No,27019,1096.383196,1096.383196,,,1096.383196,,Ebb,CLR,28.4,0.28,17.7,895,22.43,9.51,Complete,Lab,HYPOM,,HYPOM,Hypomesus spp. unknown,19.9,n/p,2026-0677,None,n/p,n/p,n/p,,,,No,1
6763,4161,North,Lower Sacramento River Ship Channel,Sac DW Ship Channel,26-40-SSC04,2026-04-29,09:01:35,,L,38.43751,-121.60011,38.43744,-121.59891,38.44225,-121.59690,20mm,Surface,U,1,10,1,No,27019,1096.383196,1096.383196,,,1096.383196,,Ebb,CLR,28.4,0.28,17.7,895,22.43,9.51,Complete,Lab,HYPOM,,HYPOM,Hypomesus spp. unknown,23.8,n/p,2026-1247,None,n/p,n/p,n/p,,,,No,1
6763,4161,North,Lower Sacramento River Ship Channel,Sac DW Ship Channel,26-40-SSC04,2026-04-29,09:01:35,,L,38.43751,-121.60011,38.43744,-121.59891,38.44225,-121.59690,20mm,Surface,U,1,10,1,No,27019,1096.383196,1096.383196,,,1096.383196,,Ebb,CLR,28.4,0.28,17.7,895,22.43,9.51,Complete,Lab,HYPOM,,HYPOM,Hypomesus spp. unknown,26,n/p,2026-1287,None,n/p,n/p,n/p,,,,No,1
6763,4161,North,Lower Sacramento River Ship Channel,Sac DW Ship Channel,26-40-SSC04,2026-04-29,09:01:35,,L,38.43751,-121.60011,38.43744,-121.59891,38.44225,-121.59690,20mm,Surface,U,1,10,1,No,27019,1096.383196,1096.383196,,,1096.383196,,Ebb,CLR,28.4,0.28,17.7,895,22.43,9.51,Complete,Lab,HYPOM,,HYPOM,Hypomesus spp. unknown,27.1,n/p,2026-1240,None,n/p,n/p,n/p,,,,No,1
6764,4161,North,Lower Sacramento River Ship Channel,Sac DW Ship Channel,26-40-SSC04,2026-04-29,09:19:26,,L,38.43751,-121.60011,38.43753,-121.59892,38.44221,-121.59668,20mm,Surface,U,2,10,1,No,27525,1116.915781,1116.915781,,,1116.915781,,Ebb,CLR,30.9,0.36,17.8,900,20.21,9.49,Complete,Lab,HYPOM,,HYPOM,Hypomesus spp. unknown,11.5,n/p,2026-1065,None,n/p,n/p,n/p,,,,No,1
6764,4161,North,Lower Sacramento River Ship Channel,Sac DW Ship Channel,26-40-SSC04,2026-04-29,09:19:26,,L,38.43751,-121.60011,38.43753,-121.59892,38.44221,-121.59668,20mm,Surface,U,2,10,1,No,27525,1116.915781,1116.915781,,,1116.915781,,Ebb,CLR,30.9,0.36,17.8,900,20.21,9.49,Complete,Lab,HYPOM,,HYPOM,Hypomesus spp. unknown,11.6,n/p,2026-0034,None,n/p,n/p,n/p,,,,No,1
6764,4161,North,Lower Sacramento River Ship Channel,Sac DW Ship Channel,26-40-SSC04,2026-04-29,09:19:26,,L,38.43751,-121.60011,38.43753,-121.59892,38.44221,-121.59668,20mm,Surface,U,2,10,1,No,27525,1116.915781,1116.915781,,,1116.915781,,Ebb,CLR,30.9,0.36,17.8,900,20.21,9.49,Complete,Lab,HYPOM,,HYPOM,Hypomesus spp. unknown,12.5,n/p,2026-0953,None,n/p,n/p,n/p,,,,No,1
6764,4161,North,Lower Sacramento River Ship Channel,Sac DW Ship Channel,26-40-SSC04,2026-04-29,09:19:26,,L,38.43751,-121.60011,38.43753,-121.59892,38.44221,-121.59668,20mm,Surface,U,2,10,1,No,27525,1116.915781,1116.915781,,,1116.915781,,Ebb,CLR,30.9,0.36,17.8,900,20.21,9.49,Complete,Lab,HYPOM,,HYPOM,Hypomesus spp. unknown,13.3,n/p,2026-1352,None,n/p,n/p,n/p,,,,No,1
6764,4161,North,Lower Sacramento River Ship Channel,Sac DW Ship Channel,26-40-SSC04,2026-04-29,09:19:26,,L,38.43751,-121.60011,38.43753,-121.59892,38.44221,-121.59668,20mm,Surface,U,2,10,1,No,27525,1116.915781,1116.915781,,,1116.915781,,Ebb,CLR,30.9,0.36,17.8,900,20.21,9.49,Complete,Lab,HYPOM,,HYPOM,Hypomesus spp. unknown,14.6,n/p,2026-0258,None,n/p,n/p,n/p,,,,No,1
6764,4161,North,Lower Sacramento River Ship Channel,Sac DW Ship Channel,26-40-SSC04,2026-04-29,09:19:26,,L,38.43751,-121.60011,38.43753,-121.59892,38.44221,-121.59668,20mm,Surface,U,2,10,1,No,27525,1116.915781,1116.915781,,,1116.915781,,Ebb,CLR,30.9,0.36,17.8,900,20.21,9.49,Complete,Lab,HYPOM,,HYPOM,Hypomesus spp. unknown,14.8,n/p,2026-0181,None,n/p,n/p,n/p,,,,No,1
6764,4161,North,Lower Sacramento River Ship Channel,Sac DW Ship Channel,26-40-SSC04,2026-04-29,09:19:26,,L,38.43751,-121.60011,38.43753,-121.59892,38.44221,-121.59668,20mm,Surface,U,2,10,1,No,27525,1116.915781,1116.915781,,,1116.915781,,Ebb,CLR,30.9,0.36,17.8,900,20.21,9.49,Complete,Lab,HYPOM,,HYPOM,Hypomesus spp. unknown,15.5,n/p,2026-0145,None,n/p,n/p,n/p,,,,No,1
6764,4161,North,Lower Sacramento River Ship Channel,Sac DW Ship Channel,26-40-SSC04,2026-04-29,09:19:26,,L,38.43751,-121.60011,38.43753,-121.59892,38.44221,-121.59668,20mm,Surface,U,2,10,1,No,27525,1116.915781,1116.915781,,,1116.915781,,Ebb,CLR,30.9,0.36,17.8,900,20.21,9.49,Complete,Lab,HYPOM,,HYPOM,Hypomesus spp. unknown,18.8,n/p,2026-0987,None,n/p,n/p,n/p,,,,No,1
6764,4161,North,Lower Sacramento River Ship Channel,Sac DW Ship Channel,26-40-SSC04,2026-04-29,09:19:26,,L,38.43751,-121.60011,38.43753,-121.59892,38.44221,-121.59668,20mm,Surface,U,2,10,1,No,27525,1116.915781,1116.915781,,,1116.915781,,Ebb,CLR,30.9,0.36,17.8,900,20.21,9.49,Complete,Lab,HYPOM,,HYPOM,Hypomesus spp. unknown,19,n/p,2026-1389,None,n/p,n/p,n/p,,,,No,1
6764,4161,North,Lower Sacramento River Ship Channel,Sac DW Ship Channel,26-40-SSC04,2026-04-29,09:19:26,,L,38.43751,-121.60011,38.43753,-121.59892,38.44221,-121.59668,20mm,Surface,U,2,10,1,No,27525,1116.915781,1116.915781,,,1116.915781,,Ebb,CLR,30.9,0.36,17.8,900,20.21,9.49,Complete,Lab,HYPOM,,HYPOM,Hypomesus spp. unknown,20.4,n/p,2026-1183,None,n/p,n/p,n/p,,,,No,1
6764,4161,North,Lower Sacramento River Ship Channel,Sac DW Ship Channel,26-40-SSC04,2026-04-29,09:19:26,,L,38.43751,-121.60011,38.43753,-121.59892,38.44221,-121.59668,20mm,Surface,U,2,10,1,No,27525,1116.915781,1116.915781,,,1116.915781,,Ebb,CLR,30.9,0.36,17.8,900,20.21,9.49,Complete,Lab,HYPOM,,HYPOM,Hypomesus spp. unknown,22.6,n/p,2026-0394,None,n/p,n/p,n/p,,,,No,1
6764,4161,North,Lower Sacramento River Ship Channel,Sac DW Ship Channel,26-40-SSC04,2026-04-29,09:19:26,,L,38.43751,-121.60011,38.43753,-121.59892,38.44221,-121.59668,20mm,Surface,U,2,10,1,No,27525,1116.915781,1116.915781,,,1116.915781,,Ebb,CLR,30.9,0.36,17.8,900,20.21,9.49,Complete,Lab,HYPOM,,HYPOM,Hypomesus spp. unknown,24.9,n/p,2026-0064,None,n/p,n/p,n/p,,,,No,1
6764,4161,North,Lower Sacramento River Ship Channel,Sac DW Ship Channel,26-40-SSC04,2026-04-29,09:19:26,,L,38.43751,-121.60011,38.43753,-121.59892,38.44221,-121.59668,20mm,Surface,U,2,10,1,No,27525,1116.915781,1116.915781,,,1116.915781,,Ebb,CLR,30.9,0.36,17.8,900,20.21,9.49,Complete,Lab,HYPOM,,HYPOM,Hypomesus spp. unknown,27.7,n/p,2026-0947,None,n/p,n/p,n/p,,,,No,1
6766,4162,Far West,West Suisun Bay,Suisun Bay,26-40-SB04,2026-04-29,09:16:08,,L,38.07035,-122.09496,38.07022,-122.09531,38.07294,-122.09149,20mm,Surface,U,2,10,1,No,23922,970.7124181,970.7124181,,,970.7124181,,Ebb,CLR,31.7,0.37,16.4,1413,38.01,9.61,Complete,Lab,HYPOM,,HYPOM,Hypomesus spp. unknown,10.5,n/p,2026-1289,None,n/p,n/p,n/p,,,,No,1
6766,4162,Far West,West Suisun Bay,Suisun Bay,26-40-SB04,2026-04-29,09:16:08,,L,38.07035,-122.09496,38.07022,-122.09531,38.07294,-122.09149,20mm,Surface,U,2,10,1,No,23922,970.7124181,970.7124181,,,970.7124181,,Ebb,CLR,31.7,0.37,16.4,1413,38.01,9.61,Complete,Lab,HYPOM,,HYPOM,Hypomesus spp. unknown,14.5,n/p,2026-1417,None,n/p,n/p,n/p,,,,No,1
6767,4164,West,Mid Suisun Bay,Suisun Bay,26-40-SB03,2026-04-29,09:53:20,,L,38.06385,-122.03764,38.06386,-122.03792,38.06356,-122.03207,20mm,Surface,U,1,10,1,No,22897,929.1197323,929.1197323,,,929.1197323,trails and sonar started 1 minute into tow,Ebb,CLR,30.1,0.36,16.6,196.1,11.61,9.61,Complete,Lab,HYPOM,,HYPOM,Hypomesus spp. unknown,7.1,n/p,2026-1074,None,n/p,n/p,n/p,,,,No,1
6769,4165,West,Confluence,Suisun Bay,26-40-SB05,2026-04-29,10:46:23,,L,38.05051,-121.89655,38.05018,-121.89639,38.05148,-121.89016,20mm,Surface,U,1,10,1,No,26880,1090.742822,1090.742822,,,1090.742822,,Low Slack,CLR,30.6,0.58,16.5,148.1,9.64,9.53,Complete,Lab,HYPOM,,HYPOM,Hypomesus spp. unknown,7,n/p,2026-0753,None,n/p,n/p,n/p,,,,No,1
6770,4165,West,Confluence,Suisun Bay,26-40-SB05,2026-04-29,11:03:19,,L,38.05051,-121.89655,38.05041,-121.89618,38.05254,-121.88838,20mm,Surface,U,2,10,1,No,21713,881.075108,881.075108,,,881.075108,"Sechi disk lost overboard, no secchi for remainder of day",Low Slack,CLR,31.3,,16.5,156.2,11.36,9.51,Complete,Lab,HYPOM,,HYPOM,Hypomesus spp. unknown,12.9,n/p,2026-1333,None,n/p,n/p,n/p,,,,No,1
6776,4170,North,Lower Sacramento River Ship Channel,Sac DW Ship Channel,26-40-SSC03,2026-04-29,09:42:46,,L,38.39781,-121.61844,38.39754,-121.61730,38.40222,-121.61509,20mm,Surface,U,1,10,1,No,26699,1083.398163,1083.398163,,,1083.398163,,Ebb,CLR,23,0.37,17.7,794,27.55,9.59,Complete,Lab,HYPOM,,HYPOM,Hypomesus spp. unknown,0,n/p,2026-1440,None,n/p,n/p,n/p,,,,No,1
6776,4170,North,Lower Sacramento River Ship Channel,Sac DW Ship Channel,26-40-SSC03,2026-04-29,09:42:46,,L,38.39781,-121.61844,38.39754,-121.61730,38.40222,-121.61509,20mm,Surface,U,1,10,1,No,26699,1083.398163,1083.398163,,,1083.398163,,Ebb,CLR,23,0.37,17.7,794,27.55,9.59,Complete,Lab,HYPOM,,HYPOM,Hypomesus spp. unknown,9.5,n/p,2026-0837,None,n/p,n/p,n/p,,,,No,1
6776,4170,North,Lower Sacramento River Ship Channel,Sac DW Ship Channel,26-40-SSC03,2026-04-29,09:42:46,,L,38.39781,-121.61844,38.39754,-121.61730,38.40222,-121.61509,20mm,Surface,U,1,10,1,No,26699,1083.398163,1083.398163,,,1083.398163,,Ebb,CLR,23,0.37,17.7,794,27.55,9.59,Complete,Lab,HYPOM,,HYPOM,Hypomesus spp. unknown,10.9,n/p,2026-0267,None,n/p,n/p,n/p,,,,No,1
6776,4170,North,Lower Sacramento River Ship Channel,Sac DW Ship Channel,26-40-SSC03,2026-04-29,09:42:46,,L,38.39781,-121.61844,38.39754,-121.61730,38.40222,-121.61509,20mm,Surface,U,1,10,1,No,26699,1083.398163,1083.398163,,,1083.398163,,Ebb,CLR,23,0.37,17.7,794,27.55,9.59,Complete,Lab,HYPOM,,HYPOM,Hypomesus spp. unknown,11.1,n/p,2026-0328,None,n/p,n/p,n/p,,,,No,1
6776,4170,North,Lower Sacramento River Ship Channel,Sac DW Ship Channel,26-40-SSC03,2026-04-29,09:42:46,,L,38.39781,-121.61844,38.39754,-121.61730,38.40222,-121.61509,20mm,Surface,U,1,10,1,No,26699,1083.398163,1083.398163,,,1083.398163,,Ebb,CLR,23,0.37,17.7,794,27.55,9.59,Complete,Lab,HYPOM,,HYPOM,Hypomesus spp. unknown,11.1,n/p,2026-0591,None,n/p,n/p,n/p,,,,No,1
6776,4170,North,Lower Sacramento River Ship Channel,Sac DW Ship Channel,26-40-SSC03,2026-04-29,09:42:46,,L,38.39781,-121.61844,38.39754,-121.61730,38.40222,-121.61509,20mm,Surface,U,1,10,1,No,26699,1083.398163,1083.398163,,,1083.398163,,Ebb,CLR,23,0.37,17.7,794,27.55,9.59,Complete,Lab,HYPOM,,HYPOM,Hypomesus spp. unknown,11.6,n/p,2026-0991,None,n/p,n/p,n/p,,,,No,1
6776,4170,North,Lower Sacramento River Ship Channel,Sac DW Ship Channel,26-40-SSC03,2026-04-29,09:42:46,,L,38.39781,-121.61844,38.39754,-121.61730,38.40222,-121.61509,20mm,Surface,U,1,10,1,No,26699,1083.398163,1083.398163,,,1083.398163,,Ebb,CLR,23,0.37,17.7,794,27.55,9.59,Complete,Lab,HYPOM,,HYPOM,Hypomesus spp. unknown,11.8,n/p,2026-0842,None,n/p,n/p,n/p,,,,No,1
6776,4170,North,Lower Sacramento River Ship Channel,Sac DW Ship Channel,26-40-SSC03,2026-04-29,09:42:46,,L,38.39781,-121.61844,38.39754,-121.61730,38.40222,-121.61509,20mm,Surface,U,1,10,1,No,26699,1083.398163,1083.398163,,,1083.398163,,Ebb,CLR,23,0.37,17.7,794,27.55,9.59,Complete,Lab,HYPOM,,HYPOM,Hypomesus spp. unknown,12.6,n/p,2026-1140,None,n/p,n/p,n/p,,,,No,1
6776,4170,North,Lower Sacramento River Ship Channel,Sac DW Ship Channel,26-40-SSC03,2026-04-29,09:42:46,,L,38.39781,-121.61844,38.39754,-121.61730,38.40222,-121.61509,20mm,Surface,U,1,10,1,No,26699,1083.398163,1083.398163,,,1083.398163,,Ebb,CLR,23,0.37,17.7,794,27.55,9.59,Complete,Lab,HYPOM,,HYPOM,Hypomesus spp. unknown,13.1,n/p,2026-0857,None,n/p,n/p,n/p,,,,No,1
6776,4170,North,Lower Sacramento River Ship Channel,Sac DW Ship Channel,26-40-SSC03,2026-04-29,09:42:46,,L,38.39781,-121.61844,38.39754,-121.61730,38.40222,-121.61509,20mm,Surface,U,1,10,1,No,26699,1083.398163,1083.398163,,,1083.398163,,Ebb,CLR,23,0.37,17.7,794,27.55,9.59,Complete,Lab,HYPOM,,HYPOM,Hypomesus spp. unknown,16.4,n/p,2026-0699,None,n/p,n/p,n/p,,,,No,1
6776,4170,North,Lower Sacramento River Ship Channel,Sac DW Ship Channel,26-40-SSC03,2026-04-29,09:42:46,,L,38.39781,-121.61844,38.39754,-121.61730,38.40222,-121.61509,20mm,Surface,U,1,10,1,No,26699,1083.398163,1083.398163,,,1083.398163,,Ebb,CLR,23,0.37,17.7,794,27.55,9.59,Complete,Lab,HYPOM,,HYPOM,Hypomesus spp. unknown,16.7,n/p,2026-0500,None,n/p,n/p,n/p,,,,No,1
6776,4170,North,Lower Sacramento River Ship Channel,Sac DW Ship Channel,26-40-SSC03,2026-04-29,09:42:46,,L,38.39781,-121.61844,38.39754,-121.61730,38.40222,-121.61509,20mm,Surface,U,1,10,1,No,26699,1083.398163,1083.398163,,,1083.398163,,Ebb,CLR,23,0.37,17.7,794,27.55,9.59,Complete,Lab,HYPOM,,HYPOM,Hypomesus spp. unknown,18.5,n/p,2026-0355,None,n/p,n/p,n/p,,,,No,1
6776,4170,North,Lower Sacramento River Ship Channel,Sac DW Ship Channel,26-40-SSC03,2026-04-29,09:42:46,,L,38.39781,-121.61844,38.39754,-121.61730,38.40222,-121.61509,20mm,Surface,U,1,10,1,No,26699,1083.398163,1083.398163,,,1083.398163,,Ebb,CLR,23,0.37,17.7,794,27.55,9.59,Complete,Lab,HYPOM,,HYPOM,Hypomesus spp. unknown,21.8,n/p,2026-0143,None,n/p,n/p,n/p,,,,No,1
6776,4170,North,Lower Sacramento River Ship Channel,Sac DW Ship Channel,26-40-SSC03,2026-04-29,09:42:46,,L,38.39781,-121.61844,38.39754,-121.61730,38.40222,-121.61509,20mm,Surface,U,1,10,1,No,26699,1083.398163,1083.398163,,,1083.398163,,Ebb,CLR,23,0.37,17.7,794,27.55,9.59,Complete,Lab,HYPOM,,HYPOM,Hypomesus spp. unknown,23.2,n/p,2026-0217,None,n/p,n/p,n/p,,,,No,1
6776,4170,North,Lower Sacramento River Ship Channel,Sac DW Ship Channel,26-40-SSC03,2026-04-29,09:42:46,,L,38.39781,-121.61844,38.39754,-121.61730,38.40222,-121.61509,20mm,Surface,U,1,10,1,No,26699,1083.398163,1083.398163,,,1083.398163,,Ebb,CLR,23,0.37,17.7,794,27.55,9.59,Complete,Lab,HYPOM,,HYPOM,Hypomesus spp. unknown,23.4,n/p,2026-0927,None,n/p,n/p,n/p,,,,No,1
6776,4170,North,Lower Sacramento River Ship Channel,Sac DW Ship Channel,26-40-SSC03,2026-04-29,09:42:46,,L,38.39781,-121.61844,38.39754,-121.61730,38.40222,-121.61509,20mm,Surface,U,1,10,1,No,26699,1083.398163,1083.398163,,,1083.398163,,Ebb,CLR,23,0.37,17.7,794,27.55,9.59,Complete,Lab,HYPOM,,HYPOM,Hypomesus spp. unknown,23.6,n/p,2026-0376,None,n/p,n/p,n/p,,,,No,1
6776,4170,North,Lower Sacramento River Ship Channel,Sac DW Ship Channel,26-40-SSC03,2026-04-29,09:42:46,,L,38.39781,-121.61844,38.39754,-121.61730,38.40222,-121.61509,20mm,Surface,U,1,10,1,No,26699,1083.398163,1083.398163,,,1083.398163,,Ebb,CLR,23,0.37,17.7,794,27.55,9.59,Complete,Lab,HYPOM,,HYPOM,Hypomesus spp. unknown,24.1,n/p,2026-0388,None,n/p,n/p,n/p,,,,No,1
6776,4170,North,Lower Sacramento River Ship Channel,Sac DW Ship Channel,26-40-SSC03,2026-04-29,09:42:46,,L,38.39781,-121.61844,38.39754,-121.61730,38.40222,-121.61509,20mm,Surface,U,1,10,1,No,26699,1083.398163,1083.398163,,,1083.398163,,Ebb,CLR,23,0.37,17.7,794,27.55,9.59,Complete,Lab,HYPOM,,HYPOM,Hypomesus spp. unknown,24.6,n/p,2026-0125,None,n/p,n/p,n/p,,,,No,1
6776,4170,North,Lower Sacramento River Ship Channel,Sac DW Ship Channel,26-40-SSC03,2026-04-29,09:42:46,,L,38.39781,-121.61844,38.39754,-121.61730,38.40222,-121.61509,20mm,Surface,U,1,10,1,No,26699,1083.398163,1083.398163,,,1083.398163,,Ebb,CLR,23,0.37,17.7,794,27.55,9.59,Complete,Lab,HYPOM,,HYPOM,Hypomesus spp. unknown,26.4,n/p,2026-1081,None,n/p,n/p,n/p,,,,No,1
6776,4170,North,Lower Sacramento River Ship Channel,Sac DW Ship Channel,26-40-SSC03,2026-04-29,09:42:46,,L,38.39781,-121.61844,38.39754,-121.61730,38.40222,-121.61509,20mm,Surface,U,1,10,1,No,26699,1083.398163,1083.398163,,,1083.398163,,Ebb,CLR,23,0.37,17.7,794,27.55,9.59,Complete,Lab,HYPOM,,HYPOM,Hypomesus spp. unknown,32,n/p,2026-0097,None,n/p,n/p,n/p,,,,No,1
6777,4170,North,Lower Sacramento River Ship Channel,Sac DW Ship Channel,26-40-SSC03,2026-04-29,10:00:34,,L,38.39781,-121.61844,38.39790,-121.61708,38.40252,-121.61508,20mm,Surface,U,2,10,1,No,27963,1134.689045,1134.689045,,,1134.689045,,Ebb,CLR,16.4,0.25,17.6,793,27.89,9.35,Complete,Lab,HYPOM,,HYPOM,Hypomesus spp. unknown,8.3,n/p,2026-0969,None,n/p,n/p,n/p,,,,No,1
6777,4170,North,Lower Sacramento River Ship Channel,Sac DW Ship Channel,26-40-SSC03,2026-04-29,10:00:34,,L,38.39781,-121.61844,38.39790,-121.61708,38.40252,-121.61508,20mm,Surface,U,2,10,1,No,27963,1134.689045,1134.689045,,,1134.689045,,Ebb,CLR,16.4,0.25,17.6,793,27.89,9.35,Complete,Lab,HYPOM,,HYPOM,Hypomesus spp. unknown,10.1,n/p,2026-1308,None,n/p,n/p,n/p,,,,No,1
6777,4170,North,Lower Sacramento River Ship Channel,Sac DW Ship Channel,26-40-SSC03,2026-04-29,10:00:34,,L,38.39781,-121.61844,38.39790,-121.61708,38.40252,-121.61508,20mm,Surface,U,2,10,1,No,27963,1134.689045,1134.689045,,,1134.689045,,Ebb,CLR,16.4,0.25,17.6,793,27.89,9.35,Complete,Lab,HYPOM,,HYPOM,Hypomesus spp. unknown,12.3,n/p,2026-1336,None,n/p,n/p,n/p,,,,No,1
6777,4170,North,Lower Sacramento River Ship Channel,Sac DW Ship Channel,26-40-SSC03,2026-04-29,10:00:34,,L,38.39781,-121.61844,38.39790,-121.61708,38.40252,-121.61508,20mm,Surface,U,2,10,1,No,27963,1134.689045,1134.689045,,,1134.689045,,Ebb,CLR,16.4,0.25,17.6,793,27.89,9.35,Complete,Lab,HYPOM,,HYPOM,Hypomesus spp. unknown,13.4,n/p,2026-1271,None,n/p,n/p,n/p,,,,No,1
6777,4170,North,Lower Sacramento River Ship Channel,Sac DW Ship Channel,26-40-SSC03,2026-04-29,10:00:34,,L,38.39781,-121.61844,38.39790,-121.61708,38.40252,-121.61508,20mm,Surface,U,2,10,1,No,27963,1134.689045,1134.689045,,,1134.689045,,Ebb,CLR,16.4,0.25,17.6,793,27.89,9.35,Complete,Lab,HYPOM,,HYPOM,Hypomesus spp. unknown,13.4,n/p,2026-1323,None,n/p,n/p,n/p,,,,No,1
6777,4170,North,Lower Sacramento River Ship Channel,Sac DW Ship Channel,26-40-SSC03,2026-04-29,10:00:34,,L,38.39781,-121.61844,38.39790,-121.61708,38.40252,-121.61508,20mm,Surface,U,2,10,1,No,27963,1134.689045,1134.689045,,,1134.689045,,Ebb,CLR,16.4,0.25,17.6,793,27.89,9.35,Complete,Lab,HYPOM,,HYPOM,Hypomesus spp. unknown,13.6,n/p,2026-0743,None,n/p,n/p,n/p,,,,No,1
6777,4170,North,Lower Sacramento River Ship Channel,Sac DW Ship Channel,26-40-SSC03,2026-04-29,10:00:34,,L,38.39781,-121.61844,38.39790,-121.61708,38.40252,-121.61508,20mm,Surface,U,2,10,1,No,27963,1134.689045,1134.689045,,,1134.689045,,Ebb,CLR,16.4,0.25,17.6,793,27.89,9.35,Complete,Lab,HYPOM,,HYPOM,Hypomesus spp. unknown,13.7,n/p,2026-1327,None,n/p,n/p,n/p,,,,No,1
6777,4170,North,Lower Sacramento River Ship Channel,Sac DW Ship Channel,26-40-SSC03,2026-04-29,10:00:34,,L,38.39781,-121.61844,38.39790,-121.61708,38.40252,-121.61508,20mm,Surface,U,2,10,1,No,27963,1134.689045,1134.689045,,,1134.689045,,Ebb,CLR,16.4,0.25,17.6,793,27.89,9.35,Complete,Lab,HYPOM,,HYPOM,Hypomesus spp. unknown,15.3,n/p,2026-1339,None,n/p,n/p,n/p,,,,No,1
6777,4170,North,Lower Sacramento River Ship Channel,Sac DW Ship Channel,26-40-SSC03,2026-04-29,10:00:34,,L,38.39781,-121.61844,38.39790,-121.61708,38.40252,-121.61508,20mm,Surface,U,2,10,1,No,27963,1134.689045,1134.689045,,,1134.689045,,Ebb,CLR,16.4,0.25,17.6,793,27.89,9.35,Complete,Lab,HYPOM,,HYPOM,Hypomesus spp. unknown,15.6,n/p,2026-1285,None,n/p,n/p,n/p,,,,No,1
6777,4170,North,Lower Sacramento River Ship Channel,Sac DW Ship Channel,26-40-SSC03,2026-04-29,10:00:34,,L,38.39781,-121.61844,38.39790,-121.61708,38.40252,-121.61508,20mm,Surface,U,2,10,1,No,27963,1134.689045,1134.689045,,,1134.689045,,Ebb,CLR,16.4,0.25,17.6,793,27.89,9.35,Complete,Lab,HYPOM,,HYPOM,Hypomesus spp. unknown,16.8,n/p,2026-0665,None,n/p,n/p,n/p,,,,No,1
6777,4170,North,Lower Sacramento River Ship Channel,Sac DW Ship Channel,26-40-SSC03,2026-04-29,10:00:34,,L,38.39781,-121.61844,38.39790,-121.61708,38.40252,-121.61508,20mm,Surface,U,2,10,1,No,27963,1134.689045,1134.689045,,,1134.689045,,Ebb,CLR,16.4,0.25,17.6,793,27.89,9.35,Complete,Lab,HYPOM,,HYPOM,Hypomesus spp. unknown,17.3,n/p,2026-1316,None,n/p,n/p,n/p,,,,No,1
6777,4170,North,Lower Sacramento River Ship Channel,Sac DW Ship Channel,26-40-SSC03,2026-04-29,10:00:34,,L,38.39781,-121.61844,38.39790,-121.61708,38.40252,-121.61508,20mm,Surface,U,2,10,1,No,27963,1134.689045,1134.689045,,,1134.689045,,Ebb,CLR,16.4,0.25,17.6,793,27.89,9.35,Complete,Lab,HYPOM,,HYPOM,Hypomesus spp. unknown,17.6,n/p,2026-0721,None,n/p,n/p,n/p,,,,No,1
6777,4170,North,Lower Sacramento River Ship Channel,Sac DW Ship Channel,26-40-SSC03,2026-04-29,10:00:34,,L,38.39781,-121.61844,38.39790,-121.61708,38.40252,-121.61508,20mm,Surface,U,2,10,1,No,27963,1134.689045,1134.689045,,,1134.689045,,Ebb,CLR,16.4,0.25,17.6,793,27.89,9.35,Complete,Lab,HYPOM,,HYPOM,Hypomesus spp. unknown,20.4,n/p,2026-0720,None,n/p,n/p,n/p,,,,No,1
6777,4170,North,Lower Sacramento River Ship Channel,Sac DW Ship Channel,26-40-SSC03,2026-04-29,10:00:34,,L,38.39781,-121.61844,38.39790,-121.61708,38.40252,-121.61508,20mm,Surface,U,2,10,1,No,27963,1134.689045,1134.689045,,,1134.689045,,Ebb,CLR,16.4,0.25,17.6,793,27.89,9.35,Complete,Lab,HYPOM,,HYPOM,Hypomesus spp. unknown,20.4,n/p,2026-0731,None,n/p,n/p,n/p,,,,No,1
6777,4170,North,Lower Sacramento River Ship Channel,Sac DW Ship Channel,26-40-SSC03,2026-04-29,10:00:34,,L,38.39781,-121.61844,38.39790,-121.61708,38.40252,-121.61508,20mm,Surface,U,2,10,1,No,27963,1134.689045,1134.689045,,,1134.689045,,Ebb,CLR,16.4,0.25,17.6,793,27.89,9.35,Complete,Lab,HYPOM,,HYPOM,Hypomesus spp. unknown,23.3,n/p,2026-0980,None,n/p,n/p,n/p,,,,No,1
6777,4170,North,Lower Sacramento River Ship Channel,Sac DW Ship Channel,26-40-SSC03,2026-04-29,10:00:34,,L,38.39781,-121.61844,38.39790,-121.61708,38.40252,-121.61508,20mm,Surface,U,2,10,1,No,27963,1134.689045,1134.689045,,,1134.689045,,Ebb,CLR,16.4,0.25,17.6,793,27.89,9.35,Complete,Lab,HYPOM,,HYPOM,Hypomesus spp. unknown,24.8,n/p,2026-1209,None,n/p,n/p,n/p,,,,No,1
6777,4170,North,Lower Sacramento River Ship Channel,Sac DW Ship Channel,26-40-SSC03,2026-04-29,10:00:34,,L,38.39781,-121.61844,38.39790,-121.61708,38.40252,-121.61508,20mm,Surface,U,2,10,1,No,27963,1134.689045,1134.689045,,,1134.689045,,Ebb,CLR,16.4,0.25,17.6,793,27.89,9.35,Complete,Lab,HYPOM,,HYPOM,Hypomesus spp. unknown,25.9,n/p,2026-0755,None,n/p,n/p,n/p,,,,No,1
6777,4170,North,Lower Sacramento River Ship Channel,Sac DW Ship Channel,26-40-SSC03,2026-04-29,10:00:34,,L,38.39781,-121.61844,38.39790,-121.61708,38.40252,-121.61508,20mm,Surface,U,2,10,1,No,27963,1134.689045,1134.689045,,,1134.689045,,Ebb,CLR,16.4,0.25,17.6,793,27.89,9.35,Complete,Lab,HYPOM,,HYPOM,Hypomesus spp. unknown,25.9,n/p,2026-0961,None,n/p,n/p,n/p,,,,No,1
6777,4170,North,Lower Sacramento River Ship Channel,Sac DW Ship Channel,26-40-SSC03,2026-04-29,10:00:34,,L,38.39781,-121.61844,38.39790,-121.61708,38.40252,-121.61508,20mm,Surface,U,2,10,1,No,27963,1134.689045,1134.689045,,,1134.689045,,Ebb,CLR,16.4,0.25,17.6,793,27.89,9.35,Complete,Lab,HYPOM,,HYPOM,Hypomesus spp. unknown,26.2,n/p,2026-1182,None,n/p,n/p,n/p,,,,No,1
6777,4170,North,Lower Sacramento River Ship Channel,Sac DW Ship Channel,26-40-SSC03,2026-04-29,10:00:34,,L,38.39781,-121.61844,38.39790,-121.61708,38.40252,-121.61508,20mm,Surface,U,2,10,1,No,27963,1134.689045,1134.689045,,,1134.689045,,Ebb,CLR,16.4,0.25,17.6,793,27.89,9.35,Complete,Lab,HYPOM,,HYPOM,Hypomesus spp. unknown,26.3,n/p,2026-1446,None,n/p,n/p,n/p,,,,No,1
6777,4170,North,Lower Sacramento River Ship Channel,Sac DW Ship Channel,26-40-SSC03,2026-04-29,10:00:34,,L,38.39781,-121.61844,38.39790,-121.61708,38.40252,-121.61508,20mm,Surface,U,2,10,1,No,27963,1134.689045,1134.689045,,,1134.689045,,Ebb,CLR,16.4,0.25,17.6,793,27.89,9.35,Complete,Lab,HYPOM,,HYPOM,Hypomesus spp. unknown,26.8,n/p,2026-1185,None,n/p,n/p,n/p,,,,No,1
6777,4170,North,Lower Sacramento River Ship Channel,Sac DW Ship Channel,26-40-SSC03,2026-04-29,10:00:34,,L,38.39781,-121.61844,38.39790,-121.61708,38.40252,-121.61508,20mm,Surface,U,2,10,1,No,27963,1134.689045,1134.689045,,,1134.689045,,Ebb,CLR,16.4,0.25,17.6,793,27.89,9.35,Complete,Lab,HYPOM,,HYPOM,Hypomesus spp. unknown,27,n/p,2026-0658,None,n/p,n/p,n/p,,,,No,1
6777,4170,North,Lower Sacramento River Ship Channel,Sac DW Ship Channel,26-40-SSC03,2026-04-29,10:00:34,,L,38.39781,-121.61844,38.39790,-121.61708,38.40252,-121.61508,20mm,Surface,U,2,10,1,No,27963,1134.689045,1134.689045,,,1134.689045,,Ebb,CLR,16.4,0.25,17.6,793,27.89,9.35,Complete,Lab,HYPOM,,HYPOM,Hypomesus spp. unknown,27.7,n/p,2026-0701,None,n/p,n/p,n/p,,,,No,1
6777,4170,North,Lower Sacramento River Ship Channel,Sac DW Ship Channel,26-40-SSC03,2026-04-29,10:00:34,,L,38.39781,-121.61844,38.39790,-121.61708,38.40252,-121.61508,20mm,Surface,U,2,10,1,No,27963,1134.689045,1134.689045,,,1134.689045,,Ebb,CLR,16.4,0.25,17.6,793,27.89,9.35,Complete,Lab,HYPOM,,HYPOM,Hypomesus spp. unknown,29.1,n/p,2026-1334,None,n/p,n/p,n/p,,,,No,1
6778,4171,North,Lower Sacramento River Ship Channel,Sac DW Ship Channel,26-40-SSC07,2026-04-29,10:20:58,,L,38.38352,-121.62457,38.38368,-121.62390,38.38816,-121.62150,20mm,Surface,U,1,10,1,No,27464,1114.440509,1114.440509,,,1114.440509,,Low Slack,CLR,29.7,0.32,17.7,753,25.34,9.4,Complete,Lab,HYPOM,,HYPOM,Hypomesus spp. unknown,8.1,n/p,2026-1269,None,n/p,n/p,n/p,,,,No,1
6778,4171,North,Lower Sacramento River Ship Channel,Sac DW Ship Channel,26-40-SSC07,2026-04-29,10:20:58,,L,38.38352,-121.62457,38.38368,-121.62390,38.38816,-121.62150,20mm,Surface,U,1,10,1,No,27464,1114.440509,1114.440509,,,1114.440509,,Low Slack,CLR,29.7,0.32,17.7,753,25.34,9.4,Complete,Lab,HYPOM,,HYPOM,Hypomesus spp. unknown,8.4,n/p,2026-1414,None,n/p,n/p,n/p,,,,No,1
6778,4171,North,Lower Sacramento River Ship Channel,Sac DW Ship Channel,26-40-SSC07,2026-04-29,10:20:58,,L,38.38352,-121.62457,38.38368,-121.62390,38.38816,-121.62150,20mm,Surface,U,1,10,1,No,27464,1114.440509,1114.440509,,,1114.440509,,Low Slack,CLR,29.7,0.32,17.7,753,25.34,9.4,Complete,Lab,HYPOM,,HYPOM,Hypomesus spp. unknown,9.1,n/p,2026-1235,None,n/p,n/p,n/p,,,,No,1
6778,4171,North,Lower Sacramento River Ship Channel,Sac DW Ship Channel,26-40-SSC07,2026-04-29,10:20:58,,L,38.38352,-121.62457,38.38368,-121.62390,38.38816,-121.62150,20mm,Surface,U,1,10,1,No,27464,1114.440509,1114.440509,,,1114.440509,,Low Slack,CLR,29.7,0.32,17.7,753,25.34,9.4,Complete,Lab,HYPOM,,HYPOM,Hypomesus spp. unknown,10.1,n/p,2026-1325,None,n/p,n/p,n/p,,,,No,1
6778,4171,North,Lower Sacramento River Ship Channel,Sac DW Ship Channel,26-40-SSC07,2026-04-29,10:20:58,,L,38.38352,-121.62457,38.38368,-121.62390,38.38816,-121.62150,20mm,Surface,U,1,10,1,No,27464,1114.440509,1114.440509,,,1114.440509,,Low Slack,CLR,29.7,0.32,17.7,753,25.34,9.4,Complete,Lab,HYPOM,,HYPOM,Hypomesus spp. unknown,10.9,n/p,2026-0691,None,n/p,n/p,n/p,,,,No,1
6778,4171,North,Lower Sacramento River Ship Channel,Sac DW Ship Channel,26-40-SSC07,2026-04-29,10:20:58,,L,38.38352,-121.62457,38.38368,-121.62390,38.38816,-121.62150,20mm,Surface,U,1,10,1,No,27464,1114.440509,1114.440509,,,1114.440509,,Low Slack,CLR,29.7,0.32,17.7,753,25.34,9.4,Complete,Lab,HYPOM,,HYPOM,Hypomesus spp. unknown,10.9,n/p,2026-1310,None,n/p,n/p,n/p,,,,No,1
6778,4171,North,Lower Sacramento River Ship Channel,Sac DW Ship Channel,26-40-SSC07,2026-04-29,10:20:58,,L,38.38352,-121.62457,38.38368,-121.62390,38.38816,-121.62150,20mm,Surface,U,1,10,1,No,27464,1114.440509,1114.440509,,,1114.440509,,Low Slack,CLR,29.7,0.32,17.7,753,25.34,9.4,Complete,Lab,HYPOM,,HYPOM,Hypomesus spp. unknown,11.2,n/p,2026-0766,None,n/p,n/p,n/p,,,,No,1
6778,4171,North,Lower Sacramento River Ship Channel,Sac DW Ship Channel,26-40-SSC07,2026-04-29,10:20:58,,L,38.38352,-121.62457,38.38368,-121.62390,38.38816,-121.62150,20mm,Surface,U,1,10,1,No,27464,1114.440509,1114.440509,,,1114.440509,,Low Slack,CLR,29.7,0.32,17.7,753,25.34,9.4,Complete,Lab,HYPOM,,HYPOM,Hypomesus spp. unknown,12.1,n/p,2026-0698,None,n/p,n/p,n/p,,,,No,1
6778,4171,North,Lower Sacramento River Ship Channel,Sac DW Ship Channel,26-40-SSC07,2026-04-29,10:20:58,,L,38.38352,-121.62457,38.38368,-121.62390,38.38816,-121.62150,20mm,Surface,U,1,10,1,No,27464,1114.440509,1114.440509,,,1114.440509,,Low Slack,CLR,29.7,0.32,17.7,753,25.34,9.4,Complete,Lab,HYPOM,,HYPOM,Hypomesus spp. unknown,13.1,n/p,2026-1338,None,n/p,n/p,n/p,,,,No,1
6778,4171,North,Lower Sacramento River Ship Channel,Sac DW Ship Channel,26-40-SSC07,2026-04-29,10:20:58,,L,38.38352,-121.62457,38.38368,-121.62390,38.38816,-121.62150,20mm,Surface,U,1,10,1,No,27464,1114.440509,1114.440509,,,1114.440509,,Low Slack,CLR,29.7,0.32,17.7,753,25.34,9.4,Complete,Lab,HYPOM,,HYPOM,Hypomesus spp. unknown,14.1,n/p,2026-0682,None,n/p,n/p,n/p,,,,No,1
6778,4171,North,Lower Sacramento River Ship Channel,Sac DW Ship Channel,26-40-SSC07,2026-04-29,10:20:58,,L,38.38352,-121.62457,38.38368,-121.62390,38.38816,-121.62150,20mm,Surface,U,1,10,1,No,27464,1114.440509,1114.440509,,,1114.440509,,Low Slack,CLR,29.7,0.32,17.7,753,25.34,9.4,Complete,Lab,HYPOM,,HYPOM,Hypomesus spp. unknown,14.6,n/p,2026-1149,None,n/p,n/p,n/p,,,,No,1
6778,4171,North,Lower Sacramento River Ship Channel,Sac DW Ship Channel,26-40-SSC07,2026-04-29,10:20:58,,L,38.38352,-121.62457,38.38368,-121.62390,38.38816,-121.62150,20mm,Surface,U,1,10,1,No,27464,1114.440509,1114.440509,,,1114.440509,,Low Slack,CLR,29.7,0.32,17.7,753,25.34,9.4,Complete,Lab,HYPOM,,HYPOM,Hypomesus spp. unknown,17.3,n/p,2026-1210,None,n/p,n/p,n/p,,,,No,1
6778,4171,North,Lower Sacramento River Ship Channel,Sac DW Ship Channel,26-40-SSC07,2026-04-29,10:20:58,,L,38.38352,-121.62457,38.38368,-121.62390,38.38816,-121.62150,20mm,Surface,U,1,10,1,No,27464,1114.440509,1114.440509,,,1114.440509,,Low Slack,CLR,29.7,0.32,17.7,753,25.34,9.4,Complete,Lab,HYPOM,,HYPOM,Hypomesus spp. unknown,18,n/p,2026-0702,None,n/p,n/p,n/p,,,,No,1
6778,4171,North,Lower Sacramento River Ship Channel,Sac DW Ship Channel,26-40-SSC07,2026-04-29,10:20:58,,L,38.38352,-121.62457,38.38368,-121.62390,38.38816,-121.62150,20mm,Surface,U,1,10,1,No,27464,1114.440509,1114.440509,,,1114.440509,,Low Slack,CLR,29.7,0.32,17.7,753,25.34,9.4,Complete,Lab,HYPOM,,HYPOM,Hypomesus spp. unknown,18.1,n/p,2026-0749,None,n/p,n/p,n/p,,,,No,1
6778,4171,North,Lower Sacramento River Ship Channel,Sac DW Ship Channel,26-40-SSC07,2026-04-29,10:20:58,,L,38.38352,-121.62457,38.38368,-121.62390,38.38816,-121.62150,20mm,Surface,U,1,10,1,No,27464,1114.440509,1114.440509,,,1114.440509,,Low Slack,CLR,29.7,0.32,17.7,753,25.34,9.4,Complete,Lab,HYPOM,,HYPOM,Hypomesus spp. unknown,19.2,n/p,2026-0716,None,n/p,n/p,n/p,,,,No,1
6778,4171,North,Lower Sacramento River Ship Channel,Sac DW Ship Channel,26-40-SSC07,2026-04-29,10:20:58,,L,38.38352,-121.62457,38.38368,-121.62390,38.38816,-121.62150,20mm,Surface,U,1,10,1,No,27464,1114.440509,1114.440509,,,1114.440509,,Low Slack,CLR,29.7,0.32,17.7,753,25.34,9.4,Complete,Lab,HYPOM,,HYPOM,Hypomesus spp. unknown,22.4,n/p,2026-1190,None,n/p,n/p,n/p,,,,No,1
6779,4171,North,Lower Sacramento River Ship Channel,Sac DW Ship Channel,26-40-SSC07,2026-04-29,10:39:36,,L,38.38352,-121.62457,38.38362,-121.62378,38.38803,-121.62195,20mm,Surface,U,2,10,1,No,27049,1097.600543,1097.600543,,,1097.600543,,Low Slack,CLR,22,0.32,17.8,773,25.43,9.29,Complete,Lab,HYPOM,,HYPOM,Hypomesus spp. unknown,9.7,n/p,2026-0014,None,n/p,n/p,n/p,,,,No,1
6779,4171,North,Lower Sacramento River Ship Channel,Sac DW Ship Channel,26-40-SSC07,2026-04-29,10:39:36,,L,38.38352,-121.62457,38.38362,-121.62378,38.38803,-121.62195,20mm,Surface,U,2,10,1,No,27049,1097.600543,1097.600543,,,1097.600543,,Low Slack,CLR,22,0.32,17.8,773,25.43,9.29,Complete,Lab,HYPOM,,HYPOM,Hypomesus spp. unknown,9.8,n/p,2026-0325,None,n/p,n/p,n/p,,,,No,1
6779,4171,North,Lower Sacramento River Ship Channel,Sac DW Ship Channel,26-40-SSC07,2026-04-29,10:39:36,,L,38.38352,-121.62457,38.38362,-121.62378,38.38803,-121.62195,20mm,Surface,U,2,10,1,No,27049,1097.600543,1097.600543,,,1097.600543,,Low Slack,CLR,22,0.32,17.8,773,25.43,9.29,Complete,Lab,HYPOM,,HYPOM,Hypomesus spp. unknown,17.2,n/p,2026-1305,None,n/p,n/p,n/p,,,,No,1
6779,4171,North,Lower Sacramento River Ship Channel,Sac DW Ship Channel,26-40-SSC07,2026-04-29,10:39:36,,L,38.38352,-121.62457,38.38362,-121.62378,38.38803,-121.62195,20mm,Surface,U,2,10,1,No,27049,1097.600543,1097.600543,,,1097.600543,,Low Slack,CLR,22,0.32,17.8,773,25.43,9.29,Complete,Lab,HYPOM,,HYPOM,Hypomesus spp. unknown,19.3,n/p,2026-0259,None,n/p,n/p,n/p,,,,No,1
6783,4180,North,Sacramento River near Rio Vista,Lower Sacramento,26-40-LSR01,2026-04-30,08:54:42,,L,38.11097,-121.70824,38.11088,-121.70775,38.11240,-121.70590,20mm,Surface,U,2,10,1,No,27179,1102.875713,1102.875713,,,1102.875713,,Ebb,CLR,19.3,0.92,16.8,148.9,7.8,9.44,Complete,Lab,HYPOM,,HYPOM,Hypomesus spp. unknown,8.1,n/p,2026-1111,None,n/p,n/p,n/p,,,,No,1
6783,4180,North,Sacramento River near Rio Vista,Lower Sacramento,26-40-LSR01,2026-04-30,08:54:42,,L,38.11097,-121.70824,38.11088,-121.70775,38.11240,-121.70590,20mm,Surface,U,2,10,1,No,27179,1102.875713,1102.875713,,,1102.875713,,Ebb,CLR,19.3,0.92,16.8,148.9,7.8,9.44,Complete,Lab,HYPOM,,HYPOM,Hypomesus spp. unknown,11.2,n/p,2026-1218,None,n/p,n/p,n/p,,,,No,1
6784,4181,North,Sacramento River near Rio Vista,Lower Sacramento,26-40-LSR05,2026-04-30,09:21:30,,L,38.09731,-121.72364,38.09684,-121.72347,38.09904,-121.72212,20mm,Surface,U,1,10,1,No,26709,1083.803945,1083.803945,,,1083.803945,,Ebb,CLR,15.9,0.75,16.9,143,8.25,9.26,Complete,Lab,HYPOM,,HYPOM,Hypomesus spp. unknown,10.9,n/p,2026-0191,None,n/p,n/p,n/p,,,,No,1
6786,4182,West,Lower Sacramento River,Lower Sacramento,26-40-LSR02,2026-04-30,10:00:22,,L,38.08713,-121.74150,38.08676,-121.74065,38.08820,-121.73847,20mm,Surface,U,1,10,1,No,26357,1069.520408,1069.520408,,,1069.520408,,Ebb,CLR,24.6,0.82,16.9,144.6,9.86,9.37,Complete,Lab,HYPOM,,HYPOM,Hypomesus spp. unknown,7.2,n/p,2026-0710,None,n/p,n/p,n/p,,,,No,1
6786,4182,West,Lower Sacramento River,Lower Sacramento,26-40-LSR02,2026-04-30,10:00:22,,L,38.08713,-121.74150,38.08676,-121.74065,38.08820,-121.73847,20mm,Surface,U,1,10,1,No,26357,1069.520408,1069.520408,,,1069.520408,,Ebb,CLR,24.6,0.82,16.9,144.6,9.86,9.37,Complete,Lab,HYPOM,,HYPOM,Hypomesus spp. unknown,10.2,n/p,2026-1229,None,n/p,n/p,n/p,,,,No,1
6786,4182,West,Lower Sacramento River,Lower Sacramento,26-40-LSR02,2026-04-30,10:00:22,,L,38.08713,-121.74150,38.08676,-121.74065,38.08820,-121.73847,20mm,Surface,U,1,10,1,No,26357,1069.520408,1069.520408,,,1069.520408,,Ebb,CLR,24.6,0.82,16.9,144.6,9.86,9.37,Complete,Lab,HYPOM,,HYPOM,Hypomesus spp. unknown,12.2,n/p,2026-0729,None,n/p,n/p,n/p,,,,No,1
6788,4183,West,Lower Sacramento River,Lower Sacramento,26-40-LSR04,2026-04-30,11:00:13,,L,38.06389,-121.83531,38.06386,-121.83442,38.06449,-121.83004,20mm,Surface,U,1,10,1,No,26415,1071.873945,1071.873945,,,1071.873945,,Ebb,CLR,30.9,0.75,16.8,147.2,8.69,9.4,Complete,Lab,HYPOM,,HYPOM,Hypomesus spp. unknown,8.9,n/p,2026-0693,None,n/p,n/p,n/p,,,,No,1
6788,4183,West,Lower Sacramento River,Lower Sacramento,26-40-LSR04,2026-04-30,11:00:13,,L,38.06389,-121.83531,38.06386,-121.83442,38.06449,-121.83004,20mm,Surface,U,1,10,1,No,26415,1071.873945,1071.873945,,,1071.873945,,Ebb,CLR,30.9,0.75,16.8,147.2,8.69,9.4,Complete,Lab,HYPOM,,HYPOM,Hypomesus spp. unknown,9.9,n/p,2026-1250,None,n/p,n/p,n/p,,,,No,1
6788,4183,West,Lower Sacramento River,Lower Sacramento,26-40-LSR04,2026-04-30,11:00:13,,L,38.06389,-121.83531,38.06386,-121.83442,38.06449,-121.83004,20mm,Surface,U,1,10,1,No,26415,1071.873945,1071.873945,,,1071.873945,,Ebb,CLR,30.9,0.75,16.8,147.2,8.69,9.4,Complete,Lab,HYPOM,,HYPOM,Hypomesus spp. unknown,10.5,n/p,2026-1449,None,n/p,n/p,n/p,,,,No,1
6788,4183,West,Lower Sacramento River,Lower Sacramento,26-40-LSR04,2026-04-30,11:00:13,,L,38.06389,-121.83531,38.06386,-121.83442,38.06449,-121.83004,20mm,Surface,U,1,10,1,No,26415,1071.873945,1071.873945,,,1071.873945,,Ebb,CLR,30.9,0.75,16.8,147.2,8.69,9.4,Complete,Lab,HYPOM,,HYPOM,Hypomesus spp. unknown,11,n/p,2026-0706,None,n/p,n/p,n/p,,,,No,1
6789,4183,West,Lower Sacramento River,Lower Sacramento,26-40-LSR04,2026-04-30,11:20:13,,L,38.06389,-121.83531,38.06386,-121.83418,38.06463,-121.82860,20mm,Surface,U,2,10,1,No,27037,1097.113605,1097.113605,,,1097.113605,,Ebb,CLR,32.3,0.83,16.8,146.3,8.67,9.3,Complete,Lab,HYPOM,,HYPOM,Hypomesus spp. unknown,6,n/p,2026-1407,None,n/p,n/p,n/p,,,,No,1
6789,4183,West,Lower Sacramento River,Lower Sacramento,26-40-LSR04,2026-04-30,11:20:13,,L,38.06389,-121.83531,38.06386,-121.83418,38.06463,-121.82860,20mm,Surface,U,2,10,1,No,27037,1097.113605,1097.113605,,,1097.113605,,Ebb,CLR,32.3,0.83,16.8,146.3,8.67,9.3,Complete,Lab,HYPOM,,HYPOM,Hypomesus spp. unknown,10,n/p,2026-1444,None,n/p,n/p,n/p,,,,No,1
6789,4183,West,Lower Sacramento River,Lower Sacramento,26-40-LSR04,2026-04-30,11:20:13,,L,38.06389,-121.83531,38.06386,-121.83418,38.06463,-121.82860,20mm,Surface,U,2,10,1,No,27037,1097.113605,1097.113605,,,1097.113605,,Ebb,CLR,32.3,0.83,16.8,146.3,8.67,9.3,Complete,Lab,HYPOM,,HYPOM,Hypomesus spp. unknown,10.6,n/p,2026-1313,None,n/p,n/p,n/p,,,,No,1
6789,4183,West,Lower Sacramento River,Lower Sacramento,26-40-LSR04,2026-04-30,11:20:13,,L,38.06389,-121.83531,38.06386,-121.83418,38.06463,-121.82860,20mm,Surface,U,2,10,1,No,27037,1097.113605,1097.113605,,,1097.113605,,Ebb,CLR,32.3,0.83,16.8,146.3,8.67,9.3,Complete,Lab,HYPOM,,HYPOM,Hypomesus spp. unknown,12.2,n/p,2026-0763,None,n/p,n/p,n/p,,,,No,1
6789,4183,West,Lower Sacramento River,Lower Sacramento,26-40-LSR04,2026-04-30,11:20:13,,L,38.06389,-121.83531,38.06386,-121.83418,38.06463,-121.82860,20mm,Surface,U,2,10,1,No,27037,1097.113605,1097.113605,,,1097.113605,,Ebb,CLR,32.3,0.83,16.8,146.3,8.67,9.3,Complete,Lab,HYPOM,,HYPOM,Hypomesus spp. unknown,14,n/p,2026-1258,None,n/p,n/p,n/p,,,,No,1
6794,4186,West,Lower San Joaquin River,Lower San Joaquin,26-40-LSJ10,2026-04-30,10:03:40,,L,38.03561,-121.72149,38.03511,-121.72155,38.03586,-121.71688,20mm,Surface,U,1,10,1,No,25326,1027.684253,1027.684253,,,1027.684253,,Ebb,CLR,21.4,1.32,17.4,167.2,5.28,9.47,Complete,Lab,HYPOM,,HYPOM,Hypomesus spp. unknown,10.4,n/p,n/p,None,n/p,n/p,n/p,,,,No,1
6796,4187,West,Lower San Joaquin River,Lower San Joaquin,26-40-LSJ03,2026-04-30,10:42:09,,L,38.02656,-121.74657,38.02596,-121.74686,38.02587,-121.74493,20mm,Surface,U,1,10,1,No,25777,1045.985035,1045.985035,,,1045.985035,,Ebb,CLR,29.1,1.8,17.4,168.8,4.74,9.48,Complete,Lab,HYPOM,,HYPOM,Hypomesus spp. unknown,10.4,n/p,2026-0149,None,n/p,n/p,n/p,,,,No,1
6808,4196,West,Suisun Marsh,Suisun Marsh,26-41-SM02,2026-05-04,10:24:10,,L,38.15602,-122.05255,38.15641,-122.05203,38.15890,-122.04964,20mm,Surface,U,1,10,1,No,28249,1146.294419,1146.294419,,,1146.294419,,Ebb,CLD,19.2,0.19,17.7,2045,59.53,8.59,Complete,Lab,HYPOM,,HYPOM,Hypomesus spp. unknown,16.7,n/p,2026-1191,None,n/p,n/p,n/p,,,,No,1
6809,4196,West,Suisun Marsh,Suisun Marsh,26-41-SM02,2026-05-04,10:39:00,,L,38.15602,-122.05255,38.15540,-122.05226,38.15813,-122.05025,20mm,Surface,U,2,10,1,No,27241,1105.391563,1105.391563,,,1105.391563,,Ebb,CLD,25.9,0.21,17.5,2043,75.8,8.82,Complete,Lab,HYPOM,,HYPOM,Hypomesus spp. unknown,15.1,n/p,2026-0679,None,n/p,n/p,n/p,,,,No,1
6810,4197,West,Grizzly Bay,Suisun Marsh,26-41-SM08,2026-05-04,11:04:45,,L,38.10665,-122.04598,38.10658,-122.04582,38.10497,-122.04169,20mm,Surface,U,1,10,1,No,26165,1061.729388,1061.729388,,,1061.729388,,Ebb,CLD,5.6,0.18,16.8,1089,95.5,9.75,Complete,Lab,HYPOM,,HYPOM,Hypomesus spp. unknown,10.5,n/p,2026-0709,None,n/p,n/p,n/p,,,,No,1
6810,4197,West,Grizzly Bay,Suisun Marsh,26-41-SM08,2026-05-04,11:04:45,,L,38.10665,-122.04598,38.10658,-122.04582,38.10497,-122.04169,20mm,Surface,U,1,10,1,No,26165,1061.729388,1061.729388,,,1061.729388,,Ebb,CLD,5.6,0.18,16.8,1089,95.5,9.75,Complete,Lab,HYPOM,,HYPOM,Hypomesus spp. unknown,12.5,n/p,2026-1413,None,n/p,n/p,n/p,,,,No,1
6810,4197,West,Grizzly Bay,Suisun Marsh,26-41-SM08,2026-05-04,11:04:45,,L,38.10665,-122.04598,38.10658,-122.04582,38.10497,-122.04169,20mm,Surface,U,1,10,1,No,26165,1061.729388,1061.729388,,,1061.729388,,Ebb,CLD,5.6,0.18,16.8,1089,95.5,9.75,Complete,Lab,HYPOM,,HYPOM,Hypomesus spp. unknown,13,n/p,2026-1211,None,n/p,n/p,n/p,,,,No,1
6811,4197,West,Grizzly Bay,Suisun Marsh,26-41-SM08,2026-05-04,11:20:17,,L,38.10665,-122.04598,38.10629,-122.04566,38.10446,-122.04031,20mm,Surface,U,2,10,1,No,28127,1141.343875,1141.343875,,,1141.343875,,Ebb,CLD,5.6,0.16,16.8,997,99.47,9.73,Complete,Lab,HYPOM,,HYPOM,Hypomesus spp. unknown,13.2,n/p,2026-1292,None,n/p,n/p,n/p,,,,No,1
6811,4197,West,Grizzly Bay,Suisun Marsh,26-41-SM08,2026-05-04,11:20:17,,L,38.10665,-122.04598,38.10629,-122.04566,38.10446,-122.04031,20mm,Surface,U,2,10,1,No,28127,1141.343875,1141.343875,,,1141.343875,,Ebb,CLD,5.6,0.16,16.8,997,99.47,9.73,Complete,Lab,HYPOM,,HYPOM,Hypomesus spp. unknown,17.5,n/p,2026-0656,None,n/p,n/p,n/p,,,,No,1
6812,4198,West,Grizzly Bay,Suisun Marsh,26-41-SM04,2026-05-04,11:40:00,,L,38.10656,-122.03517,38.10595,-122.03436,38.10253,-122.02985,20mm,Surface,U,1,10,1,No,26223,1064.082925,1064.082925,,,1064.082925,,Low Slack,CLD,4.3,0.23,17,489.2,40.28,9.76,Complete,Lab,HYPOM,,HYPOM,Hypomesus spp. unknown,9.4,n/p,2026-1284,None,n/p,n/p,n/p,,,,No,1
6812,4198,West,Grizzly Bay,Suisun Marsh,26-41-SM04,2026-05-04,11:40:00,,L,38.10656,-122.03517,38.10595,-122.03436,38.10253,-122.02985,20mm,Surface,U,1,10,1,No,26223,1064.082925,1064.082925,,,1064.082925,,Low Slack,CLD,4.3,0.23,17,489.2,40.28,9.76,Complete,Lab,HYPOM,,HYPOM,Hypomesus spp. unknown,11.2,n/p,2026-1411,None,n/p,n/p,n/p,,,,No,1
6813,4198,West,Grizzly Bay,Suisun Marsh,26-41-SM04,2026-05-04,11:57:46,,L,38.10656,-122.03517,38.10633,-122.03609,38.10426,-122.04394,20mm,Surface,D,2,10,1,No,25039,1016.038301,1016.038301,,,1016.038301,,Low Slack,CLD,4.5,0.32,17,583,62.18,9.95,Complete,Lab,HYPOM,,HYPOM,Hypomesus spp. unknown,0,n/p,2026-1236,None,n/p,n/p,n/p,,,,No,1
6813,4198,West,Grizzly Bay,Suisun Marsh,26-41-SM04,2026-05-04,11:57:46,,L,38.10656,-122.03517,38.10633,-122.03609,38.10426,-122.04394,20mm,Surface,D,2,10,1,No,25039,1016.038301,1016.038301,,,1016.038301,,Low Slack,CLD,4.5,0.32,17,583,62.18,9.95,Complete,Lab,HYPOM,,HYPOM,Hypomesus spp. unknown,10.3,n/p,2026-1437,None,n/p,n/p,n/p,,,,No,1
6813,4198,West,Grizzly Bay,Suisun Marsh,26-41-SM04,2026-05-04,11:57:46,,L,38.10656,-122.03517,38.10633,-122.03609,38.10426,-122.04394,20mm,Surface,D,2,10,1,No,25039,1016.038301,1016.038301,,,1016.038301,,Low Slack,CLD,4.5,0.32,17,583,62.18,9.95,Complete,Lab,HYPOM,,HYPOM,Hypomesus spp. unknown,11,n/p,2026-1197,None,n/p,n/p,n/p,,,,No,1
6813,4198,West,Grizzly Bay,Suisun Marsh,26-41-SM04,2026-05-04,11:57:46,,L,38.10656,-122.03517,38.10633,-122.03609,38.10426,-122.04394,20mm,Surface,D,2,10,1,No,25039,1016.038301,1016.038301,,,1016.038301,,Low Slack,CLD,4.5,0.32,17,583,62.18,9.95,Complete,Lab,HYPOM,,HYPOM,Hypomesus spp. unknown,12.4,n/p,2026-0700,None,n/p,n/p,n/p,,,,No,1
6813,4198,West,Grizzly Bay,Suisun Marsh,26-41-SM04,2026-05-04,11:57:46,,L,38.10656,-122.03517,38.10633,-122.03609,38.10426,-122.04394,20mm,Surface,D,2,10,1,No,25039,1016.038301,1016.038301,,,1016.038301,,Low Slack,CLD,4.5,0.32,17,583,62.18,9.95,Complete,Lab,HYPOM,,HYPOM,Hypomesus spp. unknown,14.2,n/p,2026-1294,None,n/p,n/p,n/p,,,,No,1
6814,4199,West,Grizzly Bay,Suisun Marsh,26-41-SM03,2026-05-04,12:17:41,,L,38.10157,-122.02803,38.10187,-122.02889,38.10438,-122.03795,20mm,Surface,D,1,10,2,No,25191,1022.206192,1022.206192,,,1022.206192,Code 2: exceeded range. Total distance to target was 0.57 miles,Low Slack,CLD,5.2,0.35,17.1,785,46.14,9.58,Complete,Lab,HYPOM,,HYPOM,Hypomesus spp. unknown,8.3,n/p,2026-1361,None,n/p,n/p,n/p,,,,No,1
6814,4199,West,Grizzly Bay,Suisun Marsh,26-41-SM03,2026-05-04,12:17:41,,L,38.10157,-122.02803,38.10187,-122.02889,38.10438,-122.03795,20mm,Surface,D,1,10,2,No,25191,1022.206192,1022.206192,,,1022.206192,Code 2: exceeded range. Total distance to target was 0.57 miles,Low Slack,CLD,5.2,0.35,17.1,785,46.14,9.58,Complete,Lab,HYPOM,,HYPOM,Hypomesus spp. unknown,8.4,n/p,2026-0387,None,n/p,n/p,n/p,,,,No,1
6814,4199,West,Grizzly Bay,Suisun Marsh,26-41-SM03,2026-05-04,12:17:41,,L,38.10157,-122.02803,38.10187,-122.02889,38.10438,-122.03795,20mm,Surface,D,1,10,2,No,25191,1022.206192,1022.206192,,,1022.206192,Code 2: exceeded range. Total distance to target was 0.57 miles,Low Slack,CLD,5.2,0.35,17.1,785,46.14,9.58,Complete,Lab,HYPOM,,HYPOM,Hypomesus spp. unknown,9.2,n/p,2026-1106,None,n/p,n/p,n/p,,,,No,1
6815,4199,West,Grizzly Bay,Suisun Marsh,26-41-SM03,2026-05-04,12:35:47,,L,38.10157,-122.02803,38.10152,-122.02769,38.10387,-122.03645,20mm,Surface,D,2,10,1,No,25144,1020.299015,1020.299015,,,1020.299015,,Low Slack,CLD,6.3,0.4,17.1,616,29.81,9.6,Complete,Lab,HYPOM,,HYPOM,Hypomesus spp. unknown,9.8,n/p,2026-0767,None,n/p,n/p,n/p,,,,No,1
6816,4200,North,Upper Sacramento River Ship Channel,Sac DW Ship Channel,26-41-SSC04,2026-05-04,09:50:20,,L,38.53442,-121.58452,38.53433,-121.58328,38.53952,-121.58321,20mm,Surface,U,1,10,1,No,24694,1002.038812,1002.038812,,,1002.038812,,Ebb,CLD,33.8,0.83,18.5,1086,6.5,9.07,Complete,Lab,HYPOM,,HYPOM,Hypomesus spp. unknown,11.2,n/p,2026-1215,None,n/p,n/p,n/p,,,,No,1
6816,4200,North,Upper Sacramento River Ship Channel,Sac DW Ship Channel,26-41-SSC04,2026-05-04,09:50:20,,L,38.53442,-121.58452,38.53433,-121.58328,38.53952,-121.58321,20mm,Surface,U,1,10,1,No,24694,1002.038812,1002.038812,,,1002.038812,,Ebb,CLD,33.8,0.83,18.5,1086,6.5,9.07,Complete,Lab,HYPOM,,HYPOM,Hypomesus spp. unknown,12.4,n/p,2026-1453,None,n/p,n/p,n/p,,,,No,1
6817,4200,North,Upper Sacramento River Ship Channel,Sac DW Ship Channel,26-41-SSC04,2026-05-04,10:14:42,,L,38.53442,-121.58452,38.53460,-121.58352,38.53967,-121.58335,20mm,Surface,U,2,10,1,No,23782,965.0314659,965.0314659,,,965.0314659,No sonar for tow 2,Ebb,CLD,37.3,6.43,18.5,1089,6.43,9.05,Complete,Lab,HYPOM,,HYPOM,Hypomesus spp. unknown,12.3,n/p,2026-1221,None,n/p,n/p,n/p,,,,No,1
6818,4201,North,Lower Sacramento River Ship Channel,Sac DW Ship Channel,26-41-SSC03,2026-05-04,10:56:11,,L,38.37419,-121.62997,38.37404,-121.62885,38.37784,-121.62690,20mm,Surface,U,1,10,1,No,24443,991.8536759,991.8536759,,,991.8536759,,Ebb,CLD,33.3,0.32,17.7,702,26.69,9.19,Complete,Lab,HYPOM,,HYPOM,Hypomesus spp. unknown,19.3,n/p,2026-1225,None,n/p,n/p,n/p,,,,No,1
6818,4201,North,Lower Sacramento River Ship Channel,Sac DW Ship Channel,26-41-SSC03,2026-05-04,10:56:11,,L,38.37419,-121.62997,38.37404,-121.62885,38.37784,-121.62690,20mm,Surface,U,1,10,1,No,24443,991.8536759,991.8536759,,,991.8536759,,Ebb,CLD,33.3,0.32,17.7,702,26.69,9.19,Complete,Lab,HYPOM,,HYPOM,Hypomesus spp. unknown,19.5,n/p,2026-1230,None,n/p,n/p,n/p,,,,No,1
6819,4201,North,Lower Sacramento River Ship Channel,Sac DW Ship Channel,26-41-SSC03,2026-05-04,11:13:09,,L,38.37419,-121.62997,38.37398,-121.62894,38.37787,-121.62694,20mm,Surface,U,2,10,1,No,24094,977.6918736,977.6918736,,,977.6918736,WAG retained for SHL verification,Ebb,RAN,33,0.3,17.7,706,26.1,9.5,Complete,Lab,HYPOM,,HYPOM,Hypomesus spp. unknown,14.4,n/p,2026-1340,None,n/p,n/p,n/p,,,,No,1
6819,4201,North,Lower Sacramento River Ship Channel,Sac DW Ship Channel,26-41-SSC03,2026-05-04,11:13:09,,L,38.37419,-121.62997,38.37398,-121.62894,38.37787,-121.62694,20mm,Surface,U,2,10,1,No,24094,977.6918736,977.6918736,,,977.6918736,WAG retained for SHL verification,Ebb,RAN,33,0.3,17.7,706,26.1,9.5,Complete,Lab,HYPOM,,HYPOM,Hypomesus spp. unknown,18,n/p,2026-0901,None,n/p,n/p,n/p,,,,No,1
6819,4201,North,Lower Sacramento River Ship Channel,Sac DW Ship Channel,26-41-SSC03,2026-05-04,11:13:09,,L,38.37419,-121.62997,38.37398,-121.62894,38.37787,-121.62694,20mm,Surface,U,2,10,1,No,24094,977.6918736,977.6918736,,,977.6918736,WAG retained for SHL verification,Ebb,RAN,33,0.3,17.7,706,26.1,9.5,Complete,Lab,HYPOM,,HYPOM,Hypomesus spp. unknown,22.4,n/p,2026-1312,None,n/p,n/p,n/p,,,,No,1
6819,4201,North,Lower Sacramento River Ship Channel,Sac DW Ship Channel,26-41-SSC03,2026-05-04,11:13:09,,L,38.37419,-121.62997,38.37398,-121.62894,38.37787,-121.62694,20mm,Surface,U,2,10,1,No,24094,977.6918736,977.6918736,,,977.6918736,WAG retained for SHL verification,Ebb,RAN,33,0.3,17.7,706,26.1,9.5,Complete,Lab,HYPOM,,HYPOM,Hypomesus spp. unknown,22.6,n/p,2026-1296,None,n/p,n/p,n/p,,,,No,1
6820,4202,North,Lower Sacramento River Ship Channel,Sac DW Ship Channel,26-41-SSC05,2026-05-04,11:41:41,,L,38.32907,-121.64895,38.32896,-121.64771,38.33302,-121.64646,20mm,Surface,U,1,10,1,No,24869,1009.140002,1009.140002,,,1009.140002,,Ebb,RAN,33.4,0.24,17.9,550,22.81,9.25,Complete,Lab,HYPOM,,HYPOM,Hypomesus spp. unknown,10.2,n/p,2026-1429,None,n/p,n/p,n/p,,,,No,1
6820,4202,North,Lower Sacramento River Ship Channel,Sac DW Ship Channel,26-41-SSC05,2026-05-04,11:41:41,,L,38.32907,-121.64895,38.32896,-121.64771,38.33302,-121.64646,20mm,Surface,U,1,10,1,No,24869,1009.140002,1009.140002,,,1009.140002,,Ebb,RAN,33.4,0.24,17.9,550,22.81,9.25,Complete,Lab,HYPOM,,HYPOM,Hypomesus spp. unknown,10.5,n/p,2026-1254,None,n/p,n/p,n/p,,,,No,1
6820,4202,North,Lower Sacramento River Ship Channel,Sac DW Ship Channel,26-41-SSC05,2026-05-04,11:41:41,,L,38.32907,-121.64895,38.32896,-121.64771,38.33302,-121.64646,20mm,Surface,U,1,10,1,No,24869,1009.140002,1009.140002,,,1009.140002,,Ebb,RAN,33.4,0.24,17.9,550,22.81,9.25,Complete,Lab,HYPOM,,HYPOM,Hypomesus spp. unknown,14.7,n/p,2026-1420,None,n/p,n/p,n/p,,,,No,1
6820,4202,North,Lower Sacramento River Ship Channel,Sac DW Ship Channel,26-41-SSC05,2026-05-04,11:41:41,,L,38.32907,-121.64895,38.32896,-121.64771,38.33302,-121.64646,20mm,Surface,U,1,10,1,No,24869,1009.140002,1009.140002,,,1009.140002,,Ebb,RAN,33.4,0.24,17.9,550,22.81,9.25,Complete,Lab,HYPOM,,HYPOM,Hypomesus spp. unknown,24,n/p,2026-0694,None,n/p,n/p,n/p,,,,No,1
6821,4202,North,Lower Sacramento River Ship Channel,Sac DW Ship Channel,26-41-SSC05,2026-05-04,11:59:52,,L,38.32907,-121.64895,38.32909,-121.64771,38.33298,-121.64665,20mm,Surface,U,2,10,1,No,24126,978.990377,978.990377,,,978.990377,,Ebb,CLD,32.8,0.34,17.9,553,22.18,9.26,Complete,Lab,HYPOM,,HYPOM,Hypomesus spp. unknown,14.2,n/p,2026-1279,None,n/p,n/p,n/p,,,,No,1
6821,4202,North,Lower Sacramento River Ship Channel,Sac DW Ship Channel,26-41-SSC05,2026-05-04,11:59:52,,L,38.32907,-121.64895,38.32909,-121.64771,38.33298,-121.64665,20mm,Surface,U,2,10,1,No,24126,978.990377,978.990377,,,978.990377,,Ebb,CLD,32.8,0.34,17.9,553,22.18,9.26,Complete,Lab,HYPOM,,HYPOM,Hypomesus spp. unknown,15.5,n/p,2026-1442,None,n/p,n/p,n/p,,,,No,1
6821,4202,North,Lower Sacramento River Ship Channel,Sac DW Ship Channel,26-41-SSC05,2026-05-04,11:59:52,,L,38.32907,-121.64895,38.32909,-121.64771,38.33298,-121.64665,20mm,Surface,U,2,10,1,No,24126,978.990377,978.990377,,,978.990377,,Ebb,CLD,32.8,0.34,17.9,553,22.18,9.26,Complete,Lab,HYPOM,,HYPOM,Hypomesus spp. unknown,22.5,n/p,2026-0687,None,n/p,n/p,n/p,,,,No,1
6821,4202,North,Lower Sacramento River Ship Channel,Sac DW Ship Channel,26-41-SSC05,2026-05-04,11:59:52,,L,38.32907,-121.64895,38.32909,-121.64771,38.33298,-121.64665,20mm,Surface,U,2,10,1,No,24126,978.990377,978.990377,,,978.990377,,Ebb,CLD,32.8,0.34,17.9,553,22.18,9.26,Complete,Lab,HYPOM,,HYPOM,Hypomesus spp. unknown,24.1,n/p,2026-1337,None,n/p,n/p,n/p,,,,No,1
6824,4204,North,Lower Sacramento River Ship Channel,Sac DW Ship Channel,26-41-SSC02,2026-05-04,13:08:19,,L,38.21177,-121.66470,38.21183,-121.66318,38.21383,-121.66577,20mm,Surface,U,1,10,1,No,23934,971.1993568,971.1993568,,,971.1993568,,Ebb,RAN,44.3,1.05,17.7,201.4,5.93,9.01,Complete,Lab,HYPOM,,HYPOM,Hypomesus spp. unknown,14.6,n/p,2026-1286,None,n/p,n/p,n/p,,,,No,1
6836,4219,South,San Joaquin River at Twitchell Island,Lower San Joaquin,26-41-LSJ05,2026-05-05,11:34:04,,L,38.06423,-121.68164,38.06374,-121.68194,38.06652,-121.68053,20mm,Surface,U,1,10,1,No,26142,1060.796089,1060.796089,,,1060.796089,,Ebb,CLD,12.3,1.26,17.7,172.7,6.42,9.36,Complete,Lab,HYPOM,,HYPOM,Hypomesus spp. unknown,12.3,n/p,2026-0765,None,n/p,n/p,n/p,,,,No,1
6855,4226,Far West,West Suisun Bay,Suisun Bay,26-41-SB10,2026-05-06,10:20:17,,L,38.07231,-122.07087,38.07270,-122.07153,38.07450,-122.06628,20mm,Surface,U,2,10,1,No,29666,1203.793771,1203.793771,,,1203.793771,,Ebb,CLR,12.7,0.29,16.7,3513,28.11,9.44,Complete,Lab,HYPOM,,HYPOM,Hypomesus spp. unknown,9.5,n/p,2026-0741,None,n/p,n/p,n/p,,,,No,1
6876,4246,West,Mid Suisun Bay,Suisun Bay,26-41-SB03,2026-05-07,08:35:50,,L,38.07169,-121.99561,38.07143,-121.99533,38.07063,-121.99023,20mm,Surface,U,2,10,1,No,27828,1129.210984,1129.210984,,,1129.210984,,Ebb,CLR,12.3,0.33,17.2,2090,22.31,9.58,Complete,Lab,HYPOM,,HYPOM,Hypomesus spp. unknown,9,n/p,2026-1079,None,n/p,n/p,n/p,,,,No,1
6886,4253,West,Confluence,Suisun Bay,26-41-SB01,2026-05-07,10:24:37,,L,38.04751,-121.91044,38.04728,-121.90990,38.04706,-121.90513,20mm,Surface,U,2,10,1,No,33470,1358.153358,1358.153358,,,1358.153358,,Ebb,CLR,47.1,0.66,17.2,272.4,11.44,9.56,Complete,Lab,HYPOM,,HYPOM,Hypomesus spp. unknown,9.2,n/p,2026-1276,None,n/p,n/p,n/p,,,,No,1
6887,4254,West,Confluence,Suisun Bay,26-41-SB02,2026-05-07,10:50:28,,L,38.02812,-121.84234,38.02821,-121.84199,38.02854,-121.84009,20mm,Surface,U,1,10,1,No,28185,1143.697413,1143.697413,,,1143.697413,,Ebb,CLR,43.3,0.88,17.6,187.5,5.97,9.27,Complete,Lab,HYPOM,,HYPOM,Hypomesus spp. unknown,11.8,n/p,2026-0128,None,n/p,n/p,n/p,,,,No,1
6908,4276,West,Suisun Marsh,Suisun Marsh,26-42-SM05,2026-05-11,12:00:30,,L,38.18415,-121.98623,38.18444,-121.98568,38.18170,-121.99461,20mm,Surface,D,2,10,1,No,26719,1084.209727,1084.209727,,,1084.209727,,High Slack,CLR,29.8,0.23,19.3,2127,37.66,8.42,Complete,Lab,HYPOM,,HYPOM,Hypomesus spp. unknown,17,n/p,2026-1249,None,n/p,n/p,n/p,,,,No,1
6908,4276,West,Suisun Marsh,Suisun Marsh,26-42-SM05,2026-05-11,12:00:30,,L,38.18415,-121.98623,38.18444,-121.98568,38.18170,-121.99461,20mm,Surface,D,2,10,1,No,26719,1084.209727,1084.209727,,,1084.209727,,High Slack,CLR,29.8,0.23,19.3,2127,37.66,8.42,Complete,Lab,HYPOM,,HYPOM,Hypomesus spp. unknown,18.5,n/p,2026-0696,None,n/p,n/p,n/p,,,,No,1
6908,4276,West,Suisun Marsh,Suisun Marsh,26-42-SM05,2026-05-11,12:00:30,,L,38.18415,-121.98623,38.18444,-121.98568,38.18170,-121.99461,20mm,Surface,D,2,10,1,No,26719,1084.209727,1084.209727,,,1084.209727,,High Slack,CLR,29.8,0.23,19.3,2127,37.66,8.42,Complete,Lab,HYPOM,,HYPOM,Hypomesus spp. unknown,19.7,n/p,2026-0758,None,n/p,n/p,n/p,,,,No,1
6909,4276,West,Suisun Marsh,Suisun Marsh,26-42-SM05,2026-05-11,11:38:56,,L,38.18415,-121.98623,38.18423,-121.98649,38.18150,-121.99537,20mm,Surface,D,1,10,1,No,28778,1167.760303,1167.760303,,,1167.760303,,Flood,CLR,31.3,0.21,19.4,2127,41.77,8.29,Complete,Lab,HYPOM,,HYPOM,Hypomesus spp. unknown,18.5,n/p,2026-1344,None,n/p,n/p,n/p,,,,No,1
6914,4280,West,Suisun Marsh,Suisun Marsh,26-42-SM01,2026-05-11,12:24:00,,L,38.18657,-121.98079,38.18623,-121.98166,38.18694,-121.97653,20mm,Surface,U,1,10,1,No,29284,1188.292887,1188.292887,,,1188.292887,,Ebb,CLR,25.8,0.19,19.4,2108,37.81,8.26,Complete,Lab,HYPOM,,HYPOM,Hypomesus spp. unknown,13.6,n/p,2026-0744,None,n/p,n/p,n/p,,,,No,1
6914,4280,West,Suisun Marsh,Suisun Marsh,26-42-SM01,2026-05-11,12:24:00,,L,38.18657,-121.98079,38.18623,-121.98166,38.18694,-121.97653,20mm,Surface,U,1,10,1,No,29284,1188.292887,1188.292887,,,1188.292887,,Ebb,CLR,25.8,0.19,19.4,2108,37.81,8.26,Complete,Lab,HYPOM,,HYPOM,Hypomesus spp. unknown,13.9,n/p,2026-0718,None,n/p,n/p,n/p,,,,No,1
6914,4280,West,Suisun Marsh,Suisun Marsh,26-42-SM01,2026-05-11,12:24:00,,L,38.18657,-121.98079,38.18623,-121.98166,38.18694,-121.97653,20mm,Surface,U,1,10,1,No,29284,1188.292887,1188.292887,,,1188.292887,,Ebb,CLR,25.8,0.19,19.4,2108,37.81,8.26,Complete,Lab,HYPOM,,HYPOM,Hypomesus spp. unknown,16.5,n/p,2026-1248,None,n/p,n/p,n/p,,,,No,1
6914,4280,West,Suisun Marsh,Suisun Marsh,26-42-SM01,2026-05-11,12:24:00,,L,38.18657,-121.98079,38.18623,-121.98166,38.18694,-121.97653,20mm,Surface,U,1,10,1,No,29284,1188.292887,1188.292887,,,1188.292887,,Ebb,CLR,25.8,0.19,19.4,2108,37.81,8.26,Complete,Lab,HYPOM,,HYPOM,Hypomesus spp. unknown,20.5,n/p,2026-0984,None,n/p,n/p,n/p,,,,No,1
6915,4280,West,Suisun Marsh,Suisun Marsh,26-42-SM01,2026-05-11,12:41:12,,L,38.18657,-121.98079,38.18641,-121.98169,38.18698,-121.97726,20mm,Surface,U,2,10,1,No,28431,1153.679657,1153.679657,,,1153.679657,,Ebb,CLR,28.6,0.2,19.1,2100,47.16,8.25,Complete,Lab,HYPOM,,HYPOM,Hypomesus spp. unknown,15,n/p,2026-1315,None,n/p,n/p,n/p,,,,No,1
6906,4275,West,Suisun Marsh,Suisun Marsh,26-42-SM02,2026-05-11,10:51:14,,L,38.16982,-122.04053,38.16957,-122.04046,38.16461,-122.04477,20mm,Surface,D,1,10,1,No,26956,1093.826768,1093.826768,,,1093.826768,,Flood,CLR,40.5,0.26,19.8,2400,38.99,8.9,Complete,Lab,HYPOM,,HYPOM,Hypomesus spp. unknown,12.4,n/p,2026-1360,None,n/p,n/p,n/p,,,,No,1
6907,4275,West,Suisun Marsh,Suisun Marsh,26-42-SM02,2026-05-11,11:10:31,,L,38.16982,-122.04053,38.16954,-122.04006,38.16399,-122.04590,20mm,Surface,D,2,10,1,No,28044,1137.975882,1137.975882,,,1137.975882,,High Slack,CLR,40.5,0.24,20.3,2341,37.47,8.94,Complete,Lab,HYPOM,,HYPOM,Hypomesus spp. unknown,10.1,n/p,2026-1265,None,n/p,n/p,n/p,,,,No,1
6919,4288,North,Sacramento River near Rio Vista,Lower Sacramento,26-42-LSR01,2026-05-12,08:52:21,,L,38.12337,-121.70182,38.12327,-121.70083,38.12751,-121.69805,20mm,Surface,U,2,10,1,No,25407,1030.97109,1030.97109,,,1030.97109,,Low Slack,CLR,18.5,1.02,20,108.1,5.42,8.8,Complete,Lab,HYPOM,,HYPOM,Hypomesus spp. unknown,14.4,n/p,2026-0671,None,n/p,n/p,n/p,,,,No,1
6947,4313,North,Lower Sacramento River Ship Channel,Sac DW Ship Channel,26-42-SSC03,2026-05-14,08:50:36,,L,38.31966,-121.65133,38.31923,-121.65117,38.32316,-121.64997,20mm,Surface,U,1,10,1,No,23923,970.7529963,970.7529963,,,970.7529963,,Ebb,CLR,32.8,0.37,19.7,517,19.87,9.01,Complete,Lab,HYPOM,,HYPOM,Hypomesus spp. unknown,14.9,n/p,2026-1303,None,n/p,n/p,n/p,,,,No,1
6948,4313,North,Lower Sacramento River Ship Channel,Sac DW Ship Channel,26-42-SSC03,2026-05-14,09:07:45,,L,38.31966,-121.65133,38.31930,-121.65111,38.32329,-121.65000,20mm,Surface,U,2,10,1,No,24623,999.1577573,999.1577573,,,999.1577573,,Ebb,CLR,32.7,0.35,19.8,522,20.77,9.06,Complete,Lab,HYPOM,,HYPOM,Hypomesus spp. unknown,13.1,n/p,2026-0680,None,n/p,n/p,n/p,,,,No,1
6948,4313,North,Lower Sacramento River Ship Channel,Sac DW Ship Channel,26-42-SSC03,2026-05-14,09:07:45,,L,38.31966,-121.65133,38.31930,-121.65111,38.32329,-121.65000,20mm,Surface,U,2,10,1,No,24623,999.1577573,999.1577573,,,999.1577573,,Ebb,CLR,32.7,0.35,19.8,522,20.77,9.06,Complete,Lab,HYPOM,,HYPOM,Hypomesus spp. unknown,15.9,n/p,2026-0908,None,n/p,n/p,n/p,,,,No,1
6949,4314,North,Lower Sacramento River Ship Channel,Sac DW Ship Channel,26-42-SSC02,2026-05-14,09:53:50,,L,38.46115,-121.58968,38.46080,-121.58968,38.46508,-121.58755,20mm,Surface,U,1,10,1,No,23666,960.3243912,960.3243912,,,960.3243912,,Ebb,CLR,29.2,0.29,20.1,993,31.04,8.76,Complete,Lab,HYPOM,,HYPOM,Hypomesus spp. unknown,14.1,n/p,2026-1359,None,n/p,n/p,n/p,,,,No,1
6949,4314,North,Lower Sacramento River Ship Channel,Sac DW Ship Channel,26-42-SSC02,2026-05-14,09:53:50,,L,38.46115,-121.58968,38.46080,-121.58968,38.46508,-121.58755,20mm,Surface,U,1,10,1,No,23666,960.3243912,960.3243912,,,960.3243912,,Ebb,CLR,29.2,0.29,20.1,993,31.04,8.76,Complete,Lab,HYPOM,,HYPOM,Hypomesus spp. unknown,16,n/p,2026-1416,None,n/p,n/p,n/p,,,,No,1
6949,4314,North,Lower Sacramento River Ship Channel,Sac DW Ship Channel,26-42-SSC02,2026-05-14,09:53:50,,L,38.46115,-121.58968,38.46080,-121.58968,38.46508,-121.58755,20mm,Surface,U,1,10,1,No,23666,960.3243912,960.3243912,,,960.3243912,,Ebb,CLR,29.2,0.29,20.1,993,31.04,8.76,Complete,Lab,HYPOM,,HYPOM,Hypomesus spp. unknown,16.2,n/p,2026-1299,None,n/p,n/p,n/p,,,,No,1
6949,4314,North,Lower Sacramento River Ship Channel,Sac DW Ship Channel,26-42-SSC02,2026-05-14,09:53:50,,L,38.46115,-121.58968,38.46080,-121.58968,38.46508,-121.58755,20mm,Surface,U,1,10,1,No,23666,960.3243912,960.3243912,,,960.3243912,,Ebb,CLR,29.2,0.29,20.1,993,31.04,8.76,Complete,Lab,HYPOM,,HYPOM,Hypomesus spp. unknown,16.3,n/p,2026-0686,None,n/p,n/p,n/p,,,,No,1
6949,4314,North,Lower Sacramento River Ship Channel,Sac DW Ship Channel,26-42-SSC02,2026-05-14,09:53:50,,L,38.46115,-121.58968,38.46080,-121.58968,38.46508,-121.58755,20mm,Surface,U,1,10,1,No,23666,960.3243912,960.3243912,,,960.3243912,,Ebb,CLR,29.2,0.29,20.1,993,31.04,8.76,Complete,Lab,HYPOM,,HYPOM,Hypomesus spp. unknown,16.9,n/p,2026-1148,None,n/p,n/p,n/p,,,,No,1
6949,4314,North,Lower Sacramento River Ship Channel,Sac DW Ship Channel,26-42-SSC02,2026-05-14,09:53:50,,L,38.46115,-121.58968,38.46080,-121.58968,38.46508,-121.58755,20mm,Surface,U,1,10,1,No,23666,960.3243912,960.3243912,,,960.3243912,,Ebb,CLR,29.2,0.29,20.1,993,31.04,8.76,Complete,Lab,HYPOM,,HYPOM,Hypomesus spp. unknown,17.2,n/p,2026-1267,None,n/p,n/p,n/p,,,,No,1
6949,4314,North,Lower Sacramento River Ship Channel,Sac DW Ship Channel,26-42-SSC02,2026-05-14,09:53:50,,L,38.46115,-121.58968,38.46080,-121.58968,38.46508,-121.58755,20mm,Surface,U,1,10,1,No,23666,960.3243912,960.3243912,,,960.3243912,,Ebb,CLR,29.2,0.29,20.1,993,31.04,8.76,Complete,Lab,HYPOM,,HYPOM,Hypomesus spp. unknown,17.4,n/p,2026-0893,None,n/p,n/p,n/p,,,,No,1
6949,4314,North,Lower Sacramento River Ship Channel,Sac DW Ship Channel,26-42-SSC02,2026-05-14,09:53:50,,L,38.46115,-121.58968,38.46080,-121.58968,38.46508,-121.58755,20mm,Surface,U,1,10,1,No,23666,960.3243912,960.3243912,,,960.3243912,,Ebb,CLR,29.2,0.29,20.1,993,31.04,8.76,Complete,Lab,HYPOM,,HYPOM,Hypomesus spp. unknown,17.6,n/p,2026-0883,None,n/p,n/p,n/p,,,,No,1
6949,4314,North,Lower Sacramento River Ship Channel,Sac DW Ship Channel,26-42-SSC02,2026-05-14,09:53:50,,L,38.46115,-121.58968,38.46080,-121.58968,38.46508,-121.58755,20mm,Surface,U,1,10,1,No,23666,960.3243912,960.3243912,,,960.3243912,,Ebb,CLR,29.2,0.29,20.1,993,31.04,8.76,Complete,Lab,HYPOM,,HYPOM,Hypomesus spp. unknown,17.7,n/p,2026-1159,None,n/p,n/p,n/p,,,,No,1
6949,4314,North,Lower Sacramento River Ship Channel,Sac DW Ship Channel,26-42-SSC02,2026-05-14,09:53:50,,L,38.46115,-121.58968,38.46080,-121.58968,38.46508,-121.58755,20mm,Surface,U,1,10,1,No,23666,960.3243912,960.3243912,,,960.3243912,,Ebb,CLR,29.2,0.29,20.1,993,31.04,8.76,Complete,Lab,HYPOM,,HYPOM,Hypomesus spp. unknown,18.4,n/p,2026-0878,None,n/p,n/p,n/p,,,,No,1
6949,4314,North,Lower Sacramento River Ship Channel,Sac DW Ship Channel,26-42-SSC02,2026-05-14,09:53:50,,L,38.46115,-121.58968,38.46080,-121.58968,38.46508,-121.58755,20mm,Surface,U,1,10,1,No,23666,960.3243912,960.3243912,,,960.3243912,,Ebb,CLR,29.2,0.29,20.1,993,31.04,8.76,Complete,Lab,HYPOM,,HYPOM,Hypomesus spp. unknown,20.8,n/p,2026-0288,None,n/p,n/p,n/p,,,,No,1
6950,4314,North,Lower Sacramento River Ship Channel,Sac DW Ship Channel,26-42-SSC02,2026-05-14,10:12:32,,L,38.46115,-121.58968,38.46067,-121.58975,38.46490,-121.58751,20mm,Surface,U,2,10,1,No,24103,978.0570777,978.0570777,,,978.0570777,,Ebb,CLR,29,0.26,20.5,1000,25.41,8.49,Complete,Lab,HYPOM,,HYPOM,Hypomesus spp. unknown,0,n/p,2026-1341,None,n/p,n/p,n/p,,,,No,1
6950,4314,North,Lower Sacramento River Ship Channel,Sac DW Ship Channel,26-42-SSC02,2026-05-14,10:12:32,,L,38.46115,-121.58968,38.46067,-121.58975,38.46490,-121.58751,20mm,Surface,U,2,10,1,No,24103,978.0570777,978.0570777,,,978.0570777,,Ebb,CLR,29,0.26,20.5,1000,25.41,8.49,Complete,Lab,HYPOM,,HYPOM,Hypomesus spp. unknown,15,n/p,2026-1300,None,n/p,n/p,n/p,,,,No,1
6950,4314,North,Lower Sacramento River Ship Channel,Sac DW Ship Channel,26-42-SSC02,2026-05-14,10:12:32,,L,38.46115,-121.58968,38.46067,-121.58975,38.46490,-121.58751,20mm,Surface,U,2,10,1,No,24103,978.0570777,978.0570777,,,978.0570777,,Ebb,CLR,29,0.26,20.5,1000,25.41,8.49,Complete,Lab,HYPOM,,HYPOM,Hypomesus spp. unknown,18.8,n/p,2026-1231,None,n/p,n/p,n/p,,,,No,1
6950,4314,North,Lower Sacramento River Ship Channel,Sac DW Ship Channel,26-42-SSC02,2026-05-14,10:12:32,,L,38.46115,-121.58968,38.46067,-121.58975,38.46490,-121.58751,20mm,Surface,U,2,10,1,No,24103,978.0570777,978.0570777,,,978.0570777,,Ebb,CLR,29,0.26,20.5,1000,25.41,8.49,Complete,Lab,HYPOM,,HYPOM,Hypomesus spp. unknown,22.5,n/p,2026-1213,None,n/p,n/p,n/p,,,,No,1
6952,4315,North,Upper Sacramento River Ship Channel,Sac DW Ship Channel,26-42-SSC05,2026-05-14,10:50:39,,L,38.49200,-121.58453,38.49153,-121.58477,38.49616,-121.58445,20mm,Surface,U,2,10,1,No,24147,979.8425198,979.8425198,,,979.8425198,,Ebb,CLR,28.9,0.4,20.6,1056,21.95,8.41,Complete,Lab,HYPOM,,HYPOM,Hypomesus spp. unknown,11.2,n/p,2026-0880,None,n/p,n/p,n/p,,,,No,1
6974,4333,North,Cache Slough and Liberty Island,Cache Slough/LI,26-42-CS02,2026-05-15,10:39:15,,L,38.26100,-121.67028,38.26082,-121.67020,38.26414,-121.67021,20mm,Surface,U,2,10,1,No,24724,1003.256159,1003.256159,,,1003.256159,,Ebb,CLR,24.8,0.88,20.1,263.4,7.92,8.08,Complete,Lab,HYPOM,,HYPOM,Hypomesus spp. unknown,0,n/p,2026-1410,None,n/p,n/p,n/p,,,,No,1
7019,4390,West,Suisun Marsh,Suisun Marsh,26-43-SM04,2026-05-20,12:01:12,,L,38.16506,-121.93258,38.16522,-121.93284,38.16257,-121.93073,20mm,Surface,U,2,10,1,No,28884,1172.061595,1172.061595,,,1172.061595,,Ebb,CLR,16.6,0.22,19.2,2436,61.82,7.1,Complete,Lab,HYPOM,,HYPOM,Hypomesus spp. unknown,12,n/p,2026-0757,None,n/p,n/p,n/p,,,,No,1
7019,4390,West,Suisun Marsh,Suisun Marsh,26-43-SM04,2026-05-20,12:01:12,,L,38.16506,-121.93258,38.16522,-121.93284,38.16257,-121.93073,20mm,Surface,U,2,10,1,No,28884,1172.061595,1172.061595,,,1172.061595,,Ebb,CLR,16.6,0.22,19.2,2436,61.82,7.1,Complete,Lab,HYPOM,,HYPOM,Hypomesus spp. unknown,15,n/p,2026-1419,None,n/p,n/p,n/p,,,,No,1
7019,4390,West,Suisun Marsh,Suisun Marsh,26-43-SM04,2026-05-20,12:01:12,,L,38.16506,-121.93258,38.16522,-121.93284,38.16257,-121.93073,20mm,Surface,U,2,10,1,No,28884,1172.061595,1172.061595,,,1172.061595,,Ebb,CLR,16.6,0.22,19.2,2436,61.82,7.1,Complete,Lab,HYPOM,,HYPOM,Hypomesus spp. unknown,15.1,n/p,2026-1085,None,n/p,n/p,n/p,,,,No,1
7019,4390,West,Suisun Marsh,Suisun Marsh,26-43-SM04,2026-05-20,12:01:12,,L,38.16506,-121.93258,38.16522,-121.93284,38.16257,-121.93073,20mm,Surface,U,2,10,1,No,28884,1172.061595,1172.061595,,,1172.061595,,Ebb,CLR,16.6,0.22,19.2,2436,61.82,7.1,Complete,Lab,HYPOM,,HYPOM,Hypomesus spp. unknown,16.1,n/p,2026-1321,None,n/p,n/p,n/p,,,,No,1
7020,4390,West,Suisun Marsh,Suisun Marsh,26-43-SM04,2026-05-20,12:18:12,,L,38.16506,-121.93258,38.16480,-121.93255,38.16223,-121.93073,20mm,Surface,U,3,10,1,No,28198,1144.22493,1144.22493,,,1144.22493,,Ebb,CLR,16.3,0.22,19.2,2354,80.46,7.2,Complete,Lab,HYPOM,,HYPOM,Hypomesus spp. unknown,18.8,n/p,2026-1228,None,n/p,n/p,n/p,,,,No,1
7021,4392,West,Suisun Marsh,Suisun Marsh,26-43-SM08,2026-05-20,12:43:38,,L,38.16257,-121.93082,38.16277,-121.93108,38.16051,-121.92911,20mm,Surface,U,1,10,1,No,27405,1112.046393,1112.046393,,,1112.046393,,Ebb,CLR,13.4,0.22,19.7,2168,54.88,7.11,Complete,Lab,HYPOM,,HYPOM,Hypomesus spp. unknown,16.4,n/p,2026-1245,None,n/p,n/p,n/p,,,,No,1
7048,4408,North,Lower Sacramento River Ship Channel,Sac DW Ship Channel,26-43-SSC02,2026-05-22,10:44:13,,L,38.20815,-121.65913,38.20850,-121.65928,38.21062,-121.66293,20mm,Surface,U,2,10,1,No,26879,1090.702244,1090.702244,,,1090.702244,,Ebb,CLR,33,0.81,21,168,4.33,8.2,Complete,Lab,HYPOM,,HYPOM,Hypomesus spp. unknown,14.9,n/p,2026-1405,None,n/p,n/p,n/p,,,,No,1
7070,4430,West,Suisun Marsh,Suisun Marsh,26-44-SM02,2026-05-26,09:27:37,,L,38.13340,-122.08174,38.13360,-122.08199,38.12925,-122.08221,20mm,Surface,D,2,10,1,No,17537,711.6204195,711.6204195,,,711.6204195,,Flood,CLR,18.5,0.23,18,11570,45.53,8.6,Complete,Lab,HYPOM,,HYPOM,Hypomesus spp. unknown,19.2,n/p,2026-0664,None,n/p,n/p,n/p,,,,No,1
7073,4432,West,Suisun Marsh,Suisun Marsh,26-44-SM04,2026-05-26,10:13:08,,L,38.16187,-122.06044,38.16213,-122.06068,38.15932,-122.05785,20mm,Surface,D,1,10,1,No,28643,1162.282242,1162.282242,,,1162.282242,,Flood,CLR,20.7,0.2,18.9,7500,95.22,8.66,Complete,Lab,HYPOM,,HYPOM,Hypomesus spp. unknown,20.9,n/p,2026-1317,None,n/p,n/p,n/p,,,,No,1
7073,4432,West,Suisun Marsh,Suisun Marsh,26-44-SM04,2026-05-26,10:13:08,,L,38.16187,-122.06044,38.16213,-122.06068,38.15932,-122.05785,20mm,Surface,D,1,10,1,No,28643,1162.282242,1162.282242,,,1162.282242,,Flood,CLR,20.7,0.2,18.9,7500,95.22,8.66,Complete,Lab,HYPOM,,HYPOM,Hypomesus spp. unknown,21.2,n/p,2026-1251,None,n/p,n/p,n/p,,,,No,1
7082,4436,West,Suisun Marsh,Suisun Marsh,26-44-SM07,2026-05-26,11:49:14,,L,38.18594,-121.96932,38.18582,-122.96914,38.18687,-122.97369,20mm,Surface,D,1,10,1,No,18636,756.2158943,756.2158943,,,756.2158943,,Flood,CLR,26.3,0.19,19.1,3740,74.21,8.25,Complete,Lab,HYPOM,,HYPOM,Hypomesus spp. unknown,19.9,n/p,2026-1291,None,n/p,n/p,n/p,,,,No,1
7132,4474,West,Grizzly Bay,Suisun Marsh,26-44-SM05,2026-05-26,09:16:38,,L,38.10266,-122.05980,38.10219,-122.05986,38.10643,-122.05895,20mm,Surface,U,2,10,1,No,27705,1124.219862,1124.219862,,,1124.219862,,Ebb,CLD,12.7,0.25,18.7,9237,43.16,8.95,Complete,Lab,HYPOM,,HYPOM,Hypomesus spp. unknown,6.2,n/p,2026-1400,None,n/p,n/p,n/p,,,,No,1
7113,4461,North,Lower Sacramento River Ship Channel,Sac DW Ship Channel,26-44-SSC01,2026-05-28,09:55:18,,L,38.39356,-121.62132,38.39292,-121.62118,38.39701,-121.61912,20mm,Surface,U,1,10,1,No,27779,1127.222651,1127.222651,,,1127.222651,,Ebb,CLD,30.3,0.28,19.4,748,34.42,9.03,Complete,Lab,HYPOM,,HYPOM,Hypomesus spp. unknown,23.7,n/p,2026-1253,None,n/p,n/p,n/p,,,,No,1
7178,4524,West,Lower Sacramento River,Lower Sacramento,26-45-LSR01,2026-06-03,08:55:44,,L,38.06492,-121.81470,38.06489,-121.81529,38.06316,-121.81205,20mm,Surface,U,2,10,1,No,29470,1195.840438,1195.840438,,,1195.840438,,Ebb,CLR,16.6,0.52,19.8,2189,29.47,8.76,Complete,Lab,HYPOM,,HYPOM,Hypomesus spp. unknown,12,n/p,2026-0748,None,n/p,n/p,n/p,,,,No,1
7196,4539,West,Suisun Marsh,Suisun Marsh,26-45-SM01,2026-06-04,10:32:44,,L,38.16364,-122.06325,38.16344,-122.06251,38.16457,-122.06391,20mm,Surface,U,1,10,1,No,22285,904.2858556,904.2858556,,,904.2858556,,Ebb,CLR,21.1,0.19,20.7,7850,65.64,7.84,Complete,Lab,HYPOM,,HYPOM,Hypomesus spp. unknown,26.4,n/p,2026-1260,None,n/p,n/p,n/p,,,,No,1
